State,District,Name,population,literate_population,census_records,literacy_rate,city_size,population_score,literacy_score,market_potential_score,market_rank
27,518,Greater Mumbai (M Corp.) (Part),9356962,7575485,1,80.96094651234023,Metro,100.0,80.96094651234023,94.28828395370206,1
29,572,BBMP (M Corp. + OG) (Part),8495492,6715203,4,79.04430961738296,Metro,99.3226798572071,79.04430961738296,93.23916878525985,2
29,572,BBMP (M Corp.) (Part),8443675,6677194,1,79.07923978599366,Metro,99.27977604412881,79.07923978599366,93.21961516668826,3
24,474,Ahmadabad (M Corp.),5577940,4376393,1,78.45894720990186,Metro,96.37233023412385,78.45894720990186,90.99831532685725,4
33,603,Chennai (M Corp.),4646732,3776276,1,81.267350903818,Metro,95.0914258779252,81.267350903818,90.94420338569304,5
19,342,Kolkata (M Corp.),4496694,3588137,1,79.79500050481532,Metro,94.86125754363891,79.79500050481532,90.34138043199184,6
24,492,Surat (M Corp.),4467797,3443411,1,77.07178728129321,Metro,94.81604666966784,77.07178728129321,89.49276885315545,7
27,519,Greater Mumbai (M Corp.) (Part),3085411,2509022,1,81.31889074097421,Metro,92.21987697374325,81.31889074097421,88.94958110391254,8
27,521,Pune (M Corp.),3124458,2496324,1,79.8962252012989,Metro,92.30806816123079,79.8962252012989,88.58451527325121,9
27,505,Nagpur (M Corp.),2405665,1984123,1,82.47711131849198,Metro,90.47471115455117,82.47711131849198,88.0754312037334,10
28,536,GHMC (M Corp.) (Part),3718651,2720358,15,73.15443153982453,Metro,93.52897737080833,73.15443153982453,87.41661362151319,11
28,536,GHMC (M Corp. + OG) (Part),3718651,2720358,15,73.15443153982453,Metro,93.52897737080833,73.15443153982453,87.41661362151319,11
28,537,GHMC (M Corp. + OG) (Part),3136529,2290268,12,73.01918777094043,Metro,92.33510869249736,73.01918777094043,86.54033241603028,13
28,537,GHMC (M Corp.) (Part),2896697,2135740,10,73.73018303260575,Metro,91.77728021756158,73.73018303260575,86.36315106207483,14
9,164,Kanpur (M Corp. + OG),2768057,2061277,1,74.46656625929306,Metro,91.45872562792586,74.46656625929306,86.36107781733602,15
9,164,Kanpur (M Corp.),2765348,2059105,1,74.46097200063066,Metro,91.4518592010834,74.46097200063066,86.35459304094756,16
8,110,Jaipur (M Corp.) (Part),3046163,2215535,3,72.73199103265321,Metro,92.13009984340516,72.73199103265321,86.31066720017958,17
9,157,Lucknow (M Corp.),2817105,2081727,1,73.89596766893672,Metro,91.58189732082512,73.89596766893672,86.27611842525859,18
24,486,Vadodara (M Corp. + OG),1752371,1427285,1,81.4487913803641,Metro,88.25269616977694,81.4487913803641,86.21152473295308,19
24,486,Vadodara (M Corp.),1670806,1364157,1,81.646642398938,Metro,87.91844663397266,81.646642398938,86.03690536346225,20
7,90,DMC (U) (Part),2088846,1626758,3,77.8783117568265,Metro,89.48441789967306,77.8783117568265,86.0025860568191,21
7,96,DMC (U) (Part),1879263,1488080,3,79.18423339362293,Metro,88.74295241308715,79.18423339362293,85.87533670724788,22
27,517,Thane (M Corp.),1841488,1458796,1,79.21832778709391,Metro,88.60055472864387,79.21832778709391,85.78588664617888,23
7,98,DMC (U) (Part),1836759,1421522,3,77.39295138883217,Metro,88.58252277424424,77.39295138883217,85.22565135862061,24
23,439,Indore (M Corp.) (Part),1964086,1486321,1,75.67494498713397,Metro,89.05254352236494,75.67494498713397,85.03926396179565,25
27,521,Pimpri Chinchwad (M Corp.),1727692,1343658,1,77.77184822294714,Metro,88.15323310082238,77.77184822294714,85.0388176374598,26
23,439,Indore (M Corp. + OG) (Part),1994397,1503842,2,75.40334246391265,Metro,89.15994100997817,75.40334246391265,85.03296144615851,27
27,517,Kalyan-Dombivli (M Corp.),1247327,1029041,1,82.49969735281927,Metro,85.86861699518143,82.49969735281927,84.85794110247278,28
7,97,DMC (U) (Part),1578568,1240994,3,78.61517527277887,Metro,87.52021021676892,78.61517527277887,84.84869973357189,29
27,516,Nashik (M Corp.),1486053,1178446,1,79.30040180262749,Metro,87.0966828791142,79.30040180262749,84.75779855616818,30
7,93,DMC (U) (Part),1286264,1032601,3,80.27908734132339,Metro,86.08417998774931,80.27908734132339,84.34265219382152,31
3,41,Ludhiana (M Corp.),1618879,1230545,1,76.01216644356991,Metro,87.69704077963736,76.01216644356991,84.19157847881712,32
33,632,Coimbatore (M Corp.),1050721,866098,1,82.42892261599415,Metro,84.66575824479625,82.42892261599415,83.99470755615562,33
23,444,Bhopal (M Corp.),1798218,1320675,1,73.44354244034928,Metro,88.4338088203239,73.44354244034928,83.93672890633151,34
28,544,GVMC (Part),1728128,1279137,7,74.01864908154951,Metro,88.1550025964719,74.01864908154951,83.91409654199518,35
24,476,Rajkot (M Corp. + OG),1323363,1034835,1,78.19736534873651,Metro,86.28358086552677,78.19736534873651,83.85771621048968,36
32,601,Thiruvananthapuram (M Corp. + OG) (Part),788271,681214,2,86.41875700108211,Large,82.65038517033304,86.41875700108211,83.78089671955775,37
24,476,Rajkot (M Corp.),1286678,1008485,1,78.37897282770048,Metro,86.08643674259504,78.37897282770048,83.77419756812667,38
19,341,Haora (M Corp),1077075,874491,1,81.1912819441543,Metro,84.83947940722442,81.1912819441543,83.74502016830338,39
18,322,Guwahati (M Corp. + OG) (Part),962334,797613,2,82.88317777403688,Large,84.04955212555085,82.88317777403688,83.69963982009665,40
33,623,Madurai (M Corp.),1017865,834104,1,81.94642708021202,Metro,84.44297035154119,81.94642708021202,83.69400737014243,41
9,140,Ghaziabad (M Corp.),1648643,1220667,1,74.04071105751822,Metro,87.82480195385715,74.04071105751822,83.68957468495546,42
18,322,Guwahati (M Corp.) (Part),957352,793360,2,82.87025044079921,Large,84.01315321200416,82.87025044079921,83.67028238064267,43
32,601,Thiruvananthapuram (M Corp.),743691,645863,1,86.8456119544273,Large,82.24213299313628,86.8456119544273,83.62317668152357,44
10,230,Patna (M Corp. + OG),1684297,1234991,1,73.3238259048137,Metro,87.97484346994166,73.3238259048137,83.57953820040326,45
10,230,Patna (M Corp.),1684222,1234931,1,73.32352860846136,Metro,87.9745311955457,73.32352860846136,83.57923041942038,46
27,517,Vasai-Virar City (M Corp),1222390,952411,1,77.91384091820123,Metro,85.72699660233417,77.91384091820123,83.38304989709428,47
27,517,Navi Mumbai (M Corp.),1120547,888117,1,79.25745194088243,Metro,85.11695658004712,79.25745194088243,83.3591051882977,48
21,386,Bhubaneswar (M Corp. + OG),885363,732886,1,82.77802438096012,Large,83.46494825374607,82.77802438096012,83.25887109191028,49
21,386,Bhubaneswar (M Corp.),843402,699610,1,82.9509534006322,Large,83.12445458017436,82.9509534006322,83.0724042263117,50
32,595,Kochi (M Corp.) (Part),602046,532492,2,88.44706218461712,Large,80.76041241852077,88.44706218461712,83.06640734834967,51
33,614,Tiruchirappalli (M Corp.),847387,701459,1,82.77906080692765,Large,83.15751082947361,82.77906080692765,83.04397582270981,52
23,451,Jabalpur (M Corp. + OG) (Part),1081677,844121,2,78.03817590648595,Metro,84.86937853296651,78.03817590648595,82.82001774502234,53
23,451,Jabalpur (M Corp.) (Part),1055525,825006,1,78.16072570521779,Metro,84.69774783072953,78.16072570521779,82.736641193076,54
9,175,Allahabad (M Corp. + OG),1168385,887136,1,75.92839688972384,Metro,85.41012511837565,75.92839688972384,82.5656066497801,55
6,88,Faridabad (M Corp.),1414050,1028092,1,72.70549131926029,Metro,86.74839328318126,72.70549131926029,82.53552269400497,56
27,515,Aurangabad (M Corp.),1175116,889224,1,75.67116778258487,Metro,85.4504088453355,75.67116778258487,82.51663652651031,57
20,364,Ranchi (M Corp.),1073427,827033,1,77.04604039212727,Metro,84.81568749416155,77.04604039212727,82.48479336355126,58
29,577,Mysore (M Corp. + OG),920550,730906,1,79.39883765140405,Large,83.73825746933889,79.39883765140405,82.43643152395843,59
9,175,Allahabad (M Corp.),1112544,846038,1,76.04535191417149,Metro,85.06669197913313,76.04535191417149,82.36028995964463,60
27,517,Mira-Bhayandar (M Corp.),809378,656293,1,81.0860932716234,Large,82.8356889322174,81.0860932716234,82.3108102340392,61
3,49,Amritsar (M Corp. + OG) (Part),1159227,871305,2,75.16258679275069,Metro,85.35494199319311,75.16258679275069,82.29723543306038,62
3,49,Amritsar (M Corp.),1132383,855415,1,75.54113758330882,Metro,85.19064092739177,75.54113758330882,82.29578992416688,63
29,577,Mysore (M Corp.),893062,708130,1,79.29236715927898,Large,83.52566596076527,79.29236715927898,82.25567632031938,64
32,591,Kozhikode (M Corp. + OG),550440,475480,1,86.3818036479907,Large,80.13196539527863,86.3818036479907,82.00691687109224,65
4,55,Chandigarh (M Corp. + OG),970602,746821,1,76.94410273211882,Large,84.10954498542044,76.94410273211882,81.95991230942995,66
4,55,Chandigarh (M Corp.),961587,739784,1,76.93365238922739,Large,84.04410650583709,76.93365238922739,81.91097027085418,67
29,562,Hubli-Dharwad (M Corp.),943788,727103,1,77.04092444489652,Large,83.91308527036271,77.04092444489652,81.85143702272285,68
7,92,DMC (U) (Part),1181607,862206,3,72.96893129441516,Metro,85.4890382638857,72.96893129441516,81.73300617304453,69
23,421,Gwalior (M Corp.),1054420,788711,1,74.8004590201248,Metro,84.69040260504653,74.8004590201248,81.72341952957001,70
27,503,Amravati (M Corp.),647057,535594,1,82.77385145358137,Large,81.26603000295096,82.77385145358137,81.71837643814008,71
22,410,Raipur (M Corp. + OG),1027264,770112,1,74.96729175752289,Metro,84.50742851807706,74.96729175752289,81.6453874899108,72
22,410,Raipur (M Corp.),1010433,757910,1,75.00843697701876,Metro,84.39157902516814,75.00843697701876,81.57663641072332,73
3,37,Jalandhar (M Corp. + OG) (Part),868929,671377,2,77.26488585373488,Large,83.33355653856354,77.26488585373488,81.51295533311495,74
3,37,Jalandhar (M Corp.),862886,666926,1,77.29016347466525,Large,83.28461622685465,77.29016347466525,81.48628040119783,75
6,86,Gurgaon (M Corp. + OG),886519,676571,1,76.31771005471964,Large,83.4740985884874,76.31771005471964,81.32718202835707,76
21,381,Cuttack (M Corp.),610189,502514,1,82.353828076219,Large,80.85462693081796,82.353828076219,81.30438727443827,77
6,86,Gurgaon (M Corp.),876969,669708,1,76.3662113484057,Large,83.39814487911474,76.3662113484057,81.28856481990202,78
29,575,Mangalore (M Corp. + OG),499487,426286,1,85.3447637275845,Medium,79.4507797416043,85.3447637275845,81.21897493739834,79
28,547,Vijayawada (M Corp.) (Part),1034358,757667,2,73.24997728059337,Metro,84.55568968399193,73.24997728059337,81.16397596297236,80
29,575,Mangalore (M Corp.),488968,417649,1,85.4143829453052,Medium,79.30151836533449,85.4143829453052,81.1353777393257,81
33,608,Salem (M Corp.),829267,633314,1,76.37033669493661,Large,83.00592957132802,76.37033669493661,81.0152517084106,82
9,197,Varanasi (M Corp.),1198491,842497,1,70.29648115839001,Metro,85.5885333877221,70.29648115839001,81.00091771892247,83
32,591,Kozhikode (M Corp.),431560,375027,1,86.90031513578646,Medium,78.42570246638098,86.90031513578646,80.96808626720262,84
8,127,Kota (M Corp.),1001694,728664,1,72.74317306482818,Metro,84.33066419715496,72.74317306482818,80.85441685745693,85
27,526,Solapur (M Corp.),951558,697327,1,73.28265854524895,Large,83.97058275728251,73.28265854524895,80.76420549367243,86
27,530,Kolhapur (M Corp.),549236,450265,1,81.98024164475744,Large,80.11660948745781,81.98024164475744,80.67569913464769,87
20,354,Dhanbad (M Corp.),1162472,805982,1,69.33345491332264,Metro,85.37454501703866,69.33345491332264,80.56221798592384,88
1,21,Jammu (M Corp. + OG),576198,464730,1,80.65456665937751,Large,80.45267874013264,80.65456665937751,80.5132451159061,89
9,146,Agra (M Corp.),1585704,1014872,1,64.00135208084232,Metro,87.55183997465375,64.00135208084232,80.48669360651031,90
16,289,Agartala (M Cl),400004,344711,1,86.17688823111769,Medium,77.89321646954375,86.17688823111769,80.37831799801593,91
8,113,Jodhpur (M Corp.),1033756,729012,1,70.52070314464922,Metro,84.55160709197823,70.52070314464922,80.34233590777951,92
8,113,Jodhpur (M Corp. + OG),1056191,740216,1,70.08353602710116,Metro,84.70217119488636,70.08353602710116,80.3165806445508,93
1,21,Jammu (M Corp.),502197,411558,1,81.95150508664926,Large,79.48872461597122,81.95150508664926,80.22755875717462,94
19,337,South DumDum (M),403316,344971,1,85.53367582739094,Medium,77.95104171710267,85.53367582739094,80.22583195018915,95
20,357,Jamshedpur (NAC + OG),677350,521805,1,77.03624418690484,Large,81.58688609350928,77.03624418690484,80.22169352152794,96
20,357,Jamshedpur (NAC),631364,490297,1,77.65678752668825,Large,81.0938559959123,77.65678752668825,80.06273545514509,97
33,602,Ambattur (M),466205,385138,1,82.61129760513079,Medium,78.9672131435479,82.61129760513079,80.06043848202276,98
9,138,Meerut (M Corp.),1305429,858441,1,65.75930211447731,Metro,86.18789633706324,65.75930211447731,80.05931807028745,99
32,594,Thrissur (M Corp.),315957,281061,1,88.9554591289321,Medium,76.23915003772782,88.9554591289321,80.05404276508911,100
5,60,Dehradun (M.Corp + OG),574840,454528,1,79.07035001043768,Large,80.43613156253932,79.07035001043768,80.02639709690882,101
5,60,Dehradun (M.Corp),569578,449950,1,78.99708205021963,Large,80.37164297899362,78.99708205021963,79.95927470036142,102
19,337,Panihati (M),377347,322770,1,85.5366545911323,Medium,77.48431231527348,85.5366545911323,79.90001499803112,103
22,409,Bhilai Nagar (M Corp. + OG) (Part),627734,483553,2,77.03151334801046,Large,81.05342057418024,77.03151334801046,79.8468484063293,104
22,409,Bhilai Nagar (M Corp.) (Part),625700,482080,2,77.04650791113953,Large,81.0306610311195,77.04650791113953,79.8354150951255,105
7,91,DMC (U) (Part),600943,466650,3,77.65295543836936,Large,80.74755281352836,77.65295543836936,79.81917360098065,106
33,628,Tirunelveli (M Corp.),473637,385976,1,81.49194425266607,Medium,79.07812381974631,81.49194425266607,79.80226994962223,107
32,600,Kollam (M Corp. + OG) (Part),367107,312849,2,85.22011293710008,Medium,77.29138101705607,85.22011293710008,79.67000059306926,108
9,188,Gorakhpur (M Corp.),673446,506694,1,75.23899466326922,Large,81.54635064506688,75.23899466326922,79.65414385052757,109
19,343,Rajpur Sonarpur (M),424368,350721,1,82.64548693586698,Medium,78.30785071956785,82.64548693586698,79.60914158445759,110
28,540,Warangal (M.Corp. + OG) (Part),704570,523768,5,74.338674652625,Large,81.86318243735904,74.338674652625,79.60583010193882,111
29,555,Belgaum (M Corp. + OG),490045,392877,1,80.17161689232621,Medium,79.3169474763997,80.17161689232621,79.57334830117766,112
29,555,Belgaum (M Corp.),488157,391341,1,80.16703642475679,Medium,79.2898775255294,80.16703642475679,79.55302519529761,113
19,335,Durgapur (M Corp.),566517,439225,1,77.53077136255399,Large,80.3338541581771,77.53077136255399,79.49292931949017,114
32,600,Kollam (M Corp.),348657,297030,1,85.19261050258564,Medium,76.92977479685517,85.19261050258564,79.40862550857432,115
27,501,Akola (M Corp.),425817,347893,1,81.70012000460292,Medium,78.33175461711207,81.70012000460292,79.34226423335932,116
32,595,Kochi (M Corp. + OG) (Part),297505,260265,2,87.48256331826356,Medium,75.81716237122542,87.48256331826356,79.31678265533687,117
9,141,Noida (CT),637272,477272,1,74.89298133293161,Large,81.15917210159837,74.89298133293161,79.27931487099835,118
27,517,Ulhasnagar (M Corp.),506098,397938,1,78.62864504503081,Large,79.54298764274374,78.62864504503081,79.26868486342985,119
28,540,Warangal (M.Corp.) (Part),615998,463801,2,75.292614586411,Large,80.92107182015003,75.292614586411,79.23253465002833,120
24,481,Bhavnagar (M Corp. + OG),605882,457252,1,75.46882066144893,Large,80.80495266988589,75.46882066144893,79.2041130673548,121
8,130,Udaipur (M Cl),451100,361498,1,80.13699844823763,Medium,78.73624097466697,80.13699844823763,79.15646821673816,122
7,95,DMC (U) (Part),579429,439936,3,75.92578210617694,Large,80.49189209779871,75.92578210617694,79.12205910031217,123
19,337,Rajarhat Gopalpur (M),402844,329020,1,81.67429575716655,Medium,77.94282999775652,81.67429575716655,79.06226972557953,124
8,119,Ajmer (M Corp.),542321,416511,1,76.80156217443175,Large,80.02775790804813,76.80156217443175,79.05989918796321,125
24,481,Bhavnagar (M Corp.),593368,446905,1,75.31666689137265,Large,80.65859488241772,75.31666689137265,79.0560164851042,126
15,283,Aizawl (NT),293416,253192,1,86.29113613436213,Medium,75.72010969377246,86.29113613436213,78.89141762594936,127
28,548,Guntur (M Corp. + OG),670073,483261,1,72.12064954116939,Large,81.51113893094396,72.12064954116939,78.69399211401158,128
28,550,Nellore (M Corp. + OG),547621,412731,1,75.36800086190996,Large,80.09595870983105,75.36800086190996,78.67757135545472,129
27,531,Sangli Miraj Kupwad (M Corp.),502793,385728,1,76.71705851115668,Large,79.49704221688513,76.71705851115668,78.6630471051666,130
28,548,Guntur (M Corp.),647508,469263,1,72.47215478418799,Large,81.27091614850393,72.47215478418799,78.63128773920914,131
28,550,Nellore (M Corp.),499575,382386,1,76.54226092178351,Medium,79.4520151306212,76.54226092178351,78.57908886796989,132
24,477,Jamnagar (M Corp. + OG),600943,441320,1,73.43791341275295,Large,80.74755281352836,73.43791341275295,78.55466099329573,133
27,511,Nanded Waghala (M Corp.),550439,411866,1,74.82500331553543,Large,80.13195265514462,74.82500331553543,78.53986785326185,134
19,335,Asansol (M Corp.),563917,419592,1,74.40669460221983,Large,80.30159578164744,74.40669460221983,78.53312542781916,135
33,633,Tiruppur (M.Corp),444352,347351,1,78.17023440875703,Medium,78.63054598830206,78.17023440875703,78.49245251443854,136
27,499,Jalgaon (M Corp.),460228,355368,1,77.21564094318468,Medium,78.87672562050491,77.21564094318468,78.37840021730884,137
33,602,Avadi (M),345996,282879,1,81.75788159400686,Medium,76.87604784456433,81.75788159400686,78.34059796939708,138
21,388,Brahmapur (M Corp.),356598,289590,1,81.20909259165782,Medium,77.08770329951811,81.20909259165782,78.32412008716003,139
3,48,Patiala (M Corp. + OG),446246,345992,1,77.53391627039794,Medium,78.66037317628334,77.53391627039794,78.32243610451772,140
23,435,Ujjain (M Corp.),515215,385193,1,74.7635453160331,Large,79.66819162815737,74.7635453160331,78.19679773452009,141
27,517,Bhiwandi Nizampur (M Corp.),709665,491071,1,69.19757913945313,Large,81.91371115129756,69.19757913945313,78.09887154774422,142
32,598,Alappuzha (M + OG),240991,209201,1,86.8086360071538,Medium,74.3397952743284,86.8086360071538,78.08044749417601,143
1,10,Srinagar (M Corp. + OG) (Part),1186867,715903,2,60.31872147426797,Metro,85.52018638412552,60.31872147426797,77.95974691116825,144
1,10,Srinagar (M Corp.),1180570,710969,1,60.222519630348046,Metro,85.48288110511345,60.222519630348046,77.90477266268383,145
27,522,Ahmadnagar (M Corp.),350859,280512,1,79.95006541089155,Medium,76.97392515466512,79.95006541089155,77.86676723153305,146
19,337,Kamarhati (M),330211,267267,1,80.93824857439637,Medium,76.54858885672058,80.93824857439637,77.86548677202332,147
9,166,Jhansi (M Corp.),505693,373500,1,73.85904095963362,Large,79.53737357371006,73.85904095963362,77.83387378948711,148
19,335,Barddhaman (M),314265,255824,1,81.40391071229695,Medium,76.20149519508614,81.40391071229695,77.76221985024938,149
3,48,Patiala (M Corp.),406192,313583,1,77.20068342064836,Medium,78.00087079650848,77.20068342064836,77.76081458375045,150
19,337,Baranagar (M),245213,208779,1,85.14189704461019,Medium,74.4615885199531,85.14189704461019,77.66568107735021,151
27,509,Chandrapur (M Cl),320379,258463,1,80.67413906654306,Medium,76.33661583579418,80.67413906654306,77.63787280501884,152
33,629,Nagercoil (M),224849,194361,1,86.4406779661017,Medium,73.8536041964619,86.4406779661017,77.62972632735384,153
29,567,Davanagere (M Corp.),434971,329003,1,75.63791609095779,Medium,78.4809118919804,75.63791609095779,77.62801315167361,154
8,101,Bikaner (M Corp.),644406,444264,1,68.94162996620143,Large,81.23723997612358,68.94162996620143,77.54855697314693,155
29,579,Gulbarga (M Corp. + OG),543147,389182,1,71.65316203532377,Large,80.0384306664593,71.65316203532377,77.52285007711865,156
24,477,Jamnagar (M Corp.),479920,353058,1,73.56601100183364,Medium,79.17053832609284,73.56601100183364,77.48918012881508,157
19,337,North DumDum (M),249142,209964,1,84.27483122074962,Medium,74.57306027988939,84.27483122074962,77.48359156214745,158
29,579,Gulbarga (M Corp.),533587,382775,1,71.73619297321711,Large,79.91390053582845,71.73619297321711,77.46058826704504,159
19,337,Barasat (M),278435,229279,1,82.34561028606318,Medium,75.35259885304552,82.34561028606318,77.45050228295082,160
19,337,Bhatpara (M + OG),386019,297161,1,76.98092580935135,Medium,77.64364995321539,76.98092580935135,77.44483271005618,161
24,479,Junagadh (M Corp.),319462,255759,1,80.05928717656559,Medium,76.3165151635262,80.05928717656559,77.43934676743802,162
27,498,Dhule (M Corp.),375559,290569,1,77.36973418291134,Medium,77.4510049107357,77.36973418291134,77.42662369238839,163
27,516,Malegaon (M Corp. + OG),481228,352622,1,73.27545363112704,Medium,79.18962504222577,73.27545363112704,77.41537361889615,164
19,337,Bhatpara (M),383762,295253,1,76.93648667663813,Medium,77.60252751465353,76.93648667663813,77.40271526324891,165
27,516,Malegaon (M Corp.),471312,345816,1,73.37305224564619,Medium,79.04361509445064,73.37305224564619,77.3424462398093,166
22,406,Bilaspur (M Corp. + OG) (Part),365579,283309,2,77.49597214282002,Medium,77.2621314610661,77.49597214282002,77.33228366559227,167
34,635,Ozhukarai (M),300104,240929,1,80.28183563031483,Medium,75.8781588560177,80.28183563031483,77.19926188830684,168
9,132,Saharanpur (M Corp.),705478,467519,1,66.26981989516328,Large,81.8722140596827,66.26981989516328,77.19149581032687,169
19,343,Maheshtala (M),448317,329813,1,73.5669180512896,Medium,78.69284325527501,73.5669180512896,77.15506569407938,170
29,568,Shimoga (CMC),322650,254531,1,78.88764915543159,Medium,76.3861496079509,78.88764915543159,77.1365994721951,171
33,627,Thoothukkudi (M Corp.),237830,199432,1,83.85485430769877,Medium,74.24720397589964,83.85485430769877,77.12949907543937,172
29,571,Tumkur (CMC),302143,241270,1,79.85291732722585,Medium,75.92564393561345,79.85291732722585,77.10382595309717,173
22,406,Bilaspur (M Corp.) (Part),331030,258636,2,78.1306830196659,Medium,76.56596036025253,78.1306830196659,77.03537715807654,174
6,82,Rohtak (M Cl),374292,284569,1,76.02860867985423,Medium,77.42730671580021,76.02860867985423,77.00769730501642,175
24,473,Gandhinagar (NA + OG),292797,234258,1,80.00696728450086,Medium,75.70529992573813,80.00696728450086,76.99580013336694,176
19,341,Bally (M),293373,233702,1,79.66036410985333,Medium,75.71908191561225,79.66036410985333,76.90146657388458,177
28,545,Rajahmundry (M Corp. + OG) (Part),376333,284408,2,75.57349475065965,Medium,77.46544263913134,75.57349475065965,76.89785827258983,178
33,604,Pallavaram (M + OG) (Part),233984,193933,2,82.88301764223195,Medium,74.13287386950715,82.88301764223195,76.75791700132459,179
20,355,Bokaro Steel City (CT),414820,303783,1,73.23248637963454,Medium,78.14826823443511,73.23248637963454,76.67353367799494,180
28,554,Tirupati (M Corp. + OG) (Part),295323,232607,2,78.76359105115415,Medium,75.76553964843644,78.76359105115415,76.66495506925176,181
32,598,Alappuzha (M),174176,152107,1,87.32948282197319,Medium,72.06283432029689,87.32948282197319,76.64282887079978,182
28,545,Rajahmundry (M Corp.),341831,260616,1,76.24118350880991,Medium,76.79111919781518,76.24118350880991,76.6261384911136,183
28,554,Tirupati (M Corp.),287482,227140,1,79.01016411462282,Medium,75.57683296904133,79.01016411462282,76.60683231271577,184
33,620,Thanjavur (M),222943,185364,1,83.14412204016273,Medium,73.7939059435454,83.14412204016273,76.59897077253059,185
9,150,Bareilly (M Corp. + OG),904797,544408,1,60.169076599502425,Large,83.61721367867906,60.169076599502425,76.58277255492607,186
9,150,Bareilly (M Corp.),903668,543515,1,60.14542951614974,Large,83.6084578393689,60.14542951614974,76.56954934240315,187
10,236,Gaya (M Corp. + OG),474093,334973,1,70.65554648560514,Medium,79.0848721092259,70.65554648560514,76.55607442213966,188
10,236,Gaya (M Corp.),468614,331596,1,70.7610101277384,Medium,79.00335609997326,70.7610101277384,76.53065230830279,189
21,374,Raurkela (M + OG),320040,246402,1,76.9910011248594,Medium,76.32919165486737,76.9910011248594,76.52773449586498,190
33,604,Pallavaram (M),215417,179375,1,83.26872995167513,Medium,73.55308826655282,83.26872995167513,76.46778077208951,191
19,337,Bidhannagar (M),215514,179271,1,83.18299507224589,Medium,73.55624527948946,83.18299507224589,76.44427021731639,192
27,524,Latur (M Cl),382940,282237,1,73.70266882540346,Medium,77.58749060371031,73.70266882540346,76.42204407021825,193
9,135,Moradabad (M Corp.),887871,530584,1,59.75913167566009,Large,83.48478523828106,59.75913167566009,76.36708916949476,194
23,427,Sagar (M Corp. + OG),274556,216422,1,78.82617753755153,Medium,75.25421549507611,78.82617753755153,76.32580410781873,195
19,327,Siliguri (M Corp.) (Part),294546,228688,1,77.64084387498048,Medium,75.74706489728372,77.64084387498048,76.31519859059274,196
23,427,Sagar (M Corp.),273296,215363,1,78.80210467771208,Medium,75.22195872737146,78.80210467771208,76.29600251247363,197
34,635,Puducherry (M),244377,196951,1,80.59310000531966,Medium,74.43763955439209,80.59310000531966,76.28427768967036,198
8,104,Alwar (M Cl + OG),322568,244812,1,75.89469507204683,Medium,76.38436714543121,75.89469507204683,76.23746552341589,199
8,104,Alwar (M Cl),315379,240423,1,76.23304024681416,Medium,76.22630958304882,76.23304024681416,76.22832878217842,200
2,33,Shimla (M Corp.),169578,146062,1,86.1326351295569,Medium,71.87522303683659,86.1326351295569,76.15244666465267,201
9,143,Aligarh (M Corp.),874408,517228,1,59.151791840879774,Large,83.37763589622591,59.151791840879774,76.10988267962207,202
19,333,Berhampore (M),195223,163312,1,83.65407764453984,Medium,72.86281060900592,83.65407764453984,76.1001907196661,203
19,338,Hugli-Chinsurah (M + OG),179931,152333,1,84.66189817207707,Medium,72.29079554252526,84.66189817207707,76.0021263313908,204
28,545,Kakinada (M Corp. + OG) (Part),384182,277343,2,72.19052428276181,Medium,77.61019817978604,72.19052428276181,75.98429601067878,205
19,338,Hugli-Chinsurah (M),177259,150287,1,84.7838473645908,Medium,72.18587580290723,84.7838473645908,75.9652672714123,206
33,602,Tiruvottiyur (M),249446,197146,1,79.03353832091916,Medium,74.58161182215068,79.03353832091916,75.91718977178121,207
24,473,Gandhinagar (NA),206167,169359,1,82.14651229343202,Medium,73.2453088088128,82.14651229343202,75.91566985419855,208
27,520,Panvel (M Cl),180020,151693,1,84.26452616375958,Medium,72.29426337884419,84.26452616375958,75.88534221431881,209
21,374,Raurkela (M),272721,211189,1,77.43774773486457,Medium,75.20718892709358,77.43774773486457,75.87635656942487,210
22,404,Korba (M Corp.) (Part),363390,264297,2,72.73095021877322,Medium,77.22001506626484,72.73095021877322,75.87329561201734,211
22,409,Durg (M Corp.),268806,208659,1,77.62438338429945,Medium,75.1057903205966,77.62438338429945,75.86136823970745,212
33,612,Dindigul (M),207327,169370,1,81.69220603201705,Medium,73.28465495385049,81.69220603201705,75.80692027730045,213
6,80,Hisar (M Cl + OG),307024,230648,1,75.12376882588984,Medium,76.03802539828789,75.12376882588984,75.76374842656847,214
10,216,Muzaffarpur (M Corp.),354462,257663,1,72.69128989849406,Medium,77.04557155351287,72.69128989849406,75.73928705700723,215
28,534,Karimnagar (M Corp. + OG) (Part),289821,220154,2,75.96205934007543,Medium,75.63365825789205,75.96205934007543,75.73217858254706,216
33,604,Alandur (M),164430,140143,1,85.22958097670741,Medium,71.6590369033653,85.22958097670741,75.73020012536793,217
27,530,Ichalkaranji (M Cl),287353,218070,1,75.88923727958296,Medium,75.57368551515381,75.88923727958296,75.66835104448256,218
19,337,Madhyamgram (M),196127,161087,1,82.13402540190795,Medium,72.89520844615058,82.13402540190795,75.66685353287778,219
6,80,Hisar (M Cl),301383,226280,1,75.08054535259122,Medium,75.90798230607261,75.08054535259122,75.65975122002818,220
14,277,Imphal (MCI + OG) (Major part),193459,159216,1,82.29960870261917,Medium,72.79915755114494,82.29960870261917,75.64929289658721,221
23,434,Ratlam (M Corp.),264914,204101,1,77.04424832209699,Medium,75.0035128927028,77.04424832209699,75.61573352152105,222
28,534,Karimnagar (M Corp.),261185,201583,1,77.18015965694815,Medium,74.90409949850167,77.18015965694815,75.58691754603561,223
6,74,Karnal (M Cl + OG),302140,225567,1,74.65645065201562,Medium,75.92557430602737,74.65645065201562,75.54483720982384,224
27,517,Ambarnath(M Cl),253475,196261,1,77.42814873261663,Medium,74.6939738151127,77.42814873261663,75.51422629036388,225
28,552,Kurnool (M Corp. + OG) (Part),457633,309940,2,67.7267592153538,Medium,78.83707271375874,67.7267592153538,75.50397866423725,226
6,76,Sonipat (M Cl + OG),289333,217543,1,75.18775943290257,Medium,75.6218404007025,75.18775943290257,75.49161611036251,227
14,277,Imphal (MCI) (Major part),186538,153584,1,82.33389443437798,Medium,72.54368232243112,82.33389443437798,75.48074595601517,228
8,122,Bhilwara (M Cl),359483,257030,1,71.49990402884143,Medium,77.14420989949338,71.49990402884143,75.4509181382978,229
19,337,North Barrackpore (M),132806,116524,1,87.74001174645724,Medium,70.16116872536229,87.74001174645724,75.43482163169077,230
19,337,Naihati (M),217900,173397,1,79.57641119779716,Medium,73.63345718306607,79.57641119779716,75.4163433874854,231
6,76,Sonipat (M Cl),278149,210112,1,75.53936918701847,Medium,75.34539195852388,75.53936918701847,75.40358512707225,232
28,552,Kurnool (M Corp.) (Part),430214,294262,2,68.3989828318,Medium,78.40379634999651,68.3989828318,75.40235229453755,233
6,74,Karnal (M Cl),286827,215199,1,75.02745557426603,Medium,75.56083706734745,75.02745557426603,75.40082261942302,234
24,482,Anand (M + OG),209410,167586,1,80.02769686261401,Medium,73.3547590047695,80.02769686261401,75.35664036212286,235
33,604,Tambaram (M),174787,145037,1,82.97928335631369,Medium,72.08739125502322,82.97928335631369,75.35495888541035,236
3,52,S.A.S. Nagar (Mohali) (M Cl + OG),166864,139675,1,83.70589222360725,Medium,71.76208181909708,83.70589222360725,75.34522494045012,237
9,133,Muzaffarnagar (NPP),392768,273175,1,69.55123635326707,Medium,77.76519712678632,69.55123635326707,75.30100889473054,238
23,429,Satna (M Corp. + OG),282977,211970,1,74.90714793075055,Medium,75.46607059962436,74.90714793075055,75.29839379896221,239
29,557,Bijapur (CMC),327427,237343,1,72.48730251323195,Medium,76.48921462851989,72.48730251323195,75.28864099393351,240
23,429,Satna (M Corp.),280222,209825,1,74.87813233793207,Medium,75.3974624000463,74.87813233793207,75.24166338141202,241
19,338,Chandannagar (M Corp),166867,139005,1,83.30286995031972,Medium,71.7622078962738,83.30286995031972,75.22440651248758,242
23,437,Dewas (M Corp.),289550,215088,1,74.28354342945951,Medium,75.62709793156291,74.28354342945951,75.2240315809319,243
19,331,Balurghat (M + OG),153279,129780,1,84.66913275791205,Medium,71.16657304544246,84.66913275791205,75.21734095918333,244
28,545,Kakinada (M Corp.),312538,228034,1,72.9620078198491,Medium,76.16285179271092,72.9620078198491,75.20259860085238,245
29,569,Udupi (CMC + OG),144960,123936,1,85.49668874172185,Medium,70.77525414691527,85.49668874172185,75.19168452535725,246
19,338,Uttarpara Kotrung (M),159147,133610,1,83.95382885005687,Medium,71.43002753530392,83.95382885005687,75.1871679297298,247
19,331,Balurghat (M),151416,128328,1,84.75194167062926,Medium,71.08081705615115,84.75194167062926,75.18215444049457,248
19,338,Serampore (M),181842,148641,1,81.74184181872175,Medium,72.36488229305962,81.74184181872175,75.17797015075826,249
29,565,Bellary (M Corp.),410445,280610,1,68.36725992520313,Medium,78.07391463126037,68.36725992520313,75.1619182194432,250
24,483,Nadiad (M + OG),225071,175930,1,78.16644525505285,Medium,73.86052457981638,78.16644525505285,75.15230078238733,251
27,517,Badlapur (M Cl),174226,143480,1,82.35280612537738,Medium,72.06484712318792,82.35280612537738,75.15123482384476,252
18,316,Silchar (MB + OG),178865,146385,1,81.84105330836105,Medium,72.24912560573298,81.84105330836105,75.12670391652141,253
21,387,Puri (M),200564,160301,1,79.9251111864542,Medium,73.05208837221059,79.9251111864542,75.11399521648367,254
18,316,Silchar (MB),172830,142294,1,82.33177110455361,Medium,72.00843141119641,82.33177110455361,75.10543331920357,255
10,224,Bhagalpur (M Corp.),400146,273695,1,68.39878444367807,Medium,77.89570550009049,68.39878444367807,75.04662918316676,256
24,482,Anand (M),198282,158375,1,79.87361434724282,Medium,72.97184164426287,79.87361434724282,75.04237345515685,257
23,430,Rewa (M Corp.),235654,181504,1,77.02139577516189,Medium,74.18274711088728,77.02139577516189,75.03434171016966,258
24,471,Mahesana (M + OG),190753,153407,1,80.42180201621993,Medium,72.7003759274992,80.42180201621993,75.01680375411541,259
19,327,Darjiling (M),118805,104539,1,87.99208787508942,Medium,69.37992021990158,87.99208787508942,74.96357051645792,260
24,483,Nadiad (M),218095,170170,1,78.02563103234829,Medium,73.63973004186907,78.02563103234829,74.95550033901283,261
19,336,Krishnanagar (M),153062,127927,1,83.57854986868067,Medium,71.15663808326407,83.57854986868067,74.88321161888905,262
24,471,Mahesana (M),184991,148851,1,80.46391446070349,Medium,72.48528241754371,80.46391446070349,74.87887203049165,263
19,345,Haldia (M),200827,158380,1,78.86389778266867,Medium,73.06127805221293,78.86389778266867,74.80206397134964,264
6,75,Panipat (M Cl),294292,213121,1,72.4182104848246,Medium,75.74101496084087,72.4182104848246,74.74417361803599,265
6,75,Panipat (M Cl + OG),295970,213996,1,72.30327398047099,Medium,75.78088633488635,72.30327398047099,74.73760262856173,266
29,581,Robertson Pet (CMC + OG),162230,133173,1,82.08900943105468,Medium,71.56457754241796,82.08900943105468,74.72190710900898,267
28,551,Kadapa (M Corp. + OG) (Part),344893,240283,3,69.66885381843065,Medium,76.85365647186218,69.66885381843065,74.69821567583271,268
28,551,Kadapa (M Corp.) (Part),343054,239090,3,69.69456703609345,Medium,76.81616427465725,69.69456703609345,74.6796851030881,269
19,344,Kharagpur (M),207604,161741,1,77.90842180304811,Medium,73.29401797986932,77.90842180304811,74.67833912682296,270
3,46,Bathinda (M Corp.),285788,207197,1,72.5002449368063,Medium,75.53538833468242,72.5002449368063,74.62484531531959,271
19,344,Medinipur (M),169264,137133,1,81.01722752623121,Medium,71.86222600013818,81.01722752623121,74.60872645796609,272
32,593,Palakkad (M),130955,111537,1,85.17200565079608,Medium,70.06274177093638,85.17200565079608,74.5955209348943,273
28,553,Anantapur (M Corp. + OG) (Part),267161,196098,2,73.4006834829934,Medium,75.06274341206554,73.4006834829934,74.56412543334389,274
3,52,S.A.S. Nagar (Mohali) (M Cl),146213,121742,1,83.2634581056404,Medium,70.83560925615745,83.2634581056404,74.56396391100233,275
21,374,Raurkela  (ITS + OG),216410,166178,1,76.78850330391387,Medium,73.58533996437883,76.78850330391387,74.54628896623933,276
17,298,Shillong (MB),143229,119642,1,83.5319662917426,Medium,70.69101067648899,83.5319662917426,74.54329736106507,277
19,337,Khardah (M),108496,95469,1,87.99310573661701,Medium,68.743383028254,87.99310573661701,74.51829984076291,278
29,569,Udupi (CMC),125306,107302,1,85.63197293026671,Medium,69.75351975908288,85.63197293026671,74.51705571043803,279
27,499,Bhusawal (M Cl),187421,148137,1,79.03970206113509,Medium,72.57679921436925,79.03970206113509,74.515670068399,280
19,328,Siliguri (M Corp.) (Part),218718,167114,1,76.40614855658885,Medium,73.65973350409479,76.40614855658885,74.483658019843,281
28,553,Anantapur (M Corp.),261004,191779,1,73.47741797060581,Medium,74.89923807358583,73.47741797060581,74.47269204269182,282
19,337,Habra (M),147221,121952,1,82.83600844988148,Medium,70.88378885939025,82.83600844988148,74.46945473653761,283
6,70,Ambala (M Cl),195153,152546,1,78.16738661460495,Medium,72.8602956721662,78.16738661460495,74.45242295489783,284
27,513,Parbhani (M Cl),307170,217189,1,70.70644919751278,Medium,76.04135935727423,70.70644919751278,74.44088630934579,285
24,491,Valsad (M + OG),139764,116754,1,83.53653301279299,Medium,70.51927498889177,83.53653301279299,74.42445239606212,286
28,536,Secunderabad (CB),217910,166155,1,76.24936900555275,Medium,73.63377900466517,76.24936900555275,74.41845600493144,287
23,450,Murwara (Katni) (M Corp.),221883,168418,1,75.90396740624563,Medium,73.76048421222163,75.90396740624563,74.40352917042883,288
6,69,Panchkula (M Cl),211355,162031,1,76.66296042203875,Medium,73.4195918975937,76.66296042203875,74.39260245492721,289
19,337,Barrackpore (M),152783,125144,1,81.9096365433327,Medium,71.14384384390159,81.9096365433327,74.37358165373092,290
21,374,Raurkela  (ITS),210317,161148,1,76.62148090739217,Medium,73.38506673124613,76.62148090739217,74.35599098408994,291
33,620,Kumbakonam (M),140156,116626,1,83.2115642569708,Medium,70.53891599321186,83.2115642569708,74.34071047233954,292
27,507,Gondiya (M Cl),132813,111673,1,84.08288345267407,Medium,70.16153834071775,84.08288345267407,74.33794187430465,293
28,546,Eluru (M Corp. + OG),218020,165535,1,75.92652050270617,Medium,73.63731806785562,75.92652050270617,74.32407879831078,294
6,71,Yamunanagar (M Cl + OG),217071,164926,1,75.97790584647419,Medium,73.6067266801875,75.97790584647419,74.31808043007351,295
6,71,Yamunanagar (M Cl),216677,164672,1,75.9988369785441,Medium,73.59398662743801,75.9988369785441,74.31544173276984,296
23,455,Chhindwara (M + OG),175052,138805,1,79.29358133583165,Medium,72.09801529323236,79.29358133583165,74.25668510601216,297
19,337,Ashokenagar Kalyangarh (M),121592,103492,1,85.11415224685834,Medium,69.54252680997696,85.11415224685834,74.21401444104137,298
29,581,Robertson Pet (CMC),143233,117896,1,82.31064070430698,Medium,70.691206517802,82.31064070430698,74.17703677375349,299
28,546,Eluru (M Corp.),203780,155894,1,76.50112866817156,Medium,73.16364269897878,76.50112866817156,74.1648884897366,300
24,490,Navsari (M + OG),171109,135638,1,79.2699390447025,Medium,71.93825116005519,79.2699390447025,74.13775752544937,301
33,617,Cuddalore (M),173636,137031,1,78.91854223778479,Medium,72.04105915690342,78.91854223778479,74.10430408116783,302
27,514,Jalna (M Cl),285577,201829,1,70.67410890933094,Medium,75.53020890794747,70.67410890933094,74.0733789083625,303
27,520,Navi Mumbai Panvel Raigarh (CT),195373,150137,1,76.84634007769753,Medium,72.86819672420447,76.84634007769753,74.06163973025238,304
28,533,Nizamabad (M Corp.),311152,215306,1,69.196405615262,Medium,76.13168384946222,69.196405615262,74.05110037920215,305
20,357,Mango (NAC),223805,166870,1,74.56044324300171,Medium,73.82096780188395,74.56044324300171,74.04281043421928,306
9,140,Loni (NPP),516082,314184,1,60.87869757131619,Large,79.67998258299347,60.87869757131619,74.03959707949028,307
19,337,Kanchrapara (M + OG),129576,108092,1,83.41976909304192,Medium,69.98850484938859,83.41976909304192,74.01788412248459,308
29,558,Bidar (CMC + OG),216020,162132,1,75.05416165169892,Medium,73.57269081640324,75.05416165169892,74.01713206699193,309
33,604,Kancheepuram (M),164384,130703,1,79.51077963792098,Medium,71.6570748118249,79.51077963792098,74.01318625965371,310
29,574,Hassan (CMC + OG),155006,124734,1,80.47043340257797,Medium,71.24514291673357,80.47043340257797,74.0127300624869,311
3,38,Hoshiarpur (M Cl),168653,133367,1,79.07775135929987,Medium,71.83686633906959,79.07775135929987,74.00913184513867,312
19,337,Dum Dum (M),114786,97997,1,85.37365183907445,Medium,69.13858794157139,85.37365183907445,74.0091071108223,313
29,558,Bidar (CMC),214373,161094,1,75.14659028888899,Medium,73.51901942251521,75.14659028888899,74.00729068242734,314
9,161,Etawah (NPP),256838,185041,1,72.04580319111658,Medium,74.78640301489318,72.04580319111658,73.9642230677602,315
33,610,Erode (M.Corp),157101,125814,1,80.08478622032959,Medium,71.3392882138761,80.08478622032959,73.96293761581215,316
5,68,Hardwar (NPP + OG),231338,170483,1,73.69433469641822,Medium,74.0531196919516,73.69433469641822,73.94548419329158,317
33,605,Vellore (M. Corp),185803,143342,1,77.14730117382389,Medium,72.51599639461168,77.14730117382389,73.90538782837534,318
18,310,Dibrugarh (MB + OG) (Part),145488,117975,2,81.08916199274167,Medium,70.80075046054927,81.08916199274167,73.88727392020698,319
5,68,Hardwar (NPP),228832,168576,1,73.66801845895678,Medium,73.97673971148862,73.66801845895678,73.88412333572907,320
8,99,Ganganagar (M Cl + OG),237780,173610,1,73.01286903860712,Medium,74.24572952072143,73.01286903860712,73.87587137608713,321
24,490,Navsari (M),160941,127767,1,79.38747739854978,Medium,71.508635988826,79.38747739854978,73.87228841174313,322
24,488,Bharuch (M),169007,132572,1,78.44172134881987,Medium,71.85157034283773,78.44172134881987,73.82861564463238,323
28,543,Vizianagaram (M + OG),228720,168073,1,73.48417278768801,Medium,73.97330658307905,73.48417278768801,73.82656644446173,324
28,543,Vizianagaram (M),228025,167507,1,73.45992763951321,Medium,73.95196513869821,73.45992763951321,73.80435388894271,325
23,466,Khandwa (M Corp.),200738,151545,1,75.49392740786499,Medium,73.0581695844317,75.49392740786499,73.78889693146168,326
28,549,Ongole (M + OG) (Part),208344,155886,2,74.82144914180394,Medium,73.3189699833303,74.82144914180394,73.7697137308724,327
3,35,Pathankot (M Cl + OG),156306,124240,1,79.48511253566721,Medium,71.30371107909077,79.48511253566721,73.75813151606371,328
28,549,Ongole (M),204746,153628,1,75.0334560870542,Medium,73.19680697191434,75.0334560870542,73.7478017064563,329
18,310,Dibrugarh (MB),139565,113345,1,81.21305484899509,Medium,70.50928308181648,81.21305484899509,73.72041461197006,330
21,372,Sambalpur (M + OG),189366,144316,1,76.21009051255241,Medium,72.64919939011588,76.21009051255241,73.71746672684684,331
32,589,Thalassery (M),92558,81320,1,87.85842390717173,Growing,67.62923385948272,87.85842390717173,73.69799087378942,332
8,99,Ganganagar (M Cl),224532,164692,1,73.34901038604742,Medium,73.84371053449806,73.34901038604742,73.69530048996286,333
27,527,Satara (M Cl),120195,100208,1,83.37118848537793,Medium,69.46149060908202,83.37118848537793,73.6343999719708,334
21,372,Sambalpur (M),184000,140473,1,76.34402173913043,Medium,72.44761455786247,76.34402173913043,73.61653671224285,335
22,404,Korba (M Corp. + OG) (Part),224680,163932,1,72.96243546377069,Medium,73.84833139460719,72.96243546377069,73.58256261535624,336
19,337,Kanchrapara (M),120345,100025,1,83.11521043666127,Medium,69.47023671576443,83.11521043666127,73.56372883203348,337
3,35,Pathankot (M Cl),148937,118533,1,79.58599944943164,Medium,70.96505508976286,79.58599944943164,73.55133839766349,338
9,147,Firozabad (NPP),604214,342252,1,56.64416911888834,Large,80.78562007497808,56.64416911888834,73.54318478815115,339
7,94,NDMC (Part),139128,112232,3,80.66816169282961,Medium,70.48729096729433,80.66816169282961,73.54155218495491,340
9,145,Mathura (NPP),349909,229061,1,65.46302038530017,Medium,76.95491162517419,65.46302038530017,73.50734425321198,341
20,350,Deoghar  (M Corp.),203123,150988,1,74.33328574312115,Medium,73.14099692892144,74.33328574312115,73.49868357318135,342
27,504,Wardha (M Cl),106444,90371,1,84.9000413362895,Medium,68.60948208449095,84.9000413362895,73.49664986003052,343
24,468,Gandhidham (M),247992,176060,1,70.9942256201813,Medium,74.5406160272836,70.9942256201813,73.47669890515292,344
10,215,Darbhanga (M Corp.),296039,201573,1,68.09001516692057,Medium,75.78252101842433,68.09001516692057,73.4747692629732,345
28,541,Khammam (M + OG) (Part),196283,146832,2,74.80627461369554,Medium,72.90078411168834,74.80627461369554,73.47243126229048,346
8,105,Bharatpur (M Cl),252342,178252,1,70.63905334823374,Medium,74.66255788875405,70.63905334823374,73.45550652659796,347
8,105,Bharatpur (M Cl + OG),252838,178503,1,70.59975161961414,Medium,74.67632834471999,70.59975161961414,73.45335532718823,348
23,455,Chhindwara (M),138291,111158,1,80.37977887208856,Medium,70.44497523942017,80.37977887208856,73.4254163292207,349
32,588,Kanhangad (M + OG),125564,102859,1,81.91758784364946,Medium,69.7679436370591,81.91758784364946,73.41283689903621,350
19,335,Kulti (M),313809,209952,1,66.90439088745065,Medium,76.19131239791625,66.90439088745065,73.40523594477656,351
10,231,Arrah (M Corp.),261430,182540,1,69.82366216578052,Medium,74.91067451665555,69.82366216578052,73.38457081139303,352
24,491,Vapi (M),163630,126726,1,77.44667848194096,Medium,71.62483507743282,77.44667848194096,73.37138809878526,353
29,574,Hassan (CMC),133436,107795,1,80.78404628436104,Medium,70.19435632966193,80.78404628436104,73.37126331607166,354
27,510,Yavatmal (M Cl),116551,96726,1,82.99027893368567,Medium,69.24559653495514,82.99027893368567,73.3690012545743,355
7,90,Kirari Suleman Nagar (CT),283211,193459,1,68.3091405347956,Medium,75.4718671292548,68.3091405347956,73.32304915091704,356
28,541,Khammam (M),184210,138791,1,75.34390098257424,Medium,72.45561355933063,75.34390098257424,73.32209978630371,357
7,92,Karawal Nagar (CT),224281,161750,1,72.11935027933708,Medium,73.83586683808271,72.11935027933708,73.32091187045901,358
24,491,Valsad (M),114636,95246,1,83.0855926585017,Medium,69.12941799413488,83.0855926585017,73.31627039344492,359
33,617,Neyveli (TS) (CT),105731,89232,1,84.39530506663135,Medium,68.56235102173855,84.39530506663135,73.3122372352064,360
24,476,Morvi (M + OG),210451,153692,1,73.0298264204019,Medium,73.3895333040552,73.0298264204019,73.28162123895922,361
28,554,Chittoor (M + OG),160722,124251,1,77.30802254825102,Medium,71.49908705802189,77.30802254825102,73.24176770509062,362
24,475,Surendranagar Dudhrej (M),177851,134424,1,75.58236951155742,Medium,72.20925723638068,75.58236951155742,73.2211909189337,363
19,336,Nabadwip (M),125543,101960,1,81.2152011661343,Medium,69.76677070896169,81.2152011661343,73.20129984611347,364
33,621,Pudukkottai (M),117630,96714,1,82.21882172915073,Medium,69.31021900076112,82.21882172915073,73.182799819278,365
29,566,Chitradurga (CMC + OG),145853,114752,1,78.67647562957224,Medium,70.81832171939486,78.67647562957224,73.17576789244808,366
19,338,Baidyabati (M),121110,98928,1,81.68441912311121,Medium,69.51467297181456,81.68441912311121,73.16559681720355,367
20,360,Hazaribag (Nagar Parishad),142489,112533,1,78.97662275684438,Medium,70.65468560965351,78.97662275684438,73.15126675381077,368
22,408,Rajnandgaon (M Corp.),163114,125190,1,76.7500030653408,Medium,71.60268607577372,76.7500030653408,73.14688117264384,369
28,554,Chittoor (M),153756,119485,1,77.71078852207394,Medium,71.18836230072688,77.71078852207394,73.145090167131,370
19,328,Jalpaiguri (M),107341,89722,1,83.58595504047848,Medium,68.66832959176463,83.58595504047848,73.14361722637878,371
29,568,Bhadravati (CMC),151102,117705,1,77.89771147966275,Medium,71.06625944599664,77.89771147966275,73.11569505609647,372
29,561,Gadag-Betigeri (CMC),172612,130696,1,75.71663615507612,Medium,71.99958039225577,75.71663615507612,73.11469712110187,373
19,341,Uluberia (M + OG),235345,166124,1,70.58743546708024,Medium,74.17354577074826,70.58743546708024,73.09771267964786,374
21,377,Baleshwar (M + OG),144373,113418,1,78.5590103412688,Medium,70.74679957228727,78.5590103412688,73.09046280298173,375
24,476,Morvi (M),194947,143560,1,73.64052793836274,Medium,72.85288933538267,73.64052793836274,73.08918091627669,376
33,606,Tiruvannamalai (M),145278,113865,1,78.3773179696857,Medium,70.79062098095949,78.3773179696857,73.06663007757734,377
28,538,Mahbubnagar (M + OG),190400,140639,1,73.86502100840336,Medium,72.6873865726557,73.86502100840336,73.04067690337999,378
27,504,Hinganghat (M Cl),101805,85588,1,84.07052698786896,Medium,68.29700116750277,84.07052698786896,73.02905891361262,379
18,312,Jorhat (MB + OG) (Part),126736,101887,2,80.39310061860876,Medium,69.83309513645023,80.39310061860876,73.00109678109779,380
5,66,Haldwani-cum-Kathgodam (NPP + OG),201461,146632,1,72.78431061098675,Medium,73.0833817407845,72.78431061098675,72.99366040184518,381
24,478,Porbandar (M),151770,117452,1,77.38815312644132,Medium,71.09719298051996,77.38815312644132,72.98448102429637,382
6,81,Bhiwani (M Cl),196057,143446,1,73.1654569844484,Medium,72.8927051033145,73.1654569844484,72.97453066765466,383
19,332,English Bazar (M),205521,148766,1,72.384817123311,Medium,73.22330099369087,72.384817123311,72.9717558325769,384
24,478,Porbandar (M + OG),152760,117963,1,77.2211311861744,Medium,71.14278807946597,77.2211311861744,72.9662910114785,385
29,570,Chikmagalur (CMC),118401,96359,1,81.3836031790272,Medium,69.35603293299016,81.3836031790272,72.96430400680127,386
29,566,Chitradurga (CMC),140206,110215,1,78.6093319829394,Medium,70.54141727219584,78.6093319829394,72.9617916854189,387
19,337,Halisahar (M),124939,100560,1,80.48727779156228,Medium,69.73295082111075,80.48727779156228,72.9592489122462,388
28,547,Machilipatnam (M),169892,127917,1,75.29312739858263,Medium,71.88819602989163,75.29312739858263,72.90967544049893,389
33,632,Kurichi (M),123667,99529,1,80.48145422788618,Medium,69.6611895415356,80.48145422788618,72.90726894744077,390
7,91,Burari  (CT),146190,113616,1,77.71803816950545,Medium,70.83450604812566,77.71803816950545,72.8995656845396,391
19,345,Contai (M),92226,78500,1,85.11699520742523,Growing,67.60403482741695,85.11699520742523,72.85792294141943,392
3,35,Batala (M Cl + OG),158621,120935,1,76.2414812666671,Medium,71.40681152330612,76.2414812666671,72.8572124463144,393
3,35,Batala (M Cl),156619,119734,1,76.44921752788615,Medium,71.31773972709796,76.44921752788615,72.8571830673344,394
19,337,Bongaon (M),108864,89700,1,82.39638447971781,Medium,68.76712840064357,82.39638447971781,72.85590522436584,395
28,548,Tenali (M),164937,124618,1,75.55490884398284,Medium,71.68062627259243,75.55490884398284,72.84291104400955,396
32,595,Thrippunithura (M),69390,62255,1,89.71753855022338,Growing,65.60895551665456,89.71753855022338,72.8415304267252,397
19,339,Bankura (M),137386,107857,1,78.5065436070633,Medium,70.39893253475435,78.5065436070633,72.83121585644703,398
19,341,Uluberia (M),222240,156712,1,70.51475881929446,Medium,73.77175819746039,70.51475881929446,72.7946583840106,399
23,420,Bhind (M),197585,142923,1,72.3349444542855,Medium,72.94714737919529,72.3349444542855,72.76348650172235,400
33,602,Madavaram (M),119105,96012,1,80.61122538936233,Medium,69.39760580815229,80.61122538936233,72.7616916825153,401
27,523,Bid (M Cl),146709,113249,1,77.19294658132766,Medium,70.85935804730816,77.19294658132766,72.75943460751401,402
6,72,Thanesar (M Cl),155152,118326,1,76.26456636073013,Medium,71.25174500722318,76.26456636073013,72.75559141327525,403
27,503,Achalpur (M Cl),112311,91547,1,81.51205135739153,Medium,68.98572875322556,81.51205135739153,72.74362553447534,404
19,341,Bally (CT),113377,92238,1,81.35512493715656,Medium,69.05197518494519,81.35512493715656,72.7429201106086,405
18,305,Nagaon (MB + OG),121628,97516,1,80.17561745650671,Medium,69.54460274626851,80.17561745650671,72.73390715933996,406
19,337,New Barrackpore (M),76846,67384,1,87.68706243656143,Growing,66.32466500568688,87.68706243656143,72.73338423494924,407
9,158,Rae Bareli (NPP),191316,139042,1,72.67661878776475,Medium,72.72104300208562,72.67661878776475,72.70771573778936,408
6,83,Bahadurgarh (M Cl),170767,127189,1,74.48101799528011,Medium,71.92422077891429,74.48101799528011,72.69125994382404,409
19,337,Basirhat (M),125254,99633,1,79.54476503744391,Medium,69.75060902510467,79.54476503744391,72.68885582880642,410
9,177,Faizabad (NPP),165228,123895,1,74.98426416830077,Medium,71.69298784766013,74.98426416830077,72.68037074385232,411
28,539,Nalgonda (M + OG),154326,117411,1,76.07985692624703,Medium,71.21431129795239,76.07985692624703,72.67397498644078,412
18,305,Nagaon (MB),117722,94746,1,80.48283243573844,Medium,69.31570152598358,80.48283243573844,72.66584079891004,413
5,68,Roorkee (NPP),118200,95048,1,80.41285956006769,Medium,69.34411803611994,80.41285956006769,72.66474049330427,414
9,155,Hardoi (NPP + OG),197029,141826,1,71.98229702226577,Medium,72.92738611330887,71.98229702226577,72.64385938599594,415
19,336,Chakdaha (M),95203,79834,1,83.85660115752654,Growing,67.82682103959452,83.85660115752654,72.63575507497413,416
9,165,Orai (NPP + OG),190575,138141,1,72.48642266824085,Medium,72.69382906178325,72.48642266824085,72.63160714372052,417
7,96,Nangloi Jat (CT),205596,146273,1,71.14583941321816,Medium,73.22585962725468,71.14583941321816,72.60185356304372,418
24,468,Bhuj (M + OG),148834,113712,1,76.40189741591303,Medium,70.96020369853765,76.40189741591303,72.59271181375027,419
28,534,Ramagundam (M + OG) (Part),242979,166101,2,68.3602286617362,Medium,74.39740727524867,68.3602286617362,72.58625369119493,420
19,338,Rishra (M),124577,98753,1,79.27065188598218,Medium,69.71260283805829,79.27065188598218,72.58001755243545,421
9,165,Orai (NPP),187137,135729,1,72.52921656326649,Medium,72.56616485335483,72.52921656326649,72.55508036632833,422
24,473,Kalol (M + OG),134426,104721,1,77.90234032106883,Medium,70.24619301163759,77.90234032106883,72.54303720446696,423
28,539,Nalgonda (M),135744,105458,1,77.68888495992456,Medium,70.31461455881931,77.68888495992456,72.5268956791509,424
9,140,Modinagar (NPP),130325,102077,1,78.32495683867255,Medium,70.02892389924422,78.32495683867255,72.5177337810727,425
35,640,Port Blair (M Cl),108058,87894,1,81.33965092820522,Medium,68.71501567255021,81.33965092820522,72.5024062492467,426
32,592,Malappuram (M + OG),101386,83524,1,82.38218294439075,Medium,68.26807970378822,82.38218294439075,72.50231067596897,427
28,534,Ramagundam (M),229644,158341,1,68.95063663757817,Medium,74.00157975516233,68.95063663757817,72.48629681988707,428
33,622,Karaikkudi (M),106714,86955,1,81.48415390670391,Medium,68.62724738906427,81.48415390670391,72.48431934435615,429
22,403,Raigarh (M Corp. + OG),150019,113848,1,75.88905405315327,Medium,71.01581646157572,75.88905405315327,72.47778773904898,430
24,468,Bhuj (M),143286,109706,1,76.5643538098628,Medium,70.69380089900453,76.5643538098628,72.45496677226201,431
24,484,Godhra (M),143644,109819,1,76.45220127537523,Medium,70.7113001169122,76.45220127537523,72.4335704644511,432
19,336,Ranaghat (M),75365,65555,1,86.98334770782193,Growing,66.18819682845324,86.98334770782193,72.42674209226385,433
18,309,Tinsukia (MB + OG),116322,92858,1,79.82840735200564,Medium,69.23180453880907,79.82840735200564,72.41078538276804,434
6,85,Rewari (M Cl),143021,109309,1,76.42863635410184,Medium,70.68081938427181,76.42863635410184,72.40516447522081,435
28,542,Srikakulam (M + OG) (Part),137944,106200,2,76.98776315026387,Medium,70.42735701137363,76.98776315026387,72.3954788530407,436
33,625,Rajapalayam (M),130442,101581,1,77.8744576133454,Medium,70.03521670464829,77.8744576133454,72.38698897725742,437
9,192,Maunath Bhanjan (NPP),278745,182423,1,65.444402590181,Medium,75.36040216615534,65.444402590181,72.38560229336304,438
24,470,Patan (M + OG),133737,103561,1,77.43631156673172,Medium,70.21015735370743,77.43631156673172,72.37800361761471,439
9,140,Khora (CT),190005,135994,1,71.57390594984344,Medium,72.67282316103923,71.57390594984344,72.34314799768049,440
28,546,Bhimavaram (M + OG),146961,111356,1,75.77248385626119,Medium,70.87139322423555,75.77248385626119,72.34172041384323,441
19,330,Raiganj (M),183612,132382,1,72.09877350064265,Medium,72.43281140522923,72.09877350064265,72.33260003385325,442
21,377,Baleshwar (M),118162,93642,1,79.24882788036763,Medium,69.3418631913866,79.24882788036763,72.3139525980809,443
24,480,Amreli (M + OG),117967,93477,1,79.23995693710954,Medium,69.330280857602,79.23995693710954,72.30318368145426,444
23,467,Burhanpur (M Corp.),210886,147056,1,69.73246208852176,Medium,73.40401342281541,69.73246208852176,72.3025480225273,445
6,79,Sirsa (M Cl),182534,131570,1,72.0797221339586,Medium,72.39151828295859,72.0797221339586,72.29797943825858,446
9,156,Unnao (NPP),177658,128833,1,72.51742111247454,Medium,72.20164313453813,72.51742111247454,72.29637652791905,447
29,573,Mandya (CMC),137358,105316,1,76.67263646820717,Medium,70.39750317671968,76.67263646820717,72.28004316416593,448
10,212,Katihar (M Corp. + OG),240838,162501,1,67.47315622949867,Medium,74.33534167564453,67.47315622949867,72.27668604180077,449
29,559,Raichur (CMC),234073,159008,1,67.93094461984082,Medium,74.13554075140904,67.93094461984082,72.27416191193856,450
28,538,Mahbubnagar (M),157733,117306,1,74.36997964915395,Medium,71.36744270280694,74.36997964915395,72.26820378671104,451
32,592,Manjeri (M),97102,79893,1,82.27739902370703,Growing,67.9653237784341,82.27739902370703,72.25894635201598,452
27,506,Bhandara (M Cl),91845,76378,1,83.15967118514888,Growing,67.5750046374259,83.15967118514888,72.25040460174279,453
10,229,Biharsharif (M Corp.),297268,189785,1,63.84306417105103,Medium,75.81157368102332,63.84306417105103,72.22102082803164,454
21,376,Baripada (M),109743,87895,1,80.09166871691133,Medium,68.8235230045447,80.09166871691133,72.20396671825468,455
23,433,Mandsaur (M),141667,107478,1,75.86664501965878,Medium,70.61411350713067,75.86664501965878,72.18987296088909,456
7,96,Hastsal (CT),176877,127763,1,72.23268146791273,Medium,72.17074697182856,72.23268146791273,72.1893273206538,457
23,443,Vidisha (M),155951,115730,1,74.20920673801386,Medium,71.2877659533525,74.20920673801386,72.1641981887509,458
7,98,Deoli (CT),169122,123173,1,72.83085583188468,Medium,71.85634044017144,72.83085583188468,72.1486950576854,459
21,376,Baripada (M + OG),116849,92161,1,78.87187738020864,Medium,69.26350367786712,78.87187738020864,72.14601578856957,460
22,403,Raigarh (M Corp.),137126,104544,1,76.23937108936308,Medium,70.38564870342593,76.23937108936308,72.14176541920706,461
28,546,Bhimavaram (M),142184,107495,1,75.60274011140494,Medium,70.63965886007605,75.60274011140494,72.12858323547472,462
23,456,Seoni (M),102343,82858,1,80.96108185220288,Medium,68.33396255530728,80.96108185220288,72.12209834437596,463
6,77,Jind (M Cl),167592,122019,1,72.8071745668051,Medium,71.79261027575625,72.8071745668051,72.0969795630709,464
19,329,Koch Bihar (M),77935,66404,1,85.20433694745621,Growing,66.42334432808316,85.20433694745621,72.05764211389507,465
11,244,Gangtok (M Corp.),100286,81309,1,81.07711943840616,Medium,68.19157970073574,81.07711943840616,72.05724162203686,466
9,190,Deoria (NPP),129479,99562,1,76.8943226314692,Medium,69.98325325959782,76.8943226314692,72.05657407115922,467
7,97,Delhi Cantonment (CB) (Part),110351,87721,2,79.49270962655527,Medium,68.86226722318787,79.49270962655527,72.05139994419808,468
10,226,Munger (M Corp.),213303,146507,1,68.68492238740195,Medium,73.4839295212627,68.68492238740195,72.04422738110446,469
33,618,Mayiladuthurai (M),85632,71549,1,83.5540452167414,Growing,67.08381832623958,83.5540452167414,72.02488639339012,470
24,469,Palanpur (M + OG),141592,106581,1,75.27332052658342,Medium,70.61039996066634,75.27332052658342,72.00927613044146,471
23,428,Damoh (M + OG),139561,105359,1,75.4931535314307,Medium,70.5090820934316,75.4931535314307,72.00430352483133,472
9,154,Sitapur (NPP),177234,126848,1,71.57091754403783,Medium,72.18488669364645,71.57091754403783,72.00069594876385,473
9,159,Farrukhabad-cum-Fatehgarh (NPP),276581,177793,1,64.28243444054364,Medium,75.30574787626786,64.28243444054364,71.99875384555058,474
24,470,Patan (M),125497,96835,1,77.16120704080576,Medium,69.76420075216177,77.16120704080576,71.98330263875496,475
19,336,Kalyani (M),100575,81204,1,80.73974645786727,Medium,68.21175930152121,80.73974645786727,71.97015544842503,476
33,626,Paramakudi (M),95579,77837,1,81.43734502348843,Growing,67.85446249014288,81.43734502348843,71.92932725014654,477
24,480,Amreli (M),105573,84243,1,79.79597056065472,Medium,68.5518638178462,79.79597056065472,71.92509584068875,478
9,194,Jaunpur (NPP),180362,128050,1,70.99610782759117,Medium,72.30757328850605,70.99610782759117,71.91413365023158,479
27,500,Khamgaon (M Cl),94191,76870,1,81.61076960643798,Growing,67.75187853281885,81.61076960643798,71.9095458549046,480
28,542,Srikakulam (M),125939,96744,1,76.81814211642144,Medium,69.78885581852597,76.81814211642144,71.8976417078946,481
8,119,Beawar (M Cl + OG),151152,111576,1,73.81708478882186,Medium,71.06857956066774,73.81708478882186,71.89313112911397,482
6,70,Ambala Sadar (M Cl + OG),104974,83740,1,79.77213405224151,Medium,68.51196232138768,79.77213405224151,71.89001384064383,483
9,153,Lakhimpur (NPP),151993,112043,1,73.71589481094524,Medium,71.10748928983894,73.71589481094524,71.89001094617083,484
9,199,Mirzapur-cum-Vindhyachal (NPP),234871,156408,1,66.59315113402677,Medium,74.15940758733151,66.59315113402677,71.8895306513401,485
10,212,Katihar (M Corp.),226261,152000,1,67.17905427802405,Medium,73.89750435694003,67.17905427802405,71.88196933326523,486
8,118,Pali (M Cl),230075,153880,1,66.88253830272737,Medium,74.01472889752432,66.88253830272737,71.87507171908523,487
19,336,Santipur (M),151777,111806,1,73.66465274712243,Medium,71.0975164129817,73.66465274712243,71.86765731322392,488
29,565,Hospet (CMC),206167,141475,1,68.62155437097111,Medium,73.2453088088128,68.62155437097111,71.85818247746028,489
33,632,Pollachi (M),90180,74079,1,82.14570858283433,Growing,67.44671106114653,82.14570858283433,71.85641031765286,490
33,627,Kovilpatti (M),95057,77249,1,81.2659772557518,Growing,67.81605848776105,81.2659772557518,71.85103411815828,491
32,591,Vadakara (M),75295,64016,1,85.02025366890231,Growing,66.18168041373863,85.02025366890231,71.83325239028774,492
22,401,Ambikapur (M Corp. + OG),121071,93489,1,77.21832643655375,Medium,69.51241439259074,77.21832643655375,71.82418800577963,493
9,142,Bulandshahr (NPP + OG),230024,153406,1,66.69130177720587,Medium,74.01317425202684,66.69130177720587,71.81661250958055,494
29,563,Karwar (CMC + OG),77139,65234,1,84.56682093363928,Growing,66.35135192601712,84.56682093363928,71.81599262830376,495
32,591,Quilandy (M),71873,61610,1,85.72064613971867,Growing,65.85550338338479,85.72064613971867,71.81504621028495,496
6,70,Ambala Sadar (M Cl),103093,82283,1,79.81434238988098,Medium,68.38516571799865,79.81434238988098,71.81391871956335,497
9,170,Banda (NPP + OG),160473,116330,1,72.49194568556703,Medium,71.48821423481277,72.49194568556703,71.78933367003904,498
9,142,Bulandshahr (NPP),222519,149312,1,67.10078689909625,Medium,73.78055635906662,67.10078689909625,71.77662552107552,499
18,309,Tinsukia (MB),99448,79830,1,80.2731075536964,Growing,68.13273537493944,80.2731075536964,71.77484702856653,500
28,552,Nandyal (M + OG),211424,143611,1,67.92559028303315,Medium,73.42188090925744,67.92559028303315,71.77299372139015,501
32,595,Kalamassery (M),71038,60922,1,85.75973422675189,Growing,65.77355619561838,85.75973422675189,71.76940960495843,502
7,97,NDMC (Part),78663,66142,1,84.08273266974308,Growing,66.48854575839371,84.08273266974308,71.76680183179852,503
23,447,Betul (M),103330,82268,1,79.6167618310268,Medium,68.40126848897874,79.6167618310268,71.76591649159316,504
33,611,Udhagamandalam (M),88430,72643,1,82.14746126880019,Growing,67.3092892445073,82.14746126880019,71.76074085179516,505
28,554,Madanapalle (M + OG),180180,126929,1,70.44566544566545,Medium,72.3004933819625,70.44566544566545,71.74404500107337,506
8,119,Beawar (M Cl),145504,107524,1,73.89762480756544,Medium,70.8015216308957,73.89762480756544,71.73035258389662,507
33,625,Aruppukkottai (M),87722,72035,1,82.11737078497983,Growing,67.25291802118628,82.11737078497983,71.71225385032434,508
33,607,Viluppuram (M),96253,77571,1,80.59073483423893,Growing,67.90374019519187,80.59073483423893,71.70983858690599,509
23,449,Hoshangabad (M),117988,91108,1,77.21802217174628,Medium,69.33152910538321,77.21802217174628,71.69747702529213,510
23,419,Morena (M),200482,137411,1,68.54031783402002,Medium,73.04922068436079,68.54031783402002,71.69654982925856,511
30,586,Margao (M Cl),87650,71928,1,82.062749572162,Growing,67.24715988826595,82.062749572162,71.69183679343477,512
7,93,Dallo Pura (CT),154791,112619,1,72.75552196187117,Medium,71.23540933027674,72.75552196187117,71.69144311975506,513
32,599,Thiruvalla (M),52883,47768,1,90.32770455533915,Growing,63.703914972737074,90.32770455533915,71.6910518475177,514
27,521,Pune (CB),71781,61244,1,85.3206280213427,Growing,65.8465212708946,85.3206280213427,71.68875329602903,515
32,597,Kottayam (M),55374,49592,1,89.5582764474302,Growing,64.0266906131276,89.5582764474302,71.68616636341838,516
9,155,Hardoi (NPP),126851,96372,1,75.97259777218942,Medium,69.83945549841359,75.97259777218942,71.67939818054633,517
32,601,Neyyattinkara (M),70850,60559,1,85.47494707127736,Growing,65.75497298764141,85.47494707127736,71.6709652127322,518
8,111,Sikar (M Cl + OG),244497,159407,1,65.19793698900192,Medium,74.4410822364025,65.19793698900192,71.66813866218232,519
24,473,Kalol (M),113153,87948,1,77.72485042376252,Medium,69.0381065737387,77.72485042376252,71.64412972874584,520
20,369,Adityapur (Nagar Parishad),174355,123158,1,70.63634538728456,Medium,72.07003748818727,70.63634538728456,71.63992985791646,521
22,401,Ambikapur (M Corp.),112449,87446,1,77.76503125861501,Medium,68.99434009102484,77.76503125861501,71.62554744130189,522
29,581,Kolar (CMC),138462,102954,1,74.35541881527061,Medium,70.45364116714336,74.35541881527061,71.62417446158153,523
30,586,Mormugao (M Cl),94393,76068,1,80.58648416725816,Growing,67.76690152562308,80.58648416725816,71.6127763181136,524
18,306,Tezpur (MB + OG),75540,63626,1,84.22822345777071,Growing,66.20446142259375,84.22822345777071,71.61159003314684,525
27,525,Osmanabad (M Cl),111825,86999,1,77.79923988374694,Medium,68.95531739407093,77.79923988374694,71.60849414097373,526
23,457,Balaghat (M),84261,69438,1,82.408231566205,Growing,66.97063546801827,82.408231566205,71.60191429747428,527
10,222,Begusarai (M Corp.),252008,162484,1,64.47573092917686,Medium,74.65326978291394,64.47573092917686,71.60000812679282,528
3,42,Moga (M Cl + OG),163397,116922,1,71.55700533057524,Medium,71.6148423486348,71.55700533057524,71.59749124321692,529
13,270,Kohima (MC),99039,78961,1,79.72717818233221,Growing,68.10383510816843,79.72717818233221,71.59083803041756,530
19,338,Konnagar (M),76172,63911,1,83.90353410702095,Growing,66.26288771182728,83.90353410702095,71.55508163038537,531
23,428,Damoh (M),125101,94744,1,75.73400692240669,Medium,69.74203773649494,75.73400692240669,71.53962849226846,532
27,497,Nandurbar (M Cl),111037,86231,1,77.65969901924585,Medium,68.90572643825294,77.65969901924585,71.5319182125508,533
9,179,Sultanpur (NPP),107640,84080,1,78.11222593831289,Medium,68.6878361982139,78.11222593831289,71.5151531202436,534
6,71,Jagadhri (M Cl),124894,94468,1,75.63854148317773,Medium,69.7304245869038,75.63854148317773,71.50285965578598,535
9,170,Banda (NPP),154428,111432,1,72.15789882663766,Medium,71.21894469112452,72.15789882663766,71.50063093177846,536
32,589,Payyannur (M),72111,61019,1,84.61815811734687,Growing,65.87868648070378,84.61815811734687,71.5005279716967,537
33,632,Kuniyamuthur (M),95924,76688,1,79.94662441099204,Growing,67.87972949827721,79.94662441099204,71.49979797209166,538
33,631,Hosur (M),116821,89593,1,76.69254671677182,Medium,69.2618230725609,76.69254671677182,71.49104016582417,539
9,140,Hapur (NPP),262983,166740,1,63.403337858340656,Medium,74.9522093041248,63.403337858340656,71.48754787038956,540
33,618,Nagapattinam (M),102905,81031,1,78.74350128759535,Medium,68.37236586086807,78.74350128759535,71.48370648888626,541
23,449,Itarsi (M + OG),99330,78780,1,79.31138628813046,Growing,68.12440961767928,79.31138628813046,71.48050261881463,542
23,449,Itarsi (M),99329,78779,1,79.31117800440958,Growing,68.12433901815812,79.31117800440958,71.48039071403356,543
8,111,Sikar (M Cl),237532,154491,1,65.04007881043397,Medium,74.2384116372994,65.04007881043397,71.47891178923976,544
28,552,Nandyal (M),200516,135955,1,67.80256937102276,Medium,73.05040986797978,67.80256937102276,71.47605771889266,545
32,598,Kayamkulam (M),68634,58519,1,85.26240638750473,Growing,65.53213457808363,85.26240638750473,71.45121612090995,546
27,520,Kharghar (CT),80612,66574,1,82.58571924775467,Growing,66.66017639848918,82.58571924775467,71.43783925326883,547
22,414,Jagdalpur (M Corp.),125463,94485,1,75.30905525931948,Medium,69.76230061336392,75.30905525931948,71.42632700715059,548
30,585,Panaji (M Corp. + OG),70991,60071,1,84.61776844952176,Growing,65.7689150082489,84.61776844952176,71.42357104063075,549
32,591,Beypore (CT),69752,59205,1,84.87928661543755,Growing,65.64544430473035,84.87928661543755,71.41559699794252,550
33,625,Virudhunagar (M),72296,60929,1,84.2771384308952,Growing,65.89665416375605,84.2771384308952,71.41079944389779,551
23,458,Guna (M),180935,125295,1,69.24862519689391,Medium,72.32981676161762,69.24862519689391,71.4054592922005,552
27,521,Kirkee (CB),78684,65166,1,82.81988714351075,Growing,66.49041760252793,82.81988714351075,71.38925846482277,553
27,526,Barshi (M Cl),118722,90322,1,76.07857010495105,Medium,69.37501931988679,76.07857010495105,71.38608455540606,554
10,211,Purnia (M Corp.),282248,174658,1,61.88104078682577,Medium,75.44798140453479,61.88104078682577,71.37789921922207,555
9,152,Shahjahanpur (NPP),329736,195606,1,59.32200305699104,Medium,76.53849405757711,59.32200305699104,71.37354675740129,556
32,589,Taliparamba (M),72465,60914,1,84.05989098185331,Growing,65.913027745788,84.05989098185331,71.3570867166076,557
13,265,Dimapur (MC),122834,92594,1,75.38140905612453,Medium,69.61379385503791,75.38140905612453,71.3440784153639,558
32,595,Edathala (CT),77811,64450,1,82.82890593874902,Growing,66.41217791548029,82.82890593874902,71.3371963224609,559
10,219,Chapra (Nagar Parishad),202352,135951,1,67.18539969953349,Medium,73.11432815501358,67.18539969953349,71.33564961836954,560
3,42,Moga (M Cl),150411,108255,1,71.97279454295231,Medium,71.03411660516005,71.97279454295231,71.31571998649773,561
23,432,Neemuch (M + OG),128561,95827,1,74.53815698384425,Medium,69.93335694299081,74.53815698384425,71.31479695524683,562
23,451,Jabalpur Cantt (CB),72261,60662,1,83.94846459362589,Growing,65.89325840139509,83.94846459362589,71.30982025906432,563
19,338,Bhadreswar (M),101477,79498,1,78.34090483557851,Medium,68.27437112364684,78.34090483557851,71.29433123722634,564
23,432,Neemuch (M),128095,95463,1,74.52515710995745,Medium,69.90789180927896,74.52515710995745,71.2930713994825,565
24,482,Khambhat (M + OG),99164,78055,1,78.71304102295188,Growing,68.11268035256951,78.71304102295188,71.29278855368422,566
20,355,Chas (Nagar Parishad),141640,103167,1,72.83747528946624,Medium,70.6127768569328,72.83747528946624,71.28018638669282,567
3,41,Khanna (M Cl),128137,95385,1,74.43985734019057,Medium,69.91019074543547,74.43985734019057,71.26909072386199,568
23,425,Chhatarpur (M + OG),142128,103366,1,72.72740065293257,Medium,70.63689634816096,72.72740065293257,71.26404763959243,569
7,90,Sultan Pur Majra (CT),181554,124546,1,68.59997576478624,Medium,72.35376691039431,68.59997576478624,71.22762956671188,570
33,605,Ambur (M),114608,87198,1,76.08369398296803,Medium,69.12770494176674,76.08369398296803,71.21450165412712,571
27,528,Ratnagiri (M Cl),76229,63075,1,82.7441000144302,Growing,66.26813331861467,82.7441000144302,71.21092332735932,572
9,148,Mainpuri (NPP + OG),136557,99876,1,73.13868933851798,Medium,70.35648945879748,73.13868933851798,71.19114942271362,573
9,172,Fatehpur (NPP),193193,129988,1,67.2840113254621,Medium,72.78950874523503,67.2840113254621,71.13785951930315,574
18,312,Jorhat (MB),71782,59856,1,83.38580702683124,Growing,65.84661896442347,83.38580702683124,71.1083753831458,575
1,19,Udhampur (M Cl + OG),84015,67854,1,80.76414925906089,Growing,66.95013223028032,80.76414925906089,71.09433733891449,576
23,463,Singrauli (M Corp.),220257,143148,1,64.99135101268064,Medium,73.70890495301435,64.99135101268064,71.09363877091424,577
19,338,Bansberia (M),103920,80301,1,77.27193995381062,Medium,68.44119568641379,77.27193995381062,71.09041896663284,578
33,605,Arakonam (M),78395,64133,1,81.80751323426239,Growing,66.46461348281252,81.80751323426239,71.06748340824748,579
28,551,Proddatur (M + OG),163970,114319,1,69.71946087698969,Medium,71.6393912401328,69.71946087698969,71.06341213118986,580
24,469,Palanpur (M),122344,91078,1,74.4441901523573,Medium,69.58576366835291,74.4441901523573,71.04329161355422,581
32,594,Kunnamkulam (M),54071,47473,1,87.79752547576335,Growing,63.85970638774501,87.79752547576335,71.0410521141505,582
7,90,Bhalswa Jahangir Pur (CT),197148,131338,1,66.61898675107027,Medium,72.93162027914713,66.61898675107027,71.03783022072406,583
33,632,Goundampalayam (M),83908,67608,1,80.57396195833532,Growing,66.94119541354262,80.57396195833532,71.03102537698042,584
28,551,Proddatur (M),162717,113450,1,69.72227855724971,Medium,71.58559733635815,69.72227855724971,71.02660170262561,585
32,594,Kodungallur (M + OG),60190,51760,1,85.99435122113309,Growing,64.61151081295931,85.99435122113309,71.02636293541144,586
23,425,Chhatarpur (M),133464,97305,1,72.90730084517173,Medium,70.19582769519188,72.90730084517173,71.00926964018583,587
26,496,Silvassa (M CI),98265,76481,1,77.83137434488373,Growing,68.04881552840395,77.83137434488373,70.98358317334788,588
3,36,Phagwara (M Cl),97864,76223,1,77.88665903703098,Growing,68.02013988917675,77.88665903703098,70.98009563353301,589
5,66,Haldwani-cum-Kathgodam (NPP),156078,109634,1,70.24308358641193,Medium,71.29347443191837,70.24308358641193,70.97835717826644,590
29,563,Karwar (CMC),63755,54064,1,84.79962355893656,Growing,65.01502396049305,84.79962355893656,70.9504038400261,591
24,488,Anklesvar (M + OG),89457,70872,1,79.22465542104028,Growing,67.39026230376015,79.22465542104028,70.9405802389442,592
3,35,Gurdaspur (M Cl + OG),77928,63490,1,81.47264141258597,Growing,66.42271443939505,81.47264141258597,70.93769253135233,593
10,204,Motihari (Nagar Parishad),126158,92798,1,73.55696824616751,Medium,69.80103975073185,73.55696824616751,70.92781829936254,594
15,286,Lunglei (NT),57011,49345,1,86.55347213695602,Growing,64.23099499897309,86.55347213695602,70.92773814036796,595
23,423,Shivpuri (M),179977,121902,1,67.7319879762414,Medium,72.29258812147906,67.7319879762414,70.92440807790776,596
24,471,Visnagar (M + OG),76753,62673,1,81.65544017823407,Growing,66.31617313580097,81.65544017823407,70.91795324853089,597
28,554,Madanapalle (M),136414,98521,1,72.22205931942469,Medium,70.34914210831205,72.22205931942469,70.91101727164585,598
32,588,Kanhangad (M),73342,60314,1,82.23664476016471,Growing,65.99738741571777,82.23664476016471,70.86916461905184,599
7,92,Gokal Pur (CT),121870,90070,1,73.90662181012554,Medium,69.55854172373822,73.90662181012554,70.8629657496544,600
29,564,Ranibennur (CMC),106406,81001,1,76.1244666654136,Medium,68.60697816570406,76.1244666654136,70.86222471561692,601
27,505,Kamptee (M Cl),86793,68947,1,79.43843397509016,Growing,67.17825656600554,79.43843397509016,70.85630978873093,602
18,317,Karimganj (MB),56854,49095,1,86.35276321806732,Growing,64.21165678231151,86.35276321806732,70.85398871303825,603
28,547,Gudivada (M),118167,87887,1,74.37524858886152,Medium,69.34215992290879,74.37524858886152,70.8520865226946,604
24,476,Gondal (M),112197,84394,1,75.21948002174746,Medium,68.97860705492572,75.21948002174746,70.85086894497223,605
29,556,Bagalkot (CMC),111933,84223,1,75.24411924990842,Medium,68.96208688029132,75.24411924990842,70.84669659117645,606
21,393,Balangir (M),98238,75910,1,77.27152425741566,Growing,68.0468884271488,77.27152425741566,70.81427917622885,607
33,623,Avaniapuram (M),89635,70586,1,78.7482568193228,Growing,67.40420200550433,78.7482568193228,70.80741844964987,608
3,35,Gurdaspur (M Cl),75549,61565,1,81.49015870494645,Growing,66.20529686840723,81.49015870494645,70.79075541936899,609
19,337,Garulia (M),85336,67835,1,79.49165651073405,Growing,67.05953620596222,79.49165651073405,70.78917229739376,610
10,226,Jamalpur (Nagar Parishad),105434,80089,1,75.96126486712066,Medium,68.5426247478696,75.96126486712066,70.7682167836449,611
34,637,Karaikal (M),86838,68706,1,79.11974020590064,Growing,67.18189148408217,79.11974020590064,70.76324610062771,612
28,535,GHMC (M Corp. + OG) (Part),138082,98667,2,71.45536710070827,Medium,70.43436898633448,71.45536710070827,70.74066842064661,613
9,201,Etah (NPP),118517,87629,1,73.93791607954977,Medium,69.36289999031263,73.93791607954977,70.73540481708376,614
27,526,Pandharpur (M Cl),98923,76058,1,76.88606289740505,Growing,68.09561672868004,76.88606289740505,70.73275057929754,615
9,148,Mainpuri (NPP),120400,88699,1,73.67026578073089,Medium,69.47344089045579,73.67026578073089,70.73248835753832,616
9,191,Azamgarh (NPP),110983,83208,1,74.9736446122379,Medium,68.90231519939165,74.9736446122379,70.72371402324552,617
27,501,Akot (M Cl),92637,72182,1,77.91918995649687,Growing,67.63521670161053,77.91918995649687,70.72040867807642,618
19,340,Puruliya (M),121067,89000,1,73.51301345535943,Medium,69.51218270230456,73.51301345535943,70.71243192822102,619
33,604,Pammal (M),75870,61557,1,81.13483590351917,Growing,66.23502954080429,81.13483590351917,70.70497144961875,620
33,624,Theni Allinagaram (M),94453,73248,1,77.54968079362222,Growing,67.77135760838104,77.54968079362222,70.70485456395339,621
23,460,Shahdol (M),86681,68429,1,78.94348242406065,Growing,67.16920147006607,78.94348242406065,70.70148575626443,622
9,167,Lalitpur (NPP),133305,95820,1,71.88027455834364,Medium,70.18746833705993,71.88027455834364,70.69531020344503,623
32,594,Chalakudy (M),49525,43615,1,88.06663301362948,Small,63.243861389609954,88.06663301362948,70.6906928768158,624
27,509,Ballarpur (M Cl),89452,70118,1,78.38617359030542,Growing,67.38987033871953,78.38617359030542,70.68876131419529,625
19,335,Katwa (M),81615,65187,1,79.87134717882742,Growing,66.7468910230807,79.87134717882742,70.68422786980472,626
32,592,Ponnani (M),90491,70714,1,78.14478787945762,Growing,67.4708535441746,78.14478787945762,70.6730338447595,627
28,547,Vijayawada (M Corp. + OG) (Part),121426,88994,2,73.2907285095449,Medium,69.53294647903067,73.2907285095449,70.66028108818493,628
19,328,Alipurduar (M),65232,54418,1,83.42224675006132,Growing,65.17562974170657,83.42224675006132,70.64961484421299,629
32,592,Malappuram (M),68127,56346,1,82.70729666651988,Growing,65.4801402820272,82.70729666651988,70.648287197375,630
32,597,Changanassery (M),47685,42222,1,88.54356715948411,Small,62.9783615954566,88.54356715948411,70.64792326466485,631
3,52,Zirakpur (M Cl),95553,73715,1,77.14566784925644,Growing,67.85255461576921,77.14566784925644,70.64048858581538,632
9,195,Ghazipur (NPP + OG),121020,88656,1,73.25731284085275,Medium,69.50945976789822,73.25731284085275,70.63381568978457,633
24,485,Dohad (M),94578,73098,1,77.28858719786842,Growing,67.78063202972345,77.28858719786842,70.63301858016695,634
33,619,Mannargudi (M),66999,55556,1,82.92064060657621,Growing,65.36305879992747,82.92064060657621,70.6303333419221,635
24,471,Kadi (M + OG),81404,64899,1,79.7245835585475,Growing,66.72873780948687,79.7245835585475,70.62749153420505,636
3,36,Kapurthala (M Cl),98916,75653,1,76.4820655910065,Growing,68.09512048371388,76.4820655910065,70.61120401590168,637
32,597,Panachikkad (CT),43595,39163,1,89.83369652483083,Small,62.349516879215585,89.83369652483083,70.59477077290016,638
32,595,Vazhakkala (CT),51242,44672,1,87.17848639787674,Growing,63.482862409070286,87.17848639787674,70.59154960571222,639
8,126,Chittaurgarh (M),116406,85849,1,73.74963489854474,Medium,69.2368667622219,73.74963489854474,70.59069720311875,640
24,476,Jetpur Navagadh (M),118302,86918,1,73.47128535443188,Medium,69.35016693160972,73.47128535443188,70.58650245845637,641
24,482,Khambhat (M),83715,66236,1,79.12082661410739,Growing,66.92504688026665,79.12082661410739,70.58378080041886,642
32,589,Kannur (M),56823,48536,1,85.41611671330271,Growing,64.20783209590127,85.41611671330271,70.5703174811217,643
32,601,Nedumangad (M),60161,50824,1,84.47997872375792,Growing,64.60813128955249,84.47997872375792,70.56968551981412,644
32,591,Cheruvannur (CT),61614,51793,1,84.06044080890706,Growing,64.77548499268013,84.06044080890706,70.5609717375482,645
33,613,Karur (M),70980,57998,1,81.71034094111018,Growing,65.76782832918661,81.71034094111018,70.55058211276368,646
3,43,Abohar (M Cl),145302,101643,1,69.95292563075526,Medium,70.79177937657968,69.95292563075526,70.54012325283236,647
33,605,Gudiyatham (M),91558,70921,1,77.46018916970664,Growing,67.55305711746583,77.46018916970664,70.52519673313806,648
28,539,Suryapet (M + OG),106805,80017,1,74.91877721080473,Medium,68.6332248286664,74.91877721080473,70.51889054330789,649
7,93,Gharoli (CT),92540,71495,1,77.25848281824076,Growing,67.62786996598025,77.25848281824076,70.51705382165841,650
14,278,Imphal (MCI + OG) ( Minor part),83737,65958,1,78.76804757753443,Growing,66.9268895246596,78.76804757753443,70.47923694052204,651
28,539,Suryapet (M),105531,79126,1,74.97891614786177,Medium,68.54907343950724,74.97891614786177,70.47802625201359,652
9,185,Basti (NPP),114657,84389,1,73.60126289716284,Medium,69.13070250885065,73.60126289716284,70.47187062534431,653
3,48,Rajpura (M Cl),92301,71192,1,77.13025861041592,Growing,67.60973530223865,77.13025861041592,70.46589229469183,654
33,633,Velampalayam (M),87427,68208,1,78.01708854244113,Growing,67.22929561254024,78.01708854244113,70.4656334915105,655
32,598,Cherthala (M),45827,40594,1,88.5809675518799,Small,62.69965926122182,88.5809675518799,70.46405174841924,656
22,412,Dhamtari (M + OG),101677,76800,1,75.53330645081975,Medium,68.2881786173991,75.53330645081975,70.46171696742529,657
33,633,Udumalaipettai  (M),61133,51263,1,83.85487379974809,Growing,64.72052537420383,83.85487379974809,70.4608299018671,658
24,479,Veraval (M + OG),171121,114661,1,67.00580291139019,Medium,71.93874294474435,67.00580291139019,70.4588609347381,659
19,334,Bolpur (M),80210,63656,1,79.36167560154594,Growing,66.6251181293577,79.36167560154594,70.44608537101416,660
17,293,Tura (M),74858,60254,1,80.49106307943039,Growing,66.14086189528705,80.49106307943039,70.44592225053005,661
6,73,Kaithal (M Cl),144915,100944,1,69.65738536383397,Medium,70.77307687268744,69.65738536383397,70.43836942003139,662
29,563,Sirsi (CMC),62882,52387,1,83.3100092236252,Growing,64.91833697420807,83.3100092236252,70.4358386490332,663
27,499,Chalisgaon(M Cl),97551,74252,1,76.1160828694734,Growing,67.99767539005428,76.1160828694734,70.43319763388001,664
24,488,Anklesvar (M),73928,59616,1,80.64062330916568,Growing,66.05319511208239,80.64062330916568,70.42942357120737,665
10,230,Dinapur Nizamat (Nagar Parishad),182429,120135,1,65.85301679009368,Medium,72.38748320001842,65.85301679009368,70.427143277041,666
28,546,Tadepalligudem (M + OG),104032,77987,1,74.96443402030144,Medium,68.44874948079534,74.96443402030144,70.40345484264716,667
23,445,Sehore (M),108909,80817,1,74.20598848580006,Medium,68.77002653736844,74.20598848580006,70.40081512189792,668
5,67,Kashipur (NPP),121623,88049,1,72.39502396750615,Medium,69.54431445852953,72.39502396750615,70.39952731122251,669
10,234,Sasaram (Nagar Parishad),147408,102077,1,69.24793769673288,Medium,70.89269065457665,69.24793769673288,70.39926476722351,670
23,445,Sehore (M + OG),109118,80930,1,74.16741509191884,Medium,68.78347109536594,74.16741509191884,70.3986542943318,671
28,546,Tadepalligudem (M),103906,77890,1,74.96198487094105,Medium,68.4402508897506,74.96198487094105,70.39677108410774,672
33,604,Chengalpattu (M),62579,52094,1,83.24517809488806,Growing,64.88446486993561,83.24517809488806,70.39267883742134,673
33,620,Pattukkottai (M),73135,59005,1,80.67956518766664,Growing,65.97756714231683,80.67956518766664,70.38816655592177,674
33,623,Anaiyur (M),63917,52942,1,82.82929424096875,Growing,65.03282015547354,82.82929424096875,70.3717623811221,675
24,481,Botad (M),130327,92752,1,71.16867571569973,Medium,70.0290315160195,71.16867571569973,70.37092477592357,676
27,499,Amalner (M Cl),95994,73114,1,76.16517699022856,Growing,67.8848450466652,76.16517699022856,70.36894462973422,677
9,195,Ghazipur (NPP),110587,81641,1,73.82513315308309,Medium,68.87724861599325,73.82513315308309,70.3616139771202,678
33,617,Chidambaram (M),62153,51736,1,83.23974707576465,Growing,64.83656428567082,83.23974707576465,70.35751912269896,679
33,626,Ramanathapuram (M),61440,51254,1,83.42122395833333,Growing,64.75565323914778,83.42122395833333,70.35532445490344,680
32,598,Komalapuram (CT),47126,41357,1,87.7583499554386,Small,62.8956696281273,87.7583499554386,70.35447372632069,681
14,278,Imphal (MCI) ( Minor part),81705,64344,1,78.75160638883789,Growing,66.75461982606079,78.75160638883789,70.35371579489392,682
33,604,Maraimalainagar (M),81872,64410,1,78.67158491303499,Growing,66.768938521307,78.67158491303499,70.3397324388254,683
32,596,Thodupuzha (M),52045,44799,1,86.07743299068115,Growing,63.59190209576761,86.07743299068115,70.33756136424167,684
32,601,Kudappanakkunnu (CT),41583,37318,1,89.74340475675156,Small,62.01816800322785,89.74340475675156,70.33573902928495,685
27,516,Manmad (M Cl),80058,63257,1,79.01396487546529,Growing,66.61181646901562,79.01396487546529,70.33246099095052,686
8,125,Banswara (M + OG),101017,75972,1,75.20714335210906,Medium,68.2425103363958,75.20714335210906,70.33190024110976,687
21,383,Dhenkanal (M),67414,55149,1,81.80644969887561,Growing,65.40636161327225,81.80644969887561,70.32638803895325,688
27,510,Pusad (M Cl),73046,58794,1,80.4890069271418,Growing,65.96902813152009,80.4890069271418,70.3250217702066,689
32,595,Maradu (CT),44704,39565,1,88.50438439513243,Small,62.525675188388995,88.50438439513243,70.31928795041202,690
29,583,Dod Ballapur (CMC + OG),93105,71186,1,76.45776274099136,Growing,67.670555058377,76.45776274099136,70.30671736316131,691
33,604,Puzhithivakkam (Ullagaram) (M),53322,45616,1,85.54817898803496,Growing,63.761888299753124,85.54817898803496,70.29777550623767,692
20,349,Giridih (Nagar Parishad),114533,83650,1,73.03571896309361,Medium,69.12311434594662,73.03571896309361,70.29689573109071,693
6,89,Palwal (M Cl + OG),131926,93241,1,70.67674302260359,Medium,70.11454693762272,70.67674302260359,70.28320576311698,694
8,125,Banswara (M),99969,75169,1,75.19230961598096,Growing,68.16937799757208,75.19230961598096,70.27625748309474,695
19,343,Baruipur (M),53128,45434,1,85.51799427797019,Growing,63.73632818742124,85.51799427797019,70.27082801458592,696
10,234,Dehri (Nagar Parishad),137231,95990,1,69.9477523300129,Medium,70.391016357035,69.9477523300129,70.25803714892837,697
32,601,Vattiyoorkavu (CT),47187,41235,1,87.38635641172357,Small,62.904740802162486,87.38635641172357,70.2492254850308,698
33,609,Tiruchengode (M),95335,72327,1,75.86615618608066,Growing,67.83653736860977,75.86615618608066,70.24542301385104,699
6,89,Palwal (M Cl),128730,91296,1,70.9205313446749,Medium,69.94256935110047,70.9205313446749,70.2359579491728,700
21,370,Bargarh (M),80625,63321,1,78.53767441860465,Growing,66.66130720325441,78.53767441860465,70.22421736785948,701
19,336,Gayespur (M),58998,49323,1,83.60113902166175,Growing,64.4712406544128,83.60113902166175,70.21021016458748,702
24,479,Veraval (M),154636,104893,1,67.83219948782948,Medium,71.22838370320204,67.83219948782948,70.20952843859027,703
32,597,Perumbaikad (CT),42839,38040,1,88.79759098018161,Small,62.22684286349984,88.79759098018161,70.19806729850437,704
8,119,Kishangarh (M Cl),154886,104952,1,67.7608047208915,Medium,71.23971188334524,67.7608047208915,70.19603973460912,705
9,193,Ballia (NPP),104424,77331,1,74.0548149850609,Medium,68.47512386843165,74.0548149850609,70.14903120342042,706
32,597,Nattakam (CT),38599,34868,1,90.3339464752973,Small,61.49598097268911,90.3339464752973,70.14737062347156,707
19,337,Titagarh (M),116541,84160,1,72.21492865171913,Medium,69.24499483042901,72.21492865171913,70.13597497681604,708
27,528,Chiplun (M Cl),55139,46561,1,84.44295326357025,Growing,63.996866903551705,84.44295326357025,70.13069281155725,709
18,306,Tezpur (MB),58559,48871,1,83.45600163937226,Growing,64.4188655347104,83.45600163937226,70.13000636610896,710
22,409,Bhilai Charoda (M) (Part),98008,73531,3,75.02550812178598,Growing,68.03045087407479,75.02550812178598,70.12896804838815,711
19,345,Tamluk (M),65306,53318,1,81.64334058126359,Growing,65.18358038978495,81.64334058126359,70.12150844722854,712
32,601,Pallichal (CT),53861,45652,1,84.75891647017323,Growing,63.83241812152887,84.75891647017323,70.11036762612218,713
33,602,Maduravoyal (M),86195,66408,1,77.04391205986425,Growing,67.12977280654417,77.04391205986425,70.10401458254019,714
7,90,Pooth Kalan (CT),96002,72228,1,75.23593258473782,Growing,67.88542944323102,75.23593258473782,70.09058038568305,715
28,548,Narasaraopet (M + OG),117489,84505,1,71.92588242303535,Medium,69.30180810758392,71.92588242303535,70.08903040221935,716
32,591,Kunnamangalam (CT),47396,41128,1,86.77525529580555,Small,62.93573205245124,86.77525529580555,70.08758902545753,717
19,338,Champdani (M),111251,80988,1,72.79754788721,Medium,68.91922875694651,72.79754788721,70.08272449602555,718
19,338,Dankuni (M),94936,71553,1,75.36972276059662,Growing,67.80712630440028,75.36972276059662,70.07590524125918,719
28,548,Narasaraopet (M),116250,83745,1,72.03870967741935,Medium,69.22746257978403,72.03870967741935,70.07083670907463,720
9,162,Auraiya (NPP),87736,67241,1,76.64014771587489,Growing,67.25403710930344,76.64014771587489,70.06987029127487,721
32,591,Kakkodi (CT),42866,37853,1,88.30541688051136,Small,62.23126123122115,88.30541688051136,70.05350792600821,722
7,98,Molar Band (CT),91402,69381,1,75.90752937572482,Growing,67.54109857700419,75.90752937572482,70.05102781662038,723
32,595,Alangad (CT),47329,41015,1,86.65934205244142,Small,62.92581196583,86.65934205244142,70.04587099181342,724
32,593,Ottappalam (M),53792,45486,1,84.55904223676383,Growing,63.8234287502583,84.55904223676383,70.04411279620996,725
8,100,Hanumangarh (M Cl),150958,102149,1,67.66716570171836,Medium,71.05957322381357,67.66716570171836,70.04185096718501,726
9,180,Bahraich (NPP),186223,119564,1,64.2047437749365,Medium,72.53183030636325,64.2047437749365,70.03370434693522,727
28,546,Palacole (M + OG),81199,63097,1,77.70662200273402,Growing,66.71105567993854,77.70662200273402,70.00972557677719,728
9,141,Greater Noida (CT),102054,75431,1,73.91283046230427,Medium,68.31413205194553,73.91283046230427,69.99374157505315,729
23,447,Sarni (M),86141,66018,1,76.63946320567442,Growing,67.12537812815454,76.63946320567442,69.9796036514105,730
33,602,Valasaravakkam (M),47378,40929,1,86.38819705348475,Small,62.93306833284349,86.38819705348475,69.96960694903586,731
24,471,Kadi (M),73228,58017,1,79.22789097066696,Growing,65.98647883379016,79.22789097066696,69.9589024748532,732
27,522,Sangamner (M Cl),65804,53280,1,80.96772232691022,Growing,65.23685292458438,80.96772232691022,69.95611374528214,733
28,535,GHMC (M Corp.) (Part),116442,83403,2,71.62621734425723,Medium,69.2390351683934,71.62621734425723,69.95518982115254,734
32,597,Athirampuzha (CT),40438,35958,1,88.92131163756862,Small,61.82236812285503,88.92131163756862,69.9520511772691,735
21,371,Jharsuguda (M),97730,72732,1,74.42136498516321,Growing,68.0105313078593,74.42136498516321,69.93378141105046,736
33,625,Sivakasi (M),71040,56565,1,79.6241554054054,Growing,65.77375362483396,79.6241554054054,69.92887415900539,737
9,138,Meerut (CB),93312,70115,1,75.14038923182441,Growing,67.68612886302178,75.14038923182441,69.92240697366256,738
24,485,Dohad (M + OG),118846,84551,1,71.14332834087811,Medium,69.38233988317569,71.14332834087811,69.91063642048641,739
27,502,Washim (M Cl),78387,61105,1,77.95297689667929,Growing,66.46389782960888,77.95297689667929,69.91062154973,740
10,235,Aurangabad (Nagar Parishad),102244,75223,1,73.5720433472869,Medium,68.32717571982654,73.5720433472869,69.90063600806464,741
27,522,Shrirampur (M Cl),89282,67638,1,75.75771152079926,Growing,67.3765304750696,75.75771152079926,69.8908847887885,742
28,546,Tanuku (M + OG),77962,60779,1,77.95977527513404,Growing,66.42577336889516,77.95977527513404,69.88597394076683,743
32,592,Tirur (M),56058,46711,1,83.3261978664954,Growing,64.11278170357662,83.3261978664954,69.87680655245225,744
22,412,Dhamtari (M),89860,67918,1,75.58201647006454,Growing,67.42178285774241,75.58201647006454,69.86985294143905,745
10,218,Siwan (Nagar Parishad),135066,92967,1,68.83079383412553,Medium,70.27950082040967,68.83079383412553,69.84488872452442,746
27,524,Udgir (M Cl),103550,75751,1,73.15403186866249,Medium,68.4161831886002,73.15403186866249,69.83753779261889,747
28,539,Miryalaguda (M + OG),104918,76501,1,72.9150384109495,Medium,68.50822033342658,72.9150384109495,69.83026575668345,748
33,610,Kasipalayam  (E) (M),73425,57806,1,78.72795369424583,Growing,66.0053189677235,78.72795369424583,69.82210938568019,749
7,93,Chilla Saroda Bangar (CT),83217,63796,1,76.66222045976183,Growing,66.88320605866296,76.66222045976183,69.81691037899262,750
29,583,Dod Ballapur (CMC),84642,64650,1,76.38052030906643,Growing,67.00227263443932,76.38052030906643,69.81574693682745,751
10,203,Bettiah (Nagar Parishad),132209,91298,1,69.05581314433964,Medium,70.12957391849078,69.05581314433964,69.80744568624543,752
24,472,Himatnagar (M),81137,62511,1,77.04376548307185,Growing,66.7056991209469,77.04376548307185,69.80711902958438,753
27,500,Buldana (M Cl),67431,53971,1,80.03885453278166,Growing,65.40812977508747,80.03885453278166,69.79734720239573,754
24,471,Visnagar (M),63073,51156,1,81.1060200085615,Growing,64.93960493076918,81.1060200085615,69.78952945410687,755
3,52,Kharar (M Cl),74460,58362,1,78.38033843674455,Growing,66.1034783494431,78.38033843674455,69.78653637563352,756
33,605,Vaniyambadi (M),95061,70696,1,74.3690893215935,Growing,67.81635357237025,74.3690893215935,69.78217429713722,757
7,92,Mandoli (CT),120417,84890,1,70.49669066660023,Medium,69.47443097560452,70.49669066660023,69.78110888290323,758
28,553,Hindupur (M),151677,101176,1,66.7049058196035,Medium,71.09289453304511,66.7049058196035,69.77649791901263,759
21,378,Bhadrak (M + OG),121338,85339,1,70.3316355964331,Medium,69.52786243619249,70.3316355964331,69.76899438426467,760
28,539,Miryalaguda (M),103817,75647,1,72.86571563424103,Medium,68.43424170386807,72.86571563424103,69.76368388297995,761
24,490,Vijalpor (M),81245,62455,1,76.87242291833344,Growing,66.71502725883238,76.87242291833344,69.76224595668269,762
20,358,Medininagar (Daltonganj) (Nagar Parishad),78396,60672,1,77.39170365834993,Growing,66.46470293432805,77.39170365834993,69.7428031515346,763
21,386,Jatani (M + OG),63697,51437,1,80.75262571235695,Growing,65.00864148837317,80.75262571235695,69.7318367555683,764
27,512,Hingoli (M Cl),85103,64573,1,75.87629108257053,Growing,67.04036292260415,75.87629108257053,69.69114137059405,765
33,612,Palani (M),70467,55636,1,78.95326890601274,Growing,65.71696160611458,78.95326890601274,69.68785379608403,766
33,625,Srivilliputhur (M),75396,58687,1,77.83834686190248,Growing,66.1910807357898,77.83834686190248,69.6852605736236,767
29,575,Puttur (TMC),53061,44340,1,83.56419969469103,Growing,63.72747903812082,83.56419969469103,69.67849523509187,768
33,619,Thiruvarur (M),58301,47804,1,81.99516303322413,Growing,64.3879012202284,81.99516303322413,69.67007976412711,769
32,600,Punalur (M),46702,39976,1,85.59804719283972,Small,62.83229119924728,85.59804719283972,69.66201799732501,770
19,343,Budge Budge (M),76837,59504,1,77.44185743847365,Growing,66.32384366109633,77.44185743847365,69.65924779430952,771
32,595,Kumbalangy (CT),42367,36930,1,87.16689876554867,Small,62.149150122827415,87.16689876554867,69.65447471564379,772
32,591,Chelannur (CT),40697,35736,1,87.80991227854634,Small,61.86713910957842,87.80991227854634,69.6499710602688,773
18,319,Bongaigaon (MB),67322,53548,1,79.54012061436083,Growing,65.39678499512434,79.54012061436083,69.63978568089529,774
32,595,Manakunnam (CT),39538,34889,1,88.24169153725529,Small,61.66453262828489,88.24169153725529,69.637680300976,775
9,183,Gonda (NPP),114046,80859,1,70.90033845991968,Medium,69.09323274493003,70.90033845991968,69.63536445942692,776
32,595,Kottuvally (CT),42922,37290,1,86.87852383393133,Small,62.24041638816279,86.87852383393133,69.63184862189335,777
19,334,Suri (M),67864,53845,1,79.34250854650477,Growing,65.45301625876172,79.34250854650477,69.61986394508463,778
33,607,Tindivanam (M),72796,56920,1,78.19110940161548,Growing,65.94498637250045,78.19110940161548,69.61882328123495,779
32,593,Shoranur (M),43533,37700,1,86.60096937955115,Small,62.339536698128995,86.60096937955115,69.61796650255563,780
27,510,Wani (M Cl),58840,48042,1,81.6485384092454,Growing,64.45243540983859,81.6485384092454,69.61126630966062,781
34,636,Mahe (M),41816,36470,1,87.21541993495313,Small,62.05735122711149,87.21541993495313,69.60477183946398,782
19,344,Jhargram (M),61712,49870,1,80.81086336530983,Growing,64.78662996132977,80.81086336530983,69.59389998252378,783
3,53,Sangrur (M Cl),88043,66010,1,74.97472825778313,Growing,67.27853232448598,74.97472825778313,69.58739110447512,784
32,589,Chirakkal (CT),45601,39093,1,85.72838314949234,Small,62.66499076719892,85.72838314949234,69.58400848188694,785
33,632,Valparai (M),70859,55602,1,78.46850788184987,Growing,65.7558637324913,78.46850788184987,69.56965697729888,786
33,628,Tenkasi (M),70545,55374,1,78.4945779289815,Growing,65.72471955274712,78.4945779289815,69.55567706561743,787
33,609,Namakkal (M),55145,45508,1,82.52425423882491,Growing,63.99762993992005,82.52425423882491,69.5556172295915,788
8,121,Bundi (M),103286,74602,1,72.22856921557617,Medium,68.39828173877245,72.22856921557617,69.54736798181357,789
23,440,Khargone (M + OG),116150,81658,1,70.30391734825656,Medium,69.22142761780509,70.30391734825656,69.54617453694053,790
10,232,Buxar (Nagar Parishad),102861,74344,1,72.27617853219394,Medium,68.36936677279701,72.27617853219394,69.54141030061608,791
23,439,Mhow Cantt (CB),81702,62102,1,76.01037918288414,Growing,66.75436233648296,76.01037918288414,69.53116739040331,792
24,471,Unjha (M),57108,46709,1,81.790642291798,Growing,64.2429162173332,81.790642291798,69.50723403967264,793
8,128,Baran (M),117992,82495,1,69.91575700047461,Medium,69.3317668416762,69.91575700047461,69.50696388931573,794
28,532,Adilabad (M),117167,82027,1,70.00862017462255,Medium,69.28256234375405,70.00862017462255,69.5003796930146,795
33,610,Veerappanchatiram (M),84453,63621,1,75.33302546978793,Growing,66.98659644673536,75.33302546978793,69.49052515365112,796
33,617,Virudhachalam (M),73585,57083,1,77.57423387918733,Growing,66.02058343811814,77.57423387918733,69.4866785704389,797
27,531,Uran Islampur (M Cl),67391,53185,1,78.92003383241085,Growing,65.40396868451482,78.92003383241085,69.45878822888363,798
19,335,Raniganj (M),129441,88299,1,68.21563492247434,Medium,69.98119486317037,68.21563492247434,69.45152688096157,799
23,438,Dhar (M),93917,68928,1,73.39246355824824,Growing,67.73144923878164,73.39246355824824,69.42975353462161,800
3,43,Firozpur (M Cl),110313,78040,1,70.7441552672849,Medium,68.85985197062865,70.7441552672849,69.42514295962553,801
23,440,Khargone (M),106454,75915,1,71.31249178048733,Medium,68.61014086192087,71.31249178048733,69.4208461374908,802
8,108,Sawai Madhopur (M),121106,83800,1,69.19558073092993,Medium,69.5144413561382,69.19558073092993,69.41878316857571,803
10,220,Hajipur (Nagar Parishad),147688,97372,1,65.93088131737176,Medium,70.90599845466635,65.93088131737176,69.41346331347796,804
28,546,Tanuku (M),72348,56147,1,77.60684469508486,Growing,65.90169626203736,77.60684469508486,69.41324079195161,805
5,60,Dehradun (CB),52716,43618,1,82.74148266181047,Growing,63.681734889323934,82.74148266181047,69.3996592210699,806
9,144,Hathras (NPP + OG),143020,94909,1,66.36064886029925,Medium,70.68077035188341,66.36064886029925,69.38473390440815,807
29,564,Haveri (CMC),67102,52831,1,78.73237757443891,Growing,65.37383121773883,78.73237757443891,69.38139512474885,808
23,452,Narsimhapur (M + OG),59966,48310,1,80.56231864723344,Growing,64.58536451517384,80.56231864723344,69.37845075479171,809
8,121,Bundi (M + OG) (Part),104919,74903,2,71.39126373678742,Medium,68.50828717215282,71.39126373678742,69.3731801415432,810
9,144,Hathras (NPP),135594,91026,1,67.13128899508828,Medium,70.3068611647926,67.13128899508828,69.3541895138813,811
32,600,Chavara (CT),42655,36704,1,86.04852889461962,Small,62.19665814918209,86.04852889461962,69.35221937281335,812
32,591,Olavanna (CT),43895,37564,1,85.57694498234423,Small,62.397608452524025,85.57694498234423,69.35140941147009,813
5,62,Pithoragarh (NPP),56044,45704,1,81.55021054885448,Growing,64.11103015856806,81.55021054885448,69.34278427565397,814
32,588,Kasaragod (M),54172,44478,1,82.10514657018386,Growing,63.87279302389297,82.10514657018386,69.34249908778023,815
29,567,Harihar (CMC + OG),83219,62471,1,75.06819356156646,Growing,66.88337459435162,75.06819356156646,69.33882028451607,816
32,595,Kothamangalam (M),38837,33986,1,87.50933388263769,Small,61.53908705653518,87.50933388263769,69.33016110436593,817
27,521,Talegaon Dabhade (M Cl),56435,45934,1,81.39275272437317,Growing,64.15978454672621,81.39275272437317,69.3296750000203,818
29,568,Sagar (CMC),54550,44695,1,81.93400549954171,Growing,63.9215551350886,81.93400549954171,69.32529024442454,819
3,54,Barnala (M Cl),116449,80889,1,69.46302673273279,Medium,69.23945672507541,69.46302673273279,69.30652772737263,820
27,509,Bhadravati (M Cl),60565,48519,1,80.11062494840255,Growing,64.6550654823299,80.11062494840255,69.29173332215169,821
33,611,Coonoor (M),45494,38574,1,84.78920297182046,Small,62.64851694876674,84.78920297182046,69.29072275568285,822
23,444,Kolar (M),87882,65043,1,74.01174301904827,Growing,67.26569696983611,74.01174301904827,69.28951078459976,823
33,605,Sathuvachari (M),56951,46186,1,81.0977858158768,Growing,64.2236108920085,81.0977858158768,69.28586336916898,824
29,575,Ullal (TMC),53773,44109,1,82.02815539397095,Growing,63.820951391395894,82.02815539397095,69.28311259216841,825
27,510,Wadgaon Road (CT),40884,35366,1,86.50327756579591,Small,61.89928733970773,86.50327756579591,69.28048440753419,826
23,448,Harda (M + OG),74268,56990,1,76.73560618301288,Growing,66.08537256837238,76.73560618301288,69.28044265276452,827
33,613,Inam Karur (M),67131,52622,1,78.3870343060583,Growing,65.37686124551875,78.3870343060583,69.27991316368062,828
27,520,Khopoli (M Cl),71141,55081,1,77.42511350697909,Growing,65.7837165793152,77.42511350697909,69.27613565761436,829
19,337,Gobardanga (M),45377,38461,1,84.7587985102585,Small,62.630459116747986,84.7587985102585,69.26896093480114,830
19,327,Kalimpong (M),49403,41184,1,83.36335850049592,Small,63.22656536022492,83.36335850049592,69.26760330230621,831
32,594,Methala (CT),37505,32950,1,87.85495267297694,Small,61.2943567465124,87.85495267297694,69.26253552445175,832
32,600,Kottamkara (CT),44402,37773,1,85.07049232016576,Small,62.47814097819199,85.07049232016576,69.25584638078412,833
24,479,Keshod (M),76193,58085,1,76.23403724751617,Growing,66.26482076034036,76.23403724751617,69.2555857064931,834
32,589,Thottada (CT),40818,35281,1,86.43490616884708,Small,61.88795772648756,86.43490616884708,69.2520422591954,835
19,327,Kurseong (M),42446,36405,1,85.76779908589738,Small,62.16221390478541,85.76779908589738,69.243889459119,836
29,567,Harihar (CMC),77447,58800,1,75.92288920164758,Growing,66.37929601048434,75.92288920164758,69.24237396783332,837
18,311,Sivasagar (MB),50781,42044,1,82.79474606644217,Growing,63.41948833161393,82.79474606644217,69.2320656520624,838
32,597,Aimanam (CT),34470,30723,1,89.12967798085292,Small,60.702608586643095,89.12967798085292,69.23072940490604,839
27,505,Wadi (CT),54048,44188,1,81.75695677915927,Growing,63.856722845706585,81.75695677915927,69.22679302574238,840
23,452,Narsimhapur (M),58665,47172,1,80.4091025313219,Growing,64.43154778763466,80.4091025313219,69.22481421074083,841
9,196,Mughalsarai (NPP),109650,76936,1,70.16507067943456,Medium,68.81757774770165,70.16507067943456,69.22182562722152,842
32,598,Aroor (CT),39214,34104,1,86.96893966440557,Small,61.60683084811709,86.96893966440557,69.21546349300363,843
27,508,Gadchiroli (M Cl),54152,44235,1,81.68673363864677,Growing,63.87020354922722,81.68673363864677,69.21516257605307,844
28,545,Amalapuram (M),53231,43629,1,81.96163889462908,Growing,63.74991036240334,81.96163889462908,69.21342892207106,845
32,599,Pathanamthitta (M),37538,32910,1,87.67115989131014,Small,61.30052420988012,87.67115989131014,69.21171491430913,846
9,164,Kanpur (CB),108534,76296,1,70.29686549836917,Medium,68.74583872198308,70.29686549836917,69.2111467548989,847
33,624,Bodinayakanur (M),75675,57649,1,76.17971589032045,Growing,66.21698267120894,76.17971589032045,69.2058026369424,848
30,585,Panaji (M Corp.),40017,34653,1,86.59569682884774,Small,61.748978171933125,86.59569682884774,69.2029937690075,849
32,595,Choornikkara (CT),43207,36870,1,85.33339505172773,Small,62.28682529387901,85.33339505172773,69.20079622123363,850
32,601,Attingal (M),37346,32758,1,87.71488245059712,Small,61.26456452150888,87.71488245059712,69.19965990023535,851
32,589,Mattannur (M),47078,39499,1,83.9011852670037,Small,62.888523396582094,83.9011852670037,69.19232195770857,852
9,136,Rampur (NPP),325313,169978,1,52.25060172818178,Medium,76.44379126223248,52.25060172818178,69.18583440201726,853
32,592,Perinthalmanna (M),49723,41252,1,82.9636184461919,Small,63.271841512891235,82.9636184461919,69.17937459288143,854
27,523,Parli (M Cl),90975,66483,1,73.07831821929102,Growing,67.50826121874674,73.07831821929102,69.17927831891002,855
23,435,Nagda (M),100039,71472,1,71.4441367866532,Medium,68.1742866323562,71.4441367866532,69.1552416786453,856
18,314,Diphu (TC),61797,49017,1,79.31938443613767,Growing,64.79628219281834,79.31938443613767,69.15321286581414,857
21,386,Jatani (M),55925,45267,1,80.94233348234242,Growing,64.09612433622452,80.94233348234242,69.14998708005989,858
27,517,Palghar (M Cl),68930,53435,1,77.52067314667053,Growing,65.56231293874544,77.52067314667053,69.14982100112296,859
28,544,Anakapalle (M),86519,63839,1,73.78610478623192,Growing,67.1560831986769,73.78610478623192,69.14508967494339,860
27,502,Karanja (M Cl),67907,52791,1,77.74014460953951,Growing,65.45745816542569,77.74014460953951,69.14226409865984,861
16,292,Dharmanagar (NP),40595,34951,1,86.09680995196453,Small,61.849541394606455,86.09680995196453,69.12372196181387,862
19,344,Kharagpur Rly. Settlement (CT),82735,61571,1,74.41953224149393,Growing,66.8424703845671,74.41953224149393,69.11558894164514,863
23,438,Pithampur (M),126200,85183,1,67.49841521394612,Medium,69.80337397805508,67.49841521394612,69.11188634882238,864
33,631,Krishnagiri (M),71323,54766,1,76.78588954474714,Growing,65.80163397010776,76.78588954474714,69.09691064249957,865
23,454,Mandla (M + OG),55133,44656,1,80.99686213338654,Growing,63.996103784149874,80.99686213338654,69.09633128892087,866
6,70,Ambala Cantt. (CB),55370,44754,1,80.82716272349649,Growing,64.0261840351391,80.82716272349649,69.06647764164632,867
23,448,Harda (M),68162,52771,1,77.41997007130072,Growing,65.4837420459906,77.41997007130072,69.06461045358363,868
24,469,Deesa (M),111160,77143,1,69.3981648074847,Medium,68.91349029347886,69.3981648074847,69.05889264768061,869
23,424,Tikamgarh (M),79106,59284,1,74.94248223902106,Growing,66.52792724099261,74.94248223902106,69.05229374040114,870
9,147,Shikohabad (NPP),107404,75113,1,69.93501173140665,Medium,68.6724441937294,69.93501173140665,69.05121445503258,871
8,108,Gangapur City (M),119090,81271,1,68.24334536904861,Medium,69.39672258723697,68.24334536904861,69.05070942178045,872
33,632,Mettupalayam (M),69213,53367,1,77.10545706731395,Growing,65.59104496436488,77.10545706731395,69.0453685952496,873
27,521,Lonavala (M Cl),57698,46196,1,80.06516690353219,Growing,64.31499344205527,80.06516690353219,69.04004548049835,874
29,571,Tiptur (CMC),59543,47358,1,79.5357976588348,Growing,64.53572258340805,79.5357976588348,69.03574510603606,875
33,633,S.Nallur (M),70115,53886,1,76.85374028381943,Growing,65.6818442309131,76.85374028381943,69.033413046785,876
20,361,Ramgarh Cantonment (CB),88781,64795,1,72.98295806535182,Growing,67.3370688759368,72.98295806535182,69.0308356327613,877
32,597,Thrikkodithanam (CT),33819,30006,1,88.72527277565865,Small,60.56890438819256,88.72527277565865,69.01581490443237,878
32,592,Nilambur (CT),46366,38742,1,83.55691670620713,Small,62.78165678119147,83.55691670620713,69.01423475869616,879
9,133,Shamli (NPP),107266,74886,1,69.81336117688737,Medium,68.66342810625716,69.81336117688737,69.00840802744622,880
33,623,Thirumangalam (M),51194,41934,1,81.91194280579755,Growing,63.47629045452254,81.91194280579755,69.00698615990504,881
21,378,Bhadrak (M),107463,74983,1,69.77564370992808,Medium,68.67629536322191,69.77564370992808,69.00609986723376,882
20,368,Chaibasa (Nagar Parishad),69565,53481,1,76.87917774743046,Growing,65.62661883196316,76.87917774743046,69.00238650660334,883
33,602,Porur (TP),46690,38940,1,83.40115656457485,Small,62.83048910854983,83.40115656457485,69.00168934535733,884
28,553,Guntakal (M),126270,84746,1,67.11491248911064,Medium,69.80726263116608,67.11491248911064,68.99955758854945,885
27,521,Baramati (M Cl),54415,44014,1,80.88578516953045,Growing,63.904178992609275,80.88578516953045,68.99866084568562,886
24,490,Bilimora (M),53187,43218,1,81.25669806531671,Growing,63.744111486440545,81.25669806531671,68.99788746010339,887
33,630,Dharmapuri (M),68619,52892,1,77.08069193663563,Growing,65.53060180643286,77.08069193663563,68.99562884549368,888
33,633,Dharapuram (M),56007,45028,1,80.3970932204903,Growing,64.10639896829784,80.3970932204903,68.99360724395558,889
32,601,Kalliyoor (CT),40816,34919,1,85.55223441787534,Small,61.88761411897432,85.55223441787534,68.98700020864462,890
3,48,Nabha (M Cl),67972,52478,1,77.20531983758018,Growing,65.46416733900597,77.20531983758018,68.98651308857822,891
21,386,Khordha (M),46205,38582,1,83.5017855210475,Small,62.75726427923318,83.5017855210475,68.98062065177747,892
27,523,Ambejogai (M Cl),73975,56073,1,75.79993240959783,Growing,66.05765197616003,75.79993240959783,68.98033610619137,893
24,475,Wadhwan (M),75755,57116,1,75.39568345323741,Growing,66.2243921343488,75.39568345323741,68.97577953001539,894
18,301,Dhubri (MB),63388,49602,1,78.25140405123999,Growing,64.97454005923208,78.25140405123999,68.95759925683444,895
28,546,Palacole (M),61284,48289,1,78.79544416160826,Growing,64.73782523914662,78.79544416160826,68.95511091588511,896
19,335,Kalna (M),56722,45403,1,80.04477980325095,Growing,64.19535653166494,80.04477980325095,68.95018351314073,897
24,476,Dhoraji (M),84545,62132,1,73.489857472352,Growing,66.99423156095399,73.489857472352,68.94291933437339,898
19,344,Ghatal (M),54591,44016,1,80.62867505632796,Growing,63.92682382165054,80.62867505632796,68.93737919205377,899
32,592,Thennala (CT),56546,45256,1,80.03395465638596,Growing,64.17356375894708,80.03395465638596,68.93168102817874,900
32,592,Tirurangadi (CT),56632,45302,1,79.99364316993926,Growing,64.18422096144567,79.99364316993926,68.92704762399376,901
23,422,Datia (M),100284,70819,1,70.61844362011887,Medium,68.1914398470027,70.61844362011887,68.91954097893755,902
24,474,Sanand (M + OG),95890,68409,1,71.34112003337158,Growing,67.87724345626263,71.34112003337158,68.91640642939532,903
32,600,Mayyanad (CT),40039,34283,1,85.62401658383077,Small,61.75283235490253,85.62401658383077,68.914187623581,904
27,498,Shirpur-Warwade (M Cl),76905,57600,1,74.89760093622002,Growing,66.33004699470501,74.89760093622002,68.90031317715952,905
32,600,Thrikkadavoor (CT),39285,33740,1,85.88519791268932,Small,61.61951605780983,85.88519791268932,68.89922061427367,906
28,549,Chirala (M + OG) (Part),92942,66724,2,71.79100944675174,Growing,67.65826724100108,71.79100944675174,68.89808990272628,907
23,427,Bina- Etawa (M),64529,50173,1,77.75263834864946,Growing,65.09964558128156,77.75263834864946,68.89554341149193,908
21,398,Jeypur (M),84830,62155,1,73.27006955086644,Growing,67.01783119161297,73.27006955086644,68.893502699389,909
19,335,Chittaranjan (CT),39098,33601,1,85.94045731239449,Small,61.586056219306506,85.94045731239449,68.8923765472329,910
32,597,Puthuppally (CT),29635,26802,1,90.44035768516956,Small,59.642791543662725,90.44035768516956,68.88206138611477,911
10,214,Saharsa (Nagar Parishad),156540,98919,1,63.19087773093139,Medium,71.31420159696731,63.19087773093139,68.87720443715654,912
21,380,Paradip (M),68585,52575,1,76.65670336079317,Growing,65.52712628320623,76.65670336079317,68.8659994064823,913
3,45,Faridkot (M Cl),85435,62323,1,72.9478550945163,Growing,67.06766695222387,72.9478550945163,68.83172339491159,914
32,601,Malayinkeezhu (CT),37350,32302,1,86.48460508701473,Small,61.26531556552537,86.48460508701473,68.83110242197218,915
32,597,Vijayapuram (CT),29248,26462,1,90.4745623632385,Small,59.55061362212526,90.4745623632385,68.82779824445923,916
27,500,Shegaon (M Cl),59672,47020,1,78.79742592840864,Growing,64.55089888901973,78.79742592840864,68.8248570008364,917
33,602,Poonamallee (M + OG),60607,47600,1,78.53878264886895,Growing,64.65992680262504,78.53878264886895,68.8235835564982,918
29,574,Arsikere (TMC + OG),53216,42925,1,80.66183102826217,Growing,63.74793401153595,80.66183102826217,68.82210311655382,919
28,541,Kothagudem (M),79819,59064,1,73.99741916085144,Growing,66.5908501990309,73.99741916085144,68.81282088757706,920
33,602,Thiruvallur (M),56074,44731,1,79.77137354210507,Growing,64.11478293375734,79.77137354210507,68.81176011626165,921
28,550,Kavali (M),82336,60497,1,73.47575787019044,Growing,66.80856941883701,73.47575787019044,68.80872595424303,922
33,602,Ramapuram (CT),52295,42301,1,80.88918634668705,Growing,63.6255064887998,80.88918634668705,68.80461044616597,923
33,624,Kambam (M),68090,52124,1,76.5516228521075,Growing,65.47633069043385,76.5516228521075,68.79891833893595,924
3,45,Faridkot (M Cl + OG),87695,63497,1,72.40663663834881,Growing,67.25075927536767,72.40663663834881,68.797522484262,925
7,92,Sadat Pur Gujran (CT),97641,68977,1,70.64347968578774,Growing,68.00414220523298,70.64347968578774,68.7959434493994,926
32,595,Angamaly (M),33465,29498,1,88.14582399521889,Small,60.49511448670679,88.14582399521889,68.79032733926041,927
3,51,Nangal (M Cl + OG),48497,39804,1,82.07517990803555,Small,63.09676873388263,82.07517990803555,68.7902920861285,928
33,604,Madippakkam (CT),35752,31123,1,87.05247258894607,Small,60.9586823523668,87.05247258894607,68.78681942334057,929
33,622,Devakottai (M),51865,41984,1,80.94861660079052,Growing,63.5676068325623,80.94861660079052,68.78190976303075,930
5,60,Rishikesh (NPP),70499,53500,1,75.88760124257081,Growing,65.7201453917598,75.88760124257081,68.77038214700309,931
33,628,Kadayanallur (M),90364,64880,1,71.79850382895843,Growing,67.46100475496652,71.79850382895843,68.76225447716409,932
9,173,Bela Pratapgarh (NPP),76133,56788,1,74.5905192229388,Growing,66.2592963503049,74.5905192229388,68.75866321209506,933
29,582,Chintamani (CMC),76068,56743,1,74.59509912183836,Growing,66.25330665758436,74.59509912183836,68.75584439686055,934
7,98,Mithe Pur (CT),69837,53052,1,75.96546243395335,Growing,65.65398465992891,75.96546243395335,68.74742799213624,935
28,550,Kavali (M + OG),90099,64671,1,71.77771118436387,Growing,67.44040948102587,71.77771118436387,68.74159999202726,936
28,534,Jagtial (M + OG),103930,72154,1,69.42557490618685,Medium,68.4418704632494,69.42557490618685,68.73698179613064,937
33,610,Gobichettipalayam (M),59523,46738,1,78.52090788434722,Growing,64.53336672430156,78.52090788434722,68.72962907231525,938
28,546,Narasapur (M),58770,46266,1,78.72383869321082,Growing,64.44408782524675,78.72383869321082,68.72801308563598,939
32,589,Elayavoor (CT),33853,29697,1,87.72339231382743,Small,60.575950856115135,87.72339231382743,68.72018329342882,940
24,472,Modasa (M),67648,51680,1,76.39545884578997,Growing,65.43066076188549,76.39545884578997,68.72010018705683,941
32,595,Paravur (M),31503,28005,1,88.8962955908961,Small,60.071439738675934,88.8962955908961,68.71889649434198,942
32,601,Athiyannur (CT),40712,34480,1,84.69247396345058,Small,61.869723288306986,84.69247396345058,68.71654849085006,943
24,482,Borsad (M),63377,49079,1,77.43976521450999,Growing,64.97332303045815,77.43976521450999,68.71325568567369,944
27,527,Karad (M Cl),53879,43131,1,80.05159709719928,Growing,63.83476128101038,80.05159709719928,68.69981202586705,945
33,605,Ranipettai (M),50764,41117,1,80.99637538413049,Growing,63.41714034184305,80.99637538413049,68.69091085452928,946
27,500,Malkapur (M Cl),67740,51668,1,76.27398878063183,Growing,65.44019126173104,76.27398878063183,68.69033051740128,947
5,67,Rudrapur (NPP + OG),154554,96993,1,62.75670639388174,Medium,71.22466407110379,62.75670639388174,68.68427676793718,948
9,157,Lucknow (CB),63003,48786,1,77.4344078853388,Growing,64.93181787748495,77.4344078853388,68.6825948798411,949
27,500,Chikhli (M Cl),57889,45627,1,78.81808288275838,Growing,64.33816907632352,78.81808288275838,68.68214321825397,950
3,44,Muktsar (M Cl),116747,78606,1,67.3302097698442,Medium,69.25737953304937,67.3302097698442,68.67922860408783,951
29,584,Channapatna (CMC),71942,54127,1,75.23699646937811,Growing,65.86223242588927,75.23699646937811,68.67466163893592,952
28,534,Jagtial (M),96460,67931,1,70.42400995231183,Growing,67.91880520316418,70.42400995231183,68.67036662790848,953
27,516,Deolali (CB),54027,43172,1,79.90819405112258,Growing,63.85399763308379,79.90819405112258,68.67025655849542,954
21,395,Bhawanipatna (M),69045,52390,1,75.87805054674487,Growing,65.57400269930585,75.87805054674487,68.66521705353755,955
33,605,Arcot (M),55955,44382,1,79.31730855151461,Growing,64.09988509447217,79.31730855151461,68.6651121315849,956
10,237,Nawada (Nagar Parishad),98029,68758,1,70.14046863683195,Growing,68.03195329350181,70.14046863683195,68.66450789650085,957
32,591,Kuruvattur (CT),34241,29907,1,87.34265938494788,Small,60.65586602033955,87.34265938494788,68.66190402972205,958
8,106,Dhaulpur (M + OG),133075,86625,1,65.09487131316926,Medium,70.17535852393316,65.09487131316926,68.651212360704,959
21,375,Kendujhar (M),60590,47238,1,77.96336029047698,Growing,64.65795953130598,77.96336029047698,68.64957975905727,960
27,506,Tumsar (M Cl),44869,37183,1,82.87013305400166,Small,62.551510398106046,82.87013305400166,68.64709719487473,961
33,602,Poonamallee (M),57224,45136,1,78.87599608555851,Growing,64.25714596219532,78.87599608555851,68.64280099920428,962
29,574,Arsikere (TMC),51336,41383,1,80.6120461274739,Growing,63.49571467352195,80.6120461274739,68.63061410970754,963
22,400,Chirmiri (M.Corp) (Part),85317,61633,2,72.23999906232052,Growing,67.0579746809024,72.23999906232052,68.61258199532784,964
5,66,Nainital (NPP),41377,34786,1,84.07086062305146,Small,61.98334202915128,84.07086062305146,68.60959760732133,965
28,541,Khanapuram Haveli (CT),53442,42691,1,79.88286366528199,Growing,63.777652169200664,79.88286366528199,68.60921561802506,966
32,594,Irinjalakuda (M),28741,25861,1,89.97947183466128,Small,59.427990378537,89.97947183466128,68.59343481537428,967
32,592,Moonniyur (CT),55535,43974,1,79.1824975240839,Growing,64.0470500580264,79.1824975240839,68.58768429784365,968
32,595,Kadungalloor (CT),39666,33589,1,84.67957444662936,Small,61.68719819795534,84.67957444662936,68.58491107255755,969
24,482,Petlad (M),55330,43825,1,79.20657870956082,Growing,64.0211162415733,79.20657870956082,68.57675498196954,970
33,606,Arani (M),63671,48961,1,76.89686042311257,Growing,65.00577849345008,76.89686042311257,68.57310307234883,971
6,80,Hansi (M Cl),86770,62310,1,71.81053359456033,Growing,67.17639799114448,71.81053359456033,68.56663867216923,972
27,515,Wadgaon Kolhati (CT),65620,50121,1,76.3806766229808,Growing,65.21721700751259,76.3806766229808,68.56625489215304,973
21,381,Choudwar (M + OG),52999,42284,1,79.78263740825298,Growing,63.71928031350357,79.78263740825298,68.53828744192839,974
27,503,Warud (M Cl),45482,37422,1,82.27870366298755,Small,62.646667001981285,82.27870366298755,68.53627800028316,975
33,604,Sembakkam (TP),45356,37335,1,82.31545991710027,Small,62.62721303964229,82.31545991710027,68.53368710287968,976
2,31,Solan (M Cl),39256,33239,1,84.67240676584471,Small,61.61433754678796,84.67240676584471,68.53175831250498,977
24,492,Bardoli (M),60821,47125,1,77.4814619950346,Growing,64.68464419208772,77.4814619950346,68.52368953297179,978
21,371,Brajarajnagar (M),80403,58609,1,72.89404624205564,Growing,66.64197146184266,72.89404624205564,68.51759389590654,979
29,584,Ramanagara (CMC),95167,66743,1,70.13250391417193,Growing,67.82416879357602,70.13250391417193,68.51666932975479,980
32,598,Thanneermukkam (CT),31525,27808,1,88.20935765265662,Small,60.07633515649174,88.20935765265662,68.51624190534119,981
33,615,Perambalur (M),49648,40099,1,80.76659684176603,Small,63.26125611182476,80.76659684176603,68.51285833080713,982
7,97,Roshan Pura alias Dichaon Khurd (CT),57217,44879,1,78.43647866892707,Growing,64.25628808883975,78.43647866892707,68.51034526286594,983
9,149,Budaun (NPP),159285,98249,1,61.68126314467778,Medium,71.43610572225757,61.68126314467778,68.50965294898361,984
23,454,Mandla (M),49463,39962,1,80.79170288902816,Small,63.235076935169985,80.79170288902816,68.50206472132743,985
33,604,Oggiyamduraipakkam (CT),76600,56397,1,73.62532637075718,Growing,66.30218022688176,73.62532637075718,68.49912407004439,986
27,503,Anjangaon (M Cl),56380,44333,1,78.63249379212488,Growing,64.15294696469417,78.63249379212488,68.49681101292337,987
32,595,Cheranallur (CT),30594,27110,1,88.61214617245211,Small,59.866122851763194,88.61214617245211,68.48992984796986,988
32,595,Chendamangalam (CT),29326,26183,1,89.2825479097047,Small,59.569289865321664,89.2825479097047,68.48326727863657,989
32,592,Tanalur (CT),47976,38970,1,81.2281140570285,Small,63.0210259033647,81.2281140570285,68.48315234946384,990
32,600,Thrikkovilvattom (CT),41609,34764,1,83.549232137278,Small,62.022551248055144,83.549232137278,68.480555514822,991
32,591,Chorode (CT),38245,32467,1,84.89214276375996,Small,61.431371017424695,84.89214276375996,68.46960254132527,992
19,339,Bishnupur (M),67783,51185,1,75.51303424162401,Growing,65.44464129673241,75.51303424162401,68.46515918019989,993
33,604,Chitlapakkam (TP),37906,32222,1,85.0050123990925,Small,61.368935757671125,85.0050123990925,68.45975875009754,994
29,555,Nipani  (CMC),62865,48229,1,76.71836474986081,Growing,64.91644088504245,76.71836474986081,68.45701804448795,995
32,594,Kodungallur (M),33935,29449,1,86.78060998968617,Small,60.592916205306516,86.78060998968617,68.4492243406204,996
24,474,Dholka (M),79531,57931,1,72.84077906728193,Growing,66.5655018420467,72.84077906728193,68.44808500961727,997
32,589,Peringathur (CT),40292,33829,1,83.95959495681525,Small,61.79700387488204,83.95959495681525,68.445781199462,998
7,98,Taj Pul (CT),68796,51718,1,75.17588231873947,Growing,65.54866719953228,75.17588231873947,68.43683173529442,999
32,595,Eloor (CT),31468,27682,1,87.96873013855345,Small,60.06364452402696,87.96873013855345,68.4351702083849,1000
1,7,Kathua (M Cl + OG),59866,46359,1,77.43794474325995,Growing,64.57366051236303,77.43794474325995,68.4329457816321,1001
32,589,Kadirur (CT),31087,27403,1,88.14938720365426,Small,59.978222707054066,88.14938720365426,68.42957205603412,1002
33,622,Sivaganga (M),40403,33881,1,83.85763433408411,Small,61.81629600736929,83.85763433408411,68.42869750538372,1003
18,303,Barpeta (MB),42649,35380,1,82.95622406152548,Small,62.19567167426854,82.95622406152548,68.42383739044561,1004
8,109,Dausa (M),85960,61450,1,71.48673801768264,Growing,67.11062769862977,71.48673801768264,68.42346079434563,1005
33,628,Vikramasingapuram (M),47241,38398,1,81.28109057809954,Small,62.9127612420871,81.28109057809954,68.42326004289083,1006
32,589,Dharmadom (CT),30804,27192,1,88.27425009738995,Small,59.914092550360905,88.27425009738995,68.42213981446962,1007
27,505,Umred (M Cl),53971,42679,1,79.07765281354801,Growing,63.84672521759435,79.07765281354801,68.41600349638044,1008
28,549,Chirala (M),87200,62099,1,71.21444954128441,Growing,67.21106404093679,71.21444954128441,68.41207969104107,1009
27,516,Sinnar (M Cl),65299,49583,1,75.93225011102773,Growing,65.18282868734633,75.93225011102773,68.40765511445075,1010
3,37,Jalandhar Cantt. (CB),47845,38763,1,81.01787020587314,Small,63.001851750942436,81.01787020587314,68.40665728742164,1011
33,605,Tirupathur (M),64125,48874,1,76.2167641325536,Growing,65.05560357236438,76.2167641325536,68.40395174042115,1012
32,601,Venganoor (CT),35963,30807,1,85.66304257153186,Small,60.99994679342775,85.66304257153186,68.39887552685899,1013
24,481,Mahuva (M + OG),98519,68109,1,69.13285762137252,Growing,68.06691867767486,69.13285762137252,68.38670036078415,1014
23,436,Shajapur (M),69263,51875,1,74.89568745217504,Growing,65.59610907999415,74.89568745217504,68.38598259164841,1015
9,151,Pilibhit (NPP),127988,82981,1,64.83498452979967,Medium,69.90203158773178,64.83498452979967,68.38191747035215,1016
3,51,Rupnagar (M Cl),56038,43900,1,78.33969806202934,Growing,64.11027936247838,78.33969806202934,68.37910497234367,1017
8,106,Dhaulpur (M),125989,81973,1,65.06361666494695,Medium,69.79163940358072,65.06361666494695,68.37323258199058,1018
13,262,Mokokchung (MC),35913,30738,1,85.59017625929329,Small,60.9901904189217,85.59017625929329,68.37018617103317,1019
3,40,Gobindgarh (M Cl + OG),82266,59251,1,72.02367928427297,Growing,66.8026049461494,72.02367928427297,68.36892724758647,1020
19,335,Jamuria (M + OG),149220,92930,1,62.27717464146897,Medium,70.97836738729107,62.27717464146897,68.36800956354443,1021
9,200,Hindalco Industries Ltd. (Renukoot) (ITS),41792,34723,1,83.08527947932619,Small,62.053325286140456,83.08527947932619,68.36291154409618,1022
18,315,Haflong (TC),43756,36016,1,82.310997348935,Small,62.375367020184015,82.310997348935,68.3560561188093,1023
32,601,Kulathummal (CT),40448,33811,1,83.59127768987342,Small,61.8241020477319,83.59127768987342,68.35425474037436,1024
32,589,Chockli (CT),33732,29190,1,86.53504091070793,Small,60.55084141552298,86.53504091070793,68.34610126407847,1025
24,474,Dholka (M + OG),80945,58450,1,72.20952498610167,Growing,66.6890850653812,72.20952498610167,68.34521704159735,1026
5,64,Almora (NPP),34122,29462,1,86.34312173964011,Small,60.6314526378939,86.34312173964011,68.34495336841776,1027
27,509,Warora (M Cl),46532,37813,1,81.26235708759563,Small,62.80671828972088,81.26235708759563,68.3434099290833,1028
27,521,Dehu Road (CB),48961,39351,1,80.3721329221217,Small,63.16354301598109,80.3721329221217,68.32611998782326,1029
27,527,Phaltan (M Cl),52118,41339,1,79.31808588203691,Growing,63.60173123497101,79.31808588203691,68.31663762909078,1030
19,335,Jamuria (M),145276,90854,1,62.53889148930312,Medium,70.79052443935323,62.53889148930312,68.3150345543382,1031
6,84,Narnaul (M Cl),74581,54755,1,73.41682197878816,Growing,66.11486479711952,73.41682197878816,68.30545195162011,1032
32,592,Kodur (CT),45459,37055,1,81.51301172485097,Small,62.64311990598985,81.51301172485097,68.30408745164819,1033
24,474,Bopal (CT),37635,31830,1,84.57552809884416,Small,61.31862147343684,84.57552809884416,68.29569346105903,1034
7,97,Kapas Hera (CT),74073,54435,1,73.48831558057591,Growing,66.06693591135134,73.48831558057591,68.2933498121187,1035
17,298,Nongthymmai (CT),38004,32059,1,84.35690979896853,Small,61.38704208035919,84.35690979896853,68.27800239594198,1036
13,264,Wokha (TC),35004,29987,1,85.667352302594,Small,60.81041122145861,85.667352302594,68.26749354579923,1037
27,516,Yevla (M Cl),49826,39801,1,79.87998233853811,Small,63.28635280637065,79.87998233853811,68.26444166602089,1038
33,604,Nandivaram - Guduvancheri (TP),44098,36090,1,81.84044627874279,Small,62.429964330242406,81.84044627874279,68.25310891479252,1039
32,589,Puzhathi (CT),35212,30109,1,85.5077814381461,Small,60.8519573463704,85.5077814381461,68.24870457390311,1040
32,600,Perinad (CT),35173,30076,1,85.50877093224916,Small,60.84418617352014,85.50877093224916,68.24356160113885,1041
10,221,Samastipur (Nagar Parishad + OG),67925,50766,1,74.73831431726168,Growing,65.45931673314797,74.73831431726168,68.24301600838209,1042
21,384,Anugul (M),43795,35863,1,81.88834341819843,Small,62.38161454481038,81.88834341819843,68.2336332068268,1043
16,290,Udaipur (NP),32758,28378,1,86.6292203431223,Small,60.34537776542047,86.6292203431223,68.23053053873102,1044
33,623,Thiruparankundram (M + OG),50004,39857,1,79.70762339012879,Growing,63.31136000614303,79.70762339012879,68.23023902133875,1045
19,334,Rampurhat (M),57833,44709,1,77.30707381598741,Growing,64.33138205838623,77.30707381598741,68.22408958566658,1046
30,585,Mapusa (M Cl),39989,33320,1,83.32291380129536,Small,61.74406978255621,83.32291380129536,68.21772298817794,1047
32,600,Kottarakkara (CT),29788,26252,1,88.129448099906,Small,59.67890238214794,88.129448099906,68.21406609747535,1048
1,7,Kathua (M Cl),51991,41081,1,79.01559885364775,Growing,63.584622350602025,79.01559885364775,68.21391530151574,1049
32,592,Vazhayur (CT),36909,31229,1,84.610799533989,Small,61.18202471932287,84.610799533989,68.2106571637227,1050
23,443,Basoda (M + OG),78289,56596,1,72.2911264673198,Growing,66.45512514561005,72.2911264673198,68.20592554212297,1051
32,595,Moothakunnam (CT),27458,24552,1,89.41656347876757,Small,59.10775268617067,89.41656347876757,68.20039592394974,1052
8,115,Barmer (M),96225,66289,1,68.88958170953494,Growing,67.9016999291694,68.88958170953494,68.19806446327905,1053
32,591,Ramanattukara (CT),35937,30529,1,84.95144280268248,Small,60.99487517269142,84.95144280268248,68.18184546168874,1054
32,599,Adoor (M),29171,25772,1,88.34801686606562,Small,59.532127902456764,88.34801686606562,68.17689459153942,1055
32,595,Puthenvelikkara (CT),33372,28746,1,86.13807982740022,Small,60.475599527046896,86.13807982740022,68.17434361715289,1056
32,601,Vilappil (CT),36212,30691,1,84.75367281564122,Small,61.048332447464084,84.75367281564122,68.15993455791723,1057
32,601,Varkala (M),40048,33282,1,83.10527367159408,Small,61.75440845578761,83.10527367159408,68.15966802052955,1058
1,14,Anantnag (M Cl + OG) (Part),150198,92328,1,61.4708584668238,Medium,71.02417882968403,61.4708584668238,68.15818272082596,1059
3,40,Gobindgarh (M Cl),73130,53562,1,73.24217147545467,Growing,65.97708769816748,73.24217147545467,68.15661283135364,1060
27,499,Chopda (M Cl),72783,53364,1,73.31931907176126,Growing,65.94373394375201,73.31931907176126,68.15640948215479,1061
33,604,St.Thomas Mount-cum-Pallavaram (CB),43795,35732,1,81.58922251398562,Small,62.38161454481038,81.58922251398562,68.14389693556295,1062
28,552,Adoni (M + OG),184625,107130,1,58.0257278266757,Medium,72.47139432866071,58.0257278266757,68.1376943780652,1063
33,611,Gudalur (M),49535,39370,1,79.47915615221561,Small,63.245277207130336,79.47915615221561,68.11544089065592,1064
28,548,Bapatla (M),70777,52106,1,73.61996128685873,Growing,65.74774387348981,73.61996128685873,68.10940909750049,1065
32,594,Amballur (CT),29341,25825,1,88.0167683446372,Small,59.57287575525799,88.0167683446372,68.10604353207175,1066
27,504,Arvi (M Cl),42822,35039,1,81.82476297230396,Small,62.224059499408405,81.82476297230396,68.10427054127707,1067
23,439,Bangarda Chhota (CT),64213,48281,1,75.18882469281921,Growing,65.06522047187366,75.18882469281921,68.10230173815732,1068
27,516,Ozar (CT),51297,40450,1,78.85451390919546,Growing,63.49038520975462,78.85451390919546,68.09962381958687,1069
33,617,Panruti (M),60323,45959,1,76.18818692704275,Growing,64.62698917800235,76.18818692704275,68.09534850271446,1070
32,591,Perumanna (CT),35460,30099,1,84.88155668358715,Small,60.9011735560382,84.88155668358715,68.09528849430288,1071
27,522,Kopargaon (M Cl),65273,48862,1,74.85790449343527,Growing,65.1800359440505,74.85790449343527,68.08339650886593,1072
32,592,Kottakkal (CT),44382,36023,1,81.16578793204452,Small,62.474981612591584,81.16578793204452,68.08222350842746,1073
24,484,Halol (M + OG),64265,48267,1,75.10620088695246,Growing,65.07089699239361,75.10620088695246,68.08148816076127,1074
17,298,Mawlai (CT),55012,42714,1,77.64487748127681,Growing,63.98069645911284,77.64487748127681,68.07995076576202,1075
29,555,Gokak (CMC),79121,56710,1,71.67502938537177,Growing,66.52925683653275,71.67502938537177,68.07298860118445,1076
33,623,Thiruparankundram (M),48810,38827,1,79.54722392952263,Small,63.141882304167396,79.54722392952263,68.06348479177396,1077
33,623,Melamadai (CT),43797,35612,1,81.311505354248,Small,62.38193478070496,81.311505354248,68.06080595276786,1078
5,68,Bharat Heavy Electricals Limited Ranipur (ITS),46948,37633,1,80.15889920763398,Small,62.86913236993909,80.15889920763398,68.05606242124756,1079
8,123,Rajsamand (M),67798,50261,1,74.13345526416708,Growing,65.44619297041532,74.13345526416708,68.05237165854085,1080
3,51,Nangal (M Cl),41172,33880,1,82.28893422714467,Small,61.948512565398836,82.28893422714467,68.05063906392257,1081
24,475,Dhrangadhra (M),75133,54425,1,72.4382095750203,Growing,66.16657630513711,72.4382095750203,68.04806628610207,1082
19,329,Dinhata (M),36124,30487,1,84.39541579005648,Small,61.03127041508216,84.39541579005648,68.04051402757446,1083
32,591,Chemancheri (CT),34819,29594,1,84.99382521037364,Small,60.77325118144662,84.99382521037364,68.03942339012472,1084
27,505,Katol (M Cl),43267,35231,1,81.42695356738392,Small,62.29655657681763,81.42695356738392,68.03567567398751,1085
32,592,Pallikal (CT),46962,37608,1,80.08176823814999,Small,62.87122321245199,80.08176823814999,68.0343867201614,1086
32,595,Kumbalam (CT),29193,25648,1,87.8566779707464,Small,59.53741451087626,87.8566779707464,68.03319354883729,1087
32,589,Pallikkunnu (CT),27820,24655,1,88.62329259525521,Small,59.19959887012981,88.62329259525521,68.02670698766742,1088
33,602,Thirunindravur (TP),37095,31121,1,83.8954036932201,Small,61.21727489615709,83.8954036932201,68.02071353527599,1089
32,589,Eranholi (CT),25818,23191,1,89.8249283445658,Small,58.67588815982354,89.8249283445658,68.02060021524622,1090
29,582,Chikkaballapura (CMC),63652,47766,1,75.04241814868347,Growing,65.00368556543155,75.04241814868347,68.01530534040712,1091
32,594,Chavakkad (M),39098,32454,1,83.00680341705457,Small,61.586056219306506,83.00680341705457,68.01228037863092,1092
32,598,Mavelikkara (M),26421,23621,1,89.40236932742894,Small,58.837785417246494,89.40236932742894,68.00716059030123,1093
9,176,Nawabganj (NPP + OG),81486,57830,1,70.96924625088973,Growing,66.7357981964789,70.96924625088973,68.00583261280214,1094
8,104,Bhiwadi (M),104921,70120,1,66.83123492913717,Medium,68.50842084769415,66.83123492913717,68.00526507212706,1095
20,362,Dumka (Nagar Parishad),47584,37956,1,79.76630800268998,Small,62.963492820599356,79.76630800268998,68.00433737522654,1096
18,313,Golaghat (MB),41989,34352,1,81.81190311748315,Small,62.08630337563397,81.81190311748315,68.00398329818873,1097
32,589,Pappinisseri (CT),35134,29766,1,84.72135253600501,Small,60.83640637941791,84.72135253600501,68.00189022639404,1098
32,592,Vengara (CT),48600,38591,1,79.40534979423867,Small,63.11164647519336,79.40534979423867,67.99975747090696,1099
25,495,Daman (M CI),44282,35835,1,80.92452915405808,Small,62.459163398823705,80.92452915405808,67.99877312539402,1100
29,560,Gangawati (CMC + OG),114642,74922,1,65.35301198513633,Medium,69.12978502234867,65.35301198513633,67.99675311118496,1101
28,535,Sangareddy (M + OG),72344,52725,1,72.88095764679863,Growing,65.9013085370045,72.88095764679863,67.99520326994273,1102
20,357,Bagbera (CT),78356,56047,1,71.52866404614835,Growing,66.46112398341717,71.52866404614835,67.98138600223652,1103
19,330,Kaliaganj (M),53530,41622,1,77.75453016999813,Growing,63.78918986030323,77.75453016999813,67.9787919532117,1104
9,176,Nawabganj (NPP),81163,57573,1,70.93503197269692,Growing,66.70794591803755,70.93503197269692,67.97607173443537,1105
10,239,Jehanabad (Nagar Parishad),103202,69147,1,67.00160849595939,Medium,68.39257622630844,67.00160849595939,67.97528590720373,1106
33,602,Nerkunram (CT),59790,45381,1,75.90065228299046,Growing,64.5647523877474,75.90065228299046,67.96552235632032,1107
21,379,Kendrapara (M),47006,37524,1,79.82810705016381,Small,62.877790376332996,79.82810705016381,67.96288537848224,1108
25,495,Dadhel (CT),52578,40991,1,77.96226558636693,Growing,63.663353351835326,77.96226558636693,67.9530270221948,1109
24,468,Anjar (M),87183,60737,1,69.66610463048988,Growing,67.20969677129898,69.66610463048988,67.94661912905624,1110
27,497,Shahade (M Cl),61376,46277,1,75.39917883211679,Growing,64.74834466991932,75.39917883211679,67.94359491857855,1111
7,92,Mustafabad (CT),127167,80718,1,63.47401448488995,Medium,69.85690302093776,63.47401448488995,67.94203646012342,1112
21,381,Choudwar (M),42784,34779,1,81.2897344801795,Small,62.217833864526554,81.2897344801795,67.93940404922243,1113
32,597,Ettumanoor (CT),26993,23967,1,88.78968621494462,Small,58.9879804739767,88.78968621494462,67.92849219626707,1114
9,202,Kasganj (NPP),101277,68003,1,67.14555130977419,Medium,68.26053639025146,67.14555130977419,67.92604086610828,1115
32,600,Elampalloor (CT),33959,28870,1,85.01428192820755,Small,60.597873919006354,85.01428192820755,67.92279632176671,1116
28,548,Mangalagiri (M + OG),107197,70967,1,66.2024123809435,Medium,68.65891571185712,66.2024123809435,67.92196471258303,1117
20,361,Saunda (CT),81915,57831,1,70.59879143014099,Growing,66.77262064273873,70.59879143014099,67.9204718789594,1118
28,554,Tirupati (NMA) (CT),37968,31582,1,83.18057311420142,Small,61.3803962092611,83.18057311420142,67.9204492807432,1119
28,532,Mancherial (M + OG),89935,62114,1,69.06543614832935,Growing,67.42763336092914,69.06543614832935,67.9189741971492,1120
32,595,Muvattupuzha (M),30397,26385,1,86.80132907852749,Small,59.82082244371389,86.80132907852749,67.91497443415797,1121
18,307,North Lakhimpur (MB),59814,45287,1,75.71304376901729,Growing,64.56756670241273,75.71304376901729,67.9112098223941,1122
20,366,Gumla (NP),51264,40101,1,78.2244850187266,Growing,63.4858724978159,78.2244850187266,67.90745625408911,1123
29,563,Dandeli (CMC),52069,40587,1,77.94849142484011,Growing,63.595135113952196,77.94849142484011,67.90114200721857,1124
7,98,NDMC (Part),37121,30987,2,83.47566067724469,Small,61.222188255088994,83.47566067724469,67.8982299817357,1125
28,535,Sangareddy (M),71376,51942,1,72.77236045729657,Growing,65.8068430767169,72.77236045729657,67.8964982908908,1126
28,532,Mancherial (M),86911,60442,1,69.54470665393333,Growing,67.18778412457202,69.54470665393333,67.8948608833804,1127
27,501,Murtijapur (M Cl),40295,33088,1,82.11440625387765,Small,61.79752598229666,82.11440625387765,67.89259006377095,1128
32,594,Kaipamangalam (CT),35626,29969,1,84.12114747656206,Small,60.93392473621313,84.12114747656206,67.8900915583178,1129
24,484,Halol (M),59605,45116,1,75.69163660766715,Growing,64.54302072113184,75.69163660766715,67.88760548709243,1130
3,45,Kot Kapura (M Cl),91979,63072,1,68.57217408321465,Growing,67.58522843661765,68.57217408321465,67.88131213059675,1131
32,591,Villiappally (CT),34502,29188,1,84.5979943191699,Small,60.70911555911571,84.5979943191699,67.87577918713197,1132
28,533,Kamareddy (M),80315,56834,1,70.76386727261408,Growing,66.63429206405188,70.76386727261408,67.87316462662054,1133
32,595,Nedumbassery (CT),29706,25846,1,87.00599205547701,Small,59.65957198701255,87.00599205547701,67.86349800755188,1134
33,613,Thanthoni (M),53854,41597,1,77.24031641103724,Growing,63.83150668136206,77.24031641103724,67.8541496002646,1135
32,591,Eramala (CT),34658,29263,1,84.43360840210052,Small,60.74075087417664,84.43360840210052,67.84860813255379,1136
9,156,Gangaghat (NPP),84072,58760,1,69.89247311827957,Growing,66.95488831904632,69.89247311827957,67.83616375881628,1137
32,598,Chengannur (M),23466,21299,1,90.76536265234807,Small,58.00606814325021,90.76536265234807,67.83385649597957,1138
32,592,Kattipparuthi (CT),40318,33024,1,81.9088248425021,Small,61.801527514922405,81.9088248425021,67.83371671319631,1139
33,602,Tiruverkadu (M + OG) (Part),64698,47974,2,74.15066926334663,Growing,65.11798735541994,74.15066926334663,67.82779192779795,1140
9,178,Tanda (NPP),95516,64736,1,67.77503245529545,Growing,67.84983866855076,67.77503245529545,67.82739680457416,1141
33,623,Kannanendal (CT),31095,26783,1,86.13281878115453,Small,59.98002707750949,86.13281878115453,67.825864588603,1142
32,600,Paravoor (M),37245,30967,1,83.1440461806954,Small,61.2455739542381,83.1440461806954,67.81511562217528,1143
32,589,Kalliasseri (CT),31122,26785,1,86.06452027504659,Small,59.9861134024831,86.06452027504659,67.80963546425215,1144
24,481,Mahuva (M),82772,57980,1,70.04784226550042,Growing,66.8456057956513,70.04784226550042,67.80627673660604,1145
33,626,Keelakarai (M),38355,31692,1,82.62807978099335,Small,61.45151137828273,82.62807978099335,67.80448189909592,1146
8,120,Tonk (M Cl),165294,97064,1,58.72203467760475,Medium,71.69578847493531,58.72203467760475,67.80366233573613,1147
28,554,Srikalahasti (M),80056,56501,1,70.57684620765464,Growing,66.61164127888506,70.57684620765464,67.80120275751594,1148
33,632,Vadavalli (TP),39873,32687,1,81.97777944975296,Small,61.72369834818109,81.97777944975296,67.79992267865265,1149
8,102,Churu (M Cl + OG),120157,76781,1,63.900563429513056,Medium,69.45927319593142,63.900563429513056,67.7916602660059,1150
19,331,Gangarampur (M),56217,42905,1,76.3203301492431,Growing,64.13264361255976,76.3203301492431,67.78894957356476,1151
32,591,Ulliyeri (CT),32509,27724,1,85.28099910793934,Small,60.29187097905429,85.28099910793934,67.7886094177198,1152
28,539,Kodad (CT),64234,47612,1,74.12273873649468,Growing,65.06751346600792,74.12273873649468,67.78408104715395,1153
28,553,Dharmavaram (M),121874,77564,1,63.64277860741422,Medium,69.55877188745741,63.64277860741422,67.78397390344445,1154
33,620,Nanjikottai (CT),32689,27842,1,85.17238214689957,Small,60.33059142811735,85.17238214689957,67.78312864375201,1155
32,601,Vilavoorkkal (CT),31761,27195,1,85.62387834136204,Small,60.12863579815896,85.62387834136204,67.77720856111988,1156
8,102,Churu (M Cl),119856,76564,1,63.87998932051796,Medium,69.44168413263765,63.87998932051796,67.77317568900173,1157
7,98,Pul Pehlad (CT),69657,50671,1,72.74358643065307,Growing,65.6358868774388,72.74358643065307,67.76819674340307,1158
19,333,Jangipur (M),88165,60735,1,68.88788067827369,Growing,67.28824287208872,68.88788067827369,67.76813421394421,1159
8,124,Dungarpur (M),47706,37657,1,78.93556366075546,Small,62.981449167979584,78.93556366075546,67.76768351581234,1160
24,480,Savarkundla (M),78354,55481,1,70.80812721750006,Growing,66.4609449879162,70.80812721750006,67.76509965679136,1161
9,139,Baraut (NPP),103764,68690,1,66.19829613353379,Medium,68.43066075213213,66.19829613353379,67.76095136655262,1162
19,328,Dabgram (P) (CT),119040,76092,1,63.92137096774193,Medium,69.39377771387288,63.92137096774193,67.75205569003359,1163
33,608,Attur (M),61793,46126,1,74.64599550110854,Growing,64.79582826792102,74.64599550110854,67.75087843787728,1164
5,67,Rudrapur (NPP),140857,86153,1,61.163449455831085,Medium,70.57390275831604,61.163449455831085,67.75076676757055,1165
33,602,Tiruverkadu (M),62824,46710,1,74.350566662422,Growing,64.9118658538089,74.350566662422,67.74347609639283,1166
32,595,Elamkunnapuzha (CT),26997,23803,1,88.16905582101715,Small,58.98901954432033,88.16905582101715,67.74303042732937,1167
6,78,Fatehabad (M Cl),70777,51236,1,72.39074840696837,Growing,65.74774387348981,72.39074840696837,67.74064523353337,1168
33,604,Kundrathur (TP + OG),54986,42055,1,76.48310479031026,Growing,63.97738137124848,76.48310479031026,67.729098396967,1169
32,589,Koothuparamba (M),29619,25651,1,86.60319389581012,Small,59.63900448498484,86.60319389581012,67.72826130823242,1170
29,583,Hosakote (TMC),56980,43246,1,75.8968058968059,Growing,64.22718084787284,75.8968058968059,67.72806836255276,1171
33,609,Kumarapalayam (M),71594,51648,1,72.14012347403414,Growing,65.82822861619715,72.14012347403414,67.72179707354825,1172
32,600,Thazhuthala (CT),37517,31025,1,82.69584455047045,Small,61.296600088097854,82.69584455047045,67.71637342680964,1173
32,597,Chethipuzha (CT),25145,22439,1,89.23841718035395,Small,58.49067038866501,89.23841718035395,67.71499442617169,1174
20,368,Chakardharpur (Nagar Parishad),56531,42940,1,75.95832375156994,Growing,64.17170328464749,75.95832375156994,67.70768942472422,1175
23,443,Basoda (M),71353,51460,1,72.12030328087116,Growing,65.80458299623919,72.12030328087116,67.69929908162878,1176
29,563,Kumta (TMC + OG),36719,30468,1,82.97611590729595,Small,61.145832589828245,82.97611590729595,67.69491758506855,1177
3,43,Firozpur Cantt (CB),53199,40915,1,76.90934040113537,Growing,63.74569347367958,76.90934040113537,67.6947875519163,1178
29,576,Madikeri (CMC),33381,28213,1,84.51813906114256,Small,60.47749044673859,84.51813906114256,67.68968503105978,1179
33,627,Kayalpattinam (M),40588,32998,1,81.29989159357446,Small,61.84833208746162,81.29989159357446,67.68379993929547,1180
33,607,Kallakkurichi (M),52507,40472,1,77.07924657664692,Growing,63.65387737929752,77.07924657664692,67.68148813850233,1181
21,382,Byasanagar (M + OG),56946,43119,1,75.71910230744916,Growing,64.22299519865379,75.71910230744916,67.67182733129239,1182
33,605,Dharapadavedu (M),38833,31835,1,81.97924445703396,Small,61.538364769405455,81.97924445703396,67.670628675694,1183
20,355,Phusro (Nagar Parishad),89178,60973,1,68.37224427549396,Growing,67.36835708914835,68.37224427549396,67.66952324505202,1184
32,594,Vadanappally (CT),30657,26316,1,85.84010177121048,Small,59.88054824667205,85.84010177121048,67.66841430403358,1185
24,470,Sidhpur (M + OG),61867,45998,1,74.34981492556614,Growing,64.80422112597654,74.34981492556614,67.6678992658534,1186
32,598,Mannanchery (CT),32139,27336,1,85.05553999813311,Small,60.21160115532646,85.05553999813311,67.66478280816845,1187
28,552,Adoni (M),166344,96692,1,58.12773529553215,Medium,71.7401941233904,58.12773529553215,67.65645647503291,1188
33,609,Rasipuram (M),50244,39047,1,77.71475201019027,Growing,63.3449370194514,77.71475201019027,67.65588151667306,1189
29,560,Gangawati (CMC),105529,69193,1,65.56775862559107,Medium,68.54894053664957,65.56775862559107,67.65458596333201,1190
24,491,Vapi (INA),34162,28695,1,83.99683859258825,Small,60.63966830322902,83.99683859258825,67.6468193900368,1191
9,178,Akbarpur (NPP),111447,72049,1,64.64866707941891,Medium,68.93157259852003,64.64866707941891,67.64670094278969,1192
33,608,Mettur (M),52813,40572,1,76.82199458466665,Growing,63.69462647014835,76.82199458466665,67.63283690450385,1193
3,43,Fazilka (M Cl),76492,54111,1,70.74073105684255,Growing,66.2922860418038,70.74073105684255,67.62681954631543,1194
21,374,Sundargarh (M),45036,35751,1,79.38316013855582,Small,62.57756220419102,79.38316013855582,67.61924158450046,1195
32,591,Nanmanda (CT),27316,23914,1,87.54576072631424,Small,59.07139356519426,87.54576072631424,67.61370371353026,1196
33,621,Aranthangi (M),40814,33043,1,80.95996471798892,Small,61.88727049462418,80.95996471798892,67.6090787616336,1197
28,547,Nuzvid (M),58590,43966,1,75.04010923365763,Growing,64.42257686902084,75.04010923365763,67.60783657841188,1198
19,338,Arambag (M),66175,48338,1,73.04571212693615,Growing,65.27627849737014,73.04571212693615,67.60710858623995,1199
32,591,Thalakkulathur (CT),29388,25361,1,86.29712807948823,Small,59.58409968469789,86.29712807948823,67.59800820313498,1200
20,348,Jhumri Tilaiya (Nagar Parishad),87867,60076,1,68.37151604128968,Growing,67.26449993213733,68.37151604128968,67.59660476488303,1201
24,483,Kapadvanj (M),49308,38367,1,77.81090289608177,Small,63.21306753621736,77.81090289608177,67.59241814417668,1202
32,601,Uliyazhathura (CT),28230,24539,1,86.9252568189869,Small,59.30219119267704,86.9252568189869,67.58911088056999,1203
32,592,Koottilangadi (CT),36602,30259,1,82.67034588273864,Small,61.12345257462092,82.67034588273864,67.58752056705623,1204
32,595,Varappuzha (CT),26750,23486,1,87.79813084112149,Small,58.92456641700247,87.79813084112149,67.58663574423818,1205
32,598,Pathirappally (CT),27445,23977,1,87.36381854618328,Small,59.10443186233765,87.36381854618328,67.58224786749133,1206
10,221,Samastipur (Nagar Parishad),62935,46416,1,73.75228410264558,Growing,64.92424502253161,73.75228410264558,67.5726567465658,1207
20,352,Sahibganj (Nagar Parishad),88214,60164,1,68.20232616138028,Growing,67.29213922838467,68.20232616138028,67.56519530828335,1208
32,595,Mulamthuruthy (CT),25852,22822,1,88.27943679405848,Small,58.68511680781262,88.27943679405848,67.56341280368638,1209
28,541,Palwancha (M),80199,55941,1,69.75274005910298,Growing,66.62415635562373,69.75274005910298,67.5627314666675,1210
27,512,Basmath (M Cl),68846,49727,1,72.22932341748249,Growing,65.55376199919284,72.22932341748249,67.55643042467973,1211
28,550,Gudur (M + OG) (Part),74037,52595,2,71.0388049218634,Growing,66.06352691422107,71.0388049218634,67.55611031651377,1212
33,614,Thuvakudi  (M),38887,31716,1,81.55939002751562,Small,61.54810937429714,81.55939002751562,67.55149357026268,1213
33,627,Milavittan (CT),45863,36165,1,78.85441423369602,Small,62.70516588556158,78.85441423369602,67.54994039000191,1214
1,3,Leh Ladakh (MC),30870,26341,1,85.32879818594104,Small,59.92910122262464,85.32879818594104,67.54901031161955,1215
32,593,Pirayiri (CT),41359,33305,1,80.52660847699413,Small,61.98029075053092,80.52660847699413,67.54418606846988,1216
27,520,Pen (M Cl),37852,31022,1,81.95603931100074,Small,61.358938791095284,81.95603931100074,67.53806894706692,1217
33,604,Anakaputhur (M),48050,37494,1,78.03121748178981,Small,63.031833976993454,78.03121748178981,67.53164902843235,1218
33,624,Periyakulam (M),42976,34313,1,79.84223752792256,Small,62.2492332701103,79.84223752792256,67.52713454745398,1219
32,601,Karakulam (CT),29624,25450,1,85.91007291385363,Small,59.640188160527586,85.91007291385363,67.5211535865254,1220
32,598,Muhamma (CT),25861,22792,1,88.13270948532539,Small,58.687557653689616,88.13270948532539,67.52110320318035,1221
24,486,Padra (M + OG),46660,36614,1,78.46978139734247,Small,62.82598185472917,78.46978139734247,67.51912171751316,1222
33,604,Pallikaranai (TP),43493,34625,1,79.61051203641965,Small,62.33309032571537,79.61051203641965,67.51631683892666,1223
8,103,Jhunjhunun (M Cl),118473,74880,1,63.20427439163354,Medium,69.36029603595175,63.20427439163354,67.51348954265629,1224
3,35,Mamun (CT),32689,27548,1,84.27299703264094,Small,60.33059142811735,84.27299703264094,67.51331310947442,1225
22,410,Birgaon (M),96294,64119,1,66.58670322138451,Growing,67.90672665702273,66.58670322138451,67.51071962633125,1226
3,47,Mansa (M Cl),82956,57260,1,69.02454313129851,Growing,66.8611773241091,69.02454313129851,67.51018706626591,1227
32,597,Erattupetta (CT),34814,28963,1,83.1935428275981,Small,60.77224411808072,83.1935428275981,67.49863373093594,1228
32,598,Vayalar (CT),24804,22011,1,88.73971940009676,Small,58.39492203586567,88.73971940009676,67.49836124513499,1229
3,41,Jagraon (M Cl),65240,47538,1,72.86633966891478,Growing,65.17648970592874,72.86633966891478,67.48344469482456,1230
29,575,Bantval (TMC),40155,32448,1,80.80687336570789,Small,61.77311945432747,80.80687336570789,67.4832456277416,1231
28,550,Gudur (M),60625,44901,1,74.06350515463917,Growing,64.6620091944323,74.06350515463917,67.48245798249435,1232
32,598,Pallippuram (CT),28276,24467,1,86.52921205262413,Small,59.31360846510315,86.52921205262413,67.47828954135944,1233
19,345,Panskura (M),57932,43326,1,74.78768211006008,Growing,64.34337608184948,74.78768211006008,67.47666789031265,1234
32,601,Parassala (CT),34096,28452,1,83.44673862036602,Small,60.6261072893752,83.44673862036602,67.47229668867244,1235
32,595,Vengola (CT),32697,27507,1,84.12698412698413,Small,60.33230738475069,84.12698412698413,67.47071040742073,1236
27,521,Daund (M Cl),49450,38244,1,77.33872598584429,Small,63.23323363708382,77.33872598584429,67.46488134171196,1237
24,470,Sidhpur (M),56402,42395,1,75.165774263324,Growing,64.15568279758104,75.165774263324,67.45871023730392,1238
32,595,Koovappady (CT),29339,25188,1,85.8515968506084,Small,59.57239774252909,85.8515968506084,67.45615747495287,1239
8,119,Nasirabad (CB),50804,39049,1,76.86205810566096,Growing,63.42266377285526,76.86205810566096,67.45448207269698,1240
33,628,Sankarankoil (M),57277,42900,1,74.89917418859228,Growing,64.26363788591033,74.89917418859228,67.45429877671492,1241
3,40,Sirhind Fatehgarh Sahib (M Cl),58097,43375,1,74.65962097870802,Growing,64.36332064711992,74.65962097870802,67.45221074659635,1242
28,547,Kanuru (CT),49006,37947,1,77.4333755050402,Small,63.16998527588633,77.4333755050402,67.44900234463249,1243
32,592,Triprangode (CT),41167,33049,1,80.28032161682901,Small,61.947660901495674,80.28032161682901,67.44745911609567,1244
12,248,Itanagar (NT),59490,44172,1,74.25113464447807,Growing,64.52947782567148,74.25113464447807,67.44597487131345,1245
27,531,Vita (M Cl),48289,37499,1,77.6553666466483,Small,63.06662778916531,77.6553666466483,67.4432494464102,1246
32,591,Poolacode (CT),29872,25541,1,85.5014729512587,Small,59.698649155339645,85.5014729512587,67.43949629411536,1247
32,598,Kanjikkuzhi (CT),23681,21138,1,89.26143321650268,Small,58.07002444704702,89.26143321650268,67.42744707788371,1248
32,600,Meenad (CT),29716,25421,1,85.54650693229236,Small,59.66193220705917,85.54650693229236,67.42730462462913,1249
24,476,Upleta (M),58775,43710,1,74.36835389196087,Growing,64.44468441093082,74.36835389196087,67.42178525523983,1250
32,595,Perumbavoor (M),28110,24292,1,86.4176449662042,Small,59.27231921224261,86.4176449662042,67.41591693843108,1251
32,595,Aluva (M),22428,20208,1,90.10165864098448,Small,57.68881133343097,90.10165864098448,67.41266552569702,1252
23,421,Dabra (M),61277,45128,1,73.64590303050083,Growing,64.73702420130962,73.64590303050083,67.40968785006699,1253
27,500,Nandura (M Cl + OG),44419,35039,1,78.88291046624192,Small,62.48082532028747,78.88291046624192,67.40145086407381,1254
33,632,Kalapatti (TP),39586,31958,1,80.73056130955388,Small,61.673040804020665,80.73056130955388,67.39029695568063,1255
29,566,Hiriyur (TMC),56416,42258,1,74.9042824730573,Growing,64.15742322659739,74.9042824730573,67.38148100053536,1256
32,591,Nadapuram (CT),40230,32357,1,80.43002734277903,Small,61.78620494284757,80.43002734277903,67.379351662827,1257
32,595,Thiruvankulam (CT),23160,20718,1,89.4559585492228,Small,57.914024193605776,89.4559585492228,67.37660450029088,1258
32,591,Feroke (CT),32122,27014,1,84.0981258950252,Small,60.207890912720345,84.0981258950252,67.3749614074118,1259
32,591,Balusseri (CT),27363,23725,1,86.70467419508094,Small,59.083448805982684,86.70467419508094,67.36981642271216,1260
32,597,Palai (M),22056,19897,1,90.21128037722161,Small,57.571525899707986,90.21128037722161,67.36345224296207,1261
28,532,Nirmal (M),88433,59680,1,67.48611943505253,Growing,67.30952714411671,67.48611943505253,67.36250483139746,1262
18,305,Lumding (MB),31347,26473,1,84.45146265990367,Small,60.036628397069066,84.45146265990367,67.36107867591944,1263
3,53,Malerkotla (M Cl),135424,81937,1,60.504046550094515,Medium,70.29806360939793,60.504046550094515,67.3598584916069,1264
19,336,Phulia (CT),55653,41752,1,75.0220113920184,Growing,64.06193444021083,75.0220113920184,67.3499575257531,1265
32,597,Vaikom (M),23234,20750,1,89.30877162778687,Small,57.93639419035268,89.30877162778687,67.34810742158294,1266
32,595,Njarackal (CT),23760,21130,1,88.93097643097643,Small,58.0933789012429,88.93097643097643,67.34465816016296,1267
28,535,Siddipet (M + OG),66737,48047,1,71.99454575422929,Growing,65.33558230090085,71.99454575422929,67.33327133689937,1268
8,129,Jhalawar (M),66919,48145,1,71.9451874654433,Growing,65.35468044082292,71.9451874654433,67.33183254820902,1269
33,604,Perungalathur (TP),37342,30426,1,81.47929944834235,Small,61.263813397048516,81.47929944834235,67.32845921243666,1270
28,535,Siddipet (M),65158,47151,1,72.3640995733448,Growing,65.16767006933094,72.3640995733448,67.3265989205351,1271
32,598,Kumarapuram (CT),26943,23386,1,86.79805515347215,Small,58.974979087672,86.79805515347215,67.32190190741204,1272
32,592,Chelambra (CT),34149,28315,1,82.91604439368649,Small,60.63699926759383,82.91604439368649,67.32071280542162,1273
29,578,Kollegal (CMC),57149,42547,1,74.4492467059791,Growing,64.24794899597698,74.4492467059791,67.30833830897761,1274
9,132,Deoband (NPP),97037,63827,1,65.7759411358554,Growing,67.96062796879167,65.7759411358554,67.30522191891079,1275
32,592,Othukkungal (CT),39139,31558,1,80.63057308566903,Small,61.59340601011438,80.63057308566903,67.30455613278077,1276
27,503,Morshi (M Cl),37333,30375,1,81.3623335922642,Small,61.262123072800556,81.3623335922642,67.29218622863965,1277
7,92,Ziauddin Pur (CT),68993,49193,1,71.30143637760352,Growing,65.56871930788975,71.30143637760352,67.28853442880387,1278
18,318,Hailakandi (MB),33637,27925,1,83.0186996462229,Small,60.531064194270186,83.0186996462229,67.277354829856,1279
32,600,Oachira (CT),28412,24366,1,85.75953822328593,Small,59.3472555665247,85.75953822328593,67.27094036355307,1280
27,505,Digdoh (CT),38157,30881,1,80.93141494352281,Small,61.415216977906276,80.93141494352281,67.27007636759123,1281
32,589,Cheruthazham (CT),29348,25012,1,85.22556903366498,Small,59.574548543262516,85.22556903366498,67.26985469038326,1282
32,591,Azhiyur (CT),30023,25466,1,84.82163674516204,Small,59.7340071128159,84.82163674516204,67.26029600251974,1283
19,332,Old Malda (M),84012,57076,1,67.937913631386,Growing,66.94988182044379,67.937913631386,67.24629136372644,1284
24,486,Padra (M),43366,34150,1,78.74832818336947,Small,62.31258372958703,78.74832818336947,67.24330706572177,1285
32,595,Chengamanad (CT),29576,25132,1,84.97430348931566,Small,59.62881661939373,84.97430348931566,67.2324626803703,1286
24,474,Viramgam (M),55821,41628,1,74.574085021766,Growing,64.08307140414263,74.574085021766,67.23037548942963,1287
27,504,Pulgaon (M Cl),33925,28051,1,82.68533529845247,Small,60.590849456378656,82.68533529845247,67.2191952090008,1288
27,523,Bid (Rural) (CT),56531,42019,1,74.32912915037767,Growing,64.17170328464749,74.32912915037767,67.21893104436654,1289
8,107,Hindaun (M),105452,67600,1,64.10499563782575,Medium,68.54382186049392,64.10499563782575,67.21217399369347,1290
33,623,Vilangudi (TP),30884,25997,1,84.1762725035617,Small,59.932280755042235,84.1762725035617,67.20547827959807,1291
32,589,Azhikode South (CT),25195,22047,1,87.50545743203017,Small,58.5046004829049,87.50545743203017,67.20485756764248,1292
29,571,Sira (CMC),57554,42578,1,73.97921951558536,Growing,64.29746993273686,73.97921951558536,67.2019948075914,1293
1,14,Anantnag (M Cl),109433,69445,1,63.458920069814404,Medium,68.8036858491013,63.458920069814404,67.20025611531523,1294
9,134,Bijnor (NPP),93297,61592,1,66.01712809629463,Growing,67.68500148804097,66.01712809629463,67.18463947051706,1295
32,592,Edappal (CT),32550,27095,1,83.24116743471582,Small,60.30070945842749,83.24116743471582,67.18284685131398,1296
28,534,Sircilla (M + OG),83186,56465,1,67.87800831870747,Growing,66.8805932374095,67.87800831870747,67.17981776179889,1297
19,328,Dhupguri (M),44719,34888,1,78.0160558152016,Small,62.52802778077439,78.0160558152016,67.17443619110254,1298
28,553,Tadpatri (M),108171,68750,1,63.55677584565179,Medium,68.72234518182819,63.55677584565179,67.17267438097527,1299
32,601,Sreekaryam (CT),23528,20825,1,88.51156069364163,Small,58.024571282576744,88.51156069364163,67.1706681058962,1300
27,509,Brahmapuri (M Cl),36025,29367,1,81.51839000693963,Small,61.01202587727689,81.51839000693963,67.16393511617571,1301
1,19,Udhampur (M Cl),35507,29025,1,81.74444475737178,Small,60.910462013753374,81.74444475737178,67.16065683683888,1302
33,632,Thudiyalur (TP),33924,27978,1,82.47258577997879,Small,60.590642747981235,82.47258577997879,67.1552256575805,1303
23,426,Panna (M + OG),59091,43361,1,73.38004095378314,Growing,64.48228603311749,73.38004095378314,67.15161250931718,1304
33,611,Nelliyalam (M),44590,34774,1,77.98609553711594,Small,62.50776964708218,77.98609553711594,67.1512674140923,1305
21,382,Byasanagar (M),48911,37400,1,76.46541677741203,Small,63.15637800142524,76.46541677741203,67.14908963422127,1306
32,592,Thenhippalam (CT),32045,26708,1,83.34529567795288,Small,60.191061070869345,83.34529567795288,67.1373314529944,1307
32,592,Abdu Rahiman Nagar (CT),41993,33129,1,78.89172004857953,Small,62.086971377705005,78.89172004857953,67.12839597896736,1308
3,44,Malout (M Cl),81406,55394,1,68.04658133307127,Growing,66.72891009864827,68.04658133307127,67.12421146897518,1309
9,147,Tundla (NPP),50423,38263,1,75.88402118081035,Growing,63.3698756215974,75.88402118081035,67.12411928936129,1310
9,137,Amroha (NPP),198471,106102,1,53.45969940192774,Medium,72.9785228339362,53.45969940192774,67.12287580433366,1311
32,591,Atholi (CT),28213,24083,1,85.36135823910963,Small,59.29796705728428,85.36135823910963,67.11698441183188,1312
18,305,Hojai (MB),36638,29708,1,81.08521207489491,Small,61.13034634341038,81.08521207489491,67.11680606285574,1313
24,474,Ahmadabad (M Corp. + OG) (Part),55987,41511,1,74.14399771375498,Growing,64.10389434820037,74.14399771375498,67.11592535786676,1314
32,593,Puthuppariyaram (CT),30895,25911,1,83.86793979608352,Small,59.93477794815709,83.86793979608352,67.114726502535,1315
32,598,Kannamangalam (CT),23344,20647,1,88.44671007539411,Small,57.96951556712293,88.44671007539411,67.11267391960428,1316
27,530,Jaysingpur (M Cl),48510,37085,1,76.44815501958358,Small,63.09864824846617,76.44815501958358,67.10350027980138,1317
32,592,Marancheri (CT),35011,28632,1,81.78001199622975,Small,60.81181341807708,81.78001199622975,67.10227299152288,1318
9,169,Mahoba (NPP),95216,62280,1,65.40917492858344,Growing,67.82777854863727,65.40917492858344,67.10219746262112,1319
20,356,Lohardaga (Nagar Parishad),57411,42303,1,73.68448555154934,Growing,64.28002467318487,73.68448555154934,67.10136293669422,1320
23,455,Pandhurna (M),45479,35242,1,77.49070999802107,Small,62.64620443902235,77.49070999802107,67.09955610672196,1321
27,517,Dahanu (M Cl),50287,38137,1,75.83868594268897,Growing,63.35093595522474,75.83868594268897,67.09726095146401,1322
33,604,Madambakkam (TP),31681,26419,1,83.39067579937503,Small,60.1109504329157,83.39067579937503,67.09486804285349,1323
32,589,Madayi (CT),35888,29191,1,81.33916629514044,Small,60.9853071368724,81.33916629514044,67.0914648843528,1324
21,396,Rayagada (M),71208,49926,1,70.1129086619481,Growing,65.79031786738524,70.1129086619481,67.08709510575409,1325
27,516,Soyagaon (CT),34341,28172,1,82.036050202382,Small,60.67631595241089,82.036050202382,67.08423622740222,1326
28,548,Chilakaluripet (M),101398,65211,1,64.3119193672459,Medium,68.26890966472176,64.3119193672459,67.081812575479,1327
28,534,Sircilla (M),75550,52185,1,69.07346128391794,Growing,66.20538968957634,69.07346128391794,67.06581116787882,1328
33,623,Melur (M),40017,31802,1,79.47122472948996,Small,61.748978171933125,79.47122472948996,67.06565213920017,1329
18,310,Duliajan Oil Town (CT),28626,24312,1,84.92978411234542,Small,59.39987554509466,84.92978411234542,67.05884811526988,1330
27,500,Nandura (M Cl),42167,33136,1,78.58277800175493,Small,62.11596805213393,78.58277800175493,67.05601103702023,1331
6,76,Gohana (MC),65708,46862,1,71.31856090582578,Growing,65.22661495828024,71.31856090582578,67.05419874254389,1332
23,449,Pipariya (M),48826,37188,1,76.164338672019,Small,63.144180650565026,76.164338672019,67.05022805700122,1333
32,591,Peruvayal (CT),27598,23595,1,85.49532574824262,Small,59.14341609999065,85.49532574824262,67.04898899446624,1334
33,610,Periyasemur (M),55282,40977,1,74.12358453022684,Growing,64.01503005110061,74.12358453022684,67.04759639483848,1335
32,598,Ezhupunna (CT),27528,23545,1,85.53109561174077,Small,59.125607064097196,85.53109561174077,67.04725362839027,1336
32,601,Vattappara (CT),27140,23272,1,85.74797347089167,Small,59.02606553306876,85.74797347089167,67.04263791441562,1337
7,92,Jaffrabad (CT),54601,40573,1,74.30816285416017,Growing,63.92810826690503,74.30816285416017,67.04212464308156,1338
9,153,Gola Gokaran Nath (NPP),60172,43736,1,72.68496975337366,Growing,64.60941336946796,72.68496975337366,67.03208028463968,1339
24,482,Karamsad (M),35285,28722,1,81.40002834065467,Small,60.866480282630974,81.40002834065467,67.02654470003807,1340
21,372,Burla (NAC),46698,35867,1,76.8062872071609,Small,62.83169055380152,76.8062872071609,67.02406954980933,1341
32,592,Talakkad (CT),35820,29058,1,81.12227805695143,Small,60.97200738026931,81.12227805695143,67.01708858327395,1342
10,230,Phulwari Sharif (Nagar Parishad),81740,55265,1,67.61071690726695,Growing,66.75762317276673,67.61071690726695,67.01355129311679,1343
33,618,Sirkali (M),34927,28465,1,81.49855412717955,Small,60.79496852573823,81.49855412717955,67.00604420617063,1344
32,595,Mulavukad (CT),21833,19466,1,89.15861310859708,Small,57.50026562421888,89.15861310859708,66.99776986953233,1345
5,60,Raipur (CT),32900,27125,1,82.4468085106383,Small,60.37570986798051,82.4468085106383,66.99703946077784,1346
6,81,Charkhi Dadri (MC),56337,41475,1,73.61946855530114,Growing,64.14759657121498,73.61946855530114,66.98915816644083,1347
32,594,Kallur Vadakkummuri (CT),25259,21910,1,86.74135951542024,Small,58.52239072104612,86.74135951542024,66.98808135935835,1348
18,300,Kokrajhar (MB),34136,27923,1,81.79927349425826,Small,60.63432921573407,81.79927349425826,66.98381249929132,1349
1,8,Baramula (M Cl + OG),71434,49797,1,69.71050200184786,Growing,65.81253917781584,69.71050200184786,66.98192802502544,1350
33,614,Manapparai (M),40510,31995,1,78.98049864231054,Small,61.83484282343964,78.98049864231054,66.9785395691009,1351
29,555,Bail Hongal (TMC),49182,37271,1,75.78179008580375,Small,63.19512498484653,75.78179008580375,66.9711245151337,1352
29,574,Channarayapatna (TMC + OG),40417,31913,1,78.95934878887597,Small,61.81872548452378,78.95934878887597,66.96091247582943,1353
33,630,Lakkiampatti (CT),39697,31459,1,79.24780210091443,Small,61.69267651380949,79.24780210091443,66.95921418994097,1354
32,595,Puthuvype (CT),23717,20791,1,87.66285786566598,Small,58.080676629960514,87.66285786566598,66.95533100067215,1355
32,595,Karumalloor (CT),29805,25013,1,83.92216071129005,Small,59.68290324331921,83.92216071129005,66.95468048371046,1356
33,633,Veerapandi (CT),50301,37904,1,75.35436671239141,Growing,63.35288799023703,75.35436671239141,66.95333160688334,1357
9,135,Chandausi (NPP),114383,70813,1,61.90867524020178,Medium,69.1139241292664,61.90867524020178,66.952349462547,1358
8,126,Nimbahera (M),61949,44557,1,71.92529338649535,Growing,64.81350960284499,71.92529338649535,66.9470447379401,1359
19,343,Diamond Harbour (M),41802,32753,1,78.35271039663174,Small,62.05500304243735,78.35271039663174,66.94431524869566,1360
24,487,Rajpipla (M),34845,28325,1,81.28856363897259,Small,60.778485580941634,81.28856363897259,66.93150899835092,1361
2,27,Mandi (M Cl),26422,22671,1,85.80349708576188,Small,58.83805082308384,85.80349708576188,66.92768470188724,1362
32,592,Alamcode (CT),33918,27714,1,81.70882717141342,Small,60.589402369627145,81.70882717141342,66.92522981016302,1363
7,93,Kondli (CT),38207,30472,1,79.75501871384824,Small,61.42439997392337,79.75501871384824,66.92358559590083,1364
32,601,Kizhuvalam-Koonthalloor (CT),30770,25628,1,83.28891777705557,Small,59.90634825585439,83.28891777705557,66.92111911221474,1365
32,593,Mannarkad-I (CT),34839,28303,1,81.23941559746261,Small,60.77727798933006,81.23941559746261,66.91591927176982,1366
29,574,Channarayapatna (TMC),38792,30828,1,79.46999381315734,Small,61.53095703390298,79.46999381315734,66.91266806767928,1367
32,592,Neduva (CT),35996,29045,1,80.68952105789532,Small,61.00637857301729,80.68952105789532,66.91132131848069,1368
27,510,Umarkhed (M Cl),47458,36145,1,76.1620801550845,Small,62.944899349777074,76.1620801550845,66.91005359136929,1369
21,382,Jajapur (M),37458,29975,1,80.02295904746649,Small,61.28556340901373,80.02295904746649,66.90678210054955,1370
27,503,Daryapur Banosa (M Cl),36463,29339,1,80.46238652881003,Small,61.096771186491154,80.46238652881003,66.90645578918681,1371
29,566,Challakere (TMC),55194,40658,1,73.66380403667065,Growing,64.0038582978952,73.66380403667065,66.90184201952783,1372
32,593,Hemambikanagar (CT),28592,24136,1,84.41522104085058,Small,59.3915416987788,84.41522104085058,66.89864550140034,1373
32,600,Panmana (CT),29008,24415,1,84.16643684500828,Small,59.49283429232035,84.16643684500828,66.89491505812673,1374
32,592,Nannambra (CT),40543,31901,1,78.68435981550452,Small,61.84055298671359,78.68435981550452,66.89369503535086,1375
3,50,Tarn Taran (M Cl),66847,47128,1,70.50129399973073,Growing,65.34713134953388,70.50129399973073,66.89338014459292,1376
18,302,Goalpara (MB),53430,39627,1,74.16619876473891,Growing,63.776077375907825,74.16619876473891,66.89311379255714,1377
21,380,Jagatsinghapur (M),33631,27486,1,81.72816746454164,Small,60.529813232042464,81.72816746454164,66.88931950179222,1378
9,140,Pilkhuwa (NPP),83736,55936,1,66.80042036877806,Growing,66.92680577859915,66.80042036877806,66.88889015565282,1379
29,572,Hebbagodi (CT),34827,28258,1,81.13819737559939,Small,60.77486218208231,81.13819737559939,66.88386274013743,1380
32,591,Pantheeramkavu (CT),24537,21307,1,86.83620654521744,Small,58.31902858121409,86.83620654521744,66.8741819704151,1381
29,583,Nelamangala (TMC),37232,29790,1,80.0118177911474,Small,61.24312588389618,80.0118177911474,66.87373345607153,1382
32,592,Kannamangalam (CT),41260,32293,1,78.2670867668444,Small,61.96348494522317,78.2670867668444,66.85456549170954,1383
19,333,Kandi (M),55632,40816,1,73.36784584411849,Growing,64.05928783454779,73.36784584411849,66.85185523741899,1384
28,540,Jangaon (M),52394,38948,1,74.33675611711264,Growing,63.638769445402374,74.33675611711264,66.84816544691546,1385
32,592,Parappur (CT),36270,29141,1,80.34463744141163,Small,61.059555223787584,80.34463744141163,66.8450798890748,1386
33,605,Katpadi (TP),28797,24222,1,84.1129284300448,Small,59.44164037941378,84.1129284300448,66.84302679460309,1387
27,510,Digras (M Cl),44767,34421,1,76.88922643911809,Small,62.53555077710074,76.88922643911809,66.84165347570594,1388
27,501,Balapur (M Cl),44594,34309,1,76.93635915145536,Small,62.5083986862355,76.93635915145536,66.83678682580145,1389
3,39,Nawanshahr (M Cl),46024,35169,1,76.4144794020511,Small,62.729739959910034,76.4144794020511,66.83516179255236,1390
33,632,Saravanampatti (TP),32920,26959,1,81.89246658566222,Small,60.37997147410136,81.89246658566222,66.83372000756961,1391
28,532,Kagaznagar (M),57583,41871,1,72.71416911241165,Growing,64.30100249582416,72.71416911241165,66.8249524808004,1392
27,499,Pachora (M Cl),59609,42995,1,72.128369877032,Growing,64.54349130801542,72.128369877032,66.81895487872039,1393
29,581,Bangarapet (TMC),44849,34424,1,76.75533456710295,Small,62.54838392202379,76.75533456710295,66.81046911554753,1394
27,516,Satana (M Cl),37701,30008,1,79.59470571072386,Small,61.33090843027142,79.59470571072386,66.81004761440715,1395
7,96,Mundka (CT),54541,40102,1,73.52633798426872,Growing,63.92039806411668,73.52633798426872,66.80218004016228,1396
21,390,Phulabani (M),37371,29788,1,79.7088651628268,Small,61.26925722751273,79.7088651628268,66.80113960810695,1397
33,605,Walajapet (M + OG),47498,35991,1,75.77371678807529,Small,62.95080738166581,75.77371678807529,66.79768020358865,1398
23,426,Panna (M),50820,37944,1,74.66351829988194,Growing,63.424871927711465,74.66351829988194,66.79646583936261,1399
27,520,Mahad (M Cl),27536,23316,1,84.67460778617082,Small,59.12764467301324,84.67460778617082,66.79173360696052,1400
22,411,Mahasamund (M + OG),54413,39986,1,73.48611545035195,Growing,63.90392124435098,73.48611545035195,66.77857950615126,1401
23,434,Jaora (M + OG),74907,51114,1,68.23661340061676,Growing,66.14545064465563,68.23661340061676,66.77279947144396,1402
32,600,Adichanalloor (CT),27240,23095,1,84.7834067547724,Small,59.05185602860207,84.7834067547724,66.77132124645317,1403
19,336,Taherpur (NA + OG),38039,30166,1,79.30282078919004,Small,61.39349731129096,79.30282078919004,66.76629435466067,1404
32,597,Paippad (CT),21338,18930,1,88.71496860061862,Small,57.339450690799396,88.71496860061862,66.75210606374516,1405
32,591,Thazhecode (CT),25116,21606,1,86.0248447204969,Small,58.48257823702583,86.0248447204969,66.74525818206715,1406
32,600,Karunagappally (CT),25336,21754,1,85.86201452478687,Small,58.5437349595802,85.86201452478687,66.7392188291422,1407
32,600,Panayam (CT),25607,21937,1,85.66798141133283,Small,58.61834309620642,85.66798141133283,66.73323459074433,1408
28,548,Repalle (M),50866,37862,1,74.43478944678174,Growing,63.43121650260477,74.43478944678174,66.73228838585786,1409
29,560,Koppal (CMC),70698,48806,1,69.03448470960988,Growing,65.73991218027112,69.03448470960988,66.72828393907275,1410
32,595,Eramalloor (CT),33829,27429,1,81.08132076029442,Small,60.57097761385032,81.08132076029442,66.72408055778354,1411
10,230,Khagaul (Nagar Parishad),44364,34002,1,76.64322423586691,Small,62.47213696606466,76.64322423586691,66.72346314700533,1412
23,452,Gadarwara (M + OG),47604,35936,1,75.48945466767498,Small,62.966439636794135,75.48945466767498,66.72334414605838,1413
15,284,Champhai (NT),32734,26713,1,81.60628093114192,Small,60.3402382269832,81.60628093114192,66.72005103823082,1414
32,589,Ancharakandy (CT),23030,20116,1,87.34693877551021,Small,57.87455192340121,87.34693877551021,66.7162679790339,1415
19,337,Baduria (M),52493,38770,1,73.85746670984703,Growing,63.652007365376065,73.85746670984703,66.71364516871735,1416
29,569,Kundapura (TMC),30444,25191,1,82.7453685455262,Small,59.8316567646766,82.7453685455262,66.70577029893148,1417
33,612,Kodaikanal (M),36501,29119,1,79.77589655077944,Small,61.10407546744592,79.77589655077944,66.70562179244597,1418
32,593,Chittur-Thathamangalam (M),32298,26406,1,81.7573843581646,Small,60.24620812610324,81.7573843581646,66.69956099572164,1419
23,434,Jaora (M),72847,49855,1,68.43795900997982,Growing,65.94989758795134,68.43795900997982,66.69631601455988,1420
29,563,Kumta (TMC),29266,24393,1,83.3492790268571,Small,59.55492794119134,83.3492790268571,66.69323326689106,1421
22,411,Mahasamund (M),53783,39469,1,73.38564230333004,Growing,63.82225537357418,73.38564230333004,66.69127145250094,1422
29,569,Karkal (TMC),25800,22034,1,85.40310077519379,Small,58.67099748379214,85.40310077519379,66.69062847121263,1423
32,598,Krishnapuram (CT),26705,22649,1,84.81183299007677,Small,58.912759883426844,84.81183299007677,66.68248181542182,1424
21,398,Sunabeda (NAC).,50394,37489,1,74.39179267373099,Growing,63.36584130481262,74.39179267373099,66.67362671548813,1425
28,548,Mangalagiri (M),73613,50197,1,68.19040115197043,Growing,66.02325130772392,68.19040115197043,66.67339626099788,1426
24,479,Una (M),58528,42096,1,71.92454893384364,Growing,64.4151522352048,71.92454893384364,66.66797124479645,1427
29,563,Bhatkal (TMC),32000,26162,1,81.75625,Small,60.18120671672119,81.75625,66.65371970170483,1428
32,591,Kuttikkattoor (CT),25929,22077,1,85.14404720583131,Small,58.705972192772094,85.14404720583131,66.63739469668985,1429
6,69,Kalka (MC + OG),34134,27522,1,80.62928458428547,Small,60.633918348278115,80.62928458428547,66.63252821908031,1430
32,600,Nedumpana (CT),29454,24452,1,83.01758674543356,Small,59.59983068370145,83.01758674543356,66.62515750222109,1431
27,527,Wai (M Cl),36025,28720,1,79.72241498959056,Small,61.01202587727689,79.72241498959056,66.625142610971,1432
24,488,Bholav (CT),24605,21150,1,85.95813858971754,Small,58.33843534234076,85.95813858971754,66.62434631655378,1433
24,486,Dabhoi (M),51240,37884,1,73.9344262295082,Growing,63.482588700560186,73.9344262295082,66.61813995924459,1434
32,593,Pattambi (CT),28632,23888,1,83.43112601285276,Small,59.40134519631967,83.43112601285276,66.61027944127959,1435
27,531,Tasgaon (M Cl),37945,29905,1,78.81143760706286,Small,61.37614693634084,78.81143760706286,66.60673413755744,1436
21,374,Rajagangapur (M),51362,37934,1,73.85615824928936,Growing,63.499265400552915,73.85615824928936,66.60633325517384,1437
24,478,Chhaya (M),47699,35782,1,75.01624772007798,Small,62.980420128176576,75.01624772007798,66.591168405747,1438
32,598,Pathiyoor (CT),23460,20318,1,86.60699062233589,Small,58.00427492322603,86.60699062233589,66.58508963295898,1439
32,600,Poothakkulam (CT),29447,24406,1,82.88110843209834,Small,59.598163916291114,82.88110843209834,66.58304727103328,1440
29,577,Nanjangud (TMC),50598,37445,1,74.00490137950116,Growing,63.394171499395625,74.00490137950116,66.57739046342728,1441
28,551,Rayachoti (M),91234,58710,1,64.35100949207532,Growing,67.52819730195749,64.35100949207532,66.57504095899283,1442
3,53,Dhuri (M Cl),55225,40067,1,72.55228610230874,Growing,64.00779583266737,72.55228610230874,66.57114291355978,1443
29,575,Mudbidri (TMC),29431,24377,1,82.82763072950291,Small,59.59435267394929,82.82763072950291,66.56433609061537,1444
28,541,Bhadrachalam (CT),50087,37125,1,74.12102940882865,Growing,63.32299025100585,74.12102940882865,66.56240199835268,1445
33,628,Puliankudi (M),66034,45946,1,69.57930762940303,Growing,65.26132075461504,69.57930762940303,66.55671681705144,1446
22,413,Kanker (M + OG),37442,29517,1,78.83392981144169,Small,61.282567414955146,78.83392981144169,66.5479761339011,1447
28,548,Ponnur (M),59913,42617,1,71.13147397059069,Growing,64.57916382668706,71.13147397059069,66.54485686985815,1448
28,554,Palamaner (M + OG) (Part),54035,39319,2,72.76579994448042,Growing,63.855035934201524,72.76579994448042,66.52826513728519,1449
33,613,Pallapatti (TP),30624,25126,1,82.04676071055381,Small,59.87299578835026,82.04676071055381,66.52512526501133,1450
8,111,Fatehpur (M),92595,59205,1,63.93973756682326,Growing,67.63203658558461,63.93973756682326,66.5243468799562,1451
8,102,Sujangarh (M),101523,63383,1,62.43215823015474,Medium,68.2775492553834,62.43215823015474,66.5239319478148,1452
23,446,Mandideep (M),59654,42427,1,71.12180239380427,Growing,64.54878323562386,71.12180239380427,66.52068898307797,1453
10,210,Kishanganj (Nagar Parishad),105782,65308,1,61.73829195893441,Medium,68.5657327864312,61.73829195893441,66.51750053818216,1454
33,627,Tiruchendur (TP),32171,26122,1,81.19735165210903,Small,60.2185798206481,81.19735165210903,66.51221137008638,1455
19,335,Memari (M),41451,31935,1,77.04277339509301,Small,61.99587224483529,77.04277339509301,66.5099425899126,1456
19,328,Kharia (P) (CT),61661,43498,1,70.54377969867501,Growing,64.78083223905337,70.54377969867501,66.50971647693986,1457
32,591,Iringal (CT),25894,21931,1,84.69529620761567,Small,58.69650016042913,84.69529620761567,66.4961389745851,1458
23,459,Ashoknagar (M),81828,53890,1,65.85765263723908,Growing,66.7651687667551,65.85765263723908,66.49291392790029,1459
8,102,Sardarshahar (M),95911,60658,1,63.24404917058523,Growing,67.8787790568638,63.24404917058523,66.48836009098022,1460
19,338,Nabagram Colony (CT),18358,16576,1,90.29306024621418,Small,56.28462727856876,90.29306024621418,66.48715716886238,1461
8,123,Nathdwara (M),42016,32233,1,76.71601294744859,Small,62.09081115525712,76.71601294744859,66.47837169291456,1462
20,357,Jugsalai (M),49660,36733,1,73.9689891260572,Small,63.262950850103806,73.9689891260572,66.47476233288982,1463
23,452,Gadarwara (M),45344,34210,1,75.4454834156669,Small,62.62535746359485,75.4454834156669,66.47139524921646,1464
32,601,Iroopara (CT),23113,19985,1,86.4664907195085,Small,57.89977907883783,86.4664907195085,66.46979257103902,1465
29,556,Jamkhandi (CMC),68938,47271,1,68.57030955351185,Growing,65.56312677041227,68.57030955351185,66.46528160534214,1466
33,604,Kundrathur (TP),42126,32279,1,76.6248872430328,Small,62.109146291937876,76.6248872430328,66.46386857726635,1467
18,303,Barpeta Road (MB),35571,28225,1,79.34834556239633,Small,60.923090376398584,79.34834556239633,66.4506669321979,1468
6,69,Pinjore (MC),35912,28437,1,79.1852305635999,Small,60.989995152914844,79.1852305635999,66.44856577612035,1469
24,493,Vyara (M),39789,30837,1,77.5013194601523,Small,61.70890958989218,77.5013194601523,66.44663255097021,1470
32,592,Irimbiliyam (CT),30635,25047,1,81.75942549371634,Small,59.87551417831871,81.75942549371634,66.440687572938,1471
29,584,Kanakapura (TMC),54014,39141,1,72.46454622875551,Growing,63.85231006581867,72.46454622875551,66.43598091469971,1472
27,520,Uran (M Cl),30439,24911,1,81.83908801208976,Small,59.8305049726503,81.83908801208976,66.43307988448214,1473
32,591,Mavoor (CT),29781,24474,1,82.17991336758335,Small,59.677254305050674,82.17991336758335,66.42805202381048,1474
32,598,Cheppad (CT),20052,17769,1,88.61460203470976,Small,56.903558864200164,88.61460203470976,66.41687181535303,1475
23,462,Sidhi (M),54331,39281,1,72.29942390163995,Growing,63.89334540083733,72.29942390163995,66.41516895107812,1476
33,633,Neripperichal (CT),53579,38859,1,72.52654958099255,Growing,63.79560603838114,72.52654958099255,66.41488910116456,1477
23,427,Sagar Cantt (CB),40513,31233,1,77.09377236936292,Small,61.83536212136542,77.09377236936292,66.41288519576467,1478
27,505,Hudkeshwar bk. (CT),24499,20903,1,85.32184987142332,Small,58.30816018889302,85.32184987142332,66.4122670936521,1479
9,161,Bharthana (NPP),44120,33391,1,75.68223028105167,Small,62.433461929185896,75.68223028105167,66.40809243474563,1480
32,589,Panniyannur (CT),22308,19368,1,86.82087143625606,Small,57.651191220483554,86.82087143625606,66.4020952852153,1481
28,539,Bhongir (M),53339,38689,1,72.53416824462401,Growing,63.764123670191374,72.53416824462401,66.39513704252116,1482
32,595,Puthencruz (CT),22378,19410,1,86.73697381356689,Small,57.67316080529535,86.73697381356689,66.39230470777682,1483
33,604,Peerkankaranai (TP + OG),29250,24082,1,82.33162393162394,Small,59.55109312200485,82.33162393162394,66.38525236489058,1484
33,625,Thiruthangal (M),55362,39800,1,71.89046638488495,Growing,64.02517076936728,71.89046638488495,66.38475945402257,1485
28,533,Bodhan (M),77573,51479,1,66.36200739948178,Growing,66.39069566469283,66.36200739948178,66.38208918512952,1486
6,69,Kalka (MC),32255,26036,1,80.7192683304914,Small,60.23686584335953,80.7192683304914,66.3815865894991,1487
10,217,Gopalganj (Nagar Parishad),67339,46237,1,68.66303330907795,Growing,65.39855557290963,68.66303330907795,66.37789889376012,1488
23,441,Barwani (M),55504,39856,1,71.8074373018161,Growing,64.04313450857217,71.8074373018161,66.37242534654534,1489
33,602,Tiruttani (M),44781,33728,1,75.31765704204908,Small,62.537743465009356,75.31765704204908,66.37171753812126,1490
32,592,Cherukavu (CT),30126,24644,1,81.80309367323906,Small,59.75802358259424,81.80309367323906,66.37154460978769,1491
33,602,Ayappakkam (CT),29511,24234,1,82.11853207278642,Small,59.61338820609436,82.11853207278642,66.36493136610198,1492
6,83,Jhajjar (MC),48424,35831,1,73.9943003469354,Small,63.08620516990806,73.9943003469354,66.35863372301625,1493
33,632,Gudalur (TP),38859,30152,1,77.59335031781569,Small,61.54305830651131,77.59335031781569,66.35814590990262,1494
10,238,Jamui (Nagar Parishad),87357,56201,1,64.33485582151401,Growing,67.223678594841,64.33485582151401,66.3570317628429,1495
27,500,Mehkar (M Cl),45248,33980,1,75.09724186704385,Small,62.610495153007506,75.09724186704385,66.35651916721841,1496
33,623,Nagavakulam (CT),23284,20016,1,85.96461089159938,Small,57.951468757069605,85.96461089159938,66.35541139742853,1497
32,589,Muzhappilangad (CT),23709,20306,1,85.64680079294783,Small,58.07831087612638,85.64680079294783,66.34885785117281,1498
5,60,Mussoorie (NPP),30118,24615,1,81.72853443123714,Small,59.75616116894952,81.72853443123714,66.3478731476358,1499
33,604,Perungudi (TP),43111,32704,1,75.8599893298694,Small,62.271227098599894,75.8599893298694,66.34785576798075,1500
19,333,Jiaganj-Azimganj (M),51790,37728,1,72.84804016219347,Growing,63.55745891159206,72.84804016219347,66.34463328677248,1501
27,529,Sawantwadi (M Cl),23851,20398,1,85.52261959666262,Small,58.12018482311447,85.52261959666262,66.34091525517891,1502
1,6,Rajauri (MC),29486,24190,1,82.0389337312623,Small,59.607445150995076,82.0389337312623,66.33689172507525,1503
32,598,Muthukulam (CT),20740,18208,1,87.7917068466731,Small,57.14012234444198,87.7917068466731,66.33559769511132,1504
32,595,Kakkanad (CT),25531,21543,1,84.3797736085543,Small,58.597499744297146,84.3797736085543,66.33218190357428,1505
24,475,Limbdi (M),42769,32474,1,75.92882695410226,Small,62.215374854833996,75.92882695410226,66.32941048461447,1506
33,628,Ambasamudram (M),35645,28127,1,78.90868284471875,Small,60.93766362842046,78.90868284471875,66.32896939330995,1507
19,341,Chakapara (CT),35282,27897,1,79.06864690210305,Small,60.86588404186741,79.06864690210305,66.3267128999381,1508
28,538,Wanaparthy (M),60949,42713,1,70.0799028696123,Growing,64.6993868932809,70.0799028696123,66.31354168618032,1509
22,408,Dongargarh (M),37372,29170,1,78.05308787327411,Small,61.26944487045169,78.05308787327411,66.30453777129841,1510
18,325,Mangaldoi (MB),25989,21827,1,83.98553234060564,Small,58.72218025638861,83.98553234060564,66.30118588165371,1511
32,590,Kalpetta (M),31580,25515,1,80.79480683977201,Small,60.088558770770774,80.79480683977201,66.30043319147114,1512
27,505,Savner (M Cl),32498,26102,1,80.31878884854453,Small,60.28949778322491,80.31878884854453,66.29828510282078,1513
16,289,Khowai (NP),18526,16582,1,89.50663931771564,Small,56.34850730623487,89.50663931771564,66.2959469096791,1514
33,610,Surampatti (M),41782,31830,1,76.18113063041501,Small,62.051647128351185,76.18113063041501,66.29049217897034,1515
8,112,Nagaur (M + OG),105218,64243,1,61.057043471649344,Medium,68.52824343396229,61.057043471649344,66.2868834452684,1516
1,8,Baramula (M Cl),58053,41085,1,70.77153635471035,Growing,64.3580076402469,70.77153635471035,66.28206625458593,1517
7,98,Chattar Pur (CT),46776,34753,1,74.29664785360013,Small,62.84339387046865,74.29664785360013,66.2793700654081,1518
32,595,Vadakkekara (CT),20571,18045,1,87.72057751203151,Small,57.08274812808185,87.72057751203151,66.27409694326674,1519
2,32,Nahan (M Cl),28899,23740,1,82.14817121699713,Small,59.466434815624936,82.14817121699713,66.2709557360366,1520
24,483,Balasinor (M),39330,30314,1,77.07602339181287,Small,61.62754411516636,77.07602339181287,66.2620878981603,1521
33,610,Bhavani (M),39225,30250,1,77.11918419375398,Small,61.60879766505225,77.11918419375398,66.26191362366276,1522
33,628,Vadakkuvalliyur (TP),29417,24071,1,81.82683482340144,Small,59.59101613691749,81.82683482340144,66.26176174286267,1523
27,522,Ahmadnagar (CB),28986,23787,1,82.06375491616642,Small,59.48751395665583,82.06375491616642,66.26038624450901,1524
27,505,Wanadongri (CT),37667,29296,1,77.77630286457642,Small,61.32458147442139,77.77630286457642,66.2600978914679,1525
32,600,Kulasekharapuram (CT),26907,22406,1,83.27201100085479,Small,58.96560314159329,83.27201100085479,66.25752549937174,1526
32,591,Naduvannur (CT),25979,21777,1,83.82539743639093,Small,58.71948151256608,83.82539743639093,66.25125628971352,1527
9,166,Jhansi (CB),28343,23354,1,82.39777017252938,Small,59.33020478673758,82.39777017252938,66.25047440247512,1528
24,488,Anklesvar (INA),24789,20969,1,84.58993908588486,Small,58.390680064326084,84.58993908588486,66.25045777079372,1529
24,476,Jasdan (M),48483,35660,1,73.55155415300209,Small,63.09474407774044,73.55155415300209,66.23178710031893,1530
28,554,Palamaner (M),51163,37176,1,72.66188456501769,Growing,63.47204279160139,72.66188456501769,66.22899532362626,1531
33,621,Pudukkottai (CT),26116,21839,1,83.62306631949762,Small,58.75636425669752,83.62306631949762,66.21637487553755,1532
8,112,Nagaur (M),102872,62945,1,61.18768955595303,Medium,68.37011666506788,61.18768955595303,66.21538853233342,1533
32,594,Guruvayoor (M),20510,17953,1,87.5329107752316,Small,57.06192325432493,87.5329107752316,66.20321951059692,1534
32,589,Azhikode North (CT),22128,19094,1,86.28886478669558,Small,57.5943799177181,86.28886478669558,66.20272537841134,1535
23,425,Nowgong (M),40580,30989,1,76.36520453425332,Small,61.84694976675023,76.36520453425332,66.20242619700116,1536
29,568,Shikarpur (TMC),36015,28205,1,78.31459114257949,Small,61.01007904465664,78.31459114257949,66.2014326740335,1537
8,117,Abu Road (M + OG),55599,39587,1,71.20092087987194,Growing,64.05512686368323,71.20092087987194,66.19886506853985,1538
28,543,Parvathipuram (M),53844,38618,1,71.72201173761236,Growing,63.83020441845464,71.72201173761236,66.19774661420196,1539
27,510,Pandharkaoda (M Cl),31094,25094,1,80.70367273428958,Small,59.979801556590495,80.70367273428958,66.19696290990022,1540
28,554,Nagari (M),62253,43136,1,69.29143976997094,Growing,64.84783797746984,69.29143976997094,66.18091851522016,1541
33,624,Chinnamanur (M),42305,31987,1,75.61044793759602,Small,62.13888046287616,75.61044793759602,66.18035070529211,1542
28,532,Bellampalle (M) (Part),55841,39680,2,71.0588993750112,Growing,64.08558347099007,71.0588993750112,66.1775782421964,1543
27,504,Pipri (CT),23661,20137,1,85.10629305608384,Small,58.064099568580076,85.10629305608384,66.1767576148312,1544
32,594,Perinjanam (CT),21012,18290,1,87.04549781077479,Small,57.231489758483356,87.04549781077479,66.17569217417078,1545
16,292,Kailasahar (NP),22405,19265,1,85.98527114483375,Small,57.681616428286134,85.98527114483375,66.17271284325042,1546
33,631,Mookondapalli (CT),39245,30143,1,76.80723659064849,Small,61.61237228320301,76.80723659064849,66.17083157543665,1547
27,510,Umarsara (CT),21752,18807,1,86.46101507907319,Small,57.4742015134274,86.46101507907319,66.17024558312113,1548
28,548,Tadepalle (M + OG),64149,44110,1,68.76178896007733,Growing,65.05822767133279,68.76178896007733,66.16929605795615,1549
24,484,Lunawada (M),36954,28737,1,77.76424744276669,Small,61.19056925048585,77.76424744276669,66.16267270817009,1550
5,66,Ramnagar (NPP),54787,39067,1,71.30706189424498,Growing,63.95195616532343,71.30706189424498,66.1584878839999,1551
32,591,Thikkody (CT),27051,22410,1,82.84351779971165,Small,59.00303194601347,82.84351779971165,66.15517770212293,1552
9,140,Muradnagar (NPP),95208,59247,1,62.22901436854046,Growing,67.82718932777537,62.22901436854046,66.1477368400049,1553
32,592,Peruvallur (CT),34941,27459,1,78.58676053919464,Small,60.79777881918671,78.58676053919464,66.13447333518909,1554
32,598,Puthuppally (CT),20390,17818,1,87.38597351642963,Small,57.02077491425253,87.38597351642963,66.13033449490565,1555
8,117,Abu Road (M),52363,37677,1,71.95347860130245,Growing,63.63461909528121,71.95347860130245,66.13027694708758,1556
33,617,Nellikuppam (M),46678,34461,1,73.8270705685762,Small,62.82868655463958,73.8270705685762,66.12820175882057,1557
29,577,Krishnarajanagara (TMC),35805,27985,1,78.15947493366848,Small,60.96907021167136,78.15947493366848,66.12619162827049,1558
7,92,Babar Pur (CT),37058,28754,1,77.59188299422527,Small,61.21027686787104,77.59188299422527,66.12475870577731,1559
19,328,Uttar Satali (CT),18454,16421,1,88.98341822911023,Small,56.32120137302641,88.98341822911023,66.11986642985156,1560
29,555,Athni (TMC + OG),47842,35112,1,73.39158061953933,Small,63.00141203358274,73.39158061953933,66.11846260936971,1561
33,623,Usilampatti (M),35219,27608,1,78.38950566455605,Small,60.85335126116364,78.38950566455605,66.11419758218136,1562
20,357,Ghatshila (CT),40624,30892,1,76.04371799921229,Small,61.854549160947556,76.04371799921229,66.11129981242698,1563
32,594,Talikkulam (CT),25507,21337,1,83.65154663425727,Small,58.5909047415512,83.65154663425727,66.10909730936302,1564
13,267,Tuensang (TC),36774,28559,1,77.660847337793,Small,61.15632848172563,77.660847337793,66.10768413854584,1565
33,604,Mangadu (TP),38188,29421,1,77.04252644809888,Small,61.42091185183121,77.04252644809888,66.1073962307115,1566
18,305,Lanka (MB),36805,28571,1,77.6280396685233,Small,61.16223743296817,77.6280396685233,66.1019781036347,1567
32,598,Kuthiathode (CT),23669,20083,1,84.84938104693903,Small,58.06647012069808,84.84938104693903,66.10134339857036,1568
6,72,Shahbad (MC),42607,32048,1,75.21768723449198,Small,62.18876246164916,75.21768723449198,66.097439893502,1569
32,600,Thrikkaruva (CT),25432,21274,1,83.65051903114187,Small,58.57025529178574,83.65051903114187,66.09433441359258,1570
27,515,Sillod (M Cl),58230,40811,1,70.08586639189421,Growing,64.37935598842472,70.08586639189421,66.09130910946557,1571
29,578,Chamarajanagar (CMC),69875,46886,1,67.09982110912344,Growing,65.65779933941059,67.09982110912344,66.09040587032445,1572
3,53,Sunam Udham Singh Wala (M Cl + OG),69069,46472,1,67.28344119648467,Growing,65.57643984575327,67.28344119648467,66.08854025097268,1573
32,589,Pattiom (CT),20161,17623,1,87.41133872327762,Small,56.941573764963536,87.41133872327762,66.08250325245776,1574
27,515,Satara (CT),39973,30454,1,76.18642583744027,Small,61.74126344537251,76.18642583744027,66.07481216299283,1575
29,575,Someshwar (CT),24066,20333,1,84.48848998587218,Small,58.18311341305572,84.48848998587218,66.07472638490066,1576
24,474,Sanand (M),41530,31374,1,75.54538887551168,Small,62.00922443360978,75.54538887551168,66.07007376618034,1577
28,545,Ramachandrapuram (M),43657,32623,1,74.7257026364615,Small,62.359482877079955,74.7257026364615,66.06934880489442,1578
32,591,Ayancheri (CT),26293,21823,1,82.99927737420606,Small,58.80373027124543,82.99927737420606,66.0623944021336,1579
8,131,Pratapgarh (M),42079,31687,1,75.30359561776659,Small,62.10131805286431,75.30359561776659,66.06200132233499,1580
32,592,Kondotty (CT),28794,23469,1,81.5065638674724,Small,59.44090980253021,81.5065638674724,66.06060602201286,1581
8,110,Chomu (M),64417,43997,1,68.30029340081035,Growing,65.08746360094872,68.30029340081035,66.0513125409072,1582
23,427,Khurai (M),51108,36841,1,72.08460514987868,Growing,63.46450027788458,72.08460514987868,66.0505317394828,1583
32,598,Kandalloor (CT),19925,17433,1,87.4930991217064,Small,56.8590047690844,87.4930991217064,66.049233074871,1584
7,98,Jait Pur (CT),59330,41303,1,69.61570874768246,Growing,64.51059192245539,69.61570874768246,66.0421269700235,1585
24,488,Jhadeshwar (CT),28148,23029,1,81.8139832314907,Small,59.28179244716991,81.8139832314907,66.04144968246615,1586
9,200,Obra (NP),46574,34264,1,73.56894404603426,Small,62.81304498175386,73.56894404603426,66.03981470103798,1587
33,627,Mappilaiurani (CT),40035,30441,1,76.0359685275384,Small,61.752131751901175,76.0359685275384,66.03728278459234,1588
24,481,Sihor (M),54547,38707,1,70.96082277668799,Growing,63.92116946597681,70.96082277668799,66.03306545919017,1589
1,5,Punch (M Cl),26854,22168,1,82.55008564832055,Small,58.95177681254077,82.55008564832055,66.0312694632747,1590
28,549,Markapur (M),71092,47355,1,66.61087042142576,Growing,65.77888483446091,66.61087042142576,66.02848051055037,1591
32,598,Kodamthuruth (CT),21295,18385,1,86.33482038037099,Small,57.3253052427447,86.33482038037099,66.02815978403258,1592
33,604,Urapakkam (CT),29122,23649,1,81.20664789506216,Small,59.52033884054728,81.20664789506216,66.02623155690175,1593
34,634,Yanam (M),55626,39274,1,70.60367454068242,Growing,64.05853147800529,70.60367454068242,66.02207439680842,1594
7,92,Khajoori Khas (CT),76640,50084,1,65.34968684759916,Growing,66.30584120018965,65.34968684759916,66.0189948944125,1595
32,591,Edacheri (CT),26819,22133,1,82.52731272605243,Small,58.942631249967526,82.52731272605243,66.01803569279299,1596
17,298,Madanriting (CT),29194,23686,1,81.13310954305679,Small,59.53765471659093,81.13310954305679,66.01629116453068,1597
27,527,Karanje Tarf Satara (CT),29140,23643,1,81.13589567604667,Small,59.5246718196517,81.13589567604667,66.00803897657019,1598
29,577,Hunsur (TMC),50865,36630,1,72.01415511648482,Growing,63.43107863808222,72.01415511648482,66.00600158160299,1599
19,330,Islampur (M),54340,38540,1,70.92381302907619,Growing,63.89450694366345,70.92381302907619,66.00329876928727,1600
32,600,Ayanivelikulangara (CT),24268,20408,1,84.09428053403659,Small,58.24172690053684,84.09428053403659,65.99749299058676,1601
21,389,Paralakhemundi (M + OG),46272,34010,1,73.50017289073307,Small,62.76742550559895,73.50017289073307,65.9872497211392,1602
9,198,Bhadohi (NPP),94620,58470,1,61.79454660748256,Growing,67.78374548432984,61.79454660748256,65.98698582127565,1603
30,585,Ponda (M Cl),22664,19302,1,85.16590187080833,Small,57.762213956570406,85.16590187080833,65.98332033084178,1604
21,379,Pattamundai (NAC),36528,28256,1,77.35435830048182,Small,61.109260731881776,77.35435830048182,65.98279000246178,1605
9,146,Agra (CB),53053,37796,1,71.24196558158822,Growing,63.72642167662968,71.24196558158822,65.98108484811723,1606
32,593,Thrithala (CT),27796,22740,1,81.81033242193121,Small,59.19354671190339,81.81033242193121,65.97858242491174,1607
33,604,Thiruneermalai (TP),30702,24616,1,80.17718715393134,Small,59.89083396283408,80.17718715393134,65.97673992016325,1608
29,555,Athni (TMC),45858,33754,1,73.60547777923155,Small,62.704401335149655,73.60547777923155,65.97472426837422,1609
20,367,Simdega (NP),42944,32067,1,74.6716654247392,Small,62.24400978941995,74.6716654247392,65.97230648001572,1610
32,588,Kudlu (CT),26235,21705,1,82.7329902801601,Small,58.78824441790476,82.7329902801601,65.97166817658136,1611
8,109,Bandikui (M),44664,33061,1,74.02158337811213,Small,62.51939774745391,74.02158337811213,65.97005343665137,1612
24,479,Mangrol (M + OG),69779,46551,1,66.71204803737514,Growing,65.64815825078246,66.71204803737514,65.96732518676026,1613
33,629,Kollancode (TP),38385,29351,1,76.4647648821154,Small,61.45699417995084,76.4647648821154,65.95932539060021,1614
15,282,Kolasib (NT),24272,20375,1,83.94446275543837,Small,58.24288263136824,83.94446275543837,65.95335666858928,1615
28,553,Kadiri (M),89429,55983,1,62.600498719654695,Growing,67.38806701729911,62.600498719654695,65.95179652800579,1616
32,594,Killannur (CT),20339,17656,1,86.8085943261714,Small,57.003213491284285,86.8085943261714,65.94482774175042,1617
28,547,Jaggaiahpet (M),53530,37990,1,70.9695497851672,Growing,63.78918986030323,70.9695497851672,65.94329783776243,1618
33,604,Peerkankaranai (TP),25871,21438,1,82.86498395887287,Small,58.69026870863362,82.86498395887287,65.94268328370539,1619
20,351,Godda (NP),48480,35182,1,72.57013201320132,Small,63.09431014679182,72.57013201320132,65.93705670671467,1620
32,589,Chelora (CT),20952,18079,1,86.2877052310042,Small,57.2114372669008,86.2877052310042,65.93431765613182,1621
9,141,Dadri (NPP),91189,56740,1,62.22241717751045,Growing,67.52473756930533,62.22241717751045,65.93404145176686,1622
22,405,Champa (M),45256,33347,1,73.68525720346474,Small,62.611734882661594,73.68525720346474,65.93379157890254,1623
29,582,Gauribidanur (TMC),37947,29054,1,76.564682320078,Small,61.37651654056453,76.564682320078,65.93296627441858,1624
33,629,Kuzhithurai (M),21307,18322,1,85.99051954756652,Small,57.329255680781564,85.99051954756652,65.92763484081705,1625
27,504,Sindi Turf Hindnagar (CT),20956,18077,1,86.26169116243558,Small,57.21277588503635,86.26169116243558,65.92745046825611,1626
24,474,Bavla (M + OG),42458,31718,1,74.70441377361156,Small,62.16419614937111,74.70441377361156,65.92626143664324,1627
18,323,Nalbari (MB),27839,22719,1,81.60853478932432,Small,59.20438646051321,81.60853478932432,65.92563095915655,1628
22,410,Bhatapara (M),57537,40119,1,69.727305907503,Growing,64.2953982922655,69.727305907503,65.92497057683674,1629
27,498,Walwadi (CT),29636,23881,1,80.58105007423404,Small,59.64302816693932,80.58105007423404,65.92443473912773,1630
33,606,Tiruvethipuram (M),37802,28954,1,76.59383101423205,Small,61.34966961646629,76.59383101423205,65.92291803579602,1631
16,290,Belonia (NP),19996,17394,1,86.9873974794959,Small,56.883947845115735,86.9873974794959,65.91498273542977,1632
33,602,Puzhal (TP),31665,25161,1,79.45997157745146,Small,60.107408001452434,79.45997157745146,65.91317707425213,1633
21,384,Talcher (M),40841,30748,1,75.28708895472687,Small,61.89190800327087,75.28708895472687,65.91046228870766,1634
19,328,Mainaguri (CT),30490,24408,1,80.05247622171203,Small,59.842244384643365,80.05247622171203,65.90531393576396,1635
27,530,Kabnur (CT),38146,29137,1,76.38284485922509,Small,61.413195104015074,76.38284485922509,65.90409003057808,1636
28,554,Puttur (M),54092,38197,1,70.61487835539452,Growing,63.86242938321145,70.61487835539452,65.88816407486637,1637
9,145,Vrindavan (NPP),63005,42917,1,68.1168161257043,Growing,64.93204048476173,68.1168161257043,65.8874731770445,1638
22,409,Dalli-Rajhara (M),44363,32765,1,73.85659220521606,Small,62.471978896307625,73.85659220521606,65.88736288898015,1639
32,589,Kadachira (CT),18979,16652,1,87.73908003582908,Small,56.51791041062304,87.73908003582908,65.88426129818484,1640
33,614,Thuraiyur (M),32439,25615,1,78.96359320570919,Small,60.2767550994051,78.96359320570919,65.88280653129632,1641
27,516,Igatpuri (M Cl),30989,24699,1,79.70247507179967,Small,59.956081408266414,79.70247507179967,65.87999950732639,1642
32,598,Thaikattussery (CT),20874,17985,1,86.1598160390917,Small,57.1852830103516,86.1598160390917,65.87764291897362,1643
9,160,Chhibramau (NPP),60986,41846,1,68.61574787656184,Growing,64.7036426873419,68.61574787656184,65.87727424410787,1644
15,285,Serchhip (NT),21158,18179,1,85.92021930239153,Small,57.28004596677347,85.92021930239153,65.87209796745888,1645
29,558,Basavakalyan (CMC),69717,46295,1,66.40417688655565,Growing,65.64192466256927,66.40417688655565,65.87060032976518,1646
21,398,Koraput (NAC),47468,34497,1,72.67422263419567,Small,62.94637682444467,72.67422263419567,65.86473056736997,1647
7,91,Kamal Pur Majra Burari (CT),43086,31992,1,74.25149700598801,Small,62.267159368154665,74.25149700598801,65.86246065950468,1648
19,336,Taherpur (NA),20894,17980,1,86.05341246290801,Small,57.19199853467264,86.05341246290801,65.85042271314325,1649
23,421,Morar Cantt (CB),48464,35019,1,72.25775833608452,Small,63.091995394810304,72.25775833608452,65.84172427719257,1650
32,600,Thodiyoor (CT),25884,21356,1,82.50656776386958,Small,58.69379151391559,82.50656776386958,65.83762438890179,1651
8,114,Jaisalmer (M),65471,44075,1,67.31988208519802,Growing,65.2012757959351,67.31988208519802,65.83685768271397,1652
32,592,Cheriyamundam (CT),31212,24783,1,79.40215301806998,Small,60.00636308660832,79.40215301806998,65.82510006604682,1653
33,622,Sankarapuram (CT),26536,21772,1,82.04703044920109,Small,58.868241435195,82.04703044920109,65.82187813939683,1654
24,481,Palitana (M),64497,43544,1,67.51321766903887,Growing,65.09616717429759,67.51321766903887,65.82128232271997,1655
33,618,Vedaranyam (M),34266,26680,1,77.8614369929376,Small,60.66098409683141,77.8614369929376,65.82111996566326,1656
33,613,Kulithalai (M),27910,22668,1,81.21820136151918,Small,59.22224805784615,81.21820136151918,65.82103404894806,1657
19,333,Murshidabad (M),44019,32451,1,73.72043890138349,Small,62.417390371809034,73.72043890138349,65.80830493068137,1658
6,79,Mandi Dabwali (MC),52873,37386,1,70.70905755300437,Growing,63.70258879679629,70.70905755300437,65.80452942365872,1659
9,177,Ayodhya (NPP),55890,39007,1,69.7924494542852,Growing,64.09173423438332,69.7924494542852,65.80194880035388,1660
8,99,Suratgarh (M),70536,46540,1,65.98049223091755,Growing,65.72382484294207,65.98049223091755,65.80082505933471,1661
33,627,Arumuganeri (TP),27266,22230,1,81.5301107606543,Small,59.05854604999243,81.5301107606543,65.80001546319099,1662
33,629,Edaicode (TP),25378,20985,1,82.68973126329891,Small,58.555349947680924,82.68973126329891,65.79566434236632,1663
27,510,Ner (M Cl),29302,23540,1,80.3358132550679,Small,59.56354862475973,80.3358132550679,65.79522801385218,1664
33,626,Rameswaram (M),44856,32908,1,73.36365257713572,Small,62.54947834721367,73.36365257713572,65.79373061619029,1665
9,142,Khurja (NPP + OG),121207,69204,1,57.095712293844414,Medium,69.52028731119991,57.095712293844414,65.79291480599325,1666
32,598,Kattanam (CT),19504,16966,1,86.98728465955702,Small,56.709251890008375,86.98728465955702,65.79266172087297,1667
23,447,Amla (M),30215,24107,1,79.78487506205528,Small,59.778709643383344,79.78487506205528,65.78055926898492,1668
28,554,Pileru (CT),41489,30949,1,74.59567596230326,Small,62.002297989973485,74.59567596230326,65.78031138167242,1669
33,632,Karamadai (TP),35166,27171,1,77.26497184780754,Small,60.84279043560581,77.26497184780754,65.76944485926632,1670
29,581,Mulbagal (TMC),57276,39671,1,69.26286751868147,Growing,64.2635154523939,69.26286751868147,65.76332107228018,1671
3,46,Mehna (CT),27733,22498,1,81.12357119676919,Small,59.17763490080922,81.12357119676919,65.76141578959721,1672
3,52,Naya Gaon (NP),50869,36215,1,71.19267137156224,Growing,63.43163007991126,71.19267137156224,65.75994246740655,1673
22,405,Naila-Janjgir (M),40561,30369,1,74.87241438820543,Small,61.8436656626026,74.87241438820543,65.75229028028343,1674
33,605,Melvisharam (M),44786,32797,1,73.23047380877952,Small,62.53852640171107,73.23047380877952,65.7461106238316,1675
14,276,Thoubal (MCI),45947,33448,1,72.79691818834745,Small,62.71799788499989,72.79691818834745,65.74167397600415,1676
2,24,Dharmsala (M Cl + OG),30764,24413,1,79.35574047588089,Small,59.904980727430335,79.35574047588089,65.7402086519655,1677
27,521,Chakan (CT),41113,30665,1,74.58711356505242,Small,61.93845633466138,74.58711356505242,65.73305350377869,1678
21,375,Anandpur (M),39585,29769,1,75.20272830617658,Small,61.67286365560551,75.20272830617658,65.73182305077682,1679
24,476,Kotharia (CT),53794,37748,1,70.17139457932112,Growing,63.823689473972365,70.17139457932112,65.72800100557698,1680
3,48,Samana (M Cl),54072,37897,1,70.08618138777926,Growing,63.85983607817428,70.08618138777926,65.72773967105577,1681
24,479,Mangrol (M),63794,42984,1,67.37937737091264,Growing,65.01931235889433,67.37937737091264,65.72733186249981,1682
9,196,Mughalsarai Railway Settlement (ITS),20441,17577,1,85.98894378944279,Small,57.0382924690992,85.98894378944279,65.72348786520227,1683
32,591,Maniyur (CT),21820,18529,1,84.91750687442713,Small,57.496089015937244,84.91750687442713,65.72251437348422,1684
29,556,Ilkal (CMC),60242,41139,1,68.28956541947478,Growing,64.61756657264426,68.28956541947478,65.71916622669342,1685
9,133,Khatauli (NPP),72949,47519,1,65.1400293355632,Growing,65.95970971242224,65.1400293355632,65.71380559936452,1686
33,633,Palladam (M),42225,31281,1,74.0817051509769,Small,62.12560702733937,74.0817051509769,65.71243646443062,1687
32,595,Kalady (CT),20380,17524,1,85.98626104023552,Small,57.01733496238508,85.98626104023552,65.70801278574021,1688
19,337,Jafarpur (CT),19062,16598,1,87.07375931171966,Small,56.54851019716154,87.07375931171966,65.70608493152898,1689
33,604,Mugalivakkam (CT),25117,20736,1,82.55763029024166,Small,58.482857432237815,82.55763029024166,65.70528928963897,1690
32,595,Kunnathunad (CT),22881,19233,1,84.05664088108037,Small,57.82903567123223,84.05664088108037,65.69731723418667,1691
27,497,Akkalkuwa (CT),17840,15722,1,88.12780269058295,Small,56.083919036833066,88.12780269058295,65.69708413295803,1692
27,498,Dondaicha-Warwade(M Cl),46767,33837,1,72.35229969850535,Small,62.842044484145035,72.35229969850535,65.69512104845313,1693
19,337,Taki (M),38263,28939,1,75.631811410501,Small,61.43467067356332,75.631811410501,65.69381289464462,1694
27,527,Godoli (CT),22517,18981,1,84.29630945507839,Small,57.71658314673278,84.29630945507839,65.69050103923647,1695
28,545,Mandapeta (M + OG),56063,38884,1,69.35768688796531,Growing,64.11340714935857,69.35768688796531,65.68669107094058,1696
7,90,Libas Pur (CT),44375,32473,1,73.17859154929577,Small,62.473875498276264,73.17859154929577,65.68529031358212,1697
32,588,Ajanur (CT),33079,25791,1,77.9678950391487,Small,60.41375942243856,77.9678950391487,65.68000010745159,1698
27,517,Boisar (CT),36151,27658,1,76.50687394539571,Small,61.036509772656174,76.50687394539571,65.67761902447803,1699
7,97,Dindar Pur (CT),35856,27470,1,76.6120035698349,Small,60.97905156977615,76.6120035698349,65.66893716979378,1700
28,554,Punganur (M),54746,38150,1,69.68545647170569,Growing,63.946706334153156,69.68545647170569,65.66833137541892,1701
3,53,Sunam Udham Singh Wala (M Cl),55455,38527,1,69.47434857091336,Growing,64.03694095185554,69.47434857091336,65.66816323757288,1702
27,511,Deglur (M Cl),54493,38013,1,69.75758354284036,Growing,63.91422379255337,69.75758354284036,65.66723171763947,1703
24,468,Mandvi (M),51376,36328,1,70.71005917159763,Growing,63.501176586087595,70.71005917159763,65.66384136174061,1704
28,534,Koratla (M),66504,44216,1,66.48622639239746,Growing,65.31105632291987,66.48622639239746,65.66360734376315,1705
27,499,Jamner (M Cl),46762,33778,1,72.23386510414439,Small,62.84129471286673,72.23386510414439,65.65906583025003,1706
21,389,Paralakhemundi (M),44469,32484,1,73.04864062605411,Small,62.48871449395823,73.04864062605411,65.65669233358699,1707
32,592,Kuttippuram (CT),25750,21112,1,81.98834951456311,Small,58.65739434921875,81.98834951456311,65.65668089882206,1708
28,537,Boduppal (CT),43692,32038,1,73.32692483749885,Small,62.365102595546986,73.32692483749885,65.65364926813254,1709
28,546,Nidadavole (M),43809,32097,1,73.26576730808738,Small,62.383855889036674,73.26576730808738,65.64842931475188,1710
5,61,Pauri (NPP),25440,20901,1,82.15801886792453,Small,58.57246079897421,82.15801886792453,65.6481282196593,1711
16,289,Bishalgarh (NP),21085,17970,1,85.22646431112165,Small,57.25580988826493,85.22646431112165,65.64700621512193,1712
28,537,Tandur (M),65115,43480,1,66.77416877831529,Growing,65.16304070072432,66.77416877831529,65.64637912400161,1713
33,617,Annamalai Nagar (TP),16289,14570,1,89.44686598317884,Small,55.446131000119635,89.44686598317884,65.6463514950374,1714
9,162,Bidhuna (NP),32252,25243,1,78.26801438670469,Small,60.236213591511756,78.26801438670469,65.64575383006964,1715
7,93,Gharonda Neemka Bangar alias Patpar Ganj (CT),37876,28647,1,75.63364663639244,Small,61.36338364685409,75.63364663639244,65.64446254371559,1716
33,628,Kalakad (TP),30921,24409,1,78.93987904660264,Small,59.940676872091736,78.93987904660264,65.640437524445,1717
28,543,Bobbili (M),56819,39193,1,68.97868670691142,Growing,64.20733843599916,68.97868670691142,65.63874291727284,1718
32,594,Koratty (CT),17618,15527,1,88.131456464979,Small,55.996110995454195,88.131456464979,65.63671463631164,1719
28,544,Bheemunipatnam (M + OG),55082,38269,1,69.47641697832323,Growing,63.98961391420097,69.47641697832323,65.63565483343764,1720
18,309,Digboi (TC),21736,18408,1,84.688995215311,Small,57.4690415696774,84.688995215311,65.63502766336748,1721
7,96,Bapraula (CT),52744,37010,1,70.16911876232368,Growing,63.685458604126076,70.16911876232368,65.63055665158535,1722
32,601,Pallippuram (CT),22512,18929,1,84.08404406538736,Small,57.715025844926224,84.08404406538736,65.62573131106456,1723
32,592,Urakam (CT),29157,23280,1,79.84360530918819,Small,59.528761620879735,79.84360530918819,65.62321472737227,1724
32,598,Mannar (CT),17067,15120,1,88.59201968711548,Small,55.77330043871868,88.59201968711548,65.61891621323772,1725
32,593,Muthuthala (CT),24861,20494,1,82.43433490205543,Small,58.411018166594765,82.43433490205543,65.61801318723296,1726
29,555,Chikodi (TMC),38307,28867,1,75.35698436317122,Small,61.442729969555586,75.35698436317122,65.61700628764027,1727
23,455,Dongar Parasia (M + OG),42786,31467,1,73.54508484083578,Small,62.21816166734698,73.54508484083578,65.61623861939361,1728
10,233,Bhabua (Nagar Parishad),50179,35587,1,70.92010602044681,Growing,63.335859107845415,70.92010602044681,65.61113318162583,1729
7,92,Jiwan Pur alias Johri Pur (CT),43054,31611,1,73.42174943094719,Small,62.26194922783089,73.42174943094719,65.60988928876577,1730
23,451,Sihora (M),44048,32171,1,73.03623320014529,Small,62.422008748166306,73.03623320014529,65.60627608376,1731
32,594,Manalur (CT),17757,15600,1,87.85267781719885,Small,56.05121845699643,87.85267781719885,65.59165626505715,1732
29,572,Anekal (TMC),44260,32268,1,72.90555806597379,Small,62.4556785982867,72.90555806597379,65.59064243859282,1733
8,115,Balotra (M),74496,47965,1,64.3860073024055,Growing,66.10686798533271,64.3860073024055,65.59060978045454,1734
10,223,Khagaria (Nagar Parishad),49406,35124,1,71.09257984860139,Small,63.22699118441889,71.09257984860139,65.58666778367365,1735
33,633,Vellakoil (M),40359,30013,1,74.36507346564582,Small,61.80865502369027,74.36507346564582,65.57558055627693,1736
19,337,Nebadhai Duttapukur (CT),25557,20915,1,81.83667879641585,Small,58.604637338538076,81.83667879641585,65.57424977590141,1737
33,629,Unnamalaikadai (TP),23656,19658,1,83.09942509299965,Small,58.06261756647469,83.09942509299965,65.57365982443218,1738
29,556,Rabkavi Banhatti (CMC),77004,49105,1,63.76941457586619,Growing,66.33906851991954,63.76941457586619,65.56817233670353,1739
8,102,Ratangarh (M),71124,46276,1,65.06383218041731,Growing,65.7820406367834,65.06383218041731,65.56657809987357,1740
29,559,Sindhnur (CMC),75837,48524,1,63.98459854688344,Growing,66.23197871807196,63.98459854688344,65.5577646667154,1741
33,617,Vadalur (TP),39514,29494,1,74.641899073746,Small,61.6602746663135,74.641899073746,65.55476198854325,1742
28,537,Vicarabad (M),53143,37089,1,69.79094142220048,Growing,63.73830781134724,69.79094142220048,65.5540978946032,1743
33,633,Thottipalayam (CT),40503,30066,1,74.23153840456263,Small,61.8336309787127,74.23153840456263,65.55300320646768,1744
27,520,Karjat (M Cl),29663,23531,1,79.32778208542629,Small,59.649413979251584,79.32778208542629,65.55292441110399,1745
25,494,Diu (M CI),23991,19862,1,82.78937935058981,Small,58.16122565604055,82.78937935058981,65.54967176440532,1746
33,602,Nolambur (CT),21973,18507,1,84.22609566285897,Small,57.54508754466122,84.22609566285897,65.54938998012054,1747
27,509,Rajura (M Cl),29668,23528,1,79.30430093029527,Small,59.65059589922074,79.30430093029527,65.5467074085431,1748
32,589,Pinarayi (CT),16801,14887,1,88.60782096303792,Small,55.663149109615084,88.60782096303792,65.54655066564193,1749
10,206,Sitamarhi (Nagar Parishad),67818,44598,1,65.76130230912148,Growing,65.44826133472897,65.76130230912148,65.54217362704672,1750
33,602,Mathur (CT),27674,22254,1,80.4148298041483,Small,59.16270055386861,80.4148298041483,65.5383393289525,1751
18,313,Dergaon (MB),20059,17184,1,85.66728151951743,Small,56.9060063899725,85.66728151951743,65.53438892883597,1752
23,436,Shujalpur (M),51225,36022,1,70.32113225963886,Growing,63.4805355461437,70.32113225963886,65.53271456019223,1753
27,502,Mangrulpir (M Cl),30983,24336,1,78.54629958364264,Small,59.954723544822095,78.54629958364264,65.53219635646826,1754
27,527,Malkapur (NP),31671,24762,1,78.1850904613053,Small,60.10873662296067,78.1850904613053,65.53164277446405,1755
28,545,Mandapeta (M),53633,37304,1,69.55419238155613,Growing,63.802670135640525,69.55419238155613,65.5281268094152,1756
19,338,Kanaipur (CT),26814,21691,1,80.89430894308943,Small,58.9413237668396,80.89430894308943,65.52721931971455,1757
6,77,Narwana (M Cl),62090,41693,1,67.14929940409084,Growing,64.82945254291653,67.14929940409084,65.52540660126881,1758
24,483,Mehmedabad (M),35368,27001,1,76.34302194073739,Small,60.882956206029334,76.34302194073739,65.52097592644175,1759
8,126,Rawatbhata (M),37699,28385,1,75.29377437067296,Small,61.33053641437064,75.29377437067296,65.51950780126134,1760
24,472,Idar (M + OG),42306,31054,1,73.40329976835437,Small,62.13904622193769,73.40329976835437,65.5183222858627,1761
27,521,Sasvad (M Cl),31821,24840,1,78.0616573960592,Small,60.1418706141211,78.0616573960592,65.51780664870253,1762
34,635,Villianur (CT),34383,26404,1,76.79376436029433,Small,60.68488717254862,76.79376436029433,65.51755032887233,1763
27,521,Alandi (M Cl),28645,22852,1,79.77657531855472,Small,59.404528384438805,79.77657531855472,65.51614246467358,1764
27,523,Manjlegaon (M Cl),49453,35030,1,70.83493417992842,Small,63.23365905657151,70.83493417992842,65.51404159357858,1765
20,357,Chhota Gobindpur (CT),31843,24847,1,78.02970825613164,Small,60.14671712850367,78.02970825613164,65.51161446679205,1766
3,38,Mukerian (M Cl),29841,23601,1,79.08917261485875,Small,59.69136812788071,79.08917261485875,65.51070947397412,1767
33,622,Manamadurai (TP),32257,25100,1,77.81256781473789,Small,60.23730064422376,77.81256781473789,65.509880795378,1768
18,304,Marigaon (MB),29164,23174,1,79.46097928953503,Small,59.53044496365669,79.46097928953503,65.50960526142019,1769
24,482,Vallabh Vidyanagar (M),23783,19690,1,82.79022831434217,Small,58.1001637065649,82.79022831434217,65.50718308889807,1770
33,633,Kanakkampalayam (CT),28619,22826,2,79.75820259268318,Small,59.39816056263623,79.75820259268318,65.50617317165032,1771
32,594,Nenmenikkara (CT),18067,15763,1,87.24746775889743,Small,56.17258209442042,87.24746775889743,65.49504779376352,1772
28,542,Palasa Kasibugga (M),57507,39276,1,68.29777244509364,Growing,64.29174096255636,68.29777244509364,65.49355040731754,1773
9,186,Khalilabad (NPP),47847,34114,1,71.29809601437917,Small,63.002144880532065,71.29809601437917,65.4909302206862,1774
27,530,Gadhinglaj (M Cl),27185,21897,1,80.54809637667832,Small,59.03768299511554,80.54809637667832,65.49080700958437,1775
27,499,Varangaon (CT),35411,26987,1,76.21078196040779,Small,60.891476727744454,76.21078196040779,65.48726829754345,1776
32,588,South Thrikkaripur (CT),22991,19144,1,83.26736549084424,Small,57.862666787309166,83.26736549084424,65.48407639836968,1777
28,546,Kovvur (M),39667,29489,1,74.3413920891421,Small,61.687374984638055,74.3413920891421,65.48358011598927,1778
7,90,Begum Pur (CT),53682,37244,1,69.37893521105771,Growing,63.80907399756286,69.37893521105771,65.48003236161131,1779
32,600,Adinad (CT),22250,18643,1,83.78876404494382,Small,57.63293556507934,83.78876404494382,65.47968410903869,1780
33,627,Muttayyapuram (CT),32494,25210,1,77.58355388687143,Small,60.28863460376278,77.58355388687143,65.47711038869537,1781
24,483,Chaklasi (M),39581,29428,1,74.34880371895606,Small,61.67215501719176,74.34880371895606,65.47514962772105,1782
9,160,Kannauj (NPP),84862,52491,1,61.85454031250737,Growing,67.02047602226372,61.85454031250737,65.47069530933682,1783
32,592,Ariyallur (CT),22558,18841,1,83.52247539675504,Small,57.729339993660375,83.52247539675504,65.46728061458877,1784
32,589,Keezhallur (CT),20440,17397,1,85.11252446183953,Small,57.03794940788853,85.11252446183953,65.46032192407384,1785
33,633,Kangeyam (TP),32147,24977,1,77.69620804429651,Small,60.21334647284079,77.69620804429651,65.4582049442775,1786
2,27,Sundarnagar (M Cl),24344,20021,1,82.24203089056851,Small,58.26365328183252,82.24203089056851,65.45716656445332,1787
27,509,Ghugus (CT),32654,25285,1,77.4330862987689,Small,60.32307917701188,77.4330862987689,65.45608131353897,1788
29,570,Tarikere (TMC),35942,27264,1,75.8555450447944,Small,60.99585076926738,75.8555450447944,65.45375905192549,1789
24,471,Vijapur (M + OG),35118,26771,1,76.23156216185431,Small,60.833212170583636,76.23156216185431,65.45271716796483,1790
33,614,Lalgudi (TP),23740,19618,1,82.636899747262,Small,58.08747372996529,82.636899747262,65.4523015351543,1791
9,171,Chitrakoot Dham (Karwi) (NPP),57402,39132,1,68.17184070241456,Growing,64.27892526680493,68.17184070241456,65.44679989748781,1792
28,545,Tuni (M),53425,37047,1,69.34394010294805,Growing,63.775421107648235,69.34394010294805,65.44597680623818,1793
33,623,Thiruppalai (CT),19305,16600,1,85.98808598808598,Small,56.63733739714105,85.98808598808598,65.44256197442454,1794
33,632,Periyanaicken-palayam (TP),25930,21043,1,81.15310451214809,Small,58.70624263436549,81.15310451214809,65.44030119770026,1795
27,527,Kodoli (CT),26106,21156,1,81.03884164559871,Small,58.75367863865905,81.03884164559871,65.43922754074094,1796
33,604,Sholinganallur (TP + OG),35602,27041,1,75.9535981124656,Small,60.92919907387869,75.9535981124656,65.43651878545475,1797
32,594,Chevvoor (CT),16086,14306,1,88.93447718512992,Small,55.35819241043086,88.93447718512992,65.43107784284058,1798
9,150,Bareilly (CB),30003,23620,1,78.7254607872546,Small,59.72933416952556,78.7254607872546,65.42817215484426,1799
32,589,Kannapuram (CT),18459,15998,1,86.66775014897881,Small,56.32310105764762,86.66775014897881,65.42649578504697,1800
3,37,Nakodar (M Cl),36973,27836,1,75.28737186595625,Small,61.19417381789306,75.28737186595625,65.422133232312,1801
7,91,Mukand Pur (CT),57135,38932,1,68.14036930077886,Growing,64.24623089225825,68.14036930077886,65.41447241481444,1802
19,339,Sonamukhi (M),29085,23028,1,79.17483238782877,Small,59.51142374469648,79.17483238782877,65.41044633763616,1803
23,455,Dongar Parasia (M),39374,29219,1,74.20886879666784,Small,61.635384894892006,74.20886879666784,65.40743006542476,1804
27,531,Ashta (M Cl),37105,27893,1,75.17315725643444,Small,61.219165057009576,75.17315725643444,65.40536271683703,1805
10,222,Bihat (Nagar Parishad),67952,44350,1,65.26665881798917,Growing,65.46210366147939,65.26665881798917,65.40347020843232,1806
28,550,Venkatagiri (M + OG),52688,36580,1,69.42757364105678,Growing,63.67800919619003,69.42757364105678,65.40287852965005,1807
23,440,Sanawad (M),38740,28844,1,74.45534331440372,Small,61.521550587364295,74.45534331440372,65.40168840547612,1808
9,166,Mauranipur (NPP + OG),61449,41103,1,66.88961577893863,Growing,64.75668039608749,66.88961577893863,65.39656101094283,1809
23,441,Sendhwa (M),56485,38557,1,68.26060015933434,Growing,64.16599475040188,68.26060015933434,65.39437637308161,1810
33,622,Tirupathur (TP),25980,21035,1,80.96612779060816,Small,58.719751433689105,80.96612779060816,65.39366434076481,1811
32,592,Perumanna (CT),27278,21867,1,80.16350172300022,Small,59.061631600910694,80.16350172300022,65.39219263753755,1812
29,580,Yadgir (CMC),74294,47361,1,63.74808194470617,Growing,66.0878271311333,63.74808194470617,65.38590357520516,1813
33,611,Kotagiri (TP),28207,22451,1,79.59371787145035,Small,59.29647557826628,79.59371787145035,65.3856482662215,1814
19,329,Tufanganj (M),20998,17727,1,84.42232593580341,Small,57.22681596985425,84.42232593580341,65.385468959639,1815
24,488,Jambusar (M),43344,31452,1,72.56367663344408,Small,62.30902530423623,72.56367663344408,65.38542070299857,1816
5,64,Ranikhet (CB),18886,16271,1,86.1537646934237,Small,56.483464529790204,86.1537646934237,65.38455457888024,1817
32,600,Kallelibhagom (CT),21723,18216,1,83.85582101919624,Small,57.46484631796708,83.85582101919624,65.38213872833583,1818
28,551,Rajampet (NP + OG),54050,37260,1,68.93617021276596,Growing,63.85698233454051,68.93617021276596,65.38073869800814,1819
18,321,Rangia (MB),27889,22244,1,79.75904478468213,Small,59.21696978658164,79.75904478468213,65.37959228601179,1820
32,591,Karuvanthuruthy (CT),21952,18365,1,83.65980320699708,Small,57.53838249256652,83.65980320699708,65.37480870689569,1821
32,589,Paduvilayi (CT),20598,17444,1,84.68783377026897,Small,57.09194598783871,84.68783377026897,65.37071232256778,1822
27,525,Tuljapur (M Cl),34011,26012,1,76.48113845520567,Small,60.60860362327956,76.48113845520567,65.37036407285738,1823
32,589,Eruvatti (CT),16905,14862,1,87.9148181011535,Small,55.70642201994929,87.9148181011535,65.36894084431054,1824
27,499,Parola (M Cl),37666,28173,1,74.79689906016036,Small,61.324395301042834,74.79689906016036,65.3661464287781,1825
33,625,Sattur (M),29398,23180,1,78.84890128580176,Small,59.58648543886675,78.84890128580176,65.36521019294725,1826
33,605,Walajapet (M),32397,25028,1,77.2540667345742,Small,60.267669907322606,77.2540667345742,65.36358895549809,1827
6,78,Tohana (M Cl),63871,42244,1,66.1395625557765,Growing,65.02777150443974,66.1395625557765,65.36130881984076,1828
32,589,Mokeri (CT),19684,16805,1,85.3739077423288,Small,56.773670992275036,85.3739077423288,65.35374201729115,1829
32,598,Karthikappally (CT),19021,16341,1,85.9103096577467,Small,56.53341132746152,85.9103096577467,65.34648082654707,1830
32,593,Marutharode (CT),24963,20333,1,81.45254977366503,Small,58.43972988113365,81.45254977366503,65.34357584889305,1831
32,598,Kokkothamangalam (CT),17047,14949,1,87.69284918167419,Small,55.7650782713606,87.69284918167419,65.34340954445467,1832
28,533,Armur (M + OG),64023,42274,1,66.02939568592538,Growing,65.04444018420739,66.02939568592538,65.33992683472279,1833
33,629,Pacode (TP),24050,19733,1,82.04989604989605,Small,58.17844975388798,82.04989604989605,65.3398836426904,1834
24,474,Bavla (M),36206,27281,1,75.34938960393305,Small,61.04717044485392,75.34938960393305,65.33783619257765,1835
27,529,Malwan (M Cl),18648,16074,1,86.1969111969112,Small,56.394534352238665,86.1969111969112,65.33524740564042,1836
32,589,Mangattidam (CT),18627,16059,1,86.21356095989692,Small,56.38663315761237,86.21356095989692,65.33471149829774,1837
28,544,Bheemunipatnam (M),52110,36154,1,69.38015735943198,Growing,63.60065474094816,69.38015735943198,65.3345055264933,1838
33,614,Ellakkudy (CT),16244,14366,1,88.43880817532627,Small,55.42673213370695,88.43880817532627,65.33035494619274,1839
33,604,Medavakkam (CT),29710,23339,1,78.55604173678896,Small,59.66051617035725,78.55604173678896,65.32917384028676,1840
7,90,Nithari (CT),50464,35252,1,69.85573874445149,Growing,63.375575353600254,69.85573874445149,65.31962437085562,1841
9,162,Dibiyapur (NP),27237,21774,1,79.94272496971033,Small,59.051083692207115,79.94272496971033,65.31857607545807,1842
28,550,Venkatagiri (M),51708,35912,1,69.45153554575695,Growing,63.54634702075735,69.45153554575695,65.31790357825723,1843
33,633,Avanashi (TP),28868,22801,1,78.98364971594846,Small,59.458908520252194,78.98364971594846,65.31633087896107,1844
33,629,Padmanabhapuram (M),21342,17911,1,83.9237184893637,Small,57.34076509701408,83.9237184893637,65.31565111471896,1845
33,632,Vilankurichi (CT),24235,19831,1,81.82793480503405,Small,58.23218484652162,81.82793480503405,65.31090983407535,1846
9,165,Jalaun (NPP),56909,38608,1,67.84164191955578,Growing,64.21843738698865,67.84164191955578,65.30539874675878,1847
32,589,Peralassery (CT),16821,14766,1,87.78312823256643,Small,55.67149158708757,87.78312823256643,65.30498258073122,1848
27,520,Roha Ashtami (M Cl),20849,17567,1,84.25823780517051,Small,57.17687955130364,84.25823780517051,65.3012870274637,1849
27,508,Desaiganj (M Cl),28781,22729,1,78.9722386296515,Small,59.43774308956768,78.9722386296515,65.29809175159282,1850
33,632,Veerakeralam (TP),23841,19554,1,82.01837171259595,Small,58.11724412372289,82.01837171259595,65.2875824003848,1851
27,497,Nawapur (M Cl),34207,26035,1,76.11015289268278,Small,60.648899436420066,76.11015289268278,65.28727547329888,1852
23,447,Multai (M),29976,23461,1,78.26594609020549,Small,59.723020752687894,78.26594609020549,65.28589835394317,1853
19,343,Jaynagar Mazilpur (M),25922,20898,1,80.61877941516859,Small,58.704078809536696,80.61877941516859,65.27848899122625,1854
32,597,Chengalam South (CT),16111,14241,1,88.39302340016138,Small,55.369082014371195,88.39302340016138,65.27626443010826,1855
27,524,Ahmadpur (M Cl),43936,31618,1,71.96376547705754,Small,62.4041554254402,71.96376547705754,65.2720384409254,1856
32,598,Bharanikkavu (CT),15922,14102,1,88.56927521668132,Small,55.28633420838014,88.56927521668132,65.27121651087049,1857
32,594,Edavilangu (CT),20363,17214,1,84.53567745420617,Small,57.0114831688185,84.53567745420617,65.2687414544348,1858
19,329,Mathabhanga (M),23890,19571,1,81.9213059857681,Small,58.13164178244045,81.9213059857681,65.26854104343874,1859
20,350,Madhupur (Nagar Parishad),55238,37658,1,68.17408305876388,Growing,64.00944639918154,68.17408305876388,65.25883739705624,1860
32,593,Alathur (CT),26720,21391,1,80.05613772455091,Small,58.91669760363606,80.05613772455091,65.2585296399105,1861
16,289,Teliamura (NP),21032,17659,1,83.96253328261697,Small,57.238161200489955,83.96253328261697,65.25547282512805,1862
24,476,Wankaner (M),43881,31542,1,71.88076844192247,Small,62.39537150018651,71.88076844192247,65.2409905827073,1863
32,592,Kizhuparamba (CT),22062,18338,1,83.12029734384915,Small,57.57343324851476,83.12029734384915,65.23749247711507,1864
32,595,Mattoor (CT),18890,16181,1,85.65907887771309,Small,56.484949560392685,85.65907887771309,65.2371883555888,1865
9,197,Ramnagar (NPP),49132,34400,1,70.01546853374583,Small,63.18799218210748,70.01546853374583,65.23623508759898,1866
32,598,Thazhakara (CT),14596,13118,1,89.87393806522334,Small,54.67659116457979,89.87393806522334,65.23579523477285,1867
24,477,Khambhalia (M),41734,30333,1,72.68174629798246,Small,62.04358637612039,72.68174629798246,65.23503435267901,1868
32,589,Pathiriyad (CT),18008,15565,1,86.43380719680142,Small,56.149645108124346,86.43380719680142,65.23489373472746,1869
27,521,Junnar (M Cl),25315,20468,1,80.85324906182106,Small,58.53792024341726,80.85324906182106,65.2325188889384,1870
32,594,Kattur (CT),18017,15569,1,86.41283232502637,Small,56.15314882327909,86.41283232502637,65.23105387380326,1871
28,537,Peerzadguda (CT),32586,24993,1,76.6985822132204,Small,60.30846090035732,76.6985822132204,65.22549729421624,1872
6,75,Samalkha (MC + OG),39710,29167,1,73.45001259128682,Small,61.69497259902368,73.45001259128682,65.22148459670262,1873
33,605,Allapuram (TP),31211,24154,1,77.38938194867194,Small,60.006138411054074,77.38938194867194,65.22111147233943,1874
7,90,Karala (CT),35730,26860,1,75.1749230338651,Small,60.95436588739365,75.1749230338651,65.22053303133508,1875
29,570,Kadur (TMC),34151,25922,1,75.90407308717168,Small,60.63740995458622,75.90407308717168,65.21740889436185,1876
32,595,Kadamakkudy (CT),16295,14341,1,88.00859159251304,Small,55.44871346589596,88.00859159251304,65.21667690388108,1877
32,598,Haripad (CT),15588,13829,1,88.71567872722606,Small,55.13767180979243,88.71567872722606,65.21107388502251,1878
33,606,Vandavasi (M),31320,24209,1,77.29565772669221,Small,60.0305857754668,77.29565772669221,65.21010736083443,1879
27,520,Alibag (M Cl),20743,17431,1,84.03316781564865,Small,57.14113659331487,84.03316781564865,65.208745960015,1880
24,491,Pardi (M),28495,22463,1,78.83137392525005,Small,59.36771114749845,78.83137392525005,65.20680998082392,1881
27,515,Kannad (M Cl),40759,29735,1,72.95321278735985,Small,61.877814220669116,72.95321278735985,65.20043379067633,1882
27,515,Vaijapur (M Cl),41296,30032,1,72.7237504843084,Small,61.969600808071334,72.7237504843084,65.19584571094245,1883
27,503,Dattapur Dhamangaon (M Cl),21059,17635,1,83.74091837219241,Small,57.24715759137913,83.74091837219241,65.19528582562312,1884
19,334,Sainthia (M),44601,31872,1,71.46028115961526,Small,62.50949936899961,71.46028115961526,65.19473390618431,1885
33,633,Chettipalayam (CT),37620,27931,1,74.24508240297713,Small,61.315825978335035,74.24508240297713,65.19460290572766,1886
22,400,Manendragarh (M),33071,25245,1,76.33576245048532,Small,60.41206328366228,76.33576245048532,65.18917303370918,1887
33,602,Ponneri (TP),31025,24007,1,77.3795326349718,Small,59.964223072187515,77.3795326349718,65.1888159410228,1888
18,305,Lumding Rly. Col. (CT),22658,18696,1,82.5139023744373,Small,57.76035727513612,82.5139023744373,65.18642080492647,1889
9,134,Dhampur (NPP),50997,35307,1,69.23348432260721,Growing,63.44925336193624,69.23348432260721,65.18452265013752,1890
28,549,Kandukur (M),57246,38536,1,67.31649372881948,Growing,64.25984145258771,67.31649372881948,65.17683713545723,1891
32,589,Munderi (CT),21676,18033,1,83.19339361505813,Small,57.44965789565193,83.19339361505813,65.17277861147379,1892
32,592,Kalady (CT),25872,20774,1,80.29529993815709,Small,58.69053975649282,80.29529993815709,65.1719678109921,1893
19,328,Mal (M),25218,20354,1,80.71218970576572,Small,58.51099904615496,80.71218970576572,65.17135624403818,1894
17,299,Jowai (M),28430,22387,1,78.74428420682378,Small,59.35169678626551,78.74428420682378,65.16947301243299,1895
23,460,Dhanpuri (Nargada Hari Dafai) (M),45156,32137,1,71.16883692089645,Small,62.59622248724529,71.16883692089645,65.16800681734064,1896
19,345,Egra (M),30148,23447,1,77.77298659944275,Small,59.76314267122157,77.77298659944275,65.16609584968792,1897
28,545,Ramanayyapeta (CT),28369,22345,1,78.76555394973387,Small,59.3366345868546,78.76555394973387,65.16531039571838,1898
20,355,Bokaro (CT),39305,28860,1,73.42577280244244,Small,61.62308521797255,73.42577280244244,65.16389149331351,1899
24,484,Kalol (M + OG),32084,24620,1,76.73606782196734,Small,60.199590324348385,76.73606782196734,65.16053357363407,1900
33,611,Wellington (CB),19462,16526,1,84.91419175829822,Small,56.6941352345487,84.91419175829822,65.16015219167355,1901
27,530,Kagal (M Cl),34106,25830,1,75.73447487245646,Small,60.62816367486186,75.73447487245646,65.16005703414024,1902
7,97,Nangli Sakrawati (CT),37706,27935,1,74.086352304673,Small,61.33183838369166,74.086352304673,65.15819255998605,1903
15,288,Saiha (NT),25110,20270,1,80.72481083233771,Small,58.48090283228671,80.72481083233771,65.154075232302,1904
27,521,Shirur (M Cl),37111,27585,1,74.33106087143973,Small,61.22029890902687,74.33106087143973,65.15352749775073,1905
19,327,Uttar Bagdogra (CT),25044,20227,1,80.76585210030348,Small,58.46244691372282,80.76585210030348,65.15346846969702,1906
29,566,Hosdurga (TMC),28370,22332,1,78.7169545294325,Small,59.336881769165,78.7169545294325,65.15090359724525,1907
32,594,Kallur Thekkummuri (CT),17480,15142,1,86.62471395881008,Small,55.94096822519493,86.62471395881008,65.14609194527947,1908
33,602,Minjur (TP),28337,22301,1,78.69922715883827,Small,59.32872014912511,78.69922715883827,65.13987225203905,1909
27,510,Darwha (M Cl),25791,20693,1,80.23341475708581,Small,58.66855086613986,80.23341475708581,65.13801003342364,1910
33,602,Kattivakkam (M),36617,27279,1,74.49818390365131,Small,61.12632580190589,74.49818390365131,65.13788323242952,1911
10,207,Madhubani (Nagar Parishad),75736,47414,1,62.60430970740467,Growing,66.22263309558544,62.60430970740467,65.1371360791312,1912
29,581,Malur (TMC),40050,29244,1,73.0187265917603,Small,61.75475865232883,73.0187265917603,65.13394903415826,1913
33,623,Thirunagar (TP),16598,14511,1,87.42619592722015,Small,55.57790658796229,87.42619592722015,65.13239338973965,1914
3,46,Rampura Phul (M Cl + OG),51023,35220,1,69.02769339317562,Growing,63.45282768577015,69.02769339317562,65.12528739799178,1915
33,629,Mulagumudu (TP),19538,16555,1,84.73231651141366,Small,56.72146536072368,84.73231651141366,65.12472070593067,1916
6,75,Samalkha (MC),38675,28449,1,73.55914673561732,Small,61.50977475828354,73.55914673561732,65.12458635148367,1917
33,605,Pernampattu (M),51271,35344,1,68.93565563378908,Growing,63.4868299824357,68.93565563378908,65.12147767784171,1918
7,98,Aya Nagar (CT),33123,25201,1,76.08308426169127,Small,60.42308085974839,76.08308426169127,65.12108188033125,1919
33,612,Balakrishnapuram (CT),25627,20572,1,80.27471026651578,Small,58.62381790773934,80.27471026651578,65.11908561537226,1920
27,501,Umri Pragane Balapur (CT),20262,17044,1,84.118053499161,Small,56.976615582311084,84.118053499161,65.11904695736605,1921
28,547,Poranki (CT),25545,20515,1,80.3092581718536,Small,58.601343966967065,80.3092581718536,65.11371822843302,1922
27,507,Tirora (M Cl),25181,20280,1,80.53691275167785,Small,58.5007028449345,80.53691275167785,65.11156581695751,1923
23,449,Seoni-Malwa (M),30100,23348,1,77.56810631229236,Small,59.75196892892913,77.56810631229236,65.09681014393809,1924
32,601,Veiloor (CT),22816,18730,1,82.09151472650773,Small,57.80908666227131,82.09151472650773,65.09381508154223,1925
10,227,Lakhisarai (Nagar Parishad),99979,57902,1,57.91416197401455,Growing,68.17007944150728,57.91416197401455,65.09330420125946,1926
33,629,Kallukuttam (TP),19093,16229,1,84.99973812391977,Small,56.55990487209177,84.99973812391977,65.09185484764016,1927
32,591,Kottappally (CT),21169,17636,1,83.31050120459163,Small,57.28369072780427,83.31050120459163,65.09173387084047,1928
23,445,Ashta (M + OG),53184,36290,1,68.2348074608905,Growing,63.74371593386206,68.2348074608905,65.09104339197059,1929
24,480,Bagasara (M),34521,25994,1,75.29909330552418,Small,60.71297621923468,75.29909330552418,65.08881134512153,1930
28,551,Pulivendla (M),65706,42549,1,64.75664322892887,Growing,65.22640150829737,64.75664322892887,65.08547402448681,1931
32,594,Porathissery (CT),16768,14603,1,87.08850190839695,Small,55.649362287427074,87.08850190839695,65.08110417371803,1932
27,517,Khaira (CT),31699,24303,1,76.66803369191457,Small,60.11493353053483,76.66803369191457,65.08086357894875,1933
33,611,Kethi (TP),23229,18987,1,81.73834431099057,Small,57.9348849499,81.73834431099057,65.07592275822716,1934
5,59,Tehri (NPP),24014,19496,1,81.18597484800533,Small,58.16794516712336,81.18597484800533,65.07335407138794,1935
27,522,Rahuri (M Cl),38813,28454,1,73.31048875376807,Small,61.53475221743171,73.31048875376807,65.06747317833262,1936
20,363,Mihijam (NP),40463,29374,1,72.59471616044287,Small,61.826702131457644,72.59471616044287,65.05710634015321,1937
33,614,Musiri (TP),28727,22464,1,78.19821074250704,Small,59.42457372281225,78.19821074250704,65.05666482872068,1938
33,612,Chinnalapatti (TP),26285,20936,1,79.64999048887198,Small,58.80159632349633,79.64999048887198,65.05611457310901,1939
8,110,Kotputli (M),49202,34142,1,69.39148815088816,Small,63.1979760757875,69.39148815088816,65.0560296983177,1940
29,563,Ankola (TP + OG),22249,18328,1,82.37673603308014,Small,57.632620395274735,82.37673603308014,65.05585508661636,1941
33,607,Tirukkoyilur (TP),30212,23373,1,77.36329935125116,Small,59.778013353283356,77.36329935125116,65.05359915267368,1942
32,593,Ongallur -II (CT),26273,20926,1,79.64830814905035,Small,58.79839418383504,79.64830814905035,65.05336837339964,1943
33,632,Sulur (TP),27909,21951,1,78.65204772653983,Small,59.22199680166167,78.65204772653983,65.05101207912512,1944
33,604,Palavakkam (CT),26766,21235,1,79.33572442651125,Small,58.92875950998516,79.33572442651125,65.05084898494299,1945
19,341,Dhuilya (CT),20962,17467,1,83.3269726171167,Small,57.21478333325704,83.3269726171167,65.04844011841493,1946
28,538,Farooqnagar (CT),45675,32238,1,70.58128078817734,Small,62.676361280535765,70.58128078817734,65.04783713282823,1947
28,535,Zahirabad (M + OG),71166,45059,1,63.31534721636737,Growing,65.78618047330941,63.31534721636737,65.0449304962268,1948
9,142,Khurja (NPP),111062,62230,1,56.031766040589936,Medium,68.90730515373956,56.031766040589936,65.04464341979467,1949
28,545,Samalkot (M),56864,38087,1,66.97910804727069,Growing,64.2128901072771,66.97910804727069,65.04275548927518,1950
32,600,Vadakkumthala (CT),20993,17483,1,83.28014099938075,Small,57.22514600443871,83.28014099938075,65.04164450292132,1951
22,413,Kanker (M),27541,21712,1,78.83519116952907,Small,59.12891787800165,78.83519116952907,65.04079986545987,1952
28,545,Dowleswaram (CT),44637,31661,1,70.92994600891636,Small,62.51515729594275,70.92994600891636,65.03959390983482,1953
1,21,Akhnoor (MC),20756,17322,1,83.45538639429563,Small,57.14552997745279,83.45538639429563,65.03848690250564,1954
32,589,Ezhome (CT),19261,16307,1,84.66330927781527,Small,56.62133665526884,84.66330927781527,65.03392844203276,1955
32,601,Azhoor (CT),27390,21611,1,78.90105878057685,Small,59.09036479649414,78.90105878057685,65.03357299171896,1956
27,521,Rajgurunagar (Khed) (CT),25146,20186,1,80.27519287361807,Small,58.49094926189735,80.27519287361807,65.02622234541356,1957
3,46,Rampura Phul (M Cl),48450,33691,1,69.53766769865841,Small,63.08996935987301,69.53766769865841,65.02427886150862,1958
19,341,Bankra (CT),63957,41560,1,64.98115921634849,Growing,65.03720733428119,64.98115921634849,65.02039289890138,1959
32,592,Thirunavaya (CT),24790,19953,1,80.48810004033885,Small,58.39096294227277,80.48810004033885,65.0201040716926,1960
5,66,Mukhani (CT),22475,18450,1,82.09121245828699,Small,57.703491050610076,82.09121245828699,65.01980747291314,1961
23,464,Jhabua (M),35753,26634,1,74.49444801834811,Small,60.95887849220589,74.49444801834811,65.01954935004855,1962
33,629,Kanniyakumari (TP),22453,18432,1,82.09147998040352,Small,57.696623518959534,82.09147998040352,65.01508045739273,1963
23,457,Waraseoni (M + OG),27494,21659,1,78.77718775005455,Small,59.11694061507929,78.77718775005455,65.01501475557185,1964
9,166,Mauranipur (NPP),58229,38720,1,66.4960758384997,Growing,64.37923555865447,66.4960758384997,65.01428764260804,1965
29,563,Honavar (TP),19109,16190,1,84.72447537809408,Small,56.565778758508976,84.72447537809408,65.01338774438452,1966
18,309,Margherita (TC),26914,21293,1,79.11495875752397,Small,58.96742722425057,79.11495875752397,65.01168668423259,1967
8,112,Kuchaman City (M),61969,40569,1,65.46660426987687,Growing,64.81577321995191,65.46660426987687,65.0110225349294,1968
32,589,Kottayam-Malabar (CT),19176,16234,1,84.65790571547768,Small,56.59032235941487,84.65790571547768,65.01059736623371,1969
5,68,Roorkee (CB),14689,13076,1,89.01899380488801,Small,54.721128465471104,89.01899380488801,65.01048806729618,1970
5,61,Kotdwara (NPP + OG),33035,25024,1,75.74996216134403,Small,60.40442557834783,75.74996216134403,65.00808655324668,1971
21,371,Belpahar (M),38993,28473,1,73.0207986048778,Small,61.5671983845189,73.0207986048778,65.00327845062657,1972
3,52,Kurali (M Cl),31060,23834,1,76.73535093367676,Small,59.97212952689692,76.73535093367676,65.00109594893087,1973
27,526,Akluj (CT),39972,29022,1,72.60582407685379,Small,61.74108801200448,72.60582407685379,65.00050883145927,1974
28,540,Mahabubabad (CT),42851,30623,1,71.46390982707521,Small,62.22880692617515,71.46390982707521,64.99933779644518,1975
22,404,Dipka (M),27158,21430,1,78.90860888136092,Small,59.03071482764989,78.90860888136092,64.9940830437632,1976
28,545,Pithapuram (M + OG),54859,36976,1,67.40188483202391,Growing,63.961165880878426,67.40188483202391,64.99338156622207,1977
29,571,Kunigal (TMC),34155,25666,1,75.14565949348558,Small,60.63823125642429,75.14565949348558,64.99045972754269,1978
7,97,Moradabad Pahari (CT),21502,17784,1,82.70858524788392,Small,57.39314034480555,82.70858524788392,64.98777381572906,1979
32,601,Kanjiramkulam (CT),19902,16711,1,83.96643553411718,Small,56.850905555452904,83.96643553411718,64.98556454905219,1980
33,632,Karumathampatti (TP),35062,26180,1,74.66773144715077,Small,60.82202096815056,74.66773144715077,64.97573411185061,1981
28,548,Tadepalle (M),54406,36694,1,67.44476712127339,Growing,63.90301905083646,67.44476712127339,64.96554347196754,1982
27,510,Lohara (CT),22664,18529,1,81.75520649488175,Small,57.762213956570406,81.75520649488175,64.9601117180638,1983
33,602,Manali (M),35248,26268,1,74.5233772128915,Small,60.85912310120207,74.5233772128915,64.9583993347089,1984
33,612,Oddanchatram (TP),30064,23183,1,77.11216072378924,Small,59.74357692292455,77.11216072378924,64.95415206318395,1985
24,473,Dehgam (M),42632,30437,1,71.3947269656596,Small,62.192875908193315,71.3947269656596,64.9534312254332,1986
23,445,Ashta (M),51824,35343,1,68.19813213954924,Growing,63.56206112213084,68.19813213954924,64.95288242735636,1987
23,442,Biaora (M + OG),49093,33910,1,69.0729839284623,Small,63.18242355519048,69.0729839284623,64.94959166717203,1988
19,338,Tarakeswar (M),30947,23711,1,76.61808899085534,Small,59.94657083814566,76.61808899085534,64.94802628395857,1989
32,589,Kunhimangalam (CT),18965,16045,1,84.60321645135777,Small,56.512735814894185,84.60321645135777,64.93988000583326,1990
24,492,Mora (CT),13924,12481,1,89.63659867854065,Small,54.34608158640627,89.63659867854065,64.93323671404659,1991
9,168,Rath (NPP),65056,41901,1,64.40758730939498,Growing,65.1566837989586,64.40758730939498,64.9319548520895,1992
19,341,Podara (CT),21589,17800,1,82.44939552549909,Small,57.42145605677611,82.44939552549909,64.929837897393,1993
32,594,Karamuck (CT),15129,13349,1,88.23451649150638,Small,54.92809061704334,88.23451649150638,64.92001837938224,1994
22,407,Kawardha (M + OG),46657,32559,1,69.78374091776153,Small,62.82553096997437,69.78374091776153,64.91299395431052,1995
28,532,Mandamarri (M),52352,35537,1,67.88088325183375,Growing,63.63314579976311,67.88088325183375,64.9074670353843,1996
9,138,Mawana (NPP),81443,49395,1,60.64977960045677,Growing,66.73209668487384,60.64977960045677,64.9074015595487,1997
23,446,Raisen (M),44162,31206,1,70.66256057243784,Small,62.440134323348985,70.66256057243784,64.90686219807563,1998
23,418,Sheopur (M + OG),71951,45095,1,62.67459799029895,Growing,65.86310965125097,62.67459799029895,64.90655615296535,1999
33,629,Ezhudesam (TP),24657,19774,1,80.19629314190696,Small,58.353239653550524,80.19629314190696,64.90615570005745,2000
5,57,Chamoli Gopeshwar (NPP),21447,17688,1,82.47307315708491,Small,57.375180440434725,82.47307315708491,64.90454825542977,2001
33,614,Pappankurichi (CT),24023,19365,1,80.61024851184283,Small,58.17057278936218,80.61024851184283,64.90247550610637,2002
21,376,Rairangpur (NAC + OG),34929,26017,1,74.48538463740732,Small,60.79537006518901,74.48538463740732,64.9023744368545,2003
33,622,Thirupuvanam (TP),24554,19704,1,80.24761749613097,Small,58.323885308742774,80.24761749613097,64.90100496495923,2004
24,482,Umreth (M),33762,25333,1,75.03406196315385,Small,60.55707528378018,75.03406196315385,64.90017128759227,2005
33,605,Sholingur (TP),30856,23594,1,76.46486906922479,Small,59.92592024796185,76.46486906922479,64.88760489434073,2006
33,628,Thisayanvilai (TP),23702,19146,1,80.77799341827694,Small,58.07624018663148,80.77799341827694,64.88676615612512,2007
33,627,Udangudi (TP),19738,16535,1,83.77241868477049,Small,56.79288189256852,83.77241868477049,64.8867429302291,2008
24,492,Tarsadi (M),29305,22639,1,77.25302849343116,Small,59.56426653693116,77.25302849343116,64.87089512388116,2009
3,35,Sujanpur (M Cl),28270,22001,1,77.82454899186416,Small,59.312120309392036,77.82454899186416,64.86584891413366,2010
32,592,Ponmundam (CT),25855,20497,1,79.27673564107522,Small,58.685930517504644,79.27673564107522,64.86317205457581,2011
3,52,Dera Bassi (M Cl),26295,20771,1,78.99220384103441,Small,58.80426365673617,78.99220384103441,64.86064571202563,2012
29,556,Mudhol (TMC),52199,35376,1,67.77141324546447,Growing,63.61262144018382,67.77141324546447,64.86025898176801,2013
29,558,Homnabad (TMC),44483,31301,1,70.3662073151541,Small,62.49092187307821,70.3662073151541,64.85350750570097,2014
23,455,Sausar (M),27459,21489,1,78.25849448268328,Small,59.10800806903406,78.25849448268328,64.85315399312881,2015
33,619,Thiruthuraipoondi (M),24404,19569,1,80.1876741517784,Small,58.280915286207325,80.1876741517784,64.85294294587864,2016
19,336,Birnagar (M),30799,23524,1,76.37910321763694,Small,59.91295421974624,76.37910321763694,64.85279891911344,2017
27,500,Deulgaon Raja (M Cl),30827,23538,1,76.35514321860707,Small,59.91932649254848,76.35514321860707,64.85007151036605,2018
28,545,Pithapuram (M),52360,35434,1,67.67379679144385,Growing,63.634217318108334,67.67379679144385,64.84609116010898,2019
28,548,Vinukonda (M + OG),62550,40506,1,64.75779376498801,Growing,64.88121439019847,64.75779376498801,64.84418820263532,2020
28,545,Suryaraopeta (CT),24112,19372,1,80.34173855341739,Small,58.196504182748086,80.34173855341739,64.84007449394888,2021
28,545,Peddapuram (M),49477,33930,1,68.5773187541686,Small,63.23706148371285,68.5773187541686,64.83913866484957,2022
22,402,JashpurNagar (M + OG),28301,21990,1,77.7004346136179,Small,59.31980571690393,77.7004346136179,64.83399438591812,2023
13,263,Zunheboto (TC),22633,18411,1,81.34582247161225,Small,57.75261580686454,81.34582247161225,64.83057780628886,2024
32,589,Chala (CT),17088,14686,1,85.94335205992509,Small,55.781923351680476,85.94335205992509,64.83035196415386,2025
6,72,Pehowa (MC),38853,28168,1,72.49890613337452,Small,61.54197546134823,72.49890613337452,64.82905466295611,2026
32,595,Marampilly(CT),23272,18821,1,80.87401168786525,Small,57.94785381524652,80.87401168786525,64.82570117703213,2027
33,602,Padianallur (CT),23819,19172,1,80.49036483479574,Small,58.11077024108447,80.49036483479574,64.82464861919784,2028
9,178,Jalalpur (NPP),31972,24194,1,75.67246340547979,Small,60.17506812250618,75.67246340547979,64.82428670739826,2029
3,36,Hussainpur (CT),15575,13617,1,87.42857142857143,Small,55.13182134164802,87.42857142857143,64.82084636772504,2030
23,435,Badnagar (M + OG),36438,26787,1,73.51391404577639,Small,61.091961586055476,73.51391404577639,64.81854732397174,2031
33,604,Meenambakkam (TP + OG) (Part),24334,19490,2,80.09369606312156,Small,58.26077214549932,80.09369606312156,64.81064932078598,2032
7,96,Nilothi (CT),43371,30629,1,70.62092181411542,Small,62.313392210863526,70.62092181411542,64.8056510918391,2033
23,442,Biaora (M),47663,32912,1,69.05146549734596,Small,62.975125536957655,69.05146549734596,64.79802752507415,2034
27,525,Umarga (M Cl),35477,26208,1,73.8732136313668,Small,60.904534631322605,73.8732136313668,64.79513833133586,2035
24,468,Madhapar (CT),32293,24352,1,75.40953147740996,Small,60.24512245339098,75.40953147740996,64.79444516059667,2036
32,594,Marathakkara (CT),15817,13774,1,87.08351773408359,Small,55.23993776918583,87.08351773408359,64.79301175865515,2037
27,530,Pachgaon (CT),22353,18198,1,81.41189102133943,Small,57.66532242371303,81.41189102133943,64.78929300300095,2038
8,129,Bhawani Mandi (M),42283,30008,1,70.96942033441336,Small,62.135232771903745,70.96942033441336,64.78548904065663,2039
28,551,Rajampet (NP),47220,32656,1,69.15713680643795,Small,62.9096432720271,69.15713680643795,64.78389133235035,2040
28,553,Gooty (CT),48658,33411,1,68.66496773398002,Small,63.12001036211342,68.66496773398002,64.7834975736734,2041
9,200,Sonbhadra (NPP),36689,26881,1,73.26719180135736,Small,61.14010092973283,73.26719180135736,64.7782281912202,2042
23,452,Gotegaon (NP + OG),28074,21798,1,77.64479589655909,Small,59.26333274867319,77.64479589655909,64.77777169303896,2043
7,98,Tigri (CT),46974,32513,1,69.21488482990591,Small,62.87301486714539,69.21488482990591,64.77557585597354,2044
33,629,Painkulam  (CT),23630,19011,1,80.45281421921287,Small,58.05490610278336,80.45281421921287,64.7742785377122,2045
2,32,Paonta Sahib (M Cl),25183,19997,1,79.40674264384704,Small,58.50125978300703,79.40674264384704,64.77290464125903,2046
33,628,Panagudi (TP),29895,22899,1,76.59809332664325,Small,59.70404632711423,76.59809332664325,64.77226042697293,2047
33,629,Reethapuram (TP),21177,17415,1,82.23544411389715,Small,57.28634027378322,82.23544411389715,64.7710714258174,2048
24,492,Kansad (M),28327,21941,1,77.45613725420976,Small,59.326245054426664,77.45613725420976,64.76521271436158,2049
33,631,Zuzuvadi (CT),32474,24425,1,75.21401736774035,Small,60.2843171120233,75.21401736774035,64.76322718873841,2050
21,388,Chhatrapur (NAC),22027,17963,1,81.54991601216689,Small,57.56229972682886,81.54991601216689,64.75858461243027,2051
34,635,Kurumbapet (GP + OG),32871,24652,1,74.99619725593989,Small,60.36952593537801,74.99619725593989,64.75752733154657,2052
2,23,Chamba (M Cl),19933,16580,1,83.17864847238248,Small,56.86181969565961,83.17864847238248,64.75686832867646,2053
8,101,Nokha (M),62699,40391,1,64.42048517520216,Growing,64.8978991379069,64.42048517520216,64.75467494909547,2054
9,134,Chandpur (NPP),83441,49845,1,59.736820028523155,Growing,66.90205692330761,59.736820028523155,64.75248585487228,2055
9,189,Padrauna (NPP),49723,33912,1,68.2018381835368,Small,63.271841512891235,68.2018381835368,64.7508405140849,2056
8,103,Nawalgarh (M),63948,40977,1,64.07862638393695,Growing,65.03622045832081,64.07862638393695,64.74894223600566,2057
3,35,Dina Nagar (M Cl),23976,19209,1,80.11761761761763,Small,58.156839894841696,80.11761761761763,64.74507321167447,2058
24,486,Karjan (M),30405,23177,1,76.22759414569971,Small,59.82266776593658,76.22759414569971,64.74414567986551,2059
28,548,Sattenapalle (M),56721,37449,1,66.02316602316603,Growing,64.19523290020061,66.02316602316603,64.74361283709023,2060
33,629,Asaripallam (TP),16822,14447,1,85.88158364047082,Small,55.67190845055844,85.88158364047082,64.73481100753216,2061
23,452,Kareli (M),29929,22877,1,76.43756891309432,Small,59.71201715386864,76.43756891309432,64.72968268163635,2062
27,530,Uchgaon (CT),31238,23654,1,75.72187720084513,Small,60.012202125860185,75.72187720084513,64.72510464835567,2063
32,591,Kunnummal (CT),18031,15274,1,84.70966668515335,Small,56.15859556975589,84.70966668515335,64.72391690437512,2064
9,168,Hamirpur (NPP),35475,26121,1,73.63213530655392,Small,60.9041392943021,73.63213530655392,64.72253809797765,2065
28,535,Medak (M),44255,30984,1,70.0124279742402,Small,62.454886356599374,70.0124279742402,64.72214884189162,2066
6,70,Babiyal (CT),26412,20722,1,78.4567620778434,Small,58.83539631259097,78.4567620778434,64.72180604216669,2067
32,594,Puthur (CT),17430,14859,1,85.24956970740104,Small,55.920881462675,85.24956970740104,64.7194879360928,2068
33,604,Neelankarai (CT),28458,21976,1,77.22257361726052,Small,59.35859976452081,77.22257361726052,64.71779192034272,2069
29,574,Belur (TMC),22484,18229,1,81.07543141789716,Small,57.70629855811524,81.07543141789716,64.71703841604982,2070
32,601,Parasuvaikkal (CT),17698,15040,1,84.981353825291,Small,56.027880394536865,84.981353825291,64.71392242376311,2071
27,515,Ranjangaon (s) (CT),42877,30228,1,70.49933530797398,Small,62.23306050916209,70.49933530797398,64.71294294880565,2072
32,589,Kolavelloor (CT),19817,16473,1,83.12559923298178,Small,56.820892252793755,83.12559923298178,64.71230434685016,2073
33,629,Colachel (M),23227,18702,1,80.51836225082877,Small,57.93428116275972,80.51836225082877,64.70950548918043,2074
24,492,Surat (M Corp. + OG) (Part),33813,25148,1,74.3737615709934,Small,60.567660158529115,74.3737615709934,64.70949058226839,2075
33,627,Nazerath (TP),16584,14267,1,86.02870236372408,Small,55.57198942269387,86.02870236372408,64.70900330500292,2076
33,628,Kalladaikurichi (TP),26398,20701,1,78.41881960754603,Small,58.831678309008126,78.41881960754603,64.70782069856949,2077
23,418,Sheopur (M),68820,43175,1,62.73612321999419,Growing,65.5511131653126,62.73612321999419,64.70661618171708,2078
14,279,Ukhrul (CT),27187,21185,1,77.92327215213153,Small,59.038198880335635,77.92327215213153,64.7037208618744,2079
32,593,Vaniyamkulam- II (CT),16085,13914,1,86.50295306185888,Small,55.357756474351625,86.50295306185888,64.7013154506038,2080
24,473,Mansa (M),30347,23097,1,76.10966487626453,Small,59.809278165374536,76.10966487626453,64.69939417864153,2081
32,595,Chelamattom (CT),16844,14440,1,85.72785561624318,Small,55.68107318313283,85.72785561624318,64.69510791306593,2082
33,624,Uthamapalayam (TP),29050,22308,1,76.79173838209982,Small,59.50298010190704,76.79173838209982,64.68960758596488,2083
33,622,Ilayangudi (TP),24767,19665,1,79.40000807526144,Small,58.384453860833865,79.40000807526144,64.68912012516213,2084
32,591,Panangad (CT),14347,12672,1,88.32508538370391,Small,54.55593462119425,88.32508538370391,64.68667984994714,2085
33,628,Shenkottai (M),26823,20945,1,78.08597099504156,Small,58.94367706098078,78.08597099504156,64.68636524119901,2086
19,334,Nalhati (M),41534,29459,1,70.92743294650165,Small,62.00989981807435,70.92743294650165,64.68515975660253,2087
28,551,Badvel (M) (Part),70626,43946,2,62.22354373743381,Growing,65.73276680834098,62.22354373743381,64.67999988706883,2088
32,591,Eravattur (CT),17016,14549,1,85.50188058298073,Small,55.7523148298319,85.50188058298073,64.67718455577655,2089
20,355,Gumia (CT),48141,32968,1,68.48216696786523,Small,63.045102189698696,68.48216696786523,64.67622162314865,2090
22,407,Kawardha (M),44205,30889,1,69.8767107793236,Small,62.446959013239365,69.8767107793236,64.67588454306464,2091
18,301,Gauripur (TC),25124,19876,1,79.1116064320968,Small,58.48481148754788,79.1116064320968,64.67284997091255,2092
19,329,Khagrabari (CT),23122,18606,1,80.46881757633423,Small,57.90250910770753,80.46881757633423,64.67240164829553,2093
19,336,Bagula (CT),22649,18299,1,80.79385403329066,Small,57.75757133095475,80.79385403329066,64.66845614165553,2094
19,345,Kolaghat (CT),25191,19909,1,79.0321940375531,Small,58.50348709308969,79.0321940375531,64.66209917642871,2095
27,515,Paithan (M Cl),41536,29428,1,70.84938366718028,Small,62.01023748591612,70.84938366718028,64.66198134029537,2096
23,452,Gotegaon (NP),27068,21069,1,77.83729865523867,Small,59.007437469246184,77.83729865523867,64.65639582504393,2097
23,457,Waraseoni (M),25103,19841,1,79.03836194877107,Small,58.47894768739086,79.03836194877107,64.64677196580492,2098
33,632,Madukkarai (TP),30357,23046,1,75.91659254867082,Small,59.81158854187759,75.91659254867082,64.64308974391557,2099
22,402,JashpurNagar (M),25422,20037,1,78.8175595940524,Small,58.567497432014335,78.8175595940524,64.64251608062575,2100
19,338,Singur (CT),21382,17458,1,81.64811523711532,Small,57.353895626968,81.64811523711532,64.64216151001219,2101
17,298,Pynthormukhrah (CT),27219,21146,1,77.68837944083177,Small,59.04644788671111,77.68837944083177,64.6390273529473,2102
23,429,Maihar (M),40192,28658,1,71.30274681528662,Small,61.779578013627145,71.30274681528662,64.63652865412499,2103
21,397,Nabarangapur (M + OG),36945,26852,1,72.68101231560428,Small,61.188861176929635,72.68101231560428,64.63650651853203,2104
32,589,Iriveri (CT),17231,14671,1,85.1430561197841,Small,55.84036103492635,85.1430561197841,64.63116956038368,2105
33,617,Kattumannarkoil (TP),27294,21184,1,77.61412764710192,Small,59.06574355806964,77.61412764710192,64.63025878477933,2106
29,574,Satyamangala (CT),18002,15190,1,84.37951338740139,Small,56.147308325118274,84.37951338740139,64.6169698438032,2107
18,306,Dhekiajuli (MB),21579,17568,1,81.41248435979425,Small,57.41820718679149,81.41248435979425,64.61649033869232,2108
33,617,Padirikuppam (CT),18745,15686,1,83.68098159509204,Small,56.430915261026904,83.68098159509204,64.60593516124644,2109
32,598,Arookutty (CT),19411,16132,1,83.10751635670496,Small,56.67573537974574,83.10751635670496,64.6052696728335,2110
21,387,Nimapada (NAC),19289,16043,1,83.17175592306496,Small,56.63152316881642,83.17175592306496,64.59359299509099,2111
33,619,Kuthanallur (M),25423,19996,1,78.65318805805767,Small,58.567773266802526,78.65318805805767,64.59339770417907,2112
33,607,Salamedu (CT),20854,17075,1,81.87877625395608,Small,57.17856104891064,81.87877625395608,64.58862561042426,2113
33,614,Thiruverumbur (TP),23156,18563,1,80.16496804283987,Small,57.91281296932945,80.16496804283987,64.58845949138258,2114
18,312,Mariani (TC),20801,17040,1,81.91913850295659,Small,57.16071662686524,81.91913850295659,64.58824318969263,2115
29,555,Sankeshwar (TMC),34637,25481,1,73.56583999769033,Small,60.73650057748354,73.56583999769033,64.58530240354557,2116
32,591,Thuneri (CT),23421,18729,1,79.96669655437428,Small,57.992607802657716,79.96669655437428,64.58483442817268,2117
21,377,Soro (NAC),32531,24265,1,74.59039070425133,Small,60.29661496269818,74.59039070425133,64.58474768516412,2118
33,614,Manachanallur (TP),25931,20302,1,78.29239134626509,Small,58.70651306552978,78.29239134626509,64.58227654975038,2119
6,76,Ganaur (MC),35603,26024,1,73.09496390753588,Small,60.92939604006844,73.09496390753588,64.57906640030868,2120
24,479,Kodinar (M),41492,29286,1,70.58228092162344,Small,62.002805034963856,70.58228092162344,64.57664780096172,2121
27,505,Ramtek (M Cl),22310,18010,1,80.72613177947109,Small,57.65181987899911,80.72613177947109,64.5741134491407,2122
33,612,Batlagundu (TP),22928,18406,1,80.27739009071877,Small,57.84342506876777,80.27739009071877,64.57361457535306,2123
12,248,Naharlagun (NT),36158,26329,1,72.81652746280216,Small,61.03786748587569,72.81652746280216,64.57146547895363,2124
23,431,Umaria (M),33114,24588,1,74.25258198949085,Small,60.42117520984379,74.25258198949085,64.57059724373791,2125
20,347,Chatra (Nagar Parishad),49985,33746,1,67.51225367610283,Small,63.30869494567571,67.51225367610283,64.56976256480384,2126
32,591,Palayad (CT),18141,15255,1,84.09128493467836,Small,56.201244865308574,84.09128493467836,64.56825688611951,2127
33,629,Vilathurai (CT),19758,16336,1,82.680433242231,Small,56.799983706671185,82.680433242231,64.56411856733914,2128
1,10,Badami Bagh (CB),22214,17940,1,80.75988115602773,Small,57.62158051890174,80.75988115602773,64.56307071003953,2129
33,629,Aralvaimozhi (TP),22846,18344,1,80.29414339490502,Small,57.81830094934024,80.29414339490502,64.56105368300967,2130
28,548,Vinukonda (M),59725,38563,1,64.56760150690666,Growing,64.55712460897446,64.56760150690666,64.56026767835411,2131
21,397,Nabarangapur (M),29960,22726,1,75.85447263017356,Small,59.71927678477282,75.85447263017356,64.55983553839305,2132
33,604,Maduranthakam (M),30796,23221,1,75.40264969476556,Small,59.91227113267298,75.40264969476556,64.55938470130076,2133
10,209,Araria (Nagar Parishad),79021,47396,1,59.97899292593109,Growing,66.52038810086019,59.97899292593109,64.55796954838146,2134
33,623,Vandiyur (CT),28646,21935,1,76.5726453955177,Small,59.40477318522554,76.5726453955177,64.55513484831319,2135
33,629,Thiruvithancode (TP),18723,15639,1,83.5282807242429,Small,56.422680454305386,83.5282807242429,64.55436053528663,2136
33,614,Pichandarkovil (CT),17257,14644,1,84.85831836356262,Small,55.85093394670848,84.85831836356262,64.55314927176471,2137
33,610,Sathyamangalam (M),37816,27234,1,72.01713560397715,Small,61.352266220577114,72.01713560397715,64.55172703559712,2138
2,28,Hamirpur (M Cl),17604,14880,1,84.52624403544648,Small,55.99053652319218,84.52624403544648,64.55124877686848,2139
20,346,Garhwa (NP),46059,31682,1,68.78568792201307,Small,62.73507077410543,68.78568792201307,64.55025591847772,2140
19,335,Hindusthan Cables Town (CT),22599,18177,1,80.43276251161556,Small,57.742073676611284,80.43276251161556,64.54928032711257,2141
28,535,Medak (M + OG),46880,32107,1,68.48762798634812,Small,62.858967972335854,68.48762798634812,64.54756597653953,2142
32,594,Madayikonam (CT),14155,12467,1,88.07488519957613,Small,54.46145973868224,88.07488519957613,64.5454873769504,2143
23,440,Barwaha (M),26459,20595,1,77.83740882119505,Small,58.847863784322165,77.83740882119505,64.54472729538404,2144
33,629,Verkilambi (TP),19730,16304,1,82.63558033451596,Small,56.79003915192201,82.63558033451596,64.54370150670019,2145
19,336,Jagadanandapur (CT),23822,18950,1,79.54831668205861,Small,58.111653395261854,79.54831668205861,64.54265238130088,2146
28,540,Bhupalpalle (CT),42387,29721,1,70.11819661688725,Small,62.152459710758166,70.11819661688725,64.54218078259689,2147
21,385,Nayagarh (NAC),17030,14482,1,85.0381679389313,Small,55.75808184145325,85.0381679389313,64.54210767069665,2148
33,628,Surandai (TP),35272,25792,1,73.12315717849852,Small,60.86389620645064,73.12315717849852,64.54167449806499,2149
23,439,Mhowgaon (NP),30012,22737,1,75.75969612155137,Small,59.73143737935277,75.75969612155137,64.53991500201235,2150
23,435,Badnagar (M),32418,24142,1,74.47097291628107,Small,60.272213974638774,74.47097291628107,64.53184165713145,2151
33,604,Tirukalukundram (TP),29391,22358,1,76.07090605967814,Small,59.5848154961753,76.07090605967814,64.53064266522615,2152
33,632,Irugur (TP),25691,20108,1,78.26865439258884,Small,58.64130863727131,78.26865439258884,64.52951236386656,2153
1,8,Sopore (M Cl + OG),71292,43892,1,61.56651517701845,Growing,65.79858533970256,61.56651517701845,64.52896429089732,2154
27,527,Koregaon (CT),24690,19483,1,78.91049007695423,Small,58.36261851285036,78.91049007695423,64.52697998208151,2155
33,613,Senapiratti (CT),22447,18062,1,80.46509555842651,Small,57.69474938797791,80.46509555842651,64.52585323911248,2156
5,61,Srinagar (NPP),20115,16540,1,82.22719363658962,Small,56.92555590488503,82.22719363658962,64.5160472243964,2157
1,21,Jammu Cantt. (CB),28396,21738,1,76.55303563882237,Small,59.34330545299722,76.55303563882237,64.50622450874476,2158
3,43,Jalalabad (M Cl + OG),39525,28117,1,71.13725490196079,Small,61.66222655314687,71.13725490196079,64.50473505779104,2159
24,484,Kalol (M),28777,21964,1,76.32484275636793,Small,59.43676842858816,76.32484275636793,64.50319072692209,2160
19,333,Chaltia (CT),25336,19865,1,78.40622039785285,Small,58.5437349595802,78.40622039785285,64.502480591062,2161
32,594,Avinissery (CT),13983,12322,1,88.12129013802475,Small,54.37573145381823,88.12129013802475,64.49939905908019,2162
20,361,Patratu (CT),32899,24382,1,74.11167512690355,Small,60.37549671967769,74.11167512690355,64.49635024184545,2163
33,632,Vellalur (TP),24872,19571,1,78.68687680926342,Small,58.414120189088294,78.68687680926342,64.49594717514083,2164
29,574,Hole Narsipur (TMC),29974,22667,1,75.62220591179022,Small,59.72255286599594,75.62220591179022,64.49244877973422,2165
24,483,Dakor (M + OG),25658,20055,1,78.16275625535896,Small,58.632295427746406,78.16275625535896,64.49143367603017,2166
23,419,Ambah (M),47177,32163,1,68.17517010407614,Small,62.90325452834298,68.17517010407614,64.48482920106292,2167
29,571,Madhugiri (TMC),29159,22171,1,76.03484344456257,Small,59.5292426171923,76.03484344456257,64.48092286540339,2168
29,555,Belgaum Cantonment (CB),19411,16045,1,82.6593168821802,Small,56.67573537974574,82.6593168821802,64.47080983047607,2169
27,505,Kalameshwar (M Cl),19578,16154,1,82.51098171416896,Small,56.73580696955951,82.51098171416896,64.46835939294235,2170
8,129,Jhalrapatan (M),37506,26957,1,71.87383351997015,Small,61.294543719056804,71.87383351997015,64.4683306593308,2171
29,575,Sulya (TP),19958,16401,1,82.1775729030965,Small,56.87060906554198,82.1775729030965,64.46269821680833,2172
9,134,Najibabad (NPP),88535,51158,1,57.782797763596314,Growing,67.3176109326042,57.782797763596314,64.45716698190182,2173
33,626,Pattinamkattan (CT),17601,14822,1,84.21112436793365,Small,55.989341416692916,84.21112436793365,64.45587630206514,2174
8,103,Chirawa (M),43953,30428,1,69.22849407321458,Small,62.40686823241713,69.22849407321458,64.45335598465635,2175
28,537,Meerpet (CT),32013,23820,1,74.40727204573142,Small,60.18405495278542,74.40727204573142,64.45102008066921,2176
9,182,Balrampur (NPP + OG),82488,48597,1,58.91402385801571,Growing,66.8215034041802,58.91402385801571,64.44925954033086,2177
8,113,Kuri Bhagtasani (CT),38429,27441,1,71.40701033073981,Small,61.46502787621579,71.40701033073981,64.44762261257299,2178
10,230,Barh (Nagar Parishad),61470,39168,1,63.71888726207906,Growing,64.759076510696,63.71888726207906,64.44701973611092,2179
10,209,Forbesganj (Nagar Parishad),50475,33786,1,66.93610698365528,Growing,63.37710376214396,66.93610698365528,64.44480472859735,2180
27,517,Pasthal (CT),18194,15216,1,83.6319665823898,Small,56.22170184346275,83.6319665823898,64.44478126514086,2181
32,594,Chendrappini (CT),16404,13996,1,85.32065349914654,Small,55.49546344761848,85.32065349914654,64.44302046307689,2182
9,182,Balrampur (NPP),81054,47964,1,59.17536457176698,Growing,66.69852183256917,59.17536457176698,64.4415746543285,2183
33,616,Ariyalur (M),28902,21977,1,76.039720434572,Small,59.467162738301184,76.039720434572,64.43893004718242,2184
9,170,Atarra (NPP),47419,32215,1,67.93690292920559,Small,62.93913422242285,67.93690292920559,64.43846483445768,2185
32,594,Peramangalam (CT),13260,11772,1,88.77828054298642,Small,54.00345305793876,88.77828054298642,64.43590130345305,2186
20,365,Khunti (NP),36390,26287,1,72.23687826325914,Small,61.08271789625507,72.23687826325914,64.42896600635629,2187
24,483,Dakor (M),24396,19219,1,78.77930808329235,Small,58.27861613918903,78.77930808329235,64.42882372242002,2188
32,589,Pariyaram (CT),20405,16668,1,81.68586130850282,Small,57.02593168022968,81.68586130850282,64.42391056871162,2189
28,537,Nagaram (CT),30502,22907,1,75.09999344305291,Small,59.845003745561556,75.09999344305291,64.42150065480897,2190
3,43,Jalalabad (M Cl),38965,27698,1,71.0843064288464,Small,61.56216105232135,71.0843064288464,64.41880466527887,2191
33,604,Polichalur (CT),21906,17634,1,80.49849356340728,Small,57.52367279525012,80.49849356340728,64.41611902569727,2192
15,287,Lawngtlai (NT),20830,16939,1,81.32021123379741,Small,57.17048618078857,81.32021123379741,64.41540369669121,2193
27,530,Hupari (CT),28953,21978,1,75.90923220391669,Small,59.479525877253614,75.90923220391669,64.40843777525254,2194
8,104,Khairthal (M),38298,27317,1,71.32748446394068,Small,61.44108223052604,71.32748446394068,64.40700290055042,2195
8,127,Ramganj Mandi (M),41328,28961,1,70.07597754548975,Small,61.975032656515715,70.07597754548975,64.40531612320792,2196
28,538,Gadwal (M + OG),63177,39872,1,63.111575415103594,Growing,64.95115832369035,63.111575415103594,64.39928345111431,2197
32,601,Vakkom (CT),19267,15902,1,82.53490424041107,Small,56.62352072559109,82.53490424041107,64.39693578003708,2198
32,595,Kureekkad (CT),13348,11818,1,88.53760863050645,Small,54.049835515247736,88.53760863050645,64.39616744982536,2199
3,38,Talwara (CT),19485,16045,1,82.345393892738,Small,56.70241743900498,82.345393892738,64.39531037512488,2200
2,31,Baddi (M Cl),25639,19954,1,77.82674831311674,Small,58.627100744221075,77.82674831311674,64.38699501488978,2201
28,541,Sathupalle (NP),31857,23651,1,74.24114009479862,Small,60.149799530999324,74.24114009479862,64.37720170013911,2202
28,534,Metpalle (M),50902,33883,1,66.56516443361754,Growing,63.4361778212063,66.56516443361754,64.37487380492966,2203
33,629,Thirparappu (TP),22401,17919,1,79.99196464443553,Small,57.68036438655163,79.99196464443553,64.3738444639168,2204
29,576,Virajpet (TP),17246,14531,1,84.2572190652905,Small,55.8464627369874,84.2572190652905,64.36968963547832,2205
33,610,Perundurai (TP),24930,19498,1,78.21099077416767,Small,58.43045365453609,78.21099077416767,64.36461479042556,2206
5,67,Jaspur (NPP),50523,33675,1,66.65281159076063,Growing,63.38376928572191,66.65281159076063,64.36448197723352,2207
27,510,Ghatanji (M Cl),21293,17202,1,80.78711313577232,Small,57.32464661999367,80.78711313577232,64.36338657472726,2208
33,629,Nalloor (TP),17989,15024,1,83.5177052643282,Small,56.14224262242404,83.5177052643282,64.35488141499529,2209
6,71,Sasauli (CT),22479,17954,1,79.87010098313982,Small,57.704738970488144,79.87010098313982,64.35434757428365,2210
27,528,Khed (M Cl),16892,14281,1,84.54297892493487,Small,55.70102748643837,84.54297892493487,64.35361291798732,2211
28,535,Zahirabad (M),50532,33661,1,66.61323517770917,Growing,63.38501836637528,66.61323517770917,64.35348340977544,2212
27,502,Risod (M Cl),34136,24929,1,73.02847433794236,Small,60.63432921573407,73.02847433794236,64.35257275239655,2213
33,624,Andipatti Jakkampatti (TP),27287,20926,1,76.68853300106278,Small,59.063944873482,76.68853300106278,64.35132131175624,2214
27,513,Purna (M Cl),36433,26216,1,71.9567425136552,Small,61.09099927000601,71.9567425136552,64.35072224310076,2215
27,521,Indapur (M Cl),25515,19840,1,77.75818146188517,Small,58.59310376500487,77.75818146188517,64.34262707406896,2216
23,427,Rajakhedi (CT),24232,19044,1,78.59029382634533,Small,58.23131674289927,78.59029382634533,64.33900986793309,2217
6,75,Panipat Taraf Ansar (CT),42877,29693,1,69.25158010121977,Small,62.23306050916209,69.25158010121977,64.33861638677939,2218
27,504,Borgaon (Meghe) (CT),19759,16187,1,81.92216205273546,Small,56.800338608654435,81.92216205273546,64.33688564187874,2219
33,617,Parangipettai (TP),25541,19850,1,77.71817861477625,Small,58.6002458326497,77.71817861477625,64.33562566728766,2220
33,629,Valvaithankoshtam (TP),16965,14319,1,84.40318302387267,Small,55.73126623252988,84.40318302387267,64.33284126993271,2221
2,31,Baddi (M Cl + OG),29911,22469,1,75.11952124636422,Small,59.70779843300167,75.11952124636422,64.33131527701043,2222
33,629,Killiyoor (TP),20938,16947,1,80.93896265163816,Small,57.20675009016234,80.93896265163816,64.32641385860508,2223
33,629,Methukummal (CT),19417,15955,1,82.1702631714477,Small,56.677902575973036,82.1702631714477,64.32561075461544,2224
29,558,Bhalki (TMC),40333,28315,1,70.2030595294176,Small,61.80413598050355,70.2030595294176,64.32381304517777,2225
19,341,Nibra (CT),27818,21219,1,76.2779495290819,Small,59.19909472306012,76.2779495290819,64.32275116486665,2226
27,503,Chandur Railway (M Cl),19776,16187,1,81.85173948220064,Small,56.806369195945564,81.85173948220064,64.31998028182208,2227
32,593,Koduvayur (CT),20703,16789,1,81.09452736318407,Small,57.127601198770506,81.09452736318407,64.31767904809458,2228
8,105,Bayana (M),38502,27314,1,70.94176925873981,Small,61.47833624095899,70.94176925873981,64.31736614629324,2229
18,301,Bilasipara (TC),37410,26703,1,71.37931034482759,Small,61.276571584211744,71.37931034482759,64.30739321239649,2230
27,526,Sangole (M Cl),34321,24982,1,72.78925439235454,Small,60.67223073399386,72.78925439235454,64.30733783150205,2231
32,589,Koodali (CT),15236,13113,1,86.0658965607771,Small,54.977510084172934,86.0658965607771,64.30402602715418,2232
27,522,Shirdi (NP),36004,25921,1,71.99477835796023,Small,61.007936904344795,71.99477835796023,64.30398934042942,2233
33,629,Palugal (TP),18276,15185,1,83.08710877653753,Small,56.253235140199834,83.08710877653753,64.30339723110114,2234
23,428,Hatta (M),32465,23918,1,73.67318650854767,Small,60.28237337318247,73.67318650854767,64.29961731379203,2235
30,586,Curchorem-Cacora (M Cl),22730,18066,1,79.4808622965244,Small,57.78260507405678,79.4808622965244,64.29208224079707,2236
27,513,Gangakhed (M Cl),49891,33236,1,66.6172255517027,Small,63.29549498865125,66.6172255517027,64.29201415756668,2237
29,573,Malavalli (TMC),37601,26780,1,71.22151006622164,Small,61.312283417367674,71.22151006622164,64.28505141202386,2238
8,111,Neem-Ka-Thana (M),36231,26016,1,71.80591206425436,Small,61.05201085265548,71.80591206425436,64.27818121613514,2239
23,439,Rau (NP),36055,25917,1,71.88184717792262,Small,61.01786313440729,71.88184717792262,64.27705834746189,2240
16,291,Ambassa (NP),16285,13821,1,84.86951182069389,Small,55.444408827778894,84.86951182069389,64.2719397256534,2241
33,633,Thirumuruganpoondi (TP),31528,23348,1,74.0548084242578,Small,60.077002448767516,74.0548084242578,64.2703442414146,2242
29,557,Muddebihal (TMC),34217,24877,1,72.70362685214951,Small,60.65094915020906,72.70362685214951,64.2667524607912,2243
33,627,Sankaraperi (CT),19844,16194,1,81.60653094134247,Small,56.83043981823906,81.60653094134247,64.26326715517007,2244
27,503,Shendurjana (M Cl),21748,17420,1,80.09931947765313,Small,57.47291188338628,80.09931947765313,64.26083416166634,2245
19,335,Guskara (M),35388,25525,1,72.12897027240872,Small,60.88692052719335,72.12897027240872,64.25953545075795,2246
34,635,Ariankuppam (CT),29808,22326,1,74.89935587761674,Small,59.68360904076035,74.89935587761674,64.24833309181727,2247
33,620,Adiramapattinam (TP),31066,23056,1,74.2161848966716,Small,59.97348402453241,74.2161848966716,64.24629428617416,2248
28,552,Dhone (NP),59272,37722,1,63.64219192873533,Growing,64.50373320259551,63.64219192873533,64.24527082043745,2249
13,265,Chumukedima (TC),25885,19980,1,77.18756036314468,Small,58.694062425651396,77.18756036314468,64.24211180689937,2250
27,513,Sailu (M Cl),46915,31644,1,67.44964297133113,Small,62.864201487526394,67.44964297133113,64.2398339326678,2251
9,145,Mathura (CB),25681,19850,1,77.2944978778085,Small,58.63857858478371,77.2944978778085,64.23535437269115,2252
28,535,Sadasivpet (M + OG),47920,32146,1,67.08263772954925,Small,63.012835733687055,67.08263772954925,64.2337763324457,2253
33,607,Gingee (TP),27045,20673,1,76.43926788685525,Small,59.001476394437056,76.43926788685525,64.23281384216251,2254
27,500,Jalgaon (Jamod) (M Cl),28276,21408,1,75.71085019097468,Small,59.31360846510315,75.71085019097468,64.23278098286461,2255
33,604,Sevilimedu (TP),23454,18474,1,78.76694806855974,Small,58.00248124453869,78.76694806855974,64.231821291745,2256
10,230,Masaurhi (Nagar Parishad),59803,37945,1,63.449994147450795,Growing,64.56627694838842,63.449994147450795,64.23139210810713,2257
18,306,Biswanath Chariali (TC),19145,15714,1,82.07887176808566,Small,56.578977041707844,82.07887176808566,64.22894545962119,2258
32,594,Brahmakulam (CT),14390,12483,1,86.74774148714384,Small,54.57691974327121,86.74774148714384,64.22816626643299,2259
22,409,Balod (M),23648,18592,1,78.61975642760487,Small,58.060245711470024,78.61975642760487,64.22809892631048,2260
18,312,Titabor Town (TC),17920,14899,1,83.14174107142858,Small,56.11529400438096,83.14174107142858,64.22322812449524,2261
21,376,Rairangpur (NAC),25516,19739,1,77.3593039661389,Small,58.59337859445787,77.3593039661389,64.22315620596217,2262
33,602,Karambakkam (CT),21376,17148,1,80.22080838323353,Small,57.3519276141198,80.22080838323353,64.21259184485392,2263
32,594,Kandanassery (CT),14645,12650,1,86.37760327756914,Small,54.700092304864626,86.37760327756914,64.20334559667597,2264
32,594,Punnayur (CT),19387,15856,1,81.78676432661062,Small,56.66705989113042,81.78676432661062,64.20297122177448,2265
33,602,Vengathur (CT),23292,18350,1,78.78241456294006,Small,57.95387768344868,78.78241456294006,64.2024387472961,2266
28,535,Siddipet (CT),40707,28351,1,69.64649814528214,Small,61.868862001201066,69.64649814528214,64.20215284442538,2267
27,516,Chandvad (CT),25341,19611,1,77.38842192494376,Small,58.54511870546294,77.38842192494376,64.19810967130718,2268
24,483,Kheda (M),25575,19751,1,77.227761485826,Small,58.60957449770686,77.227761485826,64.1950305941426,2269
8,107,Karauli (M),82960,48078,1,57.95323047251687,Growing,66.86151545189453,57.95323047251687,64.18902995808124,2270
29,574,Sakleshpur (TMC),23352,18376,1,78.69133264816718,Small,57.97191830327607,78.69133264816718,64.1877426067434,2271
20,354,Chirkunda (NP),45508,30839,1,67.76610705809968,Small,62.650674603399146,67.76610705809968,64.1853043398093,2272
33,632,Kurudampalayam (CT),18749,15425,1,82.27105445623766,Small,56.43241146025091,82.27105445623766,64.18400435904692,2273
3,53,Ahmedgarh (M Cl),31302,23127,1,73.88345792601112,Small,60.02655446648845,73.88345792601112,64.18362550434524,2274
33,629,Thiruvattar (TP),18985,15579,1,82.05952067421649,Small,56.5201269261774,82.05952067421649,64.18194505058912,2275
20,354,Gomoh (CT),31495,23233,1,73.76726464518177,Small,60.069658739114274,73.76726464518177,64.17894051093452,2276
32,598,Chennithala (CT),12360,11009,1,89.06957928802589,Small,53.51059419864453,89.06957928802589,64.17828972545894,2277
33,614,Koothappar (TP),15943,13535,1,84.89619268644546,Small,55.29557677415544,84.89619268644546,64.17576154784246,2278
19,336,Cooper's Camp (NA + OG),23119,18220,1,78.80963709503006,Small,57.90159921616769,78.80963709503006,64.1740105798264,2279
8,117,Sirohi (M),39229,27522,1,70.15728160289582,Small,61.60951273446618,70.15728160289582,64.17384339499507,2280
33,608,Edappadi (M),54823,35453,1,64.66811374787954,Growing,63.95656253498342,64.66811374787954,64.17002789885225,2281
7,90,Bawana (CT),73680,44079,1,59.824918566775246,Growing,66.02963102158712,59.824918566775246,64.16821728514356,2282
33,631,Kattiganapalli (CT),22714,17961,1,79.0745795544598,Small,57.777667214776876,79.0745795544598,64.16674091668176,2283
27,522,Jamkhed (CT),34017,24648,1,72.45788870270748,Small,60.6098406103302,72.45788870270748,64.16425503804338,2284
23,446,Begamganj (M),34031,24653,1,72.44277276600747,Small,60.612726065192625,72.44277276600747,64.16174007543708,2285
33,604,Pudupattinam (CT),21151,16967,1,80.21842938868139,Small,57.277725586702,80.21842938868139,64.15993672729581,2286
23,427,Garhakota (M + OG),32726,23911,1,73.06423027562184,Small,60.338524210113256,73.06423027562184,64.15623602976582,2287
28,549,Giddaluru (CT),35150,25271,1,71.89473684210526,Small,60.8395991339841,71.89473684210526,64.15614044642044,2288
33,608,Sankari (TP),29467,22034,1,74.77517222655852,Small,59.60292505825983,74.77517222655852,64.15459920874943,2289
2,24,Dharmsala (M Cl),22579,17867,1,79.13105097657115,Small,57.73586501242853,79.13105097657115,64.15442080167132,2290
32,599,Kozhenchery (CT),12021,10752,1,89.44347392063888,Small,53.31558508102946,89.44347392063888,64.15395173291229,2291
33,602,Kattupakkam (CT),23910,18695,1,78.18904224173986,Small,58.137509893519926,78.18904224173986,64.1529695979859,2292
21,388,Bhanjanagar (NAC),20482,16531,1,80.70989161214726,Small,57.0523435484581,80.70989161214726,64.14960796756483,2293
10,213,Madhepura (Nagar Parishad),54472,35244,1,64.70113085621972,Growing,63.911520838406034,64.70113085621972,64.14840384375013,2294
19,341,Mahiari (CT),18223,15055,1,82.61537617296823,Small,56.23287007594235,82.61537617296823,64.14762190505012,2295
28,540,Narsampet (CT),30963,22893,1,73.93663404708846,Small,59.95019543351584,73.93663404708846,64.14612701758762,2296
5,60,Clement Town (CB),22557,17844,1,79.10626413086847,Small,57.729029126992046,79.10626413086847,64.14219962815497,2297
27,521,Wagholi (CT),33479,24319,1,72.63956510051077,Small,60.498047525327166,72.63956510051077,64.14050279788225,2298
32,591,Chekkiad (CT),24246,18892,1,77.91800709395365,Small,58.2353669740477,77.91800709395365,64.14015901001947,2299
28,541,Yellandu (M + OG),35056,25192,1,71.86216339570973,Small,60.820820850794,71.86216339570973,64.13322361426872,2300
32,595,Vazhakulam (CT),18358,15134,1,82.43817409303846,Small,56.28462727856876,82.43817409303846,64.13069132290967,2301
27,516,Nandgaon (M Cl),23604,18482,1,78.30028808676495,Small,58.04718614988479,78.30028808676495,64.12311673094884,2302
8,100,Sangaria (M),36619,26041,1,71.11335645429968,Small,61.126708809947516,71.11335645429968,64.12270310325316,2303
32,594,Pappinivattom (CT),15336,13089,1,85.34820031298904,Small,55.02338377255735,85.34820031298904,64.12082873468685,2304
32,589,Varam (CT),17008,14228,1,83.65475070555033,Small,55.74901726403373,83.65475070555033,64.12073729648871,2305
33,629,Kothanallur (TP),17662,14663,1,83.0200430302344,Small,56.013601972856854,83.0200430302344,64.11553429007012,2306
33,629,Kattathurai (CT),17271,14401,1,83.3825487811939,Small,55.85662045731886,83.3825487811939,64.11439895448137,2307
32,594,Panangad (CT),15630,13288,1,85.01599488163788,Small,55.15654003391857,85.01599488163788,64.11437648823436,2308
18,310,Namrup (CT),15719,13349,1,84.9227050066798,Small,55.196355714894985,84.9227050066798,64.11426050243043,2309
21,372,Hirakud (NAC),30207,22423,1,74.23113847783627,Small,59.77685271612866,74.23113847783627,64.11313844464094,2310
5,61,Kotdwara (NPP),28859,21635,1,74.96794760733219,Small,59.45672195294155,74.96794760733219,64.11008964925874,2311
33,620,Neelagiri (CT),16197,13670,1,84.39834537259986,Small,55.40641363910507,84.39834537259986,64.1039931591535,2312
29,583,Vijayapura (TMC),34866,25051,1,71.84936614466815,Small,60.78271051473928,71.84936614466815,64.10270720371794,2313
27,516,Dyane (CT),49192,32565,1,66.19978858350952,Small,63.19655067521014,66.19978858350952,64.09752204769995,2314
32,594,Kurumpilavu (CT),14329,12375,1,86.36331914299672,Small,54.54713147175354,86.36331914299672,64.09198777312649,2315
28,550,Sulluru (Sullurpeta) (CT),27504,20819,1,75.69444444444444,Small,59.11949068264787,75.69444444444444,64.09197681118684,2316
8,110,Phulera (M + OG),26091,19973,1,76.55130121497834,Small,58.74964828217942,76.55130121497834,64.0901441620191,2317
33,605,Jolarpet (M),29662,22079,1,74.43530442991032,Small,59.64917757135175,74.43530442991032,64.08501562891932,2318
32,598,Chingoli (CT),14981,12825,1,85.60843735398171,Small,54.8591555847334,85.60843735398171,64.08394011550789,2319
32,589,Panoor (CT),17438,14493,1,83.11159536644111,Small,55.92409921357119,83.11159536644111,64.08034805943217,2320
27,501,Telhara (M Cl),20986,16805,1,80.07719432002287,Small,57.22280738455785,80.07719432002287,64.07912346519736,2321
27,523,Kaij (NP),30704,22672,1,73.84054194893174,Small,59.8912907558082,73.84054194893174,64.07606611374527,2322
27,517,Kon (CT),24295,18867,1,77.65795431158674,Small,58.24952438985586,77.65795431158674,64.07205336637512,2323
32,594,Velur (CT),13928,12084,1,86.76048248133257,Small,54.34809571314844,86.76048248133257,64.07181174360367,2324
32,589,Kandamkunnu (CT),16025,13533,1,84.44929797191888,Small,55.331550592822765,84.44929797191888,64.0668748065516,2325
3,38,Dasua (M Cl),25192,19409,1,77.04429977770721,Small,58.50376545711619,77.04429977770721,64.0659257532935,2326
32,592,Naduvattom (CT),21273,16978,1,79.81008790485592,Small,57.31805698810837,79.81008790485592,64.06566626313263,2327
24,488,Gadkhol (CT),25332,19492,1,76.94615506079268,Small,58.54262776625067,76.94615506079268,64.06368595461326,2328
28,548,Piduguralla (NP),63103,39127,1,62.004975991632726,Growing,64.94293959411864,62.004975991632726,64.06155051337286,2329
28,543,Salur (M),49500,32656,1,65.97171717171717,Small,63.24032059473315,65.97171717171717,64.05973956782836,2330
6,74,Gharaunda (MC),37816,26608,1,70.36175163951766,Small,61.352266220577114,70.36175163951766,64.05511184625928,2331
3,50,Patti (M Cl),40976,28290,1,69.04041390082,Small,61.915049655785126,69.04041390082,64.05265892929557,2332
33,629,Palappallam (TP),18589,15237,1,81.96783043735543,Small,56.37231308933464,81.96783043735543,64.05096829374088,2333
32,591,Menhaniam (CT),15768,13349,1,84.6588026382547,Small,55.218180598405695,84.6588026382547,64.05036721036039,2334
28,551,Jammalamadugu (NP),46069,30913,1,67.10152163059759,Small,62.736593119869866,67.10152163059759,64.04607167308818,2335
8,100,Nohar (M),49835,32795,1,65.80716364001205,Small,63.2876193580859,65.80716364001205,64.04348264266375,2336
33,629,Dharamapuram  (CT),17476,14494,1,82.93659876401924,Small,55.93936339980058,82.93659876401924,64.03853400906617,2337
2,26,Kullu (M Cl),18536,15194,1,81.97022011221407,Small,56.35229140180281,81.97022011221407,64.03767001492619,2338
27,521,Bhor (M Cl),18453,15134,1,82.01376469950685,Small,56.320821374341094,82.01376469950685,64.02870437189081,2339
21,375,Barbil (M),66540,40607,1,61.02645025548542,Growing,65.3148513515967,61.02645025548542,64.02833102276333,2340
32,594,Vadakkekad (CT),15811,13366,1,84.5360824742268,Small,55.237277249747166,84.5360824742268,64.02691881709106,2341
32,588,North Thrikkaripur (CT),18210,14970,1,82.20757825370676,Small,56.227865826268086,82.20757825370676,64.02177955449969,2342
8,111,Shrimadhopur (M),31366,22992,1,73.30230185551234,Small,60.04087749323639,73.30230185551234,64.01930480191916,2343
33,629,Kappiyarai (TP),15998,13489,1,84.31678959869984,Small,55.3197259208638,84.31678959869984,64.01884502421461,2344
32,589,Karivellur (CT),13498,11756,1,87.09438435323752,Small,54.12819619802386,87.09438435323752,64.01805264458795,2345
33,616,Jayankondam (M),33945,24442,1,72.00471350714392,Small,60.594982345310356,72.00471350714392,64.01790169386042,2346
23,427,Garhakota (M),30796,22660,1,73.5809845434472,Small,59.91227113267298,73.5809845434472,64.01288515590525,2347
19,338,Pandua (CT),30700,22604,1,73.62866449511401,Small,59.89037714010338,73.62866449511401,64.01186334660656,2348
27,522,Pathardi (M Cl),27211,20564,1,75.57237881739003,Small,59.0443865446221,75.57237881739003,64.00278422645248,2349
21,393,Titlagarh (NAC + OG),34067,24492,1,71.89362139313705,Small,60.620140359172794,71.89362139313705,64.00218466936207,2350
23,419,Porsa (M),39669,27529,1,69.39675817388893,Small,61.68772854463391,69.39675817388893,64.00043743341041,2351
28,534,Peddapalle (CT),41171,28320,1,68.7862816059848,Small,61.94834224089251,68.7862816059848,63.9997240504202,2352
33,629,Kadayal (TP),21665,17178,1,79.28917609046849,Small,57.44609840301155,79.28917609046849,63.99902170924862,2353
27,529,Kankavli (NP),16398,13749,1,83.84559092572265,Small,55.492898143699,83.84559092572265,63.99870597830609,2354
8,119,Kekri (M),41890,28689,1,68.4865122941036,Small,62.069750015272085,68.4865122941036,63.994778698921536,2355
3,38,Urmar Tanda (M Cl),23419,18259,1,77.96660830949229,Small,57.99200896522629,77.96660830949229,63.984388768506086,2356
32,589,Cherukunnu (CT),16111,13546,1,84.07920054621066,Small,55.369082014371195,84.07920054621066,63.982117573923034,2357
27,503,Chandurbazar (M Cl),18759,15304,1,81.5821738898662,Small,56.43615056230502,81.5821738898662,63.97995756057337,2358
28,535,Sadasivpet (M),42950,29215,1,68.0209545983702,Small,62.244989488462664,68.0209545983702,63.97777902143492,2359
21,381,Banki (NAC),17521,14487,1,82.68363677872269,Small,55.95739654543511,82.68363677872269,63.97526861542138,2360
8,102,Rajgarh (M),59193,37139,1,62.742216140422016,Growing,64.49438034896893,62.742216140422016,63.96873108640486,2361
23,454,Nainpur (M + OG),24914,19159,1,76.90053785020471,Small,58.42595166939646,76.90053785020471,63.96832752363893,2362
32,594,Vallachira (CT),12970,11359,1,87.57902852737087,Small,53.848393457454094,87.57902852737087,63.96758397842912,2363
28,552,Yemmiganur (M),95149,52254,1,54.918075859967,Growing,67.82284229431026,54.918075859967,63.95141236400728,2364
29,563,Yellapur (TP),20452,16372,1,80.05085077254058,Small,57.04206503518111,80.05085077254058,63.94470075638895,2365
20,353,Pakaur (NP),45840,30641,1,66.8433682373473,Small,62.70164826328759,66.8433682373473,63.9441642555055,2366
32,589,Kanhirode (CT),15353,13010,1,84.73913893050218,Small,55.031152543187844,84.73913893050218,63.94354845938214,2367
27,501,Patur (M Cl),21095,16777,1,79.5306944773643,Small,57.25913485430149,79.5306944773643,63.94060274122033,2368
32,594,Kuttoor (CT),12179,10780,1,88.51301420477871,Small,53.407149421805244,88.51301420477871,63.93890885669728,2369
32,593,Pudussery West (CT),20140,16166,1,80.26812313803376,Small,56.93426580209275,80.26812313803376,63.93442300287505,2370
27,499,Bhadgaon (M Cl),37214,26132,1,70.22088461331757,Small,61.239734836568815,70.22088461331757,63.93407976959344,2371
27,505,Narkhed (M Cl),21127,16792,1,79.48123254603115,Small,57.269764164008095,79.48123254603115,63.93320467861501,2372
33,629,Nullivilai (CT),16138,13537,1,83.88276118478126,Small,55.38082382449283,83.88276118478126,63.93140503257935,2373
28,548,Macherla (M),57290,36176,1,63.14540059347181,Growing,64.26522932713725,63.14540059347181,63.92928070703761,2374
27,509,Chandur (CT),26755,20224,1,75.58960941880022,Small,58.925877027905095,75.58960941880022,63.92499674517363,2375
29,555,Ramdurg (TMC + OG),34800,24808,1,71.28735632183908,Small,60.76942357103313,71.28735632183908,63.92480339627491,2376
33,614,Navalpattu (CT),16788,13967,1,83.19633071241363,Small,55.65772117242216,83.19633071241363,63.919304034419596,2377
18,321,Sualkuchi (CT),13898,11992,1,86.28579651748453,Small,54.33297564317638,86.28579651748453,63.918821905468825,2378
8,103,Vidyavihar (M),15644,13194,1,84.33904372283304,Small,55.162818177342665,84.33904372283304,63.915685840989774,2379
29,571,Chiknayakanhalli (TMC),23206,18073,1,77.88072050331812,Small,57.92793825717113,77.88072050331812,63.91377293101522,2380
8,116,Jalor (M),54081,34625,1,64.02433386956602,Growing,63.861003184119866,64.02433386956602,63.91000238975371,2381
33,628,Eruvadi (TP),18067,14806,1,81.95051751812697,Small,56.17258209442042,81.95051751812697,63.90596272153239,2382
32,589,Kurumathur (CT),18641,15181,1,81.43876401480608,Small,56.391901609714665,81.43876401480608,63.905960331242085,2383
27,517,Vashind (CT),20561,16409,1,79.8064296483634,Small,57.07933844953151,79.8064296483634,63.897465809181085,2384
28,538,Gadwal (M),57569,36242,1,62.954020392919794,Growing,64.29929734271106,62.954020392919794,63.895714257773676,2385
24,491,Umbergaon (M),27859,20845,1,74.82321691374422,Small,59.20942250075575,74.82321691374422,63.89356082465228,2386
10,230,Dinapur Cantonment (CB),28723,21347,1,74.32023117362392,Small,59.42359722963565,74.32023117362392,63.89258741283213,2387
32,594,Kadikkad (CT),19147,15499,1,80.9474069044759,Small,56.579709551839215,80.9474069044759,63.890018757630216,2388
32,594,Pazhanji (CT),14067,12096,1,85.98848368522073,Small,54.41772969725991,85.98848368522073,63.88895589364815,2389
23,427,Makronia Buzurg (CT),23861,18454,1,77.33959180252295,Small,58.123124289870155,77.33959180252295,63.88806454366599,2390
6,75,Panipat Taraf Makhdum Zadgan (CT),67998,40931,1,60.194417482867145,Growing,65.46684921220586,60.194417482867145,63.88511969340424,2391
32,594,Wadakkanchery (CT),15674,13197,1,84.19675896388924,Small,55.17625244531396,84.19675896388924,63.88240440088654,2392
33,618,Tharangambadi (TP),23191,18036,1,77.77154930792118,Small,57.92340409524051,77.77154930792118,63.877847659044704,2393
21,392,Sonapur (M),20770,16522,1,79.5474241694752,Small,57.15025823809757,79.5474241694752,63.86940801751086,2394
10,230,Mokameh (Nagar Parishad),60678,37619,1,61.997758660470026,Growing,64.66813709299669,61.997758660470026,63.86702356323869,2395
9,137,Gajraula (NP),55048,35005,1,63.58995785496294,Growing,63.98528399514728,63.58995785496294,63.866686153091976,2396
23,448,Timarni (NP),22359,17514,1,78.33087347376895,Small,57.66720443447792,78.33087347376895,63.86630514626522,2397
9,168,Maudaha (NPP),40003,27527,1,68.81233907456941,Small,61.7465244066858,68.81233907456941,63.86626880705088,2398
8,120,Niwai (M),37765,26336,1,69.73652853170925,Small,61.342802530942365,69.73652853170925,63.86092033117243,2399
27,505,Chicholi (CT),18469,15038,1,81.42292490118577,Small,56.32689888375525,81.42292490118577,63.8557066889844,2400
28,554,Akkarampalle (CT),44219,29687,1,67.13629887604876,Small,62.44917957282884,67.13629887604876,63.855315363794816,2401
27,526,Kurduvadi (M Cl),22463,17565,1,78.19525441837689,Small,57.699745958004996,78.19525441837689,63.84839849611656,2402
29,577,Hutagalli (CT),18308,14924,1,81.51627703736072,Small,56.265502455609415,81.51627703736072,63.84073483013481,2403
10,204,Raxaul Bazar  (Nagar Parishad),55536,35186,1,63.35710169979832,Growing,64.04717632968084,63.35710169979832,63.84015394071608,2404
29,571,Gubbi (TP),18446,15012,1,81.38349777729589,Small,56.318160806836524,81.38349777729589,63.83776189797433,2405
32,591,Keezhariyur (CT),15116,12794,1,84.63879333156919,Small,54.92206258648257,84.63879333156919,63.837081810008556,2406
33,605,Palavansathu (CT),22176,17378,1,78.36399711399712,Small,57.60957465644591,78.36399711399712,63.83590139371127,2407
28,554,Renigunta (CT),26031,19715,1,75.73662172025661,Small,58.7335036528332,75.73662172025661,63.834439073060224,2408
32,594,Puthukkad (CT),12615,11048,1,87.57827982560444,Small,53.65378969825654,87.57827982560444,63.831136736460905,2409
14,276,Kakching (M Cl),32138,23228,1,72.2758105669301,Small,60.21138296009204,72.2758105669301,63.83071124214345,2410
3,41,Gill (CT),28884,21379,1,74.0167566819,Small,59.462794068427286,74.0167566819,63.828982852469096,2411
28,541,Yellandu (M),33732,24106,1,71.46329894462232,Small,60.55084141552298,71.46329894462232,63.82457867425278,2412
32,594,Pullur (CT),12656,11074,1,87.5,Small,53.67654286309038,87.5,63.82358000416327,2413
29,573,Maddur (TMC),28754,21293,1,74.05230576615426,Small,59.431161497591056,74.05230576615426,63.817504778160014,2414
18,311,Sonari (MB),19810,15877,1,80.14639071176174,Small,56.81841483470777,80.14639071176174,63.81680759782395,2415
33,628,Cheranmadevi (TP),18327,14921,1,81.41539804659791,Small,56.272776033737294,81.41539804659791,63.81556263759548,2416
28,542,Amadalavalasa (M),39799,27350,1,68.72031960602025,Small,61.710671792624495,68.72031960602025,63.81356613664322,2417
33,604,Injambakkam (CT),21158,16727,1,79.05756687777674,Small,57.28004596677347,79.05756687777674,63.81330224007445,2418
29,555,Ramdurg (TMC),33338,23868,1,71.59397684324195,Small,60.46845144767048,71.59397684324195,63.80610906634192,2419
32,594,Kolazhy (CT),11540,10265,1,88.95147313691508,Small,53.02924034681726,88.95147313691508,63.805910183846606,2420
24,474,Dhandhuka (M),32475,23383,1,72.0030792917629,Small,60.28453304975287,72.0030792917629,63.80009692235588,2421
21,393,Titlagarh (NAC),31258,22702,1,72.62780728133598,Small,60.016690388509055,72.62780728133598,63.80002545635713,2422
27,530,Kurundvad (M Cl),22372,17471,1,78.09315215447882,Small,57.671280392591115,78.09315215447882,63.79784192115742,2423
18,317,Badarpur (TC),13298,11516,1,86.599488644909,Small,54.023519491659236,86.599488644909,63.79631023763417,2424
24,477,Jamjodhpur (M),25892,19594,1,75.67588444307121,Small,58.69595851481703,75.67588444307121,63.78993629329328,2425
33,629,Suchindrum (TP),13193,11439,1,86.70507087091639,Small,53.967932290681944,86.70507087091639,63.789073864752275,2426
24,475,Thangadh (M),42351,28638,1,67.62059927746688,Small,62.14650132742808,67.62059927746688,63.788730712439715,2427
9,135,Sambhal (NPP),220813,89629,1,40.5904543663643,Medium,73.72658485713266,40.5904543663643,63.78574570990215,2428
32,595,Amballur (CT),11358,10124,1,89.13541116393732,Small,52.91776998197674,89.13541116393732,63.78306233656491,2429
27,522,Ghulewadi (CT),21860,17143,1,78.42177493138152,Small,57.50893217824016,78.42177493138152,63.782785004182564,2430
10,203,Narkatiaganj (Nagar Parishad),49507,32202,1,65.04534712262912,Small,63.2413121975215,65.04534712262912,63.782522675053784,2431
33,604,Koilambakkam (CT),27374,20458,1,74.73515014247096,Small,59.08626725513734,74.73515014247096,63.780932121337415,2432
23,461,Kotma (M),29704,21791,1,73.36049016967412,Small,59.65909984766433,73.36049016967412,63.76951694426727,2433
32,595,Chowwara (CT),14933,12634,1,84.60456706622915,Small,54.83665196097356,84.60456706622915,63.76702649255023,2434
21,378,Basudebpur (NAC),33690,24016,1,71.28524784802612,Small,60.54210467967158,71.28524784802612,63.76504763017793,2435
32,594,Trikkur (CT),13093,11358,1,86.74864431375543,Small,53.91457928122949,86.74864431375543,63.76479879098727,2436
6,86,Manesar (154) (CT),23448,18105,1,77.21340839303991,Small,58.00068710695352,77.21340839303991,63.76450349277943,2437
3,44,Gidderbaha (M Cl),45370,30124,1,66.39629711262948,Small,62.629377257989184,66.39629711262948,63.759453214381274,2438
33,629,Ponmanai (TP),15554,13051,1,83.90767648193392,Small,55.12236026280054,83.90767648193392,63.75795512854055,2439
33,629,Kulasekaram (TP),17267,14191,1,82.18567209127237,Small,55.854996210470546,82.18567209127237,63.75419897471109,2440
28,544,Narsipatnam (CT),33757,24040,1,71.21485914032645,Small,60.556036690490814,71.21485914032645,63.75368342544151,2441
33,629,Karungal (TP),16691,13808,1,82.72721826133844,Small,55.617087235585046,82.72721826133844,63.750126543311055,2442
9,192,Muhammadabad (NP),41780,28290,1,67.71182383915749,Small,62.05131144859733,67.71182383915749,63.74946516576537,2443
8,112,Didwana (M),53328,33974,1,63.70762076207621,Growing,63.76267733539169,63.70762076207621,63.746160363397046,2444
28,535,Ameenapur (CT),36452,25484,1,69.9111159881488,Small,61.094655368679526,69.9111159881488,63.7395935545203,2445
28,537,Bachpalle (CT),27563,20530,1,74.4839095889417,Small,59.13451723539996,74.4839095889417,63.739334941462474,2446
29,575,Kotekara (CT),16505,13678,1,82.87185701302636,Small,55.538505803239616,82.87185701302636,63.738511166175634,2447
27,523,Georai (M Cl),33562,23913,1,71.25022346701627,Small,60.515411104328166,71.25022346701627,63.735854813134594,2448
8,104,Behror (M),29531,21656,1,73.33310758186312,Small,59.61813902650256,73.33310758186312,63.73262959311073,2449
19,343,Pujali (M),37047,25791,1,69.61697303425379,Small,61.208195025570944,69.61697303425379,63.7308284281758,2450
32,593,Ongallur -I (CT),16998,14000,1,82.36263089775268,Small,55.7448931250438,82.36263089775268,63.73021445685646,2451
27,499,Dharangaon (M Cl),35375,24893,1,70.36890459363958,Small,60.8843439733716,70.36890459363958,63.72971215945199,2452
1,1,Kupwara (MC),21771,17049,1,78.31059666528868,Small,57.480324019456305,78.31059666528868,63.729405813206014,2453
8,112,Didwana (M + OG),53749,34133,1,63.5044372918566,Growing,63.817820844532555,63.5044372918566,63.72380577872977,2454
22,410,Tilda Newra (M + OG),36682,25587,1,69.75355760318412,Small,61.13876286803974,69.75355760318412,63.723201288583056,2455
20,363,Jamtara (NP),29415,21580,1,73.36392996770356,Small,59.59053935915368,73.36392996770356,63.722556541718646,2456
27,513,Jintur (M Cl),44291,29523,1,66.65688288817141,Small,62.460588500079005,66.65688288817141,63.71947681650673,2457
28,537,Medchal (CT),35611,25007,1,70.22268400213417,Small,60.930971570458425,70.22268400213417,63.718485299961145,2458
29,582,Sidlaghatta (TMC),51159,32888,1,64.28585390644852,Growing,63.4714945186066,64.28585390644852,63.715802334959164,2459
29,555,Saundatti-Yellamma (TMC),41215,27950,1,67.81511585587772,Small,61.955832608463865,67.81511585587772,63.713617582688016,2460
28,553,Rayadurg (M),61749,37781,1,61.18479651492332,Growing,64.79083315386538,61.18479651492332,63.709022162182755,2461
33,629,Thengampudur (TP),14538,12335,1,84.84660888705461,Small,54.64867131902979,84.84660888705461,63.70805258943723,2462
24,479,Manavadar (M),30850,22377,1,72.53484602917342,Small,59.92455653127842,72.53484602917342,63.707643380646914,2463
27,506,Pauni (M Cl),22821,17675,1,77.45059375136935,Small,57.81062321779715,77.45059375136935,63.702614377868805,2464
9,168,Sumerpur (NP + OG),39132,26855,1,68.62669937646939,Small,61.59215171296759,68.62669937646939,63.70251601201812,2465
23,436,Agar (M),37917,26213,1,69.13257905425007,Small,61.370970430764196,69.13257905425007,63.69945301780996,2466
32,594,Parappukkara (CT),11893,10478,1,88.10224501807787,Small,53.24051965661971,88.10224501807787,63.69903726505716,2467
27,499,Faizpur (M Cl),26602,19929,1,74.91541989324111,Small,58.885660987192935,74.91541989324111,63.69458865900738,2468
3,37,Adampur (M Cl),20922,16496,1,78.84523468119683,Small,57.2013894778053,78.84523468119683,63.69454303882276,2469
30,585,Bicholim (M Cl),16986,13971,1,82.25008830801836,Small,55.739940954601074,82.25008830801836,63.69298516062626,2470
30,585,Penha-de-Franca (CT),15342,12873,1,83.90692217442314,Small,55.026126674444875,83.90692217442314,63.69036532443835,2471
10,238,Jhajha (NP),40646,27624,1,67.96240712493234,Small,61.85834577207976,67.96240712493234,63.68956417793552,2472
32,601,Alamcode (CT),14762,12479,1,84.53461590570383,Small,54.755890771995084,84.53461590570383,63.689508312107705,2473
27,522,Shrigonda (M Cl),31134,22513,1,72.31001477484422,Small,59.988816741166595,72.31001477484422,63.68517615126988,2474
9,158,Lalganj (NP),23124,17846,1,77.1752291991005,Small,57.903115636486355,77.1752291991005,63.68474970527059,2475
33,611,O' Valley (TP),21943,17122,1,78.02943991250056,Small,57.535506935124715,78.02943991250056,63.683686828337464,2476
23,454,Nainpur (M),22607,17526,1,77.52466050338391,Small,57.74455560399034,77.52466050338391,63.67858707380841,2477
32,594,Oorakam (CT),13149,11358,1,86.3791923340178,Small,53.9445069597286,86.3791923340178,63.67491257201536,2478
8,112,Ladnu (M),65575,39401,1,60.08539839878002,Growing,65.2124063659505,60.08539839878002,63.674303975799354,2479
27,527,Panchgani (M Cl),14894,12559,1,84.3225459916745,Small,54.81831444382195,84.3225459916745,63.669583908177714,2480
33,606,Polur (TP),28123,20787,1,73.91458948191871,Small,59.27556149609418,73.91458948191871,63.667269891841535,2481
9,200,Parasi (CT),23966,18335,1,76.50421430359677,Small,58.15391452948294,76.50421430359677,63.65900446171709,2482
33,604,Sriperumbudur (TP),24864,18860,1,75.85263835263835,Small,58.411864308820704,75.85263835263835,63.64409652196599,2483
9,162,Babarpur Ajitmal (NP),29284,21426,1,73.16623412102172,Small,59.55923960764956,73.16623412102172,63.64133796166121,2484
24,480,Rajula (M),38489,26439,1,68.69235365948713,Small,61.47596810579245,68.69235365948713,63.640883771900846,2485
10,229,Hilsa (Nagar Parishad),51052,32705,1,64.06213272741519,Growing,63.456812283511574,64.06213272741519,63.63840841668265,2486
29,556,Guledgudda (TMC),33382,23705,1,71.01132346773711,Small,60.47770051745638,71.01132346773711,63.637787402540596,2487
33,604,Kottivakkam (CT),20217,16014,1,79.21056536578128,Small,56.96102451548358,79.21056536578128,63.63588677057289,2488
28,549,Kanigiri (U) (CT),37420,25868,1,69.12880812399787,Small,61.27844583206776,69.12880812399787,63.633554519646786,2489
8,120,Banasthali (CT),12835,11119,1,86.63030775223997,Small,53.775024122770844,86.63030775223997,63.631609211611575,2490
22,406,Mungeli (M + OG),36450,25351,1,69.55006858710563,Small,61.094270605937396,69.55006858710563,63.63101000028786,2491
17,294,Williamnagar (MB),24597,18688,1,75.9767451315201,Small,58.33615497950907,75.9767451315201,63.62833202511238,2492
33,629,Keezhkulam (TP),17327,14156,1,81.69908235701506,Small,55.87932050033282,81.69908235701506,63.625249057337484,2493
33,604,Ayyappanthangal (CT),23808,18213,1,76.49949596774194,Small,58.10753105720611,76.49949596774194,63.62512053036686,2494
16,289,Dukli (CT),16941,13901,1,82.05536863231214,Small,55.72133910702689,82.05536863231214,63.62154796461246,2495
27,530,Vadgaon Kasba (M Cl),25651,19306,1,75.26412225644225,Small,58.63038204463328,75.26412225644225,63.620504108175965,2496
32,594,Elavally (CT),12819,11103,1,86.61362040720805,Small,53.7662773979246,86.61362040720805,63.62048030070963,2497
23,442,Rajgarh (NP),29726,21653,1,72.84195653636547,Small,59.664291633007124,72.84195653636547,63.61759110401462,2498
1,8,Sopore (M Cl),61098,37297,1,61.04455137647713,Growing,64.71650937185619,61.04455137647713,63.614921973242474,2499
29,565,Kotturu (TP),26289,19673,1,74.83358058503556,Small,58.80266337854043,74.83358058503556,63.611938540488964,2500
27,505,Nildoh (CT),20888,16417,1,78.59536576024512,Small,57.18998455254037,78.59536576024512,63.6115989148518,2501
27,524,Nilanga (M Cl),36172,25174,1,69.59526705739246,Small,61.04058212397596,69.59526705739246,63.606987604000906,2502
23,451,Panagar (M),27932,20620,1,73.82213948159817,Small,59.22777341756898,73.82213948159817,63.606083236777735,2503
23,419,Sabalgarh (M),40333,27342,1,67.79064289787519,Small,61.80413598050355,67.79064289787519,63.60008805571505,2504
33,604,Sholinganallur (TP),26644,19868,1,74.56838312565681,Small,58.89672366981039,74.56838312565681,63.598221506564315,2505
3,40,Bassi Pathana (M Cl),20288,16032,1,79.02208201892745,Small,56.985607979930364,79.02208201892745,63.59655019162949,2506
6,77,Safidon (MC),34728,24387,1,70.22287491361438,Small,60.754899953789035,70.22287491361438,63.59529244173663,2507
22,400,Baikunthpur (M),28431,20895,1,73.4937216418698,Small,59.35194343824436,73.4937216418698,63.594476899331994,2508
28,539,Devarakonda (CT),29731,21631,1,72.75570952877469,Small,59.66547104836104,72.75570952877469,63.59254259248513,2509
24,472,Idar (M),31176,22439,1,71.97523736207339,Small,59.998270228312876,71.97523736207339,63.59136036844103,2510
3,37,Kartarpur (M Cl),25662,19287,1,75.15782090250175,Small,58.63338855517723,75.15782090250175,63.59071825937458,2511
29,561,Lakshmeshwar (TMC),36754,25459,1,69.26865103118028,Small,61.15251361110994,69.26865103118028,63.58735483713104,2512
33,614,Krishnasamudram (CT),13146,11317,1,86.08702266849232,Small,53.94290692494895,86.08702266849232,63.58614164801196,2513
3,35,Qadian (M Cl + OG),23632,18076,1,76.48950575490859,Small,58.055499593451984,76.48950575490859,63.58570144188896,2514
30,586,Cuncolim (M Cl),16623,13663,1,82.19334656800818,Small,55.58846055217377,82.19334656800818,63.56992635692409,2515
32,594,Padiyam (CT),11623,10233,1,88.04095328228513,Small,53.07949334978731,88.04095328228513,63.567931329536655,2516
33,629,Alur (TP),15063,12622,1,83.7947288056828,Small,54.897433003229544,83.7947288056828,63.56662174396552,2517
33,625,Kooraikundu (CT),22361,17291,1,77.32659541165422,Small,57.66783165917636,77.32659541165422,63.56546078491971,2518
7,96,Quammruddin Nagar (CT),25126,18947,1,75.40794396242936,Small,58.48536968907141,75.40794396242936,63.56214197107879,2519
29,575,Vittal (CT),17618,14308,1,81.21239641275967,Small,55.996110995454195,81.21239641275967,63.56099662064584,2520
27,526,Karmala (M Cl),23199,17793,1,76.69727143411353,Small,57.92582267975709,76.69727143411353,63.55725730606402,2521
17,294,Resubelpara (MB),19595,15566,1,79.43863230415923,Small,56.741893283024794,79.43863230415923,63.550914989365126,2522
18,319,Abhayapuri (TC),15847,13138,1,82.9052817567994,Small,55.25322524692425,82.9052817567994,63.54884219988679,2523
23,420,Gohad (M),58939,36187,1,61.39737694904902,Growing,64.4642243410142,61.39737694904902,63.54417012342464,2524
27,505,Narsala (CT),17330,14105,1,81.39065204847086,Small,55.880534502886945,81.39065204847086,63.53356976656212,2525
23,461,Pasan (M),28447,20844,1,73.27310436952929,Small,59.35588869052077,73.27310436952929,63.53105339422332,2526
29,573,Krishnarajpet (TMC),25946,19402,1,74.77838587836276,Small,58.710568282051945,74.77838587836276,63.53091356094518,2527
22,406,Mungeli (M),31250,22414,1,71.7248,Small,60.01489542814441,71.7248,63.52786679970109,2528
9,165,Konch (NPP),53412,33624,1,62.952145585261746,Growing,63.77371452269287,62.952145585261746,63.52724384146353,2529
21,384,Nalco (CT),19644,15581,1,79.3168397475056,Small,56.75940668888481,79.3168397475056,63.526636606471044,2530
19,337,Kaugachhi (CT),17001,13883,1,81.65990235868479,Small,55.74613062142707,81.65990235868479,63.52026214260438,2531
16,292,Panisagar (CT),14758,12393,1,83.97479333242987,Small,54.75399044389285,83.97479333242987,63.52023131045395,2532
27,505,Mahadula (CT),21481,16718,1,77.82691681020437,Small,57.38628835400972,77.82691681020437,63.518476890868115,2533
23,455,Jamai (M),22583,17389,1,77.0003985298676,Small,57.737107185089,77.0003985298676,63.51609458852258,2534
8,117,Sheoganj (M + OG),28053,20605,1,73.45025487470146,Small,59.2580853219478,73.45025487470146,63.515736187773896,2535
8,117,Sheoganj (M),27198,20113,1,73.95029046253401,Small,59.04103557087388,73.95029046253401,63.51381203837192,2536
32,598,Kurattissery (CT),11849,10373,1,87.5432525951557,Small,53.214529214773876,87.5432525951557,63.513146228888424,2537
9,175,Jhusi Kohna (CT),20023,15806,1,78.93921989711832,Small,56.893410004662336,78.93921989711832,63.507152972399126,2538
10,219,Sonepur (NP),37776,25893,1,68.54351969504448,Small,61.34484479941581,68.54351969504448,63.504447268104414,2539
23,446,Baraily (NP + OG),34663,24244,1,69.94201309753916,Small,60.741762470003216,69.94201309753916,63.501837658263995,2540
19,341,Sankrail (CT),29114,21192,1,72.78972315724394,Small,59.518412212357994,72.78972315724394,63.49980549582378,2541
33,624,Gudalur (M),41915,28010,1,66.82571871644996,Small,62.07393384594515,66.82571871644996,63.49946930709659,2542
28,538,Badepalle (CT),32598,23122,1,70.9307319467452,Small,60.31104281149734,70.9307319467452,63.49694955207169,2543
23,442,Narsinghgarh (M),32329,22973,1,71.06003897429552,Small,60.25293554798811,71.06003897429552,63.49506657588033,2544
33,632,Narasimhanaicken-palayam (TP),17858,14424,1,80.77052301489529,Small,56.090990653300885,80.77052301489529,63.4948503617792,2545
16,291,Kamalpur (NP),10872,9664,1,88.88888888888889,Small,52.61112115889727,88.88888888888889,63.49445147789475,2546
33,607,Kottakuppam (TP),31726,22641,1,71.36418079808358,Small,60.12090393828918,71.36418079808358,63.4938869962275,2547
27,504,Sawangi (Meghe) (CT),14394,12133,1,84.29206613866889,Small,54.5788686589334,84.29206613866889,63.492827902854046,2548
33,602,Naravarikuppam (TP),20946,16370,1,78.15334670104077,Small,57.209428860470936,78.15334670104077,63.49260421264188,2549
29,571,Pavagada (TMC),28486,20829,1,73.12012918626694,Small,59.36549595447064,73.12012918626694,63.49188592400952,2550
32,594,Edathiruthy (CT),12921,11118,1,86.04597167401904,Small,53.821851765778895,86.04597167401904,63.489087738250944,2551
9,176,Barel (CT),27207,20095,1,73.85966846767376,Small,59.043355646312804,73.85966846767376,63.48824949272108,2552
33,629,Thingalnagar (TP),13567,11564,1,85.23623498194148,Small,54.16395016883537,85.23623498194148,63.4856356127672,2553
6,70,Naraingarh (MC),22832,17512,1,76.69936930623686,Small,57.814002455321734,76.69936930623686,63.47961251059627,2554
32,594,Perakam (CT),12072,10517,1,87.11895294897283,Small,53.3452715310524,87.11895294897283,63.47737595642853,2555
6,84,Mahendragarh (MC),29128,21177,1,72.70324086789344,Small,59.52178346440798,72.70324086789344,63.47622068545362,2556
33,633,Muthanampalayam (CT),26014,19394,1,74.55216421926654,Small,58.72892257566228,74.55216421926654,63.475895068743554,2557
27,499,Yawal (M Cl),36706,25297,1,68.91788808369203,Small,61.14334944560268,68.91788808369203,63.475711037029484,2558
9,147,Sirsaganj (NPP + OG),32098,22813,1,71.07296404760422,Small,60.20264957904943,71.07296404760422,63.46374391961586,2559
33,625,Pallapatti (CT),27925,20483,1,73.35004476275738,Small,59.22601582074801,73.35004476275738,63.463224503350816,2560
19,337,Barrackpur Cantonment (CB),17380,14096,1,81.10471806674339,Small,55.90073699939065,81.10471806674339,63.461931319596474,2561
32,594,Vadama (CT),11573,10156,1,87.75598375529249,Small,53.049263603276074,87.75598375529249,63.461279648880996,2562
22,409,Jamul (M) (Part),25878,19299,2,74.57686065383724,Small,58.692165823682764,74.57686065383724,63.457574272729104,2563
6,89,Hodal (MC),50143,31967,1,63.75167022316176,Growing,63.33082628025991,63.75167022316176,63.45707946313047,2564
33,602,Vanagaram (CT),19208,15261,1,79.45127030403998,Small,56.6020144344186,79.45127030403998,63.45679119530501,2565
19,343,Baruipur (P) (CT),22430,17251,1,76.91038787338385,Small,57.689436628637466,76.91038787338385,63.45572200206138,2566
10,208,Supaul (Nagar Parishad),65437,38855,1,59.37772208383636,Growing,65.19763312050317,59.37772208383636,63.45165980950313,2567
32,588,Perole (CT),14965,12498,1,83.51486802539259,Small,54.8516623977121,83.51486802539259,63.45062408601624,2568
9,194,Shahganj (NPP),26556,19686,1,74.13014008133754,Small,58.8735246582093,74.13014008133754,63.450509285147774,2569
33,633,Periakottai (CT),17356,14069,1,81.0613044480295,Small,55.891047064192854,81.0613044480295,63.442124279343844,2570
33,613,Punjaipugalur (TP),23408,17828,1,76.16199589883801,Small,57.98871444497096,76.16199589883801,63.44069888113107,2571
27,505,Yerkheda (CT),15727,13001,1,82.66675144655687,Small,55.19992360392455,82.66675144655687,63.439971956714245,2572
16,289,Madhuban (CT),16579,13562,1,81.80227999276192,Small,55.569874938813435,81.80227999276192,63.43959645499798,2573
16,289,Taranagar (CT),15481,12837,1,82.9209999354047,Small,55.08937208721936,82.9209999354047,63.43886044167496,2574
27,501,Malkapur (CT),15420,12796,1,82.98313878080415,Small,55.06168711258881,82.98313878080415,63.43812261305341,2575
23,458,Raghogarh -Vijaypur (M),62163,37401,1,60.1660151537088,Growing,64.83769247076894,60.1660151537088,63.4361892756509,2576
24,491,Dharampur (M),24178,18281,1,75.61005873107783,Small,58.215672473428356,75.61005873107783,63.4339883507232,2577
27,528,Dapoli Camp (NP),15713,12988,1,82.65767199134476,Small,55.1936786063546,82.65767199134476,63.43287662185165,2578
24,478,Ranavav (M),46018,29946,1,65.07453605111043,Small,62.72882569902444,65.07453605111043,63.432538804650235,2579
32,594,Iringaprom (CT),12343,10689,1,86.5996921331929,Small,53.50094306111494,86.5996921331929,63.43056778273832,2580
27,521,Jalochi (CT),19346,15331,1,79.2463558358317,Small,56.65221439106247,79.2463558358317,63.430456824493234,2581
8,111,Lachhmangarh (M),53392,33441,1,62.63297872340425,Growing,63.77108819615006,62.63297872340425,63.429655354326314,2582
27,522,Nagardeole (CT),18802,14987,1,79.70960536113179,Small,56.4522060221129,79.70960536113179,63.42942582381856,2583
28,533,Armur (M),43903,28900,1,65.8269366558094,Small,62.39888639070274,65.8269366558094,63.42730147023474,2584
27,517,Mharal Bk (CT),29462,21316,1,72.35082479125653,Small,59.601735075779786,72.35082479125653,63.42646199042281,2585
19,333,Beldanga (M),29205,21169,1,72.48416367060435,Small,59.54029643656189,72.48416367060435,63.42345660677462,2586
33,606,Vengikkal (CT),18244,14628,1,80.17978513483885,Small,56.24094632792295,80.17978513483885,63.42259796999772,2587
21,381,Athagad (NAC),17304,14024,1,81.04484512251503,Small,55.870006158771446,81.04484512251503,63.42245784789452,2588
9,142,Sikandrabad (NPP),81028,45198,1,55.780717776571066,Growing,66.69627201357767,55.780717776571066,63.42160574247569,2589
29,555,Khanapur (TP),19309,15301,1,79.24284012636595,Small,56.63879020131787,79.24284012636595,63.420005178832284,2590
24,488,Nandelav (CT),13583,11545,1,84.99595082087905,Small,54.17221497325264,84.99595082087905,63.419335727540556,2591
33,605,Kalinjur (TP),19828,15625,1,78.80270324793221,Small,56.82478357093027,78.80270324793221,63.41815947403086,2592
23,427,Rehli (M),30329,21788,1,71.83883411915988,Small,59.80511756855338,71.83883411915988,63.41523253373533,2593
32,591,Kozhukkallur (CT),14007,11832,1,84.472049689441,Small,54.387756639507934,84.472049689441,63.41304455448785,2594
32,594,Thekkumkara (CT),15258,12674,1,83.06462183772447,Small,54.98762807426758,83.06462183772447,63.41072620330465,2595
33,628,Veeravanallur (TP),19585,15466,1,78.96859841715599,Small,56.73831373839276,78.96859841715599,63.407399142021724,2596
3,35,Qadian (M Cl),21899,16893,1,77.14050869902735,Small,57.52143165568009,77.14050869902735,63.407154768684265,2597
33,629,Arumanai (TP),16283,13348,1,81.97506601977523,Small,55.443547582983655,81.97506601977523,63.403003114021125,2598
33,629,Boothapandi (TP),15931,13116,1,82.33004833343796,Small,55.29029679970372,82.33004833343796,63.402222259823986,2599
32,594,Puranattukara (CT),10655,9473,1,88.90661661191929,Small,52.469748652787665,88.90661661191929,63.40080904052715,2600
29,581,Srinivaspur (TMC),26793,19774,1,73.80285895569739,Small,58.93582967413145,73.80285895569739,63.39593845860122,2601
33,619,Muthupet (TP),21722,16777,1,77.23506122824786,Small,57.464523502318684,77.23506122824786,63.39568482009743,2602
29,572,Konappana Agrahara (CT),20622,16102,1,78.08166036271943,Small,57.100111747709136,78.08166036271943,63.394576332212225,2603
7,90,Sahibabad Daulat Pur (CT),54773,34004,1,62.08168258083362,Growing,63.950163981886774,62.08168258083362,63.389619561570825,2604
8,110,Phulera (M),23284,17714,1,76.07799347191204,Small,57.951468757069605,76.07799347191204,63.38942617152233,2605
32,594,Kadavallur (CT),12912,11066,1,85.70322180916976,Small,53.816965822354824,85.70322180916976,63.38284261839931,2606
29,556,Badami (TMC),30943,22093,1,71.39902401189283,Small,59.94566439650588,71.39902401189283,63.381672281121965,2607
20,357,Haludbani (CT),25360,18931,1,74.64905362776025,Small,58.550374451088516,74.64905362776025,63.37997820409003,2608
1,21,Raipur Domana (CT),20238,15852,1,78.32789801363771,Small,56.968304660511116,78.32789801363771,63.37618266644908,2609
28,539,Nakrekal (CT),29126,21070,1,72.34086383300145,Small,59.5213019561864,72.34086383300145,63.36717051923091,2610
9,147,Sirsaganj (NPP),31377,22316,1,71.12215954361474,Small,60.0433363200398,71.12215954361474,63.36698328711228,2611
9,166,Babina (CB),27852,20352,1,73.07195174493752,Small,59.207660298023434,73.07195174493752,63.36694773209766,2612
27,524,Ausa (M Cl),36118,24853,1,68.81056536906806,Small,61.03010558161463,68.81056536906806,63.36424351785065,2613
19,335,Dainhat (M),24397,18353,1,75.22646226995123,Small,58.27890357379246,75.22646226995123,63.36317118264009,2614
32,589,Mavilayi (CT),12286,10621,1,86.44798958163764,Small,53.46848609221215,86.44798958163764,63.362337139039795,2615
19,335,Kanksa (CT),23789,17992,1,75.63159443440246,Small,58.101932576730995,75.63159443440246,63.36083113403242,2616
27,516,Ghoti Bk. (CT),24838,18610,1,74.92551735244383,Small,58.40452768215988,74.92551735244383,63.36082458324506,2617
33,618,Kuthalam (TP),16125,13221,1,81.9906976744186,Small,55.375172814450636,81.9906976744186,63.359830272441016,2618
19,329,Guriahati (CT),21064,16348,1,77.61109001139384,Small,57.248822323905955,77.61109001139384,63.35750263015232,2619
33,627,Pandavarmangalam (CT),14954,12443,1,83.20850608532834,Small,54.846506183242326,83.20850608532834,63.35510615386812,2620
33,612,Nilakkottai (TP),22197,17033,1,76.73559490021175,Small,57.61621201583551,76.73559490021175,63.352026881148376,2621
7,97,Malik Pur Kohi alias Rang Puri (CT),23726,17946,1,75.63853999831409,Small,58.083337149399206,75.63853999831409,63.349898004073665,2622
5,56,Uttarkashi (NPP),17475,14091,1,80.63519313304721,Small,55.938962136061384,80.63519313304721,63.34783143515713,2623
32,588,Koipady (CT),18121,14504,1,80.03973290657248,Small,56.19350971590714,80.03973290657248,63.34737667310674,2624
3,43,Zira (M Cl + OG),37498,25549,1,68.13430049602646,Small,61.293047799100975,68.13430049602646,63.34542360817862,2625
29,564,Hangal (TMC),28159,20504,1,72.81508576298874,Small,59.2845323127005,72.81508576298874,63.34369834778697,2626
28,547,Kondapalle (CT),33373,23372,1,70.03266113325142,Small,60.47580965441553,70.03266113325142,63.34286509806629,2627
6,72,Ladwa (MC),28887,20906,1,72.37165506975455,Small,59.463522369094655,72.37165506975455,63.33596217929262,2628
23,427,Deori (M),25632,19046,1,74.30555555555556,Small,58.62518594304075,74.30555555555556,63.329296826795186,2629
9,157,Bakshi Ka Talab (NP),49166,31293,1,63.64764267990074,Small,63.1928432772152,63.64764267990074,63.32928309802085,2630
9,165,Kalpi (NPP),51670,32464,1,62.82949487129863,Growing,63.541191631514124,62.82949487129863,63.32768260344947,2631
8,120,Deoli (M),22065,16935,1,76.75050985723996,Small,57.57438672841422,76.75050985723996,63.32722366706194,2632
33,605,Navlock Garden (CT),20171,15775,1,78.20633582866492,Small,56.945051072386576,78.20633582866492,63.32343649927007,2633
32,594,Veluthur (CT),11602,10122,1,87.24357869332874,Small,53.06681272460195,87.24357869332874,63.31984251521999,2634
8,118,Sumerpur (M),37093,25304,1,68.21772302051599,Small,61.21689680284329,68.21772302051599,63.3171446681451,2635
9,163,Pukhrayan (NPP),24258,18233,1,75.16283287987468,Small,58.238836739872646,75.16283287987468,63.31603558187325,2636
9,166,Gursarai (NPP),26869,19745,1,73.48617365737466,Small,58.95569269113652,73.48617365737466,63.31483698100796,2637
23,420,Lahar (NP),35674,24558,1,68.84005157818018,Small,60.94336651810406,68.84005157818018,63.31237203612689,2638
27,504,Deoli (M Cl),19288,15217,1,78.89361260887598,Small,56.631159619437845,78.89361260887598,63.30989551626928,2639
32,594,Edakkazhiyur (CT),17335,13979,1,80.64032304586097,Small,55.88255737356654,80.64032304586097,63.30988707525486,2640
27,527,Lonand (CT),18723,14862,1,79.37830475885275,Small,56.422680454305386,79.37830475885275,63.30936774566959,2641
7,92,Dayal Pur (CT),20589,16021,1,77.81339550245276,Small,57.08888137482887,77.81339550245276,63.306235613116044,2642
16,289,Madhupur (CT),14105,11848,1,83.9985820630982,Small,54.43664658656012,83.9985820630982,63.305227229521535,2643
23,435,Khacharod (M),34191,23764,1,69.50367055657921,Small,60.64561864771165,69.50367055657921,63.30303422037191,2644
24,492,Chalthan (CT),21795,16752,1,76.86166551961459,Small,57.48805007870603,76.86166551961459,63.3001347109786,2645
27,511,Bhokar (M Cl),32899,23070,1,70.12371196692908,Small,60.37549671967769,70.12371196692908,63.2999612938531,2646
33,633,Karaipudur (CT),28602,20710,1,72.40752394937418,Small,59.39399385830318,72.40752394937418,63.298052885624486,2647
8,105,Deeg (M),44999,29245,1,64.99033311851375,Small,62.571798587303505,64.99033311851375,63.29735894666658,2648
32,589,Manantheri (CT),14667,12222,1,83.32992431990182,Small,54.71061827301398,83.32992431990182,63.29641008708033,2649
19,343,Uttar Raypur (CT),23084,17522,1,75.90538901403569,Small,57.890975082514764,75.90538901403569,63.29529926197104,2650
27,509,Kondumal (CT),10497,9321,1,88.79679908545299,Small,52.36499069203047,88.79679908545299,63.294533210057224,2651
8,118,Sojat (M),43023,28271,1,65.71136368918951,Small,62.256898210341724,65.71136368918951,63.29323785399606,2652
32,594,Mullassery (CT),12165,10508,1,86.37895602137279,Small,53.39908422742996,86.37895602137279,63.2930457656128,2653
19,337,Patulia (CT),16979,13739,1,80.91760409918135,Small,55.737050572709876,80.91760409918135,63.291216630651306,2654
19,341,Jhorhat (CT),16940,13713,1,80.95041322314049,Small,55.72092517167652,80.95041322314049,63.28977158711571,2655
32,595,Vadakkumbhagom (CT),11727,10198,1,86.96171228788266,Small,53.141956876551674,86.96171228788266,63.287883499950965,2656
9,154,Biswan (NPP),55780,34273,1,61.44316959483685,Growing,64.0779188521839,61.44316959483685,63.287494074979776,2657
8,103,Pilani (M),29741,21332,1,71.7259002723513,Small,59.66782928416238,71.7259002723513,63.28525058061905,2658
33,630,Harur (TP),25469,18913,1,74.25890298009344,Small,58.58044995292324,74.25890298009344,63.2839858610743,2659
32,589,Kolacherry (CT),17095,13808,1,80.77215560105294,Small,55.78479530141518,80.77215560105294,63.281003391306506,2660
32,594,Choondal (CT),12502,10738,1,85.8902575587906,Small,53.59069492268122,85.8902575587906,63.28056371351403,2661
20,361,Barughutu (CT),24202,18166,1,75.05991240393357,Small,58.222629791086874,75.05991240393357,63.27381457494088,2662
33,620,Peravurani (TP),22084,16906,1,76.55316065930086,Small,57.580422425780775,76.55316065930086,63.272243895836795,2663
21,391,Baudhgarh (NAC),20424,15896,1,77.83000391696045,Small,57.03245814485742,77.83000391696045,63.27172187648833,2664
33,629,Thikkanamcode (CT),14086,11818,1,83.89890671588812,Small,54.42719452050385,83.89890671588812,63.26870817911913,2665
33,627,Inam Maniyachi (CT),18258,14542,1,79.64727790557563,Small,56.24632533324413,79.64727790557563,63.26661110494358,2666
33,620,Thiruvaiyaru (TP),16164,13196,1,81.63820836426628,Small,55.392112201691646,81.63820836426628,63.265941050464036,2667
9,172,Bindki (NPP),36926,25154,1,68.12002383144667,Small,61.18525387705205,68.12002383144667,63.26568486337044,2668
32,591,Meppayyur (CT),13922,11705,1,84.07556385576785,Small,54.3450743060632,84.07556385576785,63.264221170974594,2669
19,338,Rishra (CT),16503,13414,1,81.28219111676664,Small,55.53765603822962,81.28219111676664,63.261016561790726,2670
33,605,Pallikonda (TP),23067,17482,1,75.78792213985346,Small,57.885808975743394,75.78792213985346,63.25644292497641,2671
29,564,Hirekerur (TP),19191,15119,1,78.78172059819707,Small,56.59580544687631,78.78172059819707,63.25157999227253,2672
27,510,Yavatmal (R) (CT),14766,12266,1,83.06921305702289,Small,54.75779058527763,83.06921305702289,63.25121732680121,2673
32,595,Kizhakkumbhagom (CT),10791,9516,1,88.1845982763414,Small,52.55868356911265,88.1845982763414,63.24645798128127,2674
32,594,Poomangalam (CT),11141,9766,1,87.658199443497,Small,52.78250488395202,87.658199443497,63.245213251815514,2675
7,90,Siras Pur (CT),30445,21678,1,71.20381014944984,Small,59.83188710038261,71.20381014944984,63.243464015102774,2676
19,327,Bara Mohansingh (CT),15616,12823,1,82.11449795081968,Small,55.150256264917175,82.11449795081968,63.239528770687926,2677
8,106,Bari (M),62721,37230,1,59.35810972401588,Growing,64.90035929781158,59.35810972401588,63.23768442567287,2678
33,627,Sathankulam (TP),14193,11875,1,83.66800535475234,Small,54.48025918965732,83.66800535475234,63.23658303918582,2679
29,564,Byadgi (TMC),30014,21432,1,71.40667688412074,Small,59.731904673664694,71.40667688412074,63.234336336801505,2680
2,30,Bilaspur (M Cl),13654,11509,1,84.29031785557346,Small,54.20877298308315,84.29031785557346,63.23323644483024,2681
23,443,Sironj (M),52460,32656,1,62.24933282500953,Growing,63.64759750139768,62.24933282500953,63.22811809848123,2682
33,604,Vandalur (CT),16852,13619,1,80.81533349157371,Small,55.68440284583951,80.81533349157371,63.22368203955976,2683
33,620,Papanasam (TP),17548,14061,1,80.12878960565305,Small,55.968194216005585,80.12878960565305,63.21637283289982,2684
33,627,Athimarapatti (CT),22218,16943,1,76.2579890179134,Small,57.62284309904402,76.2579890179134,63.21338687470484,2685
28,537,Jawaharnagar (CT),44562,28906,1,64.86692697814281,Small,62.5033647924021,64.86692697814281,63.212433448124315,2686
32,594,Nadathara (CT),11969,10338,1,86.37313058735066,Small,53.28518659575964,86.37313058735066,63.21156979323695,2687
3,43,Zira (M Cl),36732,24986,1,68.0224327561799,Small,61.14831485510056,68.0224327561799,63.210550225424356,2688
27,509,Durgapur (CT),17693,14149,1,79.96947945515176,Small,56.0258990180548,79.96947945515176,63.20897314918389,2689
28,542,Rajam (NP),42197,27741,1,65.74164040097638,Small,62.12095538307193,65.74164040097638,63.20716088844326,2690
24,471,Vijapur (M),25558,18894,1,73.9259722983019,Small,58.60491171636688,73.9259722983019,63.20122989094738,2691
33,625,Rosalpatti (CT),22524,17116,1,75.99005505238856,Small,57.71876278843292,75.99005505238856,63.20015046761961,2692
29,568,Tirthahalli (TP),14528,12081,1,83.15666299559471,Small,54.643846297691546,83.15666299559471,63.1976913070625,2693
24,475,Halvad (M),32024,22482,1,70.20359730202348,Small,60.18646409545968,70.20359730202348,63.19160405742882,2694
29,582,Bagepalli (TMC),27011,19715,1,72.98878234793233,Small,58.99265507857353,72.98878234793233,63.19149325938116,2695
29,563,Ankola (TP),15309,12594,1,82.26533411718597,Small,55.0110274202966,82.26533411718597,63.18731942936341,2696
23,455,Damua (M),24663,18363,1,74.45566232818392,Small,58.35494583394166,74.45566232818392,63.18516078221434,2697
27,520,Chendhare (CT),11039,9671,1,87.60757314974182,Small,52.71801124165655,87.60757314974182,63.18487981408212,2698
24,492,Sachin (CT),28102,20323,1,72.31869617820796,Small,59.270323215292755,72.31869617820796,63.184835104167306,2699
33,609,Velur (TP),25012,18565,1,74.22437230129539,Small,58.453481075130355,74.22437230129539,63.18474844297986,2700
27,525,Kalamb (M Cl),25713,18968,1,73.768132851087,Small,58.647311014255244,73.768132851087,63.18355756530477,2701
18,310,Naharkatiya (TC),18937,14917,1,78.77171674499657,Small,56.50237515447133,78.77171674499657,63.1831776316289,2702
24,491,Bhagdawada (CT),12291,10550,1,85.8351639410951,Small,53.47133921310115,85.8351639410951,63.180486631499335,2703
33,609,Pallipalayam (M),40140,26681,1,66.46985550572995,Small,61.77049942400832,66.46985550572995,63.18030624852481,2704
27,521,Manchar (CT),18876,14876,1,78.80906971816063,Small,56.47975057687194,78.80906971816063,63.178546319258544,2705
32,601,Edakkode (CT),12994,11034,1,84.91611513006004,Small,53.86135691009214,84.91611513006004,63.1777843760825,2706
28,554,Tiruchanur (CT),22963,17359,1,75.59552323302704,Small,57.85412142979701,75.59552323302704,63.17654197076602,2707
6,85,Dharuhera (MC),30344,21554,1,71.03216451357764,Small,59.80858490396956,71.03216451357764,63.17565878685198,2708
19,328,Falakata (CT),19716,15395,1,78.08378981537837,Small,56.78506158122486,78.08378981537837,63.174680051470915,2709
27,514,Partur (M Cl),35883,24502,1,68.28303096173676,Small,60.98433007227322,68.28303096173676,63.17394033911228,2710
33,610,Karumandi Chellipalayam (TP),23868,17890,1,74.95391318920731,Small,58.12518118373394,74.95391318920731,63.17380078537595,2711
1,6,Nowshehra (MC),10408,9211,1,88.49923136049192,Small,52.3052850622751,88.49923136049192,63.16346895174014,2712
9,139,Khekada (NP),48676,30791,1,63.25704659380392,Small,63.12260402416431,63.25704659380392,63.16293679505619,2713
23,449,Sohagpur (NP),25040,18562,1,74.129392971246,Small,58.461326810580026,74.129392971246,63.16174665877982,2714
22,409,Kumhari (M) (Part),35044,24050,2,68.62801050108435,Small,60.81841999975814,68.62801050108435,63.161297150156,2715
9,193,Rasra (NPP),31765,22309,1,70.231386746419,Small,60.12951889672912,70.231386746419,63.16007925163608,2716
28,549,Vetapalem (CT),38671,25914,1,67.01145561273304,Small,61.509049445593625,67.01145561273304,63.15977129573545,2717
32,589,Kuttiattoor (CT),13244,11196,1,84.53639383871942,Small,53.99498682497946,84.53639383871942,63.15740892910145,2718
8,99,Raisinghnagar (M),28330,20423,1,72.08965760677727,Small,59.32698767456568,72.08965760677727,63.155788654229156,2719
18,305,Dhing (TC),19235,15085,1,78.42474655575774,Small,56.611864482331754,78.42474655575774,63.155729104359544,2720
32,594,Kattakampal (CT),11836,10221,1,86.355187563366,Small,53.20683175002734,86.355187563366,63.151338494028934,2721
23,461,Bijuri (M),32682,22780,1,69.70197662321767,Small,60.32908962155067,69.70197662321767,63.140955722050776,2722
8,112,Makrana (M + OG) (Part),94487,49441,2,52.32571676526929,Growing,67.77388146562411,52.32571676526929,63.13943205551766,2723
27,517,Murbad (CT),18725,14755,1,78.79839786381842,Small,56.42342947280932,78.79839786381842,63.13591999011204,2724
21,384,Dera Colliery Township (CT),15787,12880,1,81.58611515804142,Small,55.22662506683367,81.58611515804142,63.13447209419599,2725
24,477,Dwarka (M),38873,25982,1,66.83816530753994,Small,61.54558429517445,66.83816530753994,63.133358598884094,2726
21,383,Kamakshyanagar (NAC),16810,13540,1,80.54729327781082,Small,55.666904452674935,80.54729327781082,63.1310211002157,2727
22,410,Baloda Bazar (M),26632,19438,1,72.98738359867828,Small,58.893564683727604,72.98738359867828,63.12171035821281,2728
33,629,Neyyoor (TP),12917,10957,1,84.82619803359913,Small,53.819680655626456,84.82619803359913,63.121635869018256,2729
9,155,Shahabad (NPP),80226,44078,1,54.94228803629746,Growing,66.62651683754594,54.94228803629746,63.12124819717139,2730
27,509,Mul (M Cl),25449,18763,1,73.72784785256789,Small,58.57494116573003,73.72784785256789,63.12081317178139,2731
27,510,Waghapur (CT),12684,10796,1,85.11510564490698,Small,53.69203929435224,85.11510564490698,63.118959199518656,2732
33,611,Devarshola (TP),24954,18467,1,74.00416766851006,Small,58.43720121780663,74.00416766851006,63.107291153017655,2733
27,516,Lasalgaon (CT),17360,13877,1,79.93663594470047,Small,55.89266298348944,79.93663594470047,63.10585487185274,2734
23,446,Baraily (NP),31579,22149,1,70.13838310269482,Small,60.08833671330693,70.13838310269482,63.10335063012329,2735
32,594,Poyya (CT),10478,9240,1,88.1847680855125,Small,52.352287153352194,88.1847680855125,63.10203143300028,2736
18,306,Rangapara (TC),18393,14525,1,78.97026042516174,Small,56.297983688928085,78.97026042516174,63.09966670979818,2737
19,327,Cart Road (CT),14444,11976,1,82.91332040985876,Small,54.603184514559,82.91332040985876,63.096225283148925,2738
27,504,Nalwadi (CT),12119,10396,1,85.78265533459857,Small,53.372518804582306,85.78265533459857,63.09555976358719,2739
22,410,Tilda Newra (M),32331,22542,1,69.72255729794934,Small,60.253369353669264,69.72255729794934,63.09412573695328,2740
13,261,Mon (TC),26328,19238,1,73.07049529018535,Small,58.813058665178275,73.07049529018535,63.0902896526804,2741
23,427,Banda (NP),30923,21781,1,70.43624486628076,Small,59.94113043000907,70.43624486628076,63.08966476089057,2742
3,41,Sahnewal  (NP),22484,17007,1,75.64045543497599,Small,57.70629855811524,75.64045543497599,63.086545621173464,2743
29,580,Shahpur (TMC),53366,32818,1,61.49608364876513,Growing,63.76767250051969,61.49608364876513,63.08619584499331,2744
19,336,Aistala (CT),20662,15913,1,77.01577775626754,Small,57.11370025312122,77.01577775626754,63.08432350406511,2745
24,492,Kadodara (CT),27336,19800,1,72.43195785776997,Small,59.07652598810888,72.43195785776997,63.0831555490072,2746
10,240,Arwal (Nagar Parishad),51849,32116,1,61.941406777372755,Growing,63.56544317463736,61.941406777372755,63.078232255457976,2747
16,289,Charipara (CT),19598,15259,1,77.85998571282784,Small,56.74296679021958,77.85998571282784,63.07807246700206,2748
33,620,Vallam (TP),16758,13476,1,80.41532402434657,Small,55.64517910564213,80.41532402434657,63.07622258125346,2749
9,191,Mubarakpur (NPP),70463,40084,1,56.88659296368307,Growing,65.71656353125644,56.88659296368307,63.06757236098443,2750
32,594,Karikkad (CT),13656,11434,1,83.72876391329818,Small,54.20980003137677,83.72876391329818,63.06548919595319,2751
27,506,Sakoli (CT),14636,12088,1,82.59087182290243,Small,54.69578166909545,82.59087182290243,63.064308715237544,2752
30,586,Sancoale (CT),21923,16656,1,75.97500342106464,Small,57.52911258277473,75.97500342106464,63.0628798342617,2753
10,203,Bagaha (Nagar Parishad),112634,55400,1,49.18585862173056,Medium,69.00586771084278,49.18585862173056,63.05986498410911,2754
21,388,Lochapada (CT),16377,13222,1,80.73517738291507,Small,55.483912182774354,80.73517738291507,63.05929174281657,2755
8,112,Makrana (M),93094,48682,1,52.293380883837834,Growing,67.66972649630495,52.293380883837834,63.0568228125648,2756
3,35,Jugial (CT),15210,12462,1,81.93293885601578,Small,54.96553360798656,81.93293885601578,63.055755182395316,2757
33,629,Kaliyakkavilai (TP),15625,12733,1,81.49119999999999,Small,55.15429647702055,81.49119999999999,63.05536753391438,2758
8,119,Vijainagar (M),32124,22389,1,69.69555472543892,Small,60.20832751375003,69.69555472543892,63.054495677256696,2759
10,222,Barauni (Nagar Parishad),71660,40529,1,56.557354172481155,Growing,65.83469029726244,56.557354172481155,63.05148945982805,2760
19,343,Ramchandrapur (CT),14448,11955,2,82.74501661129568,Small,54.60512614556367,82.74501661129568,63.04709328528327,2761
33,631,Mathigiri (TP),23129,17357,1,75.0443166587401,Small,57.904631728965796,75.0443166587401,63.04653720789808,2762
21,388,Asika (NAC),21428,16347,1,76.2880343475826,Small,57.368965404974624,76.2880343475826,63.044686087757015,2763
24,479,Talala (M),21060,16125,1,76.56695156695157,Small,57.24749056950108,76.56695156695157,63.043328868736225,2764
29,578,Gundlupet (TMC),28105,20191,1,71.84130937555595,Small,59.27107178072637,71.84130937555595,63.042143059175245,2765
33,626,Thondi (TP),18465,14534,1,78.71107500676956,Small,56.32538000011571,78.71107500676956,63.04108850211186,2766
9,163,Jhinjhak (NP),24027,17874,1,74.39130977650143,Small,58.17174030551179,74.39130977650143,63.037611146808686,2767
27,526,Akkalkot (M Cl),40103,26471,1,66.00753060868264,Small,61.76403249421498,66.00753060868264,63.037081928555274,2768
24,472,Prantij (M),23596,17622,1,74.68214951686727,Small,58.044809068980264,74.68214951686727,63.03601120334636,2769
33,623,Chinna Anuppanadi (CT),26158,19094,1,72.99487728419604,Small,58.76763263470273,72.99487728419604,63.03580602955071,2770
32,594,Pavaratty (CT),12299,10496,1,85.34027156679404,Small,53.475901793441885,85.34027156679404,63.03521272544752,2771
20,357,Musabani (CT),31035,21778,1,70.17238601578862,Small,59.96648296899942,70.17238601578862,63.02825388303617,2772
8,100,Bhadra (M),40662,26735,1,65.74934828586888,Small,61.86110565335462,65.74934828586888,63.027578443108894,2773
29,563,Siddapur (TP),14204,11783,1,82.95550549141088,Small,54.485691743406214,82.95550549141088,63.02663586780761,2774
9,164,Ghatampur (NPP),40623,26714,1,65.76077591512197,Small,61.85437653886638,65.76077591512197,63.026296351743056,2775
9,187,Nautanwa (NPP),33753,23218,1,68.7879595887773,Small,60.55520570509627,68.7879595887773,63.02503187020058,2776
19,336,Badkulla (CT),18051,14264,1,79.0205528779569,Small,56.166369304878884,79.0205528779569,63.022624376802284,2777
3,51,Morinda (M Cl),24022,17856,1,74.3318624594122,Small,58.17028087995111,74.3318624594122,63.01875535378943,2778
10,234,Bikramganj (NP),48465,30452,1,62.83297224801403,Small,63.09214008919574,62.83297224801403,63.014389736841224,2779
18,308,Silapathar (TC),25662,18794,1,73.23669238562856,Small,58.63338855517723,73.23669238562856,63.01437970431263,2780
27,512,Kalamnuri (M Cl),24784,18291,1,73.80164622336991,Small,58.38926550340625,73.80164622336991,63.01297971939535,2781
29,572,Attibele (CT),20532,15785,1,76.87999220728618,Small,57.069440996307904,76.87999220728618,63.01260635960138,2782
27,511,Kinwat (M Cl),28454,20356,1,71.54002952133268,Small,59.357614040692184,71.54002952133268,63.012338684884334,2783
10,225,Banka (NP),45977,29281,1,63.68619092154773,Small,62.72257505749861,63.68619092154773,63.01165981671335,2784
19,336,Cooper's Camp (NA),18843,14749,1,78.27309876346654,Small,56.46748055813765,78.27309876346654,63.00916601973631,2785
27,529,Kudal (CT),16015,12957,1,80.90540118638776,Small,55.327173409148834,80.90540118638776,63.00064174232051,2786
24,481,Gariadhar (M),33949,23292,1,68.60879554626057,Small,60.59580863089354,68.60879554626057,62.999704705503646,2787
33,604,Uthiramerur (TP),25194,18506,1,73.45399698340876,Small,58.504322152022915,73.45399698340876,62.989224601438664,2788
22,414,Kondagaon (M),30921,21668,1,70.07535331975033,Small,59.940676872091736,70.07535331975033,62.98107980638932,2789
24,490,Kabilpor (CT),15699,12742,1,81.1644053761386,Small,55.18742804247808,81.1644053761386,62.98052124257623,2790
9,145,Kosi Kalan (NPP + OG),60074,35561,1,59.19532576488997,Growing,64.59798293645758,59.19532576488997,62.9771857849873,2791
1,22,Bari Brahamana (MC),15453,12580,1,81.4081408140814,Small,55.07667779873764,81.4081408140814,62.976116703340765,2792
6,86,Sohna (MC),36552,24606,1,67.3177938279711,Small,61.11386663932061,67.3177938279711,62.97504479591576,2793
9,195,Mohammadabad (NPP),38328,25504,1,66.54143185138803,Small,61.44657318899655,66.54143185138803,62.97503078771399,2794
27,505,Kamptee (CB),12457,10579,1,84.92413903829173,Small,53.56540978186008,84.92413903829173,62.97302855878958,2795
27,528,Lanja (CT),14377,11872,1,82.5763372052584,Small,54.57058202414456,82.5763372052584,62.9723085784787,2796
3,41,Doraha (M Cl),25424,18622,1,73.24575204531152,Small,58.568049090741525,73.24575204531152,62.97135997711251,2797
29,579,Sedam (TMC),39341,26002,1,66.09389695228896,Small,61.62950513212524,66.09389695228896,62.96882267817435,2798
32,594,Orumanayur (CT),14064,11662,1,82.92093287827076,Small,54.416234083049645,82.92093287827076,62.96764372161597,2799
18,309,Doom Dooma (TC),21572,16377,1,75.91785648062303,Small,57.41593208190494,75.91785648062303,62.96650940152037,2800
3,37,Phillaur (M Cl),24688,18197,1,73.70787427090085,Small,58.36205045406218,73.70787427090085,62.96579759911377,2801
33,629,Vilavur (TP),14320,11831,1,82.61871508379889,Small,54.54272574953073,82.61871508379889,62.96552254981118,2802
33,633,Andipalayam (CT),25539,18682,1,73.15086730099064,Small,58.599696700999424,73.15086730099064,62.965047880996785,2803
32,594,Anjur (CT),10860,9463,1,87.13627992633516,Small,52.60337732551296,87.13627992633516,62.96324810575962,2804
24,477,Reliance Complex (INA),12796,10806,1,84.44826508283839,Small,53.7536848371036,84.44826508283839,62.962058910824034,2805
27,522,Deolali Pravara (M Cl),30997,21689,1,69.97128754395587,Small,59.95789148396502,69.97128754395587,62.96191030196228,2806
33,629,Villukuri (TP),15304,12473,1,81.50156821745949,Small,55.00873681575676,81.50156821745949,62.95658623626758,2807
29,567,Channagiri (TP),21313,16215,1,76.0803265612537,Small,57.331230065592045,76.0803265612537,62.955959014290535,2808
29,565,Sandur (TMC),37431,25021,1,66.84566268600892,Small,61.280506926309954,66.84566268600892,62.95005365421964,2809
23,435,Mahidpur (M + OG),34362,23450,1,68.24399045457191,Small,60.68060287199605,68.24399045457191,62.94961914676881,2810
21,377,Remuna (NAC),33378,22935,1,68.71292468092756,Small,60.47686019682551,68.71292468092756,62.94767954205612,2811
20,355,Chandrapura (CT),27425,19726,1,71.92707383773929,Small,59.09931982993724,71.92707383773929,62.94764603227785,2812
24,491,Chanod (CT),18776,14665,1,78.1050276949297,Small,56.44250246393106,78.1050276949297,62.941260033230655,2813
29,577,Hinkal (CT),23162,17293,1,74.66108280804767,Small,57.914629727302405,74.66108280804767,62.93856565152598,2814
19,344,Chandrakona (M),23629,17564,1,74.33238816708283,Small,58.05460933861259,74.33238816708283,62.93794298715366,2815
24,492,Kim (CT),18638,14575,1,78.20045069213435,Small,56.39077298884858,78.20045069213435,62.93367629983431,2816
33,625,Palayampatti (CT),18576,14536,1,78.25150732127476,Small,56.3674073978185,78.25150732127476,62.932637374855375,2817
19,333,Dhulian (M),95706,49185,1,51.39176227195787,Growing,67.86377427002729,51.39176227195787,62.92217067060646,2818
9,134,Nagina (NPP),95246,49023,1,51.46987800012599,Growing,67.82998768604728,51.46987800012599,62.92195478027089,2819
18,311,Nazira (MB),13304,11132,1,83.67408298256164,Small,54.02668263367782,83.67408298256164,62.92090273834296,2820
23,429,Nagod (NP),22568,16929,1,75.01329315845446,Small,57.73244790265307,75.01329315845446,62.91670147939349,2821
29,570,Birur (TMC),22723,17016,1,74.884478281917,Small,57.78044518843176,74.884478281917,62.911655116477334,2822
27,505,Kanhan (Pipri) (CT),22945,17144,1,74.71780344301591,Small,57.84862248186749,74.71780344301591,62.909376770212006,2823
33,623,Vadipatti (TP),26830,19355,1,72.1393961982855,Small,58.94550685505152,72.1393961982855,62.90367365802172,2824
29,555,Hindalgi (CT),13741,11417,1,83.08711156393275,Small,54.25331112301337,83.08711156393275,62.90345125528918,2825
19,343,Matla (CT),31920,22118,1,69.29197994987469,Small,60.163653600366374,69.29197994987469,62.90215150521887,2826
33,608,Narasingapuram (M),23084,17217,1,74.58412753422284,Small,57.890975082514764,74.58412753422284,62.89892081802718,2827
5,60,Natthan Pur (CT),13905,11524,1,82.87666307083784,Small,54.336506576547464,82.87666307083784,62.89855352483457,2828
33,613,Andankoil  East (CT),19779,15249,1,77.09692097679357,Small,56.807432879098954,77.09692097679357,62.894279308407334,2829
24,477,Okha (M),62052,36231,1,58.38812608779733,Growing,64.82515943062268,58.38812608779733,62.89404942777507,2830
6,70,Barara (203) (CT),21545,16308,1,75.6927361336737,Small,57.407149756729126,75.6927361336737,62.892825669812495,2831
3,45,Jaitu (M Cl + OG),37377,24917,1,66.66399122454986,Small,61.270383009840714,66.66399122454986,62.88846547425345,2832
8,120,Malpura (M + OG),36028,24233,1,67.26157433107583,Small,61.0126098216866,67.26157433107583,62.88729917450337,2833
7,91,Jharoda Majra Burari  (CT),22878,17087,1,74.68747268117842,Small,57.82811619581696,74.68747268117842,62.885923141425394,2834
23,465,Alirajpur (M),28498,20260,1,71.09270826022879,Small,59.36844938970316,71.09270826022879,62.885727050860844,2835
9,192,Ghosi (NP),39165,25803,1,65.88280352355419,Small,61.59806286491083,65.88280352355419,62.88348506250384,2836
22,410,Gobra Nawapara (M),29315,20702,1,70.61913696060037,Small,59.5666590468436,70.61913696060037,62.88240242097062,2837
33,607,Chinnasalem (TP),25106,18366,1,73.15382777025413,Small,58.47978567337936,73.15382777025413,62.88199830244179,2838
30,585,Calapor (CT),14077,11628,1,82.60282730695461,Small,54.42271277551715,82.60282730695461,62.87674713494838,2839
29,583,Devanahalli (TMC),28051,20006,1,71.32009554026595,Small,59.25758536217599,71.32009554026595,62.87633841560297,2840
32,594,Anthicad (CT),9826,8694,1,88.47954406676165,Small,51.90179534150589,88.47954406676165,62.87511995908261,2841
9,159,Kaimganj (NPP),34384,23376,1,67.98510935318754,Small,60.685091121587774,67.98510935318754,62.8750965910677,2842
5,57,Joshimath  (NPP),16709,13332,1,79.78933508887425,Small,55.624645367162394,79.78933508887425,62.87405228367595,2843
23,433,Shamgarh (NP),24637,18091,1,73.43020659982953,Small,58.347549385682065,73.43020659982953,62.872346549926306,2844
32,601,Keezhattingal (CT),15185,12352,1,81.34343101745142,Small,54.95399844445477,81.34343101745142,62.87082821635376,2845
23,459,Chanderi (M),33081,22692,1,68.59526616486805,Small,60.41418339304032,68.59526616486805,62.86850822458864,2846
21,376,Karanjia (NAC),22865,17066,1,74.6380931554778,Small,57.824130408647804,74.6380931554778,62.8683192326968,2847
33,628,Sivanthipuram (CT),14281,11757,1,82.32616763531966,Small,54.52360223708773,82.32616763531966,62.86437185655731,2848
33,629,Puthalam (TP),13073,10951,1,83.76807159794998,Small,53.90385979620685,83.76807159794998,62.863123336729785,2849
8,112,Merta City (M),46070,29095,1,63.1538962448448,Small,62.7367453362716,63.1538962448448,62.86189060884357,2850
33,629,Thenthamaraikulam (TP),11872,10131,1,85.33524258760107,Small,53.22812714273177,85.33524258760107,62.86026177619256,2851
27,500,Lonar (M Cl),23416,17378,1,74.21421250427058,Small,57.99111061318677,74.21421250427058,62.858041180511904,2852
32,595,Velloorkunnam (CT),11576,9925,1,85.73773324118866,Small,53.051081067517515,85.73773324118866,62.85707671961886,2853
24,490,Gandevi (M),16827,13397,1,79.61609318357402,Small,55.67399239629198,79.61609318357402,62.856622632476586,2854
27,515,Aurangabad (CB),18051,14163,1,78.46102708991192,Small,56.166369304878884,78.46102708991192,62.85476664038879,2855
16,289,Ranirbazar (NP),13104,10968,1,83.69963369963371,Small,53.920468021077006,83.69963369963371,62.854217724644016,2856
21,374,Biramitrapur (M),33442,22863,1,68.36612642784522,Small,60.49029325852258,68.36612642784522,62.85304320931937,2857
19,341,Domjur (CT),18433,14396,1,78.09906146584929,Small,56.31321707329633,78.09906146584929,62.84897039106222,2858
32,594,Venkitangu (CT),11335,9753,1,86.04322893692104,Small,52.90355611749958,86.04322893692104,62.84545796332601,2859
33,632,Chinnavedampatti (TP),20122,15423,1,76.64745055163502,Small,56.92799576674291,76.64745055163502,62.843832202210535,2860
8,113,Phalodi (M),49766,30763,1,61.815295583329984,Small,63.27790327738128,61.815295583329984,62.83912096916589,2861
21,383,Bhuban (NAC),22200,16654,1,75.01801801801801,Small,57.61715969741578,75.01801801801801,62.83741719359645,2862
7,96,Shafi Pur Ranhola (CT),31944,22058,1,69.05209115952917,Small,60.168924150129776,69.05209115952917,62.83387425294959,2863
3,45,Jaitu (M Cl),37004,24655,1,66.62793211544698,Small,61.2000509795349,66.62793211544698,62.82841532030852,2864
24,490,Devsar (CT),10346,9050,1,87.47341967910303,Small,52.263389917852685,87.47341967910303,62.82639884622779,2865
16,289,Gandhigram (CT),14572,11930,1,81.8693384573154,Small,54.665051603685065,81.8693384573154,62.826337659774154,2866
3,39,Banga (M Cl),20906,15880,1,75.95905481679901,Small,57.196024764573,75.95905481679901,62.8249337802408,2867
8,113,Phalodi (M + OG),49914,30804,1,61.71414833513643,Small,63.298727062048734,61.71414833513643,62.82335344397504,2868
9,164,Armapur Estate (CT),15463,12507,1,80.88339908167885,Small,55.08121411155275,80.88339908167885,62.821869602590574,2869
20,364,Kanke (CT),17560,13837,1,78.7984054669704,Small,55.97298784927889,78.7984054669704,62.82061313458634,2870
10,230,Bihta (NP),47549,29714,1,62.491324738690615,Small,62.95833291074818,62.491324738690615,62.81823045913091,2871
29,567,Harapanahalli (TMC),47039,29478,1,62.66714853632093,Small,62.88271171648838,62.66714853632093,62.81804276243814,2872
20,355,Jaridih Bazar (CT),31882,22007,1,69.0264098864563,Small,60.15530045355775,69.0264098864563,62.81663328342731,2873
33,623,Paravai (TP),20042,15356,1,76.61909989023052,Small,56.90006091633417,76.61909989023052,62.81577260850307,2874
29,563,Haliyal (TP),24238,17813,1,73.49203729680667,Small,58.23305284269431,73.49203729680667,62.810748178928016,2875
33,623,Othakadai (CT),15152,12300,1,81.17740232312566,Small,54.93874291720838,81.17740232312566,62.81034073898356,2876
1,9,Bandipore (MC),37081,24670,1,66.53002885574823,Small,61.21462781477247,66.53002885574823,62.80924812706519,2877
24,483,Kathlal (M),22071,16555,1,75.00792895654932,Small,57.5762932993815,75.00792895654932,62.805783996531844,2878
33,605,Kangeyanallur (CT),15177,12313,1,81.12934044936418,Small,54.950303181170035,81.12934044936418,62.804014361628276,2879
27,505,Davlameti (CT),14545,11901,1,81.82193193537299,Small,54.65204685976227,81.82193193537299,62.80301238244549,2880
20,354,Maithon (CT),18830,14611,1,77.59426447158789,Small,56.46264101370816,77.59426447158789,62.802128051072074,2881
19,335,Srirampur (CT),19830,15218,1,76.7423096318709,Small,56.82549085138838,76.7423096318709,62.80053648553313,2882
29,575,Mulki (TP),17274,13646,1,78.9973370383235,Small,55.85783839562101,78.9973370383235,62.79968798843175,2883
3,35,Daulatpur (CT),12988,10866,1,83.66184170003079,Small,53.85811829285338,83.66184170003079,62.7992353150066,2884
19,338,Raghunathpur (PS-Magra) (CT),14919,12141,1,81.37944902473356,Small,54.830074778183615,81.37944902473356,62.794887052148596,2885
19,343,Kalua (CT),15735,12665,1,80.48935494121385,Small,55.20348967861941,80.48935494121385,62.78924925739774,2886
28,547,Ibrahimpatnam (CT),29432,20673,1,70.23987496602338,Small,59.59459093728869,70.23987496602338,62.7881761459091,2887
24,477,Kalavad (M),28314,20067,1,70.87306632761178,Small,59.323026124773456,70.87306632761178,62.788038185624956,2888
10,232,Dumraon (Nagar Parishad),53618,32398,1,60.42373829684061,Growing,63.8007086000801,60.42373829684061,62.787617509108244,2889
23,423,Karera (NP),28705,20278,1,70.64274516634732,Small,59.41920132688839,70.64274516634732,62.78626447872607,2890
29,557,Sindgi (TMC),37226,24710,1,66.37833772094773,Small,61.241995716974095,66.37833772094773,62.78289831816618,2891
28,532,Naspur (CT),31244,21632,1,69.23569325310459,Small,60.013548906301494,69.23569325310459,62.78019221034242,2892
33,604,Edakalinadu (TP),28172,19979,1,70.91793269913389,Small,59.28776895609569,70.91793269913389,62.77681807900714,2893
32,595,Kanayannur (CT),9308,8287,1,89.03094112591319,Small,51.52204420646983,89.03094112591319,62.774713282302834,2894
7,93,Chilla Saroda Khadar (CT),11743,10008,1,85.22524056884953,Small,53.15151745845015,85.22524056884953,62.773634391569956,2895
33,604,Vengavasal (CT),13671,11311,1,82.73718089386291,Small,54.21749810277405,82.73718089386291,62.77340294010071,2896
29,561,Gajendragarh (TMC),32359,22209,1,68.63314688340184,Small,60.25943981718497,68.63314688340184,62.77155193705002,2897
9,199,Chunar (NPP),37185,24674,1,66.3547129218771,Small,61.2342680311051,66.3547129218771,62.770401498336696,2898
5,67,Nagla (CT),22258,16635,1,74.73717315122653,Small,57.63545641371988,74.73717315122653,62.765971434971874,2899
32,598,Keerikkad (CT),10465,9113,1,87.0807453416149,Small,52.34358198015773,87.0807453416149,62.76473098859488,2900
27,529,Vengurla (M Cl),12392,10447,1,84.30438992898644,Small,53.52872509212167,84.30438992898644,62.7614245431811,2901
9,197,Maruadih Railway Settlement (ITS),14298,11719,1,81.96251223947405,Small,54.531944539426824,81.96251223947405,62.761114849440986,2902
32,591,Thurayur (CT),14176,11638,1,82.09650112866818,Small,54.47185513821143,82.09650112866818,62.75924893534845,2903
3,37,Bhogpur (NP),17549,13794,1,78.60276938856914,Small,55.968593810623005,78.60276938856914,62.75884648400684,2904
33,617,Bhuvanagiri (TP),21956,16452,1,74.931681544908,Small,57.53966013970944,74.931681544908,62.757266561269006,2905
16,292,Kumarghat (NP),13054,10889,1,83.41504519687453,Small,53.8936610857721,83.41504519687453,62.75007631910283,2906
24,486,Undera (CT),16902,13382,1,79.1740622411549,Small,55.70517749587203,79.1740622411549,62.74584291945689,2907
33,622,Kottaiyur (TP),14766,12017,1,81.38290667750238,Small,54.75779058527763,81.38290667750238,62.74532541294505,2908
25,495,Kachigam (CT),18434,14329,1,77.73136595421504,Small,56.31359748425068,77.73136595421504,62.738928025239986,2909
27,513,Pathri (M Cl),36853,24469,1,66.39622283124848,Small,61.171376964952685,66.39622283124848,62.73883072484142,2910
19,337,Shimulpur (CT),20803,15758,1,75.74869009277508,Small,57.16139082633087,75.74869009277508,62.73758060626413,2911
16,292,Kanchanpur (CT),15341,12384,1,80.72485496382244,Small,55.02566959862679,80.72485496382244,62.735425208185475,2912
33,606,Chengam (TP),26980,19282,1,71.46775389177168,Small,58.98460243168545,71.46775389177168,62.72954786971132,2913
32,593,Puthunagaram (CT),17892,13987,1,78.17460317460318,Small,56.10432872596335,78.17460317460318,62.72541106055529,2914
18,314,Bokajan (TC),19877,15195,1,76.44513759621672,Small,56.84209143984553,76.44513759621672,62.72300528675689,2915
32,594,Punnayurkulam (CT),14221,11647,1,81.9000070318543,Small,54.49407923921862,81.9000070318543,62.71585757700932,2916
3,41,Raikot (M Cl),28734,20226,1,70.39047817916058,Small,59.42628225875354,70.39047817916058,62.71554103487564,2917
33,608,Veerakkalpudur (TP),16665,13216,1,79.3039303930393,Small,55.606155533080916,79.3039303930393,62.71548799106843,2918
33,623,Sholavandan (TP),22578,16783,1,74.33342191513863,Small,57.73555443488087,74.33342191513863,62.714914678958195,2919
6,73,Cheeka (MC),38952,25477,1,65.40614089135346,Small,61.55982106039595,65.40614089135346,62.7137170096832,2920
29,569,Nadsal (CT),11611,9892,1,85.19507363706829,Small,53.07225008620342,85.19507363706829,62.70909715146288,2921
24,488,Andada (CT),16730,13253,1,79.21697549312611,Small,55.633452904007655,79.21697549312611,62.70850968074319,2922
18,304,Jagiroad (CT),17739,13882,1,78.25694796775467,Small,56.04410659976094,78.25694796775467,62.70795901015906,2923
19,336,Madanpur (CT),13675,11283,1,82.50822669104205,Small,54.219549495427664,82.50822669104205,62.706152654111975,2924
1,21,Nagrota (CT),13836,11389,1,82.31425267418328,Small,54.301623808748786,82.31425267418328,62.70541246837912,2925
32,594,Thanniyam (CT),9743,8578,1,88.04269732115365,Small,51.84231382234802,88.04269732115365,62.7024288719897,2926
23,457,Malajkhand (M),34176,23059,1,67.47132490636703,Small,60.642541513696735,67.47132490636703,62.69117653149782,2927
33,617,Kondur (CT),12506,10495,1,83.91971853510314,Small,53.59293808487112,83.91971853510314,62.69097221994072,2928
6,73,Pundri (MC + OG),33484,22703,1,67.80253255286107,Small,60.49909474189543,67.80253255286107,62.69012608518511,2929
20,357,Ghorabandha (CT),20718,15668,1,75.62506033400908,Small,57.13268003374833,75.62506033400908,62.68039412382655,2930
10,235,Rafiganj (NP),35536,23736,1,66.79423683025664,Small,60.91618705837716,66.79423683025664,62.679601989941,2931
9,187,Maharajganj (NPP),33930,22920,1,67.55083996463307,Small,60.59188290698052,67.55083996463307,62.67957002427629,2932
3,49,Jandiala (M Cl),29232,20456,1,69.97810618500274,Small,59.546776442323576,69.97810618500274,62.67617536512732,2933
6,70,Kardhan (CT),18662,14429,1,77.3175436716322,Small,56.399796873943,77.3175436716322,62.675120913249756,2934
24,470,Radhanpur (M),39558,25722,1,65.0235097831033,Small,61.6680789560736,65.0235097831033,62.67470820418251,2935
33,631,Uthangarai (TP),18470,14311,1,77.48240389821332,Small,56.32727855326816,77.48240389821332,62.6738161567517,2936
7,97,Chhawala (CT),14662,11913,1,81.25085254399127,Small,54.7082273944881,81.25085254399127,62.671014939339045,2937
33,617,Kurinjipadi (TP),27471,19497,1,70.97302610025118,Small,59.111071938187735,70.97302610025118,62.669658186806764,2938
9,142,Gulaothi (NPP),50823,30948,1,60.893689864824985,Growing,63.42528587935129,60.893689864824985,62.665807074993396,2939
29,557,Indi (TMC),38217,25053,1,65.55459612214459,Small,61.42623513101032,65.55459612214459,62.6647434283506,2940
9,134,Sherkot (NPP),62226,35826,1,57.57400443544499,Growing,64.8447958663388,57.57400443544499,62.66355843707065,2941
18,318,Lala (TC),11771,9984,1,84.81862203721009,Small,53.16821717722966,84.81862203721009,62.66333863522378,2942
19,341,Dhulagari (CT),23740,17409,1,73.33192923336142,Small,58.08747372996529,73.33192923336142,62.660810380984124,2943
2,29,Una (M Cl),18722,14456,1,77.21397286614678,Small,56.42230591505054,77.21397286614678,62.65980600037941,2944
22,406,Lingiyadih (CT),22209,16526,1,74.41127470845153,Small,57.620001973990995,74.41127470845153,62.65738379432915,2945
33,605,Gandhinagar (TP),9114,8110,1,88.98398068904982,Small,51.37435517946197,88.98398068904982,62.65724283233832,2946
6,80,Barwala (MC),43384,27527,1,63.449658860409365,Small,62.315493826070465,63.449658860409365,62.65574333637213,2947
32,589,New Mahe (CT),10986,9439,1,85.91844165301292,Small,52.68426419836475,85.91844165301292,62.6545174347592,2948
35,640,Garacharma (CT),14419,11746,1,81.46195991400236,Small,54.5910371258706,81.46195991400236,62.652313962310124,2949
34,635,Kurumbapet (GP),19506,14925,1,76.5149184866195,Small,56.709970918588546,76.5149184866195,62.65145518899783,2950
21,388,Hinjilicut (NAC),24671,17927,1,72.66426168375826,Small,58.357220095591664,72.66426168375826,62.64933257204164,2951
32,594,Vadakkummuri (CT),9585,8446,1,88.1168492436098,Small,51.72767036418985,88.1168492436098,62.644424028015834,2952
33,627,Sayapuram (TP),12792,10667,1,83.3880550343965,Small,53.75149251641786,83.3880550343965,62.642461271811456,2953
33,632,Suleeswaranpatti (TP),20104,15276,1,75.98487863111818,Small,56.92172012034348,75.98487863111818,62.64066767357589,2954
27,528,Devrukh (CT),12689,10597,1,83.5132792182205,Small,53.694802914382635,83.5132792182205,62.64034580553399,2955
21,377,Jaleshwar (NAC),25747,18521,1,71.93459432166854,Small,58.65657732142277,71.93459432166854,62.6399824214965,2956
23,432,Manasa (NP),26551,18965,1,71.42857142857143,Small,58.87220422556002,71.42857142857143,62.63911438646343,2957
29,579,Shahabad (CMC),47582,29444,1,61.880543062502625,Small,62.96319807086258,61.880543062502625,62.638401568354595,2958
23,448,Khirkiya (NP),22737,16817,1,73.96314377446453,Small,57.78476429464848,73.96314377446453,62.63827813859329,2959
24,486,Chhota Udaipur (M),25787,18541,1,71.90057005467871,Small,58.6674632064655,71.90057005467871,62.63739526092946,2960
33,612,Silapadi  (CT),17824,13892,1,77.93985637342908,Small,56.077627163378885,77.93985637342908,62.63629592639394,2961
32,594,Edathirinji (CT),9849,8632,1,87.6434155751853,Small,51.91818928828559,87.6434155751853,62.6357571743555,2962
29,573,Shrirangapattana (TMC),25061,18133,1,72.35545269542317,Small,58.467205357137594,72.35545269542317,62.633679558623264,2963
24,471,Vadnagar (M),27790,19636,1,70.65851025548758,Small,59.19203285587038,70.65851025548758,62.631976075755546,2964
29,566,Holalkere (TP),15783,12613,1,79.91509852372806,Small,55.22484812884459,79.91509852372806,62.63192324730963,2965
33,629,Ganapathipuram (TP),14598,11852,1,81.18920400054802,Small,54.67755193807579,81.18920400054802,62.63104755681745,2966
19,335,Ukhra (CT),24104,17591,1,72.97958845004977,Small,58.194177189243355,72.97958845004977,62.629800567485276,2967
29,567,Jagalur (TP),17257,13535,1,78.43194066176045,Small,55.85093394670848,78.43194066176045,62.625235961224064,2968
8,101,Dungargarh (M),53294,31965,1,59.97860922430293,Growing,63.75820495913275,59.97860922430293,62.62432623868379,2969
18,309,Digboi Oil Town (CT),12726,10614,1,83.4040546911834,Small,53.71521992311904,83.4040546911834,62.62187035353834,2970
27,499,Kandari (CT),16353,12968,1,79.30043417110011,Small,55.47362839395402,79.30043417110011,62.62167012709784,2971
19,341,Kalara (CT),27210,19309,1,70.96288129364204,Small,59.04412883425195,70.96288129364204,62.61975457206898,2972
33,620,Ayyampettai (TP),16263,12904,1,79.34575416589806,Small,55.43492931259044,79.34575416589806,62.60817676858272,2973
27,501,Khadki Bk (CT),12133,10208,1,84.13417951042611,Small,53.38061459176896,84.13417951042611,62.6066840673661,2974
14,277,Lilong (Imphal West) (NP + OG),17566,13715,1,78.07696686781283,Small,55.97538343768855,78.07696686781283,62.605858466725834,2975
22,409,Bemetara (M),28536,20012,1,70.12895991028876,Small,59.377793737042026,70.12895991028876,62.60314358901604,2976
28,535,"Ramachandrapuram 
(BHEL) Township (CT)",15381,12341,1,80.2353553084975,Small,55.04392943380051,80.2353553084975,62.601357196209605,2977
8,122,Gulabpura (M),27215,19295,1,70.89840161675546,Small,59.04541729140668,70.89840161675546,62.601312589011314,2978
30,585,Socorro (CT),12908,10725,1,83.08800743724822,Small,53.814793198764896,83.08800743724822,62.596757470309896,2979
24,491,Nanakwada (CT),10172,8848,1,86.98387731026347,Small,52.144458478799116,86.98387731026347,62.596284128238416,2980
9,142,Jahangirabad (NPP),59858,34700,1,57.97053025493668,Growing,64.57272334773756,57.97053025493668,62.592065419897295,2981
6,79,Ellenabad (MC),36623,24171,1,65.99950850558393,Small,61.127474763280844,65.99950850558393,62.589084885971765,2982
32,594,Cheruthuruthi (CT),13828,11330,1,81.93520393404687,Small,54.29756818180926,81.93520393404687,62.58885890748054,2983
33,602,Nallur (CT),19595,14936,1,76.22352640979841,Small,56.741893283024794,76.22352640979841,62.58638322105688,2984
7,97,Jharoda Kalan (CT),19578,14923,1,76.2233118806824,Small,56.73580696955951,76.2233118806824,62.582058442896376,2985
9,160,Tirwaganj (NP),24082,17537,1,72.82202474877502,Small,58.18777397280282,72.82202474877502,62.57804920559448,2986
28,545,Katheru (CT),23572,17243,1,73.15034787035466,Small,58.0376729879035,73.15034787035466,62.57147545263885,2987
27,511,Mukhed (M Cl),27650,19504,1,70.53887884267631,Small,59.15661645350968,70.53887884267631,62.57129517025967,2988
30,585,Sanquelim (M Cl),13651,11204,1,82.07457329133396,Small,54.207232128555475,82.07457329133396,62.567434477389014,2989
8,128,Antah (M),32377,21992,1,67.92476140470087,Small,60.26333948496916,67.92476140470087,62.56176606088867,2990
12,245,Tawang (NT),11202,9554,1,85.28834136761293,Small,52.820793081989656,85.28834136761293,62.561057567676635,2991
19,328,Uttar Kamakhyaguri (CT),12022,10114,1,84.12909665613043,Small,53.31616837782632,84.12909665613043,62.56004686131755,2992
8,104,Kherli (M),17634,13728,1,77.84960871044572,Small,56.00247639963444,77.84960871044572,62.55661609287782,2993
3,47,Budhlada (M Cl),26172,18680,1,71.37398746752255,Small,58.77138474059017,71.37398746752255,62.552165558669884,2994
33,604,Jalladiampet (CT),19100,14616,1,76.52356020942408,Small,56.56247530281328,76.52356020942408,62.550800774796514,2995
19,337,Teleni Para (CT),17781,13813,1,77.684044766886,Small,56.06068972786057,77.684044766886,62.5476962395682,2996
18,322,North Guwahati (TC),10328,8941,1,86.57048799380325,Small,52.25117978289974,86.57048799380325,62.546972246170796,2997
33,607,Ulundurpettai (TP),23734,17313,1,72.94598466335215,Small,58.08570120849582,72.94598466335215,62.54378624495271,2998
10,228,Sheikhpura (Nagar Parishad),62927,35863,1,56.99143451936371,Growing,64.92335356054143,56.99143451936371,62.543777848188114,2999
28,546,Gavaravaram (CT),10029,8729,1,87.03759098614019,Small,52.045183043676026,87.03759098614019,62.542905426415274,3000
28,537,Jillalguda (CT),27461,19375,1,70.55460471213722,Small,59.108518806861476,70.55460471213722,62.5423445784442,3001
33,628,Melagaram (TP),14535,11766,1,80.94943240454077,Small,54.64722416117708,80.94943240454077,62.53788663418618,3002
27,522,Rahta Pimplas (M Cl),22335,16510,1,73.91985672710992,Small,57.65967335904174,73.91985672710992,62.53772836946219,3003
29,569,Udyavara (CT),11854,9991,1,84.28378606377595,Small,53.21748752982991,84.28378606377595,62.53737709001372,3004
33,626,Sakkarakottai (CT),15355,12291,1,80.04558775643112,Small,55.03206595064422,80.04558775643112,62.53612249238029,3005
33,629,Manavalakurichi (TP),10969,9383,1,85.54107028899625,Small,52.67340518471636,85.54107028899625,62.53370471600032,3006
33,609,Periyapatti (CT),15690,12501,1,79.67495219885278,Small,55.183406878873456,79.67495219885278,62.53087047486726,3007
33,602,Kakkalur (CT),14528,11757,1,80.92648678414098,Small,54.643846297691546,80.92648678414098,62.52863844362638,3008
9,193,Belthara Road (NP),20404,15378,1,75.367574985297,Small,57.02558801378007,75.367574985297,62.52818410523514,3009
18,326,Tangla (TC),17183,13433,1,78.17610428912297,Small,55.820799834693865,78.17610428912297,62.5273911710226,3010
33,612,Sivagiripatti (CT),17306,13508,1,78.05385415462845,Small,55.87081659281099,78.05385415462845,62.52572786135623,3011
29,556,Mahalingpur (TMC),36055,23812,1,66.04354458466231,Small,61.01786313440729,66.04354458466231,62.5255675694838,3012
27,530,Korochi (CT),20420,15385,1,75.34280117531831,Small,57.03108465697439,75.34280117531831,62.524599612477566,3013
27,520,Murud Janjira (M Cl),12216,10229,1,83.73444662737394,Small,53.428420034681636,83.73444662737394,62.520228012489326,3014
19,328,Binnaguri (CT),58840,34129,1,58.00305914343984,Growing,64.45243540983859,58.00305914343984,62.51762252991895,3015
12,250,Aalo (NT),20684,15535,1,75.10636240572424,Small,57.12116272292669,75.10636240572424,62.51672262776595,3016
8,105,Nadbai (M),26411,18772,1,71.07644542046874,Small,58.83513080626869,71.07644542046874,62.507525190528696,3017
21,373,Debagarh (M),22390,16519,1,73.77847253238052,Small,57.676920118712886,73.77847253238052,62.50738584281317,3018
1,16,Doda (MC),21605,16066,1,74.36241610738254,Small,57.42665112006497,74.36241610738254,62.507380616260235,3019
27,515,Gangapur (M Cl),27745,19496,1,70.26851684988287,Small,59.1806685067987,70.26851684988287,62.50702300972395,3020
33,626,Mandapam (TP),18427,14181,1,76.95772507733217,Small,56.310934174116156,76.95772507733217,62.504971445080955,3021
9,183,"Indian Tehephone Industry, Mankapur (Special Gram) (CT)",6998,6494,1,92.79794226921977,Small,49.52192530489869,92.79794226921977,62.50473039419501,3022
9,145,Kosi Kalan (NPP),53307,31752,1,59.56440992740165,Growing,63.759915322162385,59.56440992740165,62.50126370373416,3023
32,588,Chemnad (CT),14323,11610,1,81.05843747818194,Small,54.54419463117052,81.05843747818194,62.49846748527394,3024
28,538,Narayanpet (NP),41752,26531,1,63.544261352749565,Small,62.04661024410644,63.544261352749565,62.49590557669937,3025
29,564,Shiggaon (TMC),28207,19733,1,69.95781189066544,Small,59.29647557826628,69.95781189066544,62.494876471986025,3026
28,537,Shamshabad (CT),32583,22025,1,67.59659945370285,Small,60.30781527401358,67.59659945370285,62.49445052792035,3027
32,594,Vadakkumkara (CT),10407,8978,1,86.26885749975978,Small,52.304611316227,86.26885749975978,62.493885171286834,3028
27,517,Chinchani (CT),13646,11166,1,81.82617616884068,Small,54.20466328507595,81.82617616884068,62.49111715020537,3029
28,538,Nagarkurnool (CT),26801,18970,1,70.78094100966382,Small,58.93792316940375,70.78094100966382,62.490828521481774,3030
9,172,Khaga (NP),35637,23562,1,66.11667648791986,Small,60.93608960097738,66.11667648791986,62.49026566706012,3031
3,35,Dhariwal (M Cl),16772,13156,1,78.44025757214405,Small,55.651034861696836,78.44025757214405,62.48780167483099,3032
8,124,Sagwara (M),29439,20377,1,69.2177044057203,Small,59.59625855403612,69.2177044057203,62.48269230954136,3033
21,370,Barapali (NAC),20850,15606,1,74.84892086330936,Small,57.177215883081665,74.84892086330936,62.478727377149966,3034
22,406,Tifra (NP),30465,20911,1,68.63942228787133,Small,59.83649222645848,68.63942228787133,62.477371244882335,3035
28,542,Narasannapeta (CT),26280,18670,1,71.04261796042618,Small,58.80026227632652,71.04261796042618,62.47296898155642,3036
33,632,Kannampalayam (TP),15868,12578,1,79.26644819763044,Small,55.26251152380938,79.26644819763044,62.46369252595569,3037
7,98,Aali (CT),27169,19143,1,70.4589789834002,Small,59.03355454655339,70.4589789834002,62.46118187760743,3038
29,573,Nagamangala (TP),17776,13758,1,77.39648964896489,Small,56.05871760103401,77.39648964896489,62.46004921541327,3039
19,333,Kasim Bazar (CT),11724,9872,1,84.20334356874787,Small,53.14016281546577,84.20334356874787,62.4591170414504,3040
3,48,Patran (M Cl),27963,19568,1,69.97818545935701,Small,59.235551769899686,69.97818545935701,62.45834187673688,3041
24,482,Boriavi (M),19865,15011,1,75.56506418323686,Small,56.83785672610794,75.56506418323686,62.45601896324661,3042
33,631,Kaveripattinam (TP),15006,12027,1,80.14794082367052,Small,54.870847684104554,80.14794082367052,62.45397562597434,3043
7,90,Ali Pur (CT),20332,15285,1,75.17706079087154,Small,57.00079966389811,75.17706079087154,62.45367800199013,3044
28,554,Kuppam (CT),21963,16232,1,73.90611482948596,Small,57.54189546224627,73.90611482948596,62.451161272418176,3045
23,467,Nepanagar (M),29682,20472,1,68.971093592076,Small,59.653904215777196,68.971093592076,62.44906102866683,3046
27,507,Deori (CT),14579,11751,1,80.60223609301049,Small,54.66841927089583,80.60223609301049,62.44856431753023,3047
19,341,Panchla (CT),26432,18730,1,70.8610774818402,Small,58.8407043291456,70.8610774818402,62.44681627495398,3048
18,326,Udalguri (TC),15279,12196,1,79.82197787813338,Small,54.99727255664585,79.82197787813338,62.4446841530921,3049
23,438,Dhamnod (NP),32093,21720,1,67.67830991181879,Small,60.20155714128354,67.67830991181879,62.44458297244411,3050
23,435,Mahidpur (M),31650,21492,1,67.90521327014218,Small,60.10408534598825,67.90521327014218,62.44442372323443,3051
23,451,Suhagi (CT),14787,11881,1,80.34760262392642,Small,54.767756169797785,80.34760262392642,62.44171010603637,3052
28,532,Bhainsa (M),49764,30092,1,60.469415641829436,Small,63.27762145100433,60.469415641829436,62.43515970825186,3053
24,492,Mandvi (M),18214,14003,1,76.880421653673,Small,56.22940597577987,76.880421653673,62.42471067914781,3054
22,405,Sakti (M),21955,16201,1,73.79184695969028,Small,57.53934074974576,73.79184695969028,62.41509261272911,3055
24,489,Ahwa (CT),15004,12006,1,80.01866169021594,Small,54.8699130331987,80.01866169021594,62.41453763030387,3056
16,290,Amarpur (NP),10838,9248,1,85.32939656763241,Small,52.58915805002378,85.32939656763241,62.41122960530636,3057
28,541,Madhira (CT),22716,16630,1,73.20831132241592,Small,57.778284637363676,73.20831132241592,62.407292642879355,3058
27,513,Manwath (M Cl),32488,21881,1,67.35102191578429,Small,60.28733963532324,67.35102191578429,62.406444319461556,3059
9,188,Sahjanwan (NP),32886,22083,1,67.15015508118957,Small,60.372725202029564,67.15015508118957,62.40595416577756,3060
24,481,Talaja (M),27822,19442,1,69.87995111782043,Small,59.20010298095859,69.87995111782043,62.40405742201713,3061
29,576,Kushalnagar (TP),15326,12205,1,79.6359128278742,Small,55.01880988396818,79.6359128278742,62.403940767139986,3062
27,530,Gandhinagar (CT),12601,10437,1,82.82675978096977,Small,53.64600338606723,82.82675978096977,62.400230304537985,3063
29,579,Aland (TMC),42371,26684,1,62.97703618040641,Small,62.149812165380304,62.97703618040641,62.397979369888134,3064
9,134,Nehtaur (NPP),47834,29175,1,60.9921812936405,Small,63.00023931914428,60.9921812936405,62.39782191149314,3065
19,337,Rekjuani (CT),16553,12969,1,78.34833564912704,Small,55.5588693332984,78.34833564912704,62.39570922804698,3066
9,156,Majhara Pipar Ahatmali (CT),25310,18068,1,71.3868036349269,Small,58.53653507626157,71.3868036349269,62.39161564386117,3067
23,453,Dindori (NP),21323,15817,1,74.1781175256765,Small,57.33451947216126,74.1781175256765,62.387598888215834,3068
24,473,Pethapur (M),23497,17055,1,72.58373409371409,Small,58.01532581553376,72.58373409371409,62.38584829898785,3069
33,628,Alangulam (TP),20948,15598,1,74.4605690280695,Small,57.21009839319403,74.4605690280695,62.38523958365667,3070
19,343,Dighirpar (CT),15881,12543,1,78.98117247024746,Small,55.2682540150485,78.98117247024746,62.38212955160818,3071
33,631,Avalapalli (CT),17859,13760,1,77.04798700935103,Small,56.091383311871304,77.04798700935103,62.37836442111522,3072
23,437,Khategaon (NP),25413,18113,1,71.27454452445599,Small,58.56501443056711,71.27454452445599,62.377873458733774,3073
21,387,Pipili (NAC),17623,13615,1,77.25699370141292,Small,55.998100805000306,77.25699370141292,62.375768673924085,3074
27,500,Sundarkhed (CT),13317,10896,1,81.82022978148231,Small,54.033531217369976,81.82022978148231,62.36954078660368,3075
23,422,Bhander (NP),25204,17990,1,71.37755911760037,Small,58.50710496385956,71.37755911760037,62.368241209981804,3076
5,67,Bajpur (NPP),25524,18165,1,71.16831217677479,Small,58.595576842424244,71.16831217677479,62.367397442729406,3077
9,134,Noorpur (NPP),38806,24951,1,64.29675823326289,Small,61.53348738445384,64.29675823326289,62.36246863909655,3078
10,224,Sultanganj (Nagar Parishad),52892,31327,1,59.228238675035925,Growing,63.705108316692346,59.228238675035925,62.36204742419541,3079
33,612,Natham (TP),23660,17123,1,72.37109044801352,Small,58.063803193213445,72.37109044801352,62.35598936965346,3080
28,534,Vemulawada (R) (CT),33706,22440,1,66.57568385450662,Small,60.54543424357226,66.57568385450662,62.35450912685256,3081
10,228,Barbigha (NP),46075,28318,1,61.46066196418882,Small,62.73750636872446,61.46066196418882,62.35445304736376,3082
27,528,Nachane (CT),11688,9806,1,83.89801505817933,Small,53.118598205792324,83.89801505817933,62.35242326150842,3083
33,611,Jagathala (TP),14383,11577,1,80.49085726204547,Small,54.57350783702463,80.49085726204547,62.34871266453088,3084
5,59,Dhaluwala (CT),18016,13837,1,76.80395204262878,Small,56.15275960803068,76.80395204262878,62.348117338410106,3085
32,589,Kannadiparamba (CT),13677,11120,1,81.30437961541274,Small,54.22057496676624,81.30437961541274,62.34571636136019,3086
9,190,Salempur (NP),21124,15671,1,74.18576027267562,Small,57.268768350350165,74.18576027267562,62.3438659270478,3087
33,629,Kumarapuram (TP),14728,11794,1,80.07876154263987,Small,54.73972154504089,80.07876154263987,62.34143354432058,3088
33,633,Madathukulam (TP),20620,15374,1,74.55868089233753,Small,57.099431630771704,74.55868089233753,62.33720640924145,3089
18,316,Ambikapur Pt. X (CT),14283,11507,1,80.56430721837148,Small,54.524584199665306,80.56430721837148,62.33650110527716,3090
28,542,Tekkali (CT),28631,19808,1,69.18375187733575,Small,59.40110027583641,69.18375187733575,62.335895756286206,3091
24,472,Khedbrahma (M),25001,17850,1,71.39714411423543,Small,58.450396418753535,71.39714411423543,62.3344207273981,3092
29,572,Hunasamaranahalli (CT),13389,10927,1,81.61177085667339,Small,54.07134120659918,81.61177085667339,62.333470101621444,3093
33,632,Vellakinar (TP),15998,12590,1,78.6973371671459,Small,55.3197259208638,78.6973371671459,62.333009294748436,3094
33,632,Veerapandi (TP),16953,13172,1,77.6971627440571,Small,55.72630442637736,77.6971627440571,62.31756192168128,3095
9,175,Allahabad (CB),26944,18892,1,70.11579572446556,Small,58.97523935176066,70.11579572446556,62.317406263572124,3096
17,296,Nongstoin (TC),28742,19846,1,69.04877879062,Small,59.428234361688666,69.04877879062,62.31439769036807,3097
5,68,Laksar (NP),21760,16014,1,73.59375,Small,57.47678006224033,73.59375,62.31187104356823,3098
22,406,Gaurella (NP),18165,13904,1,76.54280209193503,Small,56.21051579635324,76.54280209193503,62.31020168502778,3099
32,591,Valayam (CT),14328,11523,1,80.42294807370183,Small,54.546642083726105,80.42294807370183,62.309533880718824,3100
30,585,Curti (CT),16385,12817,1,78.22398535245651,Small,55.48733676383929,78.22398535245651,62.308331340424445,3101
6,86,Bhondsi (168) (CT),17410,13445,1,77.22573233773693,Small,55.912830620006304,77.22573233773693,62.30670113532548,3102
27,517,Kalher (CT),15573,12310,1,79.04706864444873,Small,55.13092083625529,79.04706864444873,62.305765178713315,3103
18,312,Kamalabaria N.C. (CT),10071,8679,1,86.17813523979744,Small,52.07448691687351,86.17813523979744,62.30558141375069,3104
32,594,Alur (CT),9807,8493,1,86.60140715815234,Small,51.88822354923923,86.60140715815234,62.30217863191316,3105
27,528,Kherdi (CT),12397,10260,1,82.76195853835605,Small,53.531553814573954,82.76195853835605,62.30067523170858,3106
33,627,Srivaikuntam (TP),15847,12476,1,78.72783492143624,Small,55.25322524692425,78.72783492143624,62.295608149277854,3107
29,572,Bommasandra (CT),15254,12104,1,79.3496787727809,Small,54.98578952520118,79.3496787727809,62.294956299475096,3108
29,571,Turuvekere (TP),14194,11430,1,80.5269832323517,Small,54.48075323212018,80.5269832323517,62.29462223218963,3109
29,561,Nargund (TMC),36291,23648,1,65.16216141743132,Small,61.06361421816694,65.16216141743132,62.29317837794625,3110
29,557,Talikota (TMC),31693,21352,1,67.3713438298678,Small,60.1136060826835,67.3713438298678,62.29092740683879,3111
29,559,Lingsugur (TMC),35411,23214,1,65.5559007088193,Small,60.891476727744454,65.5559007088193,62.2908039220669,3112
27,497,Talode (M Cl),26363,18554,1,70.37894018131472,Small,58.82237466680535,70.37894018131472,62.289344321158154,3113
3,41,Samrala (M Cl),19678,14790,1,75.16007724362231,Small,56.77153319557024,75.16007724362231,62.288096409985855,3114
24,477,Dhrol (M),25883,18292,1,70.6718695668972,Small,58.69352059171361,70.6718695668972,62.28702528426868,3115
28,544,Yelamanchili (CT),27265,19036,1,69.81844856042545,Small,59.058288859456894,69.81844856042545,62.28633676974746,3116
19,336,Saguna (P) (CT),14991,11933,1,79.60109398972716,Small,54.86383476401979,79.60109398972716,62.285012531731994,3117
33,627,Vilathikulam (TP),15277,12113,1,79.28912744648818,Small,54.996354605766044,79.28912744648818,62.284186457982685,3118
16,289,Singarbil (CT),12917,10596,1,82.0314314469304,Small,53.819680655626456,82.0314314469304,62.28320589301764,3119
29,569,Saligram (TP),15123,12012,1,79.42868478476493,Small,54.92530909294935,79.42868478476493,62.27632180049402,3120
18,321,Niz-Hajo (CT),15188,12052,1,79.3521200948117,Small,54.95538366633311,79.3521200948117,62.274404594876685,3121
19,338,Simla (CT),15988,12552,1,78.50888166124594,Small,55.315341347920956,78.50888166124594,62.27340344191845,3122
32,591,Koothali (CT),11389,9573,1,84.05478970936869,Small,52.93688232910313,84.05478970936869,62.2722545431828,3123
33,623,Nagamalaipudukottai (CT),15769,12414,1,78.72407888895935,Small,55.21862529771377,78.72407888895935,62.27026137508744,3124
32,594,Chiramanangad (CT),11060,9348,1,84.52079566003616,Small,52.73133791871033,84.52079566003616,62.26817524110807,3125
27,520,Neral (CT),18429,14036,1,76.16256986271637,Small,56.31169522308714,76.16256986271637,62.26695761497591,3126
29,580,Shorapur (TMC),51398,30516,1,59.37195999844352,Growing,63.50417882568742,59.37195999844352,62.264513177514246,3127
19,344,Ramjibanpur (M),19611,14735,1,75.1364030391107,Small,56.74761675670412,75.1364030391107,62.26425264142609,3128
28,553,Uravakonda (CT),35565,23257,1,65.39294249964853,Small,60.92190743297826,65.39294249964853,62.26321795297933,3129
18,303,Pathsala (TC),11242,9467,1,84.21099448496709,Small,52.845787087727146,84.21099448496709,62.25534930689912,3130
21,375,Joda (M ),46631,28409,1,60.922991143230895,Small,62.821622087267436,60.922991143230895,62.25203280405647,3131
19,328,Bholar Dabri (CT),12670,10420,1,82.24151539068666,Small,53.68429535916647,82.24151539068666,62.25146136862253,3132
33,625,Anaiyur (CT),24436,17469,1,71.48878703552136,Small,58.29010434380824,71.48878703552136,62.24970915132217,3133
27,527,Rahimatpur (M Cl),17633,13544,1,76.81052571882266,Small,56.00207873110183,76.81052571882266,62.24461282741808,3134
9,192,Kopaganj (NP),34782,22850,1,65.69489966074407,Small,60.765795485666686,65.69489966074407,62.2445267381899,3135
32,594,Puzhakkal (CT),8609,7622,1,88.53525380415844,Small,50.974652501573146,88.53525380415844,62.24283289234873,3136
8,109,Lalsot (M),34363,22632,1,65.86153711841224,Small,60.680806945671215,65.86153711841224,62.23502599749352,3137
22,415,Narayanpur (NP),22106,16154,1,73.07518320817877,Small,57.5874046442341,73.07518320817877,62.233738213417496,3138
16,290,Fulkumari (Part) (CT),11160,9403,1,84.25627240143369,Small,52.794453147524024,84.25627240143369,62.232998923696925,3139
24,493,Songadh (M),26515,18586,1,70.09617197812558,Small,58.862689763917054,70.09617197812558,62.23273442817961,3140
7,98,Saidul Azaib (CT),17914,13704,1,76.49882773249972,Small,56.11294574482011,76.49882773249972,62.228710341123985,3141
18,312,Chekonidhara (CT),9026,7917,1,87.71327276756038,Small,51.30632285834903,87.71327276756038,62.228407831112435,3142
33,610,Mettunasuvanpalayam (CT),17240,13296,1,77.12296983758701,Small,55.84402269321318,77.12296983758701,62.22770683652532,3143
10,227,Barahiya (NP),43032,26746,1,62.15374604945158,Small,62.25836500959936,62.15374604945158,62.22697932155502,3144
3,35,Tibri (CT),11845,9861,1,83.25031658927817,Small,53.21216166386134,83.25031658927817,62.22360814148638,3145
29,584,Magadi (TMC),27605,19158,1,69.40047092917949,Small,59.14519451862728,69.40047092917949,62.22177744179294,3146
14,275,Moirang (MCI),19893,14868,1,74.73985824159251,Small,56.847733749904584,74.73985824159251,62.215371097410966,3147
24,471,Kheralu (M),21843,15991,1,73.20880831387629,Small,57.50347670799509,73.20880831387629,62.21507618975944,3148
27,530,Ajra (CT),17257,13299,1,77.06437967201715,Small,55.85093394670848,77.06437967201715,62.21496766430108,3149
9,168,Sumerpur (NP),27587,19141,1,69.38413020625657,Small,59.14062053059491,69.38413020625657,62.21367343329341,3150
5,68,Shafipur (CT),11135,9378,1,84.22092501122587,Small,52.77872751475952,84.22092501122587,62.21138676369942,3151
24,482,Sojitra (M),16713,12965,1,77.57434332555496,Small,55.626323846283945,77.57434332555496,62.21072969006525,3152
32,589,Maniyoor (CT),12681,10409,1,82.08343190600111,Small,53.69038059940945,82.08343190600111,62.20829599138695,3153
15,283,Saitual (NT),11619,9703,1,83.50976848265772,Small,53.077079759766455,83.50976848265772,62.20688637663383,3154
32,593,Pudussery Central (CT),16629,12911,1,77.64146972157076,Small,55.590991141869736,77.64146972157076,62.20613471578004,3155
27,511,Dharmabad (M Cl),33741,22290,1,66.06206099404287,Small,60.552712157931325,66.06206099404287,62.205516808764784,3156
23,445,Nasrullaganj (NP),23788,17073,1,71.77148141920297,Small,58.10163779601945,71.77148141920297,62.202590882974505,3157
33,610,Anthiyur (TP),21086,15549,1,73.74087071990894,Small,57.256142455819415,73.74087071990894,62.201560935046274,3158
33,625,Viswanatham (CT),25555,18040,1,70.59283897476033,Small,58.60408855067254,70.59283897476033,62.200713677898875,3159
27,527,Saidapur (CT),13913,11205,1,80.53618917559118,Small,54.3405397532144,80.53618917559118,62.199234579927435,3160
18,320,Bijni (TC),13257,10781,1,81.323074602097,Small,54.00186641762058,81.323074602097,62.1982288729635,3161
27,505,Mouda (CT),14606,11643,1,79.71381623990142,Small,54.68139371629217,79.71381623990142,62.19112047337494,3162
32,594,Parakkad (CT),9093,7953,1,87.46288353678653,Small,51.358180050047565,87.46288353678653,62.18959109606925,3163
33,622,Singampuneri (TP),18143,13815,1,76.14506972386043,Small,56.202017911193316,76.14506972386043,62.18493345499344,3164
33,629,Athur (TP),11910,9887,1,83.01427371956339,Small,53.250535676597366,83.01427371956339,62.17965708948717,3165
33,605,Kondasamudram (CT),21335,15672,1,73.45676119053199,Small,57.33846472443766,73.45676119053199,62.17395366426595,3166
33,606,Chetpet (TP),19827,14802,1,74.65577243153277,Small,56.82442990394902,74.65577243153277,62.17383266222414,3167
27,521,Kusgaon Bk. (CT),15612,12264,1,78.55495772482706,Small,55.14845986766461,78.55495772482706,62.17040922481334,3168
33,626,Kamuthi (TP),14754,11726,1,79.476752067236,Small,54.75208960069185,79.476752067236,62.16948834065509,3169
33,610,Suriyampalayam (TP),28585,19620,1,68.63739723631275,Small,59.389824676781245,68.63739723631275,62.16409644464069,3170
33,629,Azhagiapandipuram (TP),11392,9533,1,83.6815308988764,Small,52.938729149744,83.6815308988764,62.161569674483715,3171
22,411,Saraipali (NP),20043,14918,1,74.42997555256198,Small,56.900410789646614,74.42997555256198,62.159280218521225,3172
23,461,Anuppur (M),19899,14834,1,74.5464596210865,Small,56.84984844632801,74.5464596210865,62.15883179875556,3173
24,491,Solsumba (CT),18796,14186,1,75.47350500106405,Small,56.449967930901444,75.47350500106405,62.15702905195022,3174
28,532,Kyathampalle (CT),32385,21554,1,66.55550409140034,Small,60.265071974814646,66.55550409140034,62.15220160979035,3175
8,99,Anupgarh (M),30877,20787,1,67.32195485312693,Small,59.930691169032336,67.32195485312693,62.14807027426072,3176
33,627,Kumaragiri (CT),13344,10815,1,81.04766187050359,Small,54.04773386370392,81.04766187050359,62.14771226574382,3177
33,625,Kariapatti (TP),18191,13820,1,75.97163432466604,Small,56.220545493268645,75.97163432466604,62.14587214268786,3178
30,585,Bandora (CT),12722,10409,1,81.81889639993712,Small,53.7130155425158,81.81889639993712,62.144779799742196,3179
19,341,Amta (CT),16699,12918,1,77.35792562428888,Small,55.62044741089436,77.35792562428888,62.14169087491271,3180
27,517,Vada (CT),16750,12949,1,77.30746268656716,Small,55.64183076264263,77.30746268656716,62.141520339819984,3181
32,594,Ala (CT),10493,8914,1,84.95187267702278,Small,52.36231817456811,84.95187267702278,62.13918452530451,3182
8,103,Gothra (CT),16933,13059,1,77.12159688182838,Small,55.71802693989183,77.12159688182838,62.139097922472786,3183
32,589,Narath (CT),13092,10647,1,81.32447296058662,Small,53.914043695958945,81.32447296058662,62.13717247534724,3184
32,594,Vylathur (CT),10298,8779,1,85.249563021946,Small,52.23078219511471,85.249563021946,62.136416443164094,3185
8,122,Shahpura (M),30320,20489,1,67.57585751978891,Small,59.80303634410233,67.57585751978891,62.134882696808305,3186
19,334,Dubrajpur (M),38041,24292,1,63.85741699745012,Small,61.3938660022159,63.85741699745012,62.13293130078616,3187
29,565,Siruguppa (TMC),52492,30754,1,58.58797531052351,Growing,63.65187377386975,58.58797531052351,62.13270423486588,3188
14,273,Tamenglong (CT),19363,14504,1,74.90574807622787,Small,56.65837365665527,74.90574807622787,62.13258598252705,3189
21,386,Banapur (NAC),17278,13264,1,76.7681444611645,Small,55.859461984384716,76.7681444611645,62.132066727418646,3190
32,588,Chengala (CT),15588,12229,1,78.45137285091096,Small,55.13767180979243,78.45137285091096,62.13178212212799,3191
9,151,Bisalpur (NPP),73551,39029,1,53.06386045057171,Growing,66.01734251708783,53.06386045057171,62.13129789713299,3192
19,340,Arra (CT),21272,15604,1,73.35464460323429,Small,57.31772734391547,73.35464460323429,62.128802521711116,3193
29,563,Mundgod (TP),18866,14208,1,75.31008162832609,Small,56.47603465598363,75.31008162832609,62.12624874768637,3194
22,403,Kharsia  (M),18939,14246,1,75.22044458524736,Small,56.50311570948933,75.22044458524736,62.11831437221673,3195
24,482,Ode (M),23250,16704,1,71.84516129032258,Small,57.94122157822053,71.84516129032258,62.11240349185114,3196
32,594,Padiyur (CT),8823,7737,1,87.69126147568855,Small,51.14682069320406,87.69126147568855,62.11015292794941,3197
32,595,Perumbavoor (CT),9185,7994,1,87.03320631464344,Small,51.42876785475625,87.03320631464344,62.110099392722404,3198
28,547,Ramavarappadu (CT),22222,16127,1,72.57222572225722,Small,57.62410545190937,72.57222572225722,62.10854153301372,3199
32,594,Kozhukkully (CT),9918,8505,1,85.75317604355716,Small,51.96714242508808,85.75317604355716,62.102952510628796,3200
27,499,Raver (M Cl),27039,18747,1,69.3331853988683,Small,58.99992049773216,69.3331853988683,62.099899968073,3201
27,516,Bhagur (M Cl),12353,10146,1,82.1338946005019,Small,53.50662180928851,82.1338946005019,62.09480364665252,3202
33,628,Kilapavoor (TP),22231,16121,1,72.51585623678648,Small,57.626944915298836,72.51585623678648,62.09361831174512,3203
23,456,Lakhnadon (NP),17302,13256,1,76.61542018263785,Small,55.869195631061764,76.61542018263785,62.093062996534584,3204
33,626,R.S.Mangalam (TP),14565,11566,1,79.40954342602127,Small,54.661682318459185,79.40954342602127,62.08604065072781,3205
33,633,Muruganpalayam (CT),26349,18366,1,69.70283502220198,Small,58.818649751123864,69.70283502220198,62.083905332447294,3206
27,499,Erandol (M Cl),31071,20819,1,67.00460236233144,Small,59.97461257274714,67.00460236233144,62.08360950962243,3207
24,481,Gadhada (M),29872,20205,1,67.63859132297803,Small,59.698649155339645,67.63859132297803,62.08063180563116,3208
6,86,Hailey Mandi (MC),20906,15361,1,73.47651391944896,Small,57.196024764573,73.47651391944896,62.080171511035786,3209
27,511,Hadgaon (M Cl),27433,18937,1,69.03000036452448,Small,59.10136509010088,69.03000036452448,62.07995567242796,3210
33,629,Vellimalai (TP),13182,10680,1,81.01957214383249,Small,53.96208328984245,81.01957214383249,62.07932994603945,3211
3,38,Garhshankar (M Cl),16955,13038,1,76.8976703037452,Small,55.72713163790722,76.8976703037452,62.07829323765861,3212
28,553,Kalyandurg (CT),32328,21443,1,66.32949764909675,Small,60.2527186350839,66.32949764909675,62.07575233928775,3213
33,632,Ashokapuram (CT),12993,10556,1,81.24374663280229,Small,53.86081724440744,81.24374663280229,62.07569606092589,3214
32,594,Eranellur (CT),10145,8652,1,85.28339083292262,Small,52.125821476355725,85.28339083292262,62.07309228332579,3215
33,608,Thammampatti (TP),21503,15695,1,72.9898153745989,Small,57.39346646314617,72.9898153745989,62.072371136581985,3216
18,325,Kharupatia (TC),18501,13959,1,75.44997567699043,Small,56.339038124239885,75.44997567699043,62.07231939006505,3217
21,396,Gunupur (NAC + OG),28870,19679,1,68.16418427433322,Small,59.45939433152613,68.16418427433322,62.07083131436825,3218
33,628,Naranammalpuram (TP),17094,13114,1,76.71697671697672,Small,55.784385094884904,76.71697671697672,62.06416258151245,3219
33,605,Thorapadi (TP),16700,12874,1,77.08982035928143,Small,55.62086731962395,77.08982035928143,62.06155323152119,3220
16,290,Dhwajnagar (CT),9052,7885,1,87.10782147591692,Small,51.326492101140055,87.10782147591692,62.06089091357312,3221
3,36,Phagwara Sharki (CT),20102,14885,1,74.04735847179386,Small,56.92102247950164,74.04735847179386,62.058923277189294,3222
9,155,Sandila (NPP),58346,33008,1,56.572858465019024,Growing,64.39331182595652,56.572858465019024,62.04717581767527,3223
27,527,Karad (Rural) (CT),20476,15092,1,73.7058019144364,Small,57.05028905066909,73.7058019144364,62.046942909799284,3224
33,629,Eraniel (TP),10375,8801,1,84.8289156626506,Small,52.28301719374028,84.8289156626506,62.046786734413374,3225
33,620,Thiruvidaimarudur (TP),14786,11685,1,79.02745840660084,Small,54.76728193914764,79.02745840660084,62.045334879383596,3226
9,189,Sewarhi (NP),23077,16550,1,71.71642761190796,Small,57.888848322965735,71.71642761190796,62.0371221096484,3227
10,236,Sherghati (NP),40666,25389,1,62.43299070476566,Small,61.86179545399321,62.43299070476566,62.033154029224946,3228
23,419,Joura (NP),42153,26066,1,61.8366427063317,Small,62.11363941663641,61.8366427063317,62.03054040354499,3229
28,541,Manugur (M),32091,21275,1,66.29584618740458,Small,60.201120118522276,66.29584618740458,62.029537939186966,3230
33,629,Mandaikadu (TP),13317,10745,1,80.68634076744011,Small,54.033531217369976,80.68634076744011,62.029374082391016,3231
16,290,Santir Bazar (NP),11921,9834,1,82.49307943964432,Small,53.25700901596523,82.49307943964432,62.027830143068954,3232
29,565,Kampli (TMC),39307,24750,1,62.965883939247455,Small,61.623442034098844,62.965883939247455,62.026174605643426,3233
33,610,Thindal (CT),15440,12080,1,78.23834196891191,Small,55.070776201718516,78.23834196891191,62.02104593187653,3234
33,629,Anjugrammam (TP),10982,9204,1,83.809870697505,Small,52.68171064868289,83.809870697505,62.020158663329525,3235
27,527,Mahabaleshwar (M Cl),13393,10789,1,80.55700739192116,Small,54.07343579614173,80.55700739192116,62.01850727487556,3236
19,336,Lalpur (P) (CT),8536,7505,1,87.92174320524836,Small,50.91494186395587,87.92174320524836,62.01698226634361,3237
30,585,Calangute (CT),13810,11054,1,80.04344677769733,Small,54.288434436433086,80.04344677769733,62.014938138812354,3238
18,308,Dhemaji (TC),12816,10415,1,81.26560549313359,Small,53.76463617178231,81.26560549313359,62.014926968187694,3239
28,547,Nadim Tiruvuru (CT),18567,13960,1,75.18716001508052,Small,56.36400913841012,75.18716001508052,62.01095440141124,3240
33,629,Alagappapuram (TP),9626,8272,1,85.93392894244754,Small,51.75760015668773,85.93392894244754,62.01049879241567,3241
19,337,Ghuni (CT),24249,17165,1,70.78642418244051,Small,58.236234576465804,70.78642418244051,62.001291458258216,3242
16,289,Radhakishorenagar (CT),13866,11083,1,79.92932352516948,Small,54.316811554512746,79.92932352516948,62.000565145709764,3243
25,495,Kadaiya (CT),12717,10341,1,81.31634819532908,Small,53.71025909197272,81.31634819532908,61.992085822979625,3244
27,521,Jejuri (M Cl),14515,11487,1,79.13882190837064,Small,54.63756880272443,79.13882190837064,61.98794473441829,3245
8,110,Shahpura (M),33895,22118,1,65.25446231007524,Small,60.58464555245925,65.25446231007524,61.98559057974404,3246
23,440,Maheshwar (NP),24411,17240,1,70.62389906189833,Small,58.28292642169253,70.62389906189833,61.985218213754266,3247
33,602,Gummidipoondi (TP),18891,14132,1,74.8081096818591,Small,56.48532076891175,74.8081096818591,61.982157442795945,3248
27,520,Shrivardhan (M Cl),15123,11862,1,78.43681809164849,Small,54.92530909294935,78.43681809164849,61.97876179255909,3249
19,338,Kulihanda (CT),15969,12383,1,77.54399148349927,Small,55.307003099246835,77.54399148349927,61.97809961452256,3250
23,442,Sarangpur (M),37435,23810,1,63.60357953786563,Small,61.281256264958564,63.60357953786563,61.97795324683068,3251
27,531,Budhgaon (CT),14666,11575,1,78.92404200190917,Small,54.710140162515316,78.92404200190917,61.97431071433347,3252
24,486,Vaghodia (CT),16604,12767,1,76.89111057576487,Small,55.58044098832826,76.89111057576487,61.97364186455924,3253
6,78,Ratia (MC),37152,23667,1,63.703165374677006,Small,61.228041995121295,63.703165374677006,61.97057900898801,3254
27,526,Mangalvedhe (M Cl),21824,15797,1,72.38361436950147,Small,57.497374391138834,72.38361436950147,61.96324638464762,3255
19,343,Banshra (CT),29521,19909,1,67.44012736695912,Small,59.61576401861034,67.44012736695912,61.96307302311497,3256
8,113,Bilara (M),39590,24797,1,62.63450366254104,Small,61.67374935293499,62.63450366254104,61.96197564581681,3257
29,575,Konaje (CT),11368,9440,1,83.04011259676284,Small,52.92394094835201,83.04011259676284,61.95879244287525,3258
33,612,Ayakudi (TP),27156,18681,1,68.79142730888202,Small,59.03019839155449,68.79142730888202,61.95856706675275,3259
10,230,Fatwah (NP),50961,29803,1,58.48197641333569,Growing,63.444301288633,58.48197641333569,61.9556038260438,3260
30,586,Navelim (CT),12323,10066,1,81.68465471070357,Small,53.48957175047294,81.68465471070357,61.948096638542125,3261
27,506,Warthi (CT),13058,10541,1,80.72446010108746,Small,53.89580941564609,80.72446010108746,61.944404621278494,3262
3,49,Ajnala (NP),21107,15378,1,72.8573459042024,Small,57.263122733701735,72.8573459042024,61.941389684851934,3263
33,609,Pothanur (TP),18455,13851,1,75.05283121105391,Small,56.32158135112172,75.05283121105391,61.94095630910138,3264
23,457,Katangi (NP),16146,12468,1,77.22036417688591,Small,55.384299107094506,77.22036417688591,61.93511862803193,3265
33,624,Palani Chettipatti (TP),14879,11688,1,78.55366624101082,Small,54.81124876490044,78.55366624101082,61.93397400773355,3266
28,549,Chirala (CT),30858,20552,1,66.60185365221336,Small,59.926374761263986,66.60185365221336,61.9290184285488,3267
9,161,Jaswantnagar (NPP),28164,19174,1,68.07981820764097,Small,59.28577735233739,68.07981820764097,61.923989608928466,3268
28,535,Eddumailaram (CT),11759,9684,1,82.35394166170593,Small,53.161065023895425,82.35394166170593,61.91892801523858,3269
33,629,Kottaram (TP),11055,9214,1,83.34690185436455,Small,52.72816719670653,83.34690185436455,61.913787594003935,3270
32,594,Pottore (CT),7848,6981,1,88.95259938837921,Small,50.32571130351382,88.95259938837921,61.91377772897343,3271
16,289,Anandanagar (CT),13814,11009,1,79.69451281308817,Small,54.29046518595466,79.69451281308817,61.911679474094704,3272
33,628,Mukkudal (TP),14983,11741,1,78.36214376293132,Small,54.860091670396706,78.36214376293132,61.91070729815709,3273
33,619,Kodavasal (TP),14639,11527,1,78.74171733041875,Small,54.697218842117465,78.74171733041875,61.91056838860784,3274
12,251,Pasighat (NT),24656,17305,1,70.18575600259571,Small,58.35295524978952,70.18575600259571,61.902795475631365,3275
33,632,Annur (TP),20079,14764,1,73.52955824493252,Small,56.91299461749283,73.52955824493252,61.897963705724734,3276
24,484,Santrampur (M),19465,14409,1,74.02517338813254,Small,56.69521607696698,74.02517338813254,61.894203270316645,3277
1,21,R.S. Pora (MC),15197,11864,1,78.06803974468644,Small,54.95953769098,78.06803974468644,61.892088307091925,3278
28,544,Payakaraopeta (CT),27001,18539,1,68.66041998444501,Small,58.99005846072761,68.66041998444501,61.89116691784283,3279
29,560,Kushtagi (TMC),24878,17413,1,69.99356861484041,Small,58.4158116231863,69.99356861484041,61.88913872068253,3280
33,610,Punjaipuliampatti (M),18967,14112,1,74.4029103179206,Small,56.513475276669155,74.4029103179206,61.880305789044584,3281
23,455,Lonia Karbal (CT),14989,11729,1,78.25071719260791,Small,54.862899177901895,78.25071719260791,61.879244582313696,3282
28,550,Vinnamala (CT),20924,15224,1,72.75855476964252,Small,57.202059778487936,72.75855476964252,61.869008275834304,3283
33,607,Valavanur (TP),16745,12792,1,76.39295312033443,Small,55.63973723612132,76.39295312033443,61.865702001385245,3284
19,337,Sulanggari (CT),13496,10786,1,79.9199762892709,Small,54.127157127680235,79.9199762892709,61.86500287615743,3285
19,341,Jagadishpur (CT),16259,12498,1,76.86819607601943,Small,55.43320438680722,76.86819607601943,61.86370189357088,3286
19,341,Khalor (CT),9636,8231,1,85.41926110419261,Small,51.76488076960949,85.41926110419261,61.86119486998442,3287
8,105,Kaman (M),38040,23943,1,62.94164037854889,Small,61.393681659176416,62.94164037854889,61.85806927498815,3288
19,341,Salap (CT),15171,11830,1,77.97772065124249,Small,54.947530455307344,77.97772065124249,61.856587514087884,3289
10,224,Colgong (NP),33700,21875,1,64.91097922848664,Small,60.54418584235789,64.91097922848664,61.854223858196505,3290
33,620,Madukkur (TP),16266,12497,1,76.82896840034428,Small,55.43622272854867,76.82896840034428,61.85404643008735,3291
22,400,Shivpur Charcha (M),23514,16645,1,70.7876158884069,Small,58.02039741967362,70.7876158884069,61.8505629602936,3292
32,589,Mayyil (CT),12490,10131,1,81.1128903122498,Small,53.583961127746285,81.1128903122498,61.842639883097334,3293
10,206,Dumra (NP),15674,12131,1,77.39568712517546,Small,55.17625244531396,77.39568712517546,61.84208284927241,3294
20,357,Jadugora (CT),18563,13851,1,74.61617195496417,Small,56.36249827214631,74.61617195496417,61.838600376991664,3295
26,496,Naroli (CT),16260,12485,1,76.78351783517834,Small,55.43363565803126,76.78351783517834,61.838600311175384,3296
3,52,Lalru (CT),21394,15465,1,72.28662241750024,Small,57.35782999655251,72.28662241750024,61.83646772283683,3297
8,117,Mount Abu (M),22943,16321,1,71.13716602013686,Small,57.84801122139761,71.13716602013686,61.83475766101938,3298
8,130,Bhuwana (CT),17665,13321,1,75.4090008491367,Small,56.014792952350156,75.4090008491367,61.83305532138611,3299
24,483,Kanjari (M),17881,13448,1,75.20832168223254,Small,56.1000162426353,75.20832168223254,61.83250787451447,3300
22,405,Akaltara (M),22712,16189,1,71.27949982388165,Small,57.77704973782514,71.27949982388165,61.827784763642086,3301
28,532,Dasnapur (CT),22216,15914,1,71.63305725603169,Small,57.6222118373876,71.63305725603169,61.82546546298082,3302
24,479,Visavadar (M),19515,14393,1,73.75352293107865,Small,56.71320563517857,73.75352293107865,61.825300823948595,3303
28,547,Yenamalakuduru (CT),34177,22070,1,64.5755917722445,Small,60.642746697976946,64.5755917722445,61.82260022025721,3304
20,364,Churi (CT),24876,17354,1,69.76201961730182,Small,58.41524785714882,69.76201961730182,61.81927938519472,3305
30,586,Davorlim (CT),15350,11921,1,77.6612377850163,Small,55.029782208892065,77.6612377850163,61.819218881729334,3306
28,541,Chunchupalle (CT),19944,14633,1,73.37043722422784,Small,56.865688375669436,73.37043722422784,61.81711303023695,3307
29,555,Sambra (CT),13159,10549,1,80.16566608404894,Small,53.94983777392399,80.16566608404894,61.81458626696147,3308
21,399,Malkangiri (NAC),31007,20506,1,66.1334537362531,Small,59.96015342177656,66.1334537362531,61.81214351611952,3309
19,344,Balichak (CT),13784,10944,1,79.39640162507254,Small,54.275220210958764,79.39640162507254,61.8115746351929,3310
31,587,Minicoy (CT),10447,8768,1,83.92840049775056,Small,52.33151079583891,83.92840049775056,61.8105777064124,3311
24,491,Chhiri (CT),18829,13988,1,74.28965956768813,Small,56.46226860268679,74.28965956768813,61.81048589218719,3312
23,450,Kymore (NP),19343,14284,1,73.84583570283823,Small,56.651126900056745,73.84583570283823,61.80953954089119,3313
9,156,Katri Piper Khera (CT),26475,18190,1,68.70632672332388,Small,58.85210297788414,68.70632672332388,61.80837010151606,3314
1,22,Samba (MC),12700,10252,1,80.7244094488189,Small,53.70087904749481,80.7244094488189,61.80793816789203,3315
22,404,Katghora (NP),22690,16161,1,71.22520934332304,Small,57.770253900530044,71.22520934332304,61.80674053336794,3316
24,476,Ravapara (CT),12206,9931,1,81.36162543011633,Small,53.422677579614316,81.36162543011633,61.80436193476491,3317
19,335,Ondal (CT),19924,14613,1,73.34370608311585,Small,56.85865282380133,73.34370608311585,61.80416880159568,3318
32,588,Pilicode (CT),9676,8240,1,85.15915667631253,Small,51.793927868139534,85.15915667631253,61.80349651059143,3319
8,121,Lakheri (M),29572,19777,1,66.8774516434465,Small,59.627868158092355,66.8774516434465,61.8027432036986,3320
2,24,Yol (CB),12028,9814,1,81.59294978383771,Small,53.3196671401156,81.59294978383771,61.80165193323222,3321
33,610,Brahmana Periya Agraharam (TP),24798,17295,1,69.74352770384709,Small,58.39322555515349,69.74352770384709,61.79831619976157,3322
33,629,Vellamcode (CT),12715,10257,1,80.6685017695635,Small,53.70915620831293,80.6685017695635,61.7969598766881,3323
20,364,Ratu (CT),22379,15980,1,71.40622905402387,Small,57.673474158396964,71.40622905402387,61.79330062708503,3324
29,565,Hoovina Hadagalli (TMC),27967,18949,1,67.75485393499481,Small,59.2365548001147,67.75485393499481,61.79204454057873,3325
27,514,Ambad (M Cl),31553,20754,1,65.7750451621082,Small,60.08256074981809,65.7750451621082,61.79030607350512,3326
6,80,Gangwa (166) (CT),25847,17841,1,69.0254188106937,Small,58.68376041513971,69.0254188106937,61.7862579338059,3327
29,555,Machche (CT),18073,13532,1,74.87412161788302,Small,56.17491047219721,74.87412161788302,61.78467381590295,3328
29,568,Siralkoppa (TP),16864,12817,1,76.00213472485768,Small,55.689394377507405,76.00213472485768,61.783216481712486,3329
3,39,Balachaur (M Cl),21631,15555,1,71.91068374092737,Small,57.43508489827492,71.91068374092737,61.77776455107065,3330
23,451,Manegaon (CT),12599,10174,1,80.75244066989443,Small,53.64489034968106,80.75244066989443,61.777155445745066,3331
18,319,B.R.P.L. Township (CT),6001,5574,1,92.8845192467922,Small,48.44425408744498,92.8845192467922,61.776333635249145,3332
23,435,Tarana (NP),24908,17335,1,69.59611369841015,Small,58.424262679567406,69.59611369841015,61.77581798522023,3333
2,24,Kangra (M Cl),9528,8129,1,85.31696053736356,Small,51.68584726486875,85.31696053736356,61.775181246617194,3334
33,602,Senneerkuppam (CT),16237,12432,1,76.56586807907864,Small,55.4237097034564,76.56586807907864,61.76635721614307,3335
28,542,Ichchapuram (M),36493,23105,1,63.313512180418165,Small,61.10253835620378,63.313512180418165,61.765830503468095,3336
23,451,Karmeta (CT),14452,11339,1,78.45972875726544,Small,54.607067239129826,78.45972875726544,61.76286569457051,3337
24,477,Bhanvad (M),22142,15825,1,71.47050853581429,Small,57.598815118458134,71.47050853581429,61.760323143664976,3338
33,608,Omalur (TP),16279,12454,1,76.50347072916027,Small,55.441824776013604,76.50347072916027,61.760318561957604,3339
23,460,Burhar (NP),19289,14220,1,73.72077349784851,Small,56.63152316881642,73.72077349784851,61.758298267526044,3340
9,163,Rura (NP),16233,12424,1,76.53545247335674,Small,55.421982015412105,76.53545247335674,61.75602315279549,3341
23,438,Kukshi (NP),28331,19101,1,67.42084642264658,Small,59.327235197137284,67.42084642264658,61.755318564790066,3342
33,625,Chettiarpatti (TP),17520,13186,1,75.26255707762557,Small,55.95699631225083,75.26255707762557,61.74866454186325,3343
27,499,Savda (M Cl),20584,14949,1,72.62436844150797,Small,57.08717823317232,72.62436844150797,61.748335295673016,3344
29,555,Hukeri (TP),22988,16277,1,70.80650774317036,Small,57.86175171120214,70.80650774317036,61.7451785207926,3345
8,104,Rajgarh (M),26631,18214,1,68.39397694416282,Small,58.89330137064257,68.39397694416282,61.74350404269863,3346
33,620,Ullur (CT),11673,9558,1,81.88126445643793,Small,53.10959334336037,81.88126445643793,61.74109467728364,3347
33,619,Nannilam (TP),12618,10171,1,80.60706926612775,Small,53.65545706955102,80.60706926612775,61.74094072852404,3348
33,620,Thirunageswaram (TP),15082,11715,1,77.67537461875082,Small,54.90627242649766,77.67537461875082,61.7370030841736,3349
33,628,Pathamadai (TP),16625,12645,1,76.06015037593986,Small,55.589304183541564,76.06015037593986,61.73055804126105,3350
33,615,Labbaikudikadu (TP),11891,9696,1,81.54066100412076,Small,53.23934036026843,81.54066100412076,61.729736553424125,3351
27,525,Bhum (M Cl),18561,13778,1,74.23091428263562,Small,56.3617427169297,74.23091428263562,61.72249418664147,3352
19,340,Raghunathpur (M),25561,17635,1,68.99182348108447,Small,58.60573478544742,68.99182348108447,61.72156139413853,3353
9,137,Dhanaura (NPP),30007,19913,1,66.36118239077548,Small,59.730269007324225,66.36118239077548,61.7195430223596,3354
33,604,Manapakkam (CT),13344,10623,1,79.60881294964028,Small,54.04773386370392,79.60881294964028,61.71605758948483,3355
18,306,Majgaon (CT),8154,7148,1,87.66249693402011,Small,50.59391217727857,87.66249693402011,61.71448760430103,3356
24,488,Bhadkodara (CT),13233,10552,1,79.7400438298194,Small,53.98916035513261,79.7400438298194,61.71442539753865,3357
32,594,Paralam (CT),9187,7874,1,85.70806574507456,Small,51.43029450889014,85.70806574507456,61.713625879745464,3358
32,594,Vellookkara (CT),8146,7141,1,87.6626565185367,Small,50.587029403337425,87.6626565185367,61.709717537897205,3359
27,508,Aheri (CT),14609,11409,1,78.09569443493737,Small,54.68283384069118,78.09569443493737,61.70669201896503,3360
6,76,Kharkhoda (MC),25051,17351,1,69.26270408366932,Small,58.46440666382657,69.26270408366932,61.703895889779396,3361
8,120,Malpura (M),29295,19537,1,66.6905615292712,Small,59.561873210490276,66.6905615292712,61.700479706124554,3362
19,335,Dignala (CT),13633,10797,1,79.19753539206337,Small,54.197979884799366,79.19753539206337,61.69784653697856,3363
9,148,Bewar (NP),23729,16639,1,70.12094904968605,Small,58.08422376495589,70.12094904968605,61.69524135037493,3364
32,594,Palissery (CT),7724,6834,1,88.4774728120145,Small,50.21403910535975,88.4774728120145,61.693069217356175,3365
29,555,Raybag (TP),18736,13859,1,73.96989752348419,Small,56.42754764515624,73.96989752348419,61.69025260865462,3366
33,632,Kottur (TP),26627,18162,1,68.20896082923349,Small,58.89224801942221,68.20896082923349,61.68726186236559,3367
9,195,Zamania (NPP),33243,21462,1,64.56096020214783,Small,60.44844016560076,64.56096020214783,61.68219617656487,3368
19,338,Rajbalhat (CT),16479,12530,1,76.03616724315796,Small,55.5274508182821,76.03616724315796,61.680065745744855,3369
29,572,Jigani (CT),17036,12859,1,75.48133364639587,Small,55.76055196678219,75.48133364639587,61.676786470666286,3370
32,588,Kunjathur (CT),13633,10786,1,79.11684882270961,Small,54.197979884799366,79.11684882270961,61.67364056617244,3371
33,629,Marungur (TP),11236,9244,1,82.27127091491634,Small,52.8420436610886,82.27127091491634,61.67081183723692,3372
9,151,Puranpur (NPP),40007,24594,1,61.47424200764866,Small,61.74722557008552,61.47424200764866,61.66533050135446,3373
29,555,Sadalgi (TP),23790,16648,1,69.97898276586801,Small,58.10222734505186,69.97898276586801,61.66525397129671,3374
19,335,Sukdal (CT),13093,10441,1,79.74490185595357,Small,53.91457928122949,79.74490185595357,61.66367605364671,3375
32,589,Kadannappalli (CT),10430,8705,1,83.46116970278044,Small,52.320091122112935,83.46116970278044,61.66241469631318,3376
33,621,Ponnamaravathi (TP),12676,10174,1,80.26191227516567,Small,53.6876152357014,80.26191227516567,61.659904347540675,3377
6,70,Jandli (Part) (113) (CT),14397,11252,1,78.15517121622561,Small,54.580329990318475,78.15517121622561,61.65278235809062,3378
19,328,Jaygaon (CT),42254,25574,1,60.52444738959625,Small,62.130421551181215,60.52444738959625,61.64862930270572,3379
22,416,Kirandul (M),18887,13919,1,73.69619314872664,Small,56.483835816923914,73.69619314872664,61.647543016464724,3380
9,166,Jhansi Railway Settlement (ITS),13602,10754,1,79.06190266137332,Small,54.18201679402599,79.06190266137332,61.64598255423019,3381
32,594,Pookode (CT),9366,7974,1,85.13773222293402,Small,51.565601400765026,85.13773222293402,61.63724064741572,3382
24,482,Gamdi (CT),14582,11357,1,77.88369222328899,Small,54.66986206191755,77.88369222328899,61.63401111032898,3383
9,197,Varanasi (CB),14119,11070,1,78.40498618882357,Small,54.44360312367906,78.40498618882357,61.63201804322241,3384
12,259,Tezu (NT),18184,13504,1,74.26308842938847,Small,56.21784660106971,74.26308842938847,61.63141914956533,3385
24,476,Veraval (CT),19152,14058,1,73.40225563909775,Small,56.58154049248729,73.40225563909775,61.62775503647043,3386
8,130,Salumbar (M),16425,12469,1,75.91476407914764,Small,55.504434628547905,75.91476407914764,61.62753346372782,3387
33,617,Tittakudi (TP),22894,16136,1,70.48134882501965,Small,57.83301867217258,70.48134882501965,61.627517718026695,3388
32,593,Thirumittacode -II (CT),12855,10274,1,79.92220925709842,Small,53.78594220957276,79.92220925709842,61.62682232383045,3389
9,154,Sidhauli (NP),24976,17246,1,69.05028827674568,Small,58.443380785866495,69.05028827674568,61.62545303313024,3390
9,196,Chandauli (NP),23020,16202,1,70.38227628149436,Small,57.871506372351725,70.38227628149436,61.62473734509451,3391
19,341,Panchpara (CT),19283,14127,1,73.261421977908,Small,56.62934158978612,73.261421977908,61.61896570622268,3392
7,90,Mohammad Pur Majri (CT),17462,13076,1,74.8826022219677,Small,55.9337436169979,74.8826022219677,61.61840119848884,3393
31,587,Kavaratti (CT),11210,9207,1,82.13202497769848,Small,52.82579901473464,82.13202497769848,61.61766680362379,3394
9,159,Fatehgarh (CB),14793,11478,1,77.59075238288379,Small,54.7706008804323,77.59075238288379,61.61664633116774,3395
27,527,Patan (CT),13779,10849,1,78.73575731185137,Small,54.27267615660968,78.73575731185137,61.61160050318218,3396
9,190,Gaura Barhaj (NPP),36459,22901,1,62.81302284758221,Small,61.09600187205492,62.81302284758221,61.61110816471311,3397
27,498,Sakri (CT),21764,15507,1,71.250689211542,Small,57.47806898118644,71.250689211542,61.609855050293106,3398
33,604,Nandambakkam (TP),11239,9223,1,82.0624610730492,Small,52.84391562419167,82.0624610730492,61.60947925884893,3399
19,327,Sonada Khasmahal (CT),11635,9482,1,81.49548775247099,Small,53.0867291396671,81.49548775247099,61.60935672350827,3400
19,335,Nari (P) (CT),13072,10404,1,79.58996328029376,Small,53.90332339159143,79.58996328029376,61.609315358202124,3401
33,612,Chettinaickenpatti (CT),17701,13206,1,74.6059544658494,Small,56.02906895176743,74.6059544658494,61.60213460599201,3402
23,459,Mungaoli (NP + OG),26192,17861,1,68.19257788637752,Small,58.7767414117717,68.19257788637752,61.60149235415344,3403
9,156,Bangarmau (NPP),44204,26353,1,59.616776762283955,Small,62.44680037493109,59.616776762283955,61.597793291136945,3404
28,550,L.A.Sagaram (CT),19904,14463,1,72.66378617363344,Small,56.85161020635143,72.66378617363344,61.59526299653603,3405
29,562,Annigeri (TMC),28267,18917,1,66.92255987547317,Small,59.31137611309466,66.92255987547317,61.594731241808205,3406
27,514,Bhokardan (M Cl),24416,16924,1,69.31520314547838,Small,58.284362594000136,69.31520314547838,61.59361475944361,3407
19,340,Adra (CT),14956,11565,1,77.32682535437283,Small,54.847443958816925,77.32682535437283,61.5912583774837,3408
6,88,Tilpat  (CT),20514,14801,1,72.15072633323584,Small,57.06329071608256,72.15072633323584,61.58952140122854,3409
19,327,Mirik (NA),11513,9394,1,81.59471901328934,Small,53.01281505066089,81.59471901328934,61.587386239449415,3410
5,68,Dhandera (CT),23276,16311,1,70.07647362089706,Small,57.949059002916314,70.07647362089706,61.58728338831054,3411
28,538,Achampet (CT),20721,14914,1,71.97529076782008,Small,57.13369535950039,71.97529076782008,61.586173981996296,3412
9,200,Anpara (CT),17978,13356,1,74.2907998665035,Small,56.137953398619956,74.2907998665035,61.58380733898502,3413
27,528,Rajapur (M Cl),9753,8221,1,84.2920127140367,Small,51.84950705893762,84.2920127140367,61.58225875546734,3414
32,589,Irikkur (CT),13820,10861,1,78.58900144717799,Small,54.29351020803305,78.58900144717799,61.582157579776535,3415
29,561,Mundargi (TMC),24919,17178,1,68.93535053573578,Small,58.42735885024523,68.93535053573578,61.579756355892385,3416
19,341,Jujarsaha (CT),21820,15515,1,71.1044912923923,Small,57.496089015937244,71.1044912923923,61.57860969887376,3417
33,627,Iluppaiyurani (CT),18032,13384,1,74.22360248447205,Small,56.15898446124281,74.22360248447205,61.57836986821158,3418
33,632,Pallapalayam (TP),11910,9648,1,81.00755667506297,Small,53.250535676597366,81.00755667506297,61.577641976137045,3419
28,538,Kalwakurthy (CT),28060,18791,1,66.9672131147541,Small,59.25983490050645,66.9672131147541,61.57204836478074,3420
5,60,Vikasnagar (NPP),13927,10921,1,78.41602642349393,Small,54.3475922356929,78.41602642349393,61.568122492033204,3421
32,594,Kaniyarkode (CT),13236,10489,1,79.24599576911454,Small,53.990749872513845,79.24599576911454,61.56732364149405,3422
24,470,Chanasma (M),15932,12142,1,76.21139844338438,Small,55.29073694944411,76.21139844338438,61.56693539762618,3423
30,586,Canacona (M Cl),12434,9980,1,80.26379282612193,Small,53.55245097273031,80.26379282612193,61.565853528747795,3424
33,608,P.N.Patti (TP),25133,17274,1,68.73035451398559,Small,58.48732304457456,68.73035451398559,61.56023248539786,3425
22,408,Khairagarh (M),22564,15906,1,70.492820421911,Small,57.73120490433611,70.492820421911,61.55968955960857,3426
33,614,Palaganangudy (CT),13469,10631,1,78.92939342193185,Small,54.11311458841743,78.92939342193185,61.557998238471754,3427
27,517,Khoni (CT),26016,17729,1,68.14652521525215,Small,58.729461681269576,68.14652521525215,61.55458074146435,3428
24,490,Chhapra (CT),10147,8477,1,83.54193357642653,Small,52.127203694895016,83.54193357642653,61.551622659354464,3429
29,559,Manvi (TMC),46465,27247,1,58.63983643602712,Small,62.796613879445,58.63983643602712,61.54958064641963,3430
9,200,Kota (CT),13409,10588,1,78.96189126705944,Small,54.081807903671056,78.96189126705944,61.545832912687565,3431
11,243,Namchi (M Cl),12190,9814,1,80.50861361771943,Small,53.41347985948429,80.50861361771943,61.542019986954834,3432
8,116,Bhinmal (M),47932,27847,1,58.09688725694734,Small,63.01459157547301,58.09688725694734,61.53928027991531,3433
8,121,Keshoraipatan (M),24627,16987,1,68.97713891257563,Small,58.344702519351266,68.97713891257563,61.53443343731857,3434
33,632,Perur Chettipalayam (CT),17809,13228,1,74.2770509293054,Small,56.07172340065921,74.2770509293054,61.53332165925306,3435
27,511,Kandhar (M Cl),24843,17092,1,68.80006440446,Small,58.40593916813294,68.80006440446,61.52417673903105,3436
6,74,Nilokheri (MC),17938,13295,1,74.11640093655926,Small,56.122334068734304,74.11640093655926,61.52055412908179,3437
10,222,Teghra (NP),56234,31155,1,55.40242557883131,Growing,64.13476388784677,55.40242557883131,61.51506239514214,3438
19,328,Paschim Jitpur (CT),14334,11146,1,77.75917399190735,Small,54.5495778997345,77.75917399190735,61.51245672738635,3439
33,608,Vazhapadi (TP),17559,13070,1,74.43476279970386,Small,55.97258850496989,74.43476279970386,61.51124079339008,3440
20,369,Kopali (CT),43256,25815,1,59.67958202330313,Small,62.29477351889181,59.67958202330313,61.51021607021519,3441
24,481,Alang-Sosiya (INA),18480,13599,1,73.58766233766234,Small,56.33107411827548,73.58766233766234,61.508050584091535,3442
23,444,Berasia (M),30951,20162,1,65.14167555167846,Small,59.947477162636275,65.14167555167846,61.50573667934893,3443
24,483,Thasra (M),15806,12034,1,76.13564469188915,Small,55.23505937891164,76.13564469188915,61.50523497280489,3444
24,472,Talod (M),18298,13492,1,73.73483440813203,Small,56.261671224233346,73.73483440813203,61.50362017940295,3445
29,565,Kudligi (TP),26680,18022,1,67.5487256371814,Small,58.906192098901656,67.5487256371814,61.49895216038558,3446
9,134,Seohara (NPP + OG),53296,29957,1,56.20872110477334,Growing,63.75846811905984,56.20872110477334,61.49354401477389,3447
27,526,Natepute (CT),17930,13274,1,74.03234802007808,Small,56.11920602374847,74.03234802007808,61.493148622647354,3448
29,572,Chikkabidarakallu (CT),11554,9383,1,81.20997057296174,Small,53.03774204514886,81.20997057296174,61.489410603492715,3449
1,4,Kargil (MC),16338,12340,1,75.52944056800098,Small,55.467193359333386,75.52944056800098,61.485867521933656,3450
18,307,Dhakuakhana (TC),13502,10619,1,78.64760776181306,Small,54.130273876947676,78.64760776181306,61.48547404240729,3451
21,370,Padmapur (NAC),17625,13093,1,74.28652482269503,Small,55.998896570758475,74.28652482269503,61.48518504633944,3452
32,594,Kodannur (CT),7655,6731,1,87.92945787067276,Small,50.151120106361994,87.92945787067276,61.48462143565523,3453
33,604,Paraniputhur (CT),15225,11670,1,76.65024630541872,Small,54.972445609469034,76.65024630541872,61.47578581825394,3454
21,388,Polasara (NAC),23119,16140,1,69.81270816211774,Small,57.90159921616769,69.81270816211774,61.47493189995271,3455
23,446,Obedullaganj (NP),22845,15989,1,69.98905668636462,Small,57.817994001416594,69.98905668636462,61.469312806901,3456
27,504,Sindi (M Cl),12858,10208,1,79.39026287136414,Small,53.78757845746733,79.39026287136414,61.468383781636376,3457
23,456,Dungariya Chhapara (CT),15371,11754,1,76.4686747771778,Small,55.03936893046208,76.4686747771778,61.46816068447679,3458
33,614,Thottiyam (TP),14909,11474,1,76.96022536722785,Small,54.825373010835946,76.96022536722785,61.46582871775351,3459
33,604,Mamallapuram (TP),15172,11631,1,76.66095438966516,Small,54.9479926524231,76.66095438966516,61.461881173595714,3460
23,419,Kailaras (NP),25920,17598,1,67.89351851851852,Small,58.70353774899046,67.89351851851852,61.46053197984888,3461
26,496,Dadra (CT),13039,10318,1,79.13183526344045,Small,53.88559898210238,79.13183526344045,61.459469866503795,3462
19,338,Janai (CT),12837,10190,1,79.37991742618992,Small,53.77611669669785,79.37991742618992,61.45725691554547,3463
18,313,Sarupathar (TC),9931,8300,1,83.57667908569127,Small,51.97632734550568,83.57667908569127,61.456432867561354,3464
9,144,Sadabad (NP),40926,24720,1,60.4017006304061,Small,61.90648757504732,60.4017006304061,61.455051491654956,3465
32,594,Enkakkad (CT),9584,8064,1,84.14023372287144,Small,51.72693877108123,84.14023372287144,61.450927256618286,3466
28,537,Ghatkesar (CT),19763,14288,1,72.29671608561453,Small,56.80175803700385,72.29671608561453,61.45024545158705,3467
23,433,Bhanpura (NP),21013,14980,1,71.28920192261933,Small,57.231823481363286,71.28920192261933,61.449037013740096,3468
32,595,Thekkumbhagom (CT),10798,8874,1,82.18188553435822,Small,52.563230723193,82.18188553435822,61.44882716654256,3469
29,567,Honnali (TP),17928,13245,1,73.87884872824631,Small,56.118423794440766,73.87884872824631,61.446551274582426,3470
33,620,Dharasuram (TP),15326,11715,1,76.4387315672713,Small,55.01880988396818,76.4387315672713,61.444786388959116,3471
3,37,Goraya (NP),16462,12388,1,75.25209573563359,Small,55.52021312480549,75.25209573563359,61.43977790805391,3472
18,307,Bihpuria (TC),12016,9661,1,80.40113182423435,Small,53.31266786906662,80.40113182423435,61.43920705561694,3473
6,74,Assandh (MC),27125,18192,1,67.06728110599079,Small,59.02218876491412,67.06728110599079,61.435716467237114,3474
23,460,Beohari (NP),24545,16861,1,68.69423507842738,Small,58.32131451905076,68.69423507842738,61.43319068686374,3475
27,516,Sangameshwar (CT),10815,8879,1,82.09893666204346,Small,52.57426155197845,82.09893666204346,61.43166408499795,3476
9,152,Shahjahanpur (CB),18116,13343,1,73.6531243100022,Small,56.19157459468943,73.6531243100022,61.430039509283255,3477
8,131,Chhoti Sadri (M),18360,13482,1,73.4313725490196,Small,56.28539118769113,73.4313725490196,61.42918559608967,3478
33,628,Vaddakkankulam (CT),9220,7809,1,84.69631236442517,Small,51.4554364369885,84.69631236442517,61.4276992152195,3479
33,626,Mudukulathur (TP),14789,11382,1,76.9626073432957,Small,54.768704534899825,76.9626073432957,61.42687537741858,3480
7,98,Neb Sarai (CT),15640,11892,1,76.03580562659846,Small,55.16102499552983,76.03580562659846,61.423459184850415,3481
21,376,Udala (NAC),13152,10372,1,78.86253041362531,Small,53.94610662952294,78.86253041362531,61.421033764753645,3482
33,602,Thirumazhisai (TP),19733,14247,1,72.19885471038361,Small,56.791105314711785,72.19885471038361,61.41343013341333,3483
6,82,Maham (MC),20484,14664,1,71.5875805506737,Small,57.05302824731984,71.5875805506737,61.413393938325996,3484
29,572,Chikkabanavara (CT),14409,11144,1,77.34055104448608,Small,54.58617227258058,77.34055104448608,61.41248590415223,3485
33,632,Achipatti (CT),9849,8230,1,83.56178292212407,Small,51.91818928828559,83.56178292212407,61.41126737843713,3486
19,337,Chikanpara (CT),9594,8058,1,83.9899937460913,Small,51.73425126990476,83.9899937460913,61.41097401276072,3487
21,393,Patnagarh (NAC),21024,14959,1,71.15201674277016,Small,57.235493385255396,71.15201674277016,61.410450392509816,3488
6,80,Adampur (CT),25531,17354,1,67.97226900630606,Small,58.597499744297146,67.97226900630606,61.40993052289981,3489
33,605,Tirupattur (CT),19487,14106,1,72.38671935136244,Small,56.70313716864449,72.38671935136244,61.40821182345988,3490
32,589,Cheleri (CT),10848,8892,1,81.96902654867256,Small,52.59562493146356,81.96902654867256,61.40764541662625,3491
24,472,Bayad (M),17886,13197,1,73.7839651123784,Small,56.101976791094025,73.7839651123784,61.40657328747933,3492
24,485,Freelandgunj (CT),11657,9415,1,80.76692116324955,Small,53.099975394674495,80.76692116324955,61.40005912524701,3493
6,74,Taraori (MC),25944,17558,1,67.67653407338884,Small,58.71002772198566,67.67653407338884,61.39997962740661,3494
20,358,Sundna (CT),14552,11221,1,77.10967564595931,Small,54.65542077646741,77.10967564595931,61.39169723731497,3495
3,40,Amloh (M Cl),14696,11307,1,76.9393032117583,Small,54.72446931694167,76.9393032117583,61.38891948538666,3496
19,337,Mohanpur (CT),9096,7712,1,84.78452066842567,Small,51.360493068287326,84.78452066842567,61.387701348328825,3497
29,569,Badagabettu (No.80) (CT),9309,7857,1,84.40219142765066,Small,51.522797489217886,84.40219142765066,61.386615670747716,3498
27,517,Shahapur (CT),11623,9387,1,80.76228168287017,Small,53.07949334978731,80.76228168287017,61.38432984971217,3499
32,594,Paluvai (CT),9127,7732,1,84.7156787553413,Small,51.384349690233634,84.7156787553413,61.38374840976593,3500
27,510,Shrirampur (CT),9949,8287,1,83.29480349783897,Small,51.98902510003154,83.29480349783897,61.380758619373765,3501
7,97,Rajokri (CT),19148,13898,1,72.58199289743054,Small,56.580075778214024,72.58199289743054,61.380650913978975,3502
19,328,Uttar Latabari (CT),16350,12289,1,75.16207951070336,Small,55.47234185934047,75.16207951070336,61.37926315474934,3503
19,341,Masila (CT),12239,9775,1,79.86763624479124,Small,53.4416098633184,79.86763624479124,61.36941777776025,3504
33,623,Thanakkankulam (CT),14328,11069,1,77.25432719151311,Small,54.546642083726105,77.25432719151311,61.35894761606221,3505
1,18,Kishtwar (MC),14865,11394,1,76.64984863773967,Small,54.80464770206458,76.64984863773967,61.358207982767105,3506
27,507,Kudwa (CT),11549,9329,1,80.77755649839813,Small,53.034706907366655,80.77755649839813,61.35756178467609,3507
6,75,Sec. 11&12 Part II (CT),8876,7551,1,85.07210455159981,Small,51.18881532116043,85.07210455159981,61.35380209029224,3508
24,482,Anklav (M),21003,14907,1,70.97557491786888,Small,57.22848553768737,70.97557491786888,61.352612351741826,3509
10,221,Rosera (NP),31155,20098,1,64.50970951693147,Small,59.99354507771737,64.50970951693147,61.34839440948159,3510
33,604,Walajabad (TP),14684,11279,1,76.8114955053119,Small,54.71874116817611,76.8114955053119,61.34656746931684,3511
33,604,Nattapettai (CT),19883,14284,1,71.84026555348791,Small,56.84420783815233,71.84026555348791,61.343025152753,3512
33,625,Sithurajapuram (CT),16860,12567,1,74.53736654804271,Small,55.68773092835383,74.53736654804271,61.342621614260494,3513
24,468,Bhachau (M),39532,23954,1,60.593949205706764,Small,61.66346838014398,60.593949205706764,61.34261262781281,3514
21,397,Umarkote (NAC),28993,19035,1,65.65377849825819,Small,59.48920722860329,65.65377849825819,61.33857860949976,3515
10,229,Islampur (NP),35641,22187,1,62.25133974916529,Small,60.93687665886108,62.25133974916529,61.33121558595234,3516
27,522,Nagapur (CT),11790,9473,1,80.34775233248516,Small,53.179526523057284,80.34775233248516,61.329994265885645,3517
28,535,Bollaram (CT),34667,21736,1,62.69939712118153,Small,60.7425716416116,62.69939712118153,61.32961928548258,3518
9,134,Seohara (NPP),48557,27761,1,57.17198344214016,Small,63.105439216857015,57.17198344214016,61.32540248444195,3519
9,132,Gangoh (NPP),59279,31949,1,53.8959834005297,Growing,64.50456133516427,53.8959834005297,61.321987954773896,3520
9,194,Mogra Badshahpur (NPP),20004,14337,1,71.67066586682664,Small,56.886752779200954,71.67066586682664,61.321926705488664,3521
27,505,Chandkapur (CT),12077,9652,1,79.92051006044547,Small,53.348175214476065,79.92051006044547,61.31987566826689,3522
10,230,Bakhtiarpur (NP),47897,27477,1,57.366849698310965,Small,63.009469140943786,57.366849698310965,61.316683308153934,3523
10,235,Daudnagar (NP),52364,29273,1,55.90291039645558,Growing,63.634753015890325,55.90291039645558,61.3152002300599,3524
9,166,Chirgaon (NPP),16724,12472,1,74.57546041616838,Small,55.63093759345833,74.57546041616838,61.31429444027134,3525
9,142,Siana (NPP),44415,26014,1,58.57030282562198,Small,62.48019380281787,58.57030282562198,61.3072265096591,3526
19,333,Farakka Barrage Township (CT),20126,14394,1,71.51942760608169,Small,56.929389592483915,71.51942760608169,61.30640099656324,3527
21,390,Baliguda (CT),16611,12395,1,74.61922822226235,Small,55.583396631576065,74.61922822226235,61.294146108781945,3528
15,284,Khawzawl (NT),11022,8964,1,81.32825258573762,Small,52.70720439933133,81.32825258573762,61.29351885525321,3529
6,87,Taoru (MC),22599,15724,1,69.57829992477544,Small,57.742073676611284,69.57829992477544,61.29294155106052,3530
33,632,Chinnampalayam (CT),8695,7408,1,85.19838987924095,Small,51.04435040262243,85.19838987924095,61.29056224560799,3531
3,42,Bagha Purana (M Cl),25206,17084,1,67.7775132904864,Small,58.507661393736576,67.7775132904864,61.28861696276152,3532
33,604,Nedungundram (CT),14390,11072,1,76.94232105628909,Small,54.57691974327121,76.94232105628909,61.28654013717657,3533
20,355,Dugda (CT),22740,15794,1,69.4547053649956,Small,57.78568947142193,69.4547053649956,61.28639423949403,3534
22,406,Takhatpur (NP),19968,14292,1,71.57451923076923,Small,56.87412173128179,71.57451923076923,61.284240981128015,3535
19,338,Dakshin Rajyadharpur (CT),11254,9110,1,80.94899591256443,Small,52.853267951520934,80.94899591256443,61.28198633983398,3536
19,336,Chanduria (CT),12700,10029,1,78.96850393700787,Small,53.70087904749481,78.96850393700787,61.281166514348726,3537
30,586,Benaulim (CT),11919,9536,1,80.00671197248091,Small,53.25583248954081,80.00671197248091,61.281096334422834,3538
29,564,Savanur (TMC),40567,24323,1,59.95760100574359,Small,61.844702914284944,59.95760100574359,61.27857234172254,3539
8,104,Tijara (M),24747,16839,1,68.04461146805674,Small,58.37878887487562,68.04461146805674,61.27853565282995,3540
27,523,Dharur (M Cl),20417,14535,1,71.19067443796835,Small,57.03005436449678,71.19067443796835,61.27824038653824,3541
23,428,Patharia (NP),21026,14862,1,70.68391515266812,Small,57.236160434217794,70.68391515266812,61.270486849752885,3542
18,317,Badarpur Rly. Town (CT),8882,7530,1,84.77820310740825,Small,51.19355362251389,84.77820310740825,61.26894846798219,3543
28,549,Podili (CT),31145,20007,1,64.2382404880398,Small,59.99129388648865,64.2382404880398,61.265377866954,3544
10,215,Benipur (Nagar Parishad),75317,37498,1,49.78690069970923,Growing,66.1837290823524,49.78690069970923,61.26468056755944,3545
28,535,Gajwel (CT),24961,16936,1,67.84984575938464,Small,58.4391680347418,67.84984575938464,61.26237135213465,3546
34,637,Thirumalairayanpattinam (CT),11264,9109,1,80.8682528409091,Small,52.859495914395936,80.8682528409091,61.26212299234988,3547
8,110,Kishangarh Renwal (M),29201,19062,1,65.27858634978254,Small,59.539335926255454,65.27858634978254,61.26111105331358,3548
24,468,Mundra (CT),20338,14479,1,71.19185760645098,Small,57.00286870966538,71.19185760645098,61.259565378701055,3549
20,361,Barkakana (CT),18475,13442,1,72.75778078484439,Small,56.32917659256205,72.75778078484439,61.25775785024675,3550
19,336,Nasra (CT),10707,8745,1,81.6755393667694,Small,52.50388649012312,81.6755393667694,61.255382353117,3551
24,473,Vavol (CT),12628,9973,1,78.97529299968325,Small,53.6610121124083,78.97529299968325,61.255296378590785,3552
24,479,Sutrapada (M),26132,17527,1,67.07102403183836,Small,58.760659107426285,67.07102403183836,61.253768584749906,3553
20,358,Bishrampur (NP),42925,25300,1,58.940011648223646,Small,62.24090650586287,58.940011648223646,61.25063804857109,3554
33,629,Agastheeswaram (TP),9717,8089,1,83.24585777503344,Small,51.82357680275962,83.24585777503344,61.25026109444176,3555
19,333,Sibdanga Badarpur (CT),12829,10096,1,78.69670278275781,Small,53.7717453792826,78.69670278275781,61.24923260032516,3556
32,588,Mangalpady (CT),12790,10070,1,78.73338545738858,Small,53.75039609900845,78.73338545738858,61.24529290652248,3557
33,610,Chennimalai (TP),15500,11716,1,75.58709677419355,Small,55.097973000345455,75.58709677419355,61.244710132499875,3558
19,341,Sarenga (CT),25200,17041,1,67.62301587301587,Small,58.50599197163624,67.62301587301587,61.24109914205013,3559
27,504,Masala (CT),8883,7522,1,84.6785995722166,Small,51.19434302823728,84.6785995722166,61.23961999143107,3560
29,562,Alnavar (TP),17228,12721,1,73.83909914093336,Small,55.83914005716818,73.83909914093336,61.23912778229773,3561
18,310,Moran Town (CT),8434,7213,1,85.52288356651648,Small,50.830649787928785,85.52288356651648,61.238319921505095,3562
6,82,Sampla (MC),20563,14587,1,70.93809269075524,Small,57.08002051788165,70.93809269075524,61.23744216974372,3563
19,328,Alipurduar Rly.Jnc. (CT),10733,8755,1,81.57085623777137,Small,52.52089329158818,81.57085623777137,61.23588217544314,3564
28,532,Asifabad (CT),23059,15924,1,69.05763476299927,Small,57.88337654917155,69.05763476299927,61.235654013319866,3565
20,360,Okani-II (CT),11106,8997,1,81.01026472177202,Small,52.76044149204807,81.01026472177202,61.235388460965254,3566
24,482,Hadgood (CT),14262,10970,1,76.91768335436825,Small,54.5142667283354,76.91768335436825,61.235291716145255,3567
27,516,Trimbak (M Cl),12056,9604,1,79.6615792966158,Small,53.335971656354886,79.6615792966158,61.23365394843316,3568
33,632,Sirumugai (TP),18223,13284,1,72.89688854744006,Small,56.23287007594235,72.89688854744006,61.23207561739166,3569
27,525,Paranda (M Cl),18758,13584,1,72.41710203646444,Small,56.43577674180138,72.41710203646444,61.23017433020029,3570
19,343,Joka (CT),9302,7803,1,83.88518598150935,Small,51.51752280996481,83.88518598150935,61.227821761428174,3571
13,265,Diphupar 'A' (CT),10246,8432,1,82.29552996291235,Small,52.19528521887601,82.29552996291235,61.22535864208691,3572
29,573,Pandavapura (TP),20399,14489,1,71.02799156821413,Small,57.023869428858745,71.02799156821413,61.22510607066536,3573
22,410,Mana-Camp (NP),11953,9534,1,79.76240274408099,Small,53.275806643535105,79.76240274408099,61.221785473698866,3574
32,588,Puthur (CT),14271,10969,1,76.86216803307406,Small,54.51869036062696,76.86216803307406,61.22173366236109,3575
15,282,Vairengte (NT),10554,8633,1,81.79837028614743,Small,52.40296381354971,81.79837028614743,61.22158575532903,3576
9,133,Kukra (CT),29454,19146,1,65.00305561214097,Small,59.59983068370145,65.00305561214097,61.22079816223331,3577
8,111,Reengus (M),26139,17499,1,66.94594284402616,Small,58.76253727781817,66.94594284402616,61.21755894768056,3578
23,464,Thandla (NP),15756,11849,1,75.2030972328002,Small,55.21284200594866,75.2030972328002,61.20991857400412,3579
16,290,Sabroom (NP),7142,6295,1,88.1405768692243,Small,49.66474267846479,88.1405768692243,61.20749293569264,3580
33,633,Mangalam (CT),17699,12970,1,73.28097632634612,Small,56.02827660266354,73.28097632634612,61.20408651976831,3581
13,270,Kohima Village (CT),15734,11832,1,75.20020338121266,Small,55.20304401844092,75.20020338121266,61.202191827272436,3582
33,620,Ammapettai (TP),14572,11139,1,76.44111995608014,Small,54.665051603685065,76.44111995608014,61.19787210940358,3583
24,480,Lathi (M),21173,14889,1,70.32069144665375,Small,57.285015625925794,70.32069144665375,61.19571837214417,3584
28,539,Choutuppal (CT),19092,13748,1,72.00921852084643,Small,56.559537590779385,72.00921852084643,61.1944418697995,3585
28,552,Mamidalapadu (CT),26694,17757,1,66.52056641942009,Small,58.90987081602397,66.52056641942009,61.1930794970428,3586
16,289,Uttar Champamura (CT),11359,9143,1,80.49124042609385,Small,52.91838732303409,80.49124042609385,61.19024325395202,3587
9,137,Hasanpur (NPP),61243,32404,1,52.91053671440002,Growing,64.73313214402758,52.91053671440002,61.18635351513931,3588
23,460,Amlai (CT) (Part),20677,14613,1,70.67272815205301,Small,57.11878916198464,70.67272815205301,61.18497085900515,3589
22,403,Sarangarh (NP),14954,11360,1,75.96629664303866,Small,54.846506183242326,75.96629664303866,61.182443321181225,3590
18,313,Bokakhat (TC),10143,8349,1,82.31292517006803,Small,52.124438985323884,82.31292517006803,61.18098484074712,3591
33,627,Eral (TP),9478,7904,1,83.39312091158472,Small,51.64895384151603,83.39312091158472,61.172203962536635,3592
19,327,Dumriguri (CT),13416,10425,1,77.70572450805008,Small,54.08546756008202,77.70572450805008,61.171544644472434,3593
29,571,Koratagere (TP),15265,11539,1,75.59122174909925,Small,54.990844375726375,75.59122174909925,61.17095758773823,3594
8,100,Pilibanga (M),37288,22735,1,60.97135807766574,Small,61.25366533466654,60.97135807766574,61.1689731575663,3595
29,570,Mudigere (TP),9677,8036,1,83.04226516482382,Small,51.79465250629429,83.04226516482382,61.168936303853144,3596
20,359,Latehar (NP),26981,17878,1,66.26144323783403,Small,58.984862338871366,66.26144323783403,61.16783660856016,3597
32,594,Avanur (CT),7879,6807,1,86.3942124635106,Small,50.35335368882836,86.3942124635106,61.16561132123303,3598
27,521,Wadagaon (CT),14595,11134,1,76.28639945186708,Small,54.67611072846571,76.28639945186708,61.15919734548612,3599
9,177,Faizabad (CB),12391,9783,1,78.95246549915261,Small,53.52815921068208,78.95246549915261,61.155451097223235,3600
23,425,Harpalpur (NP),18529,13409,1,72.36763991580766,Small,56.349642749322825,72.36763991580766,61.15504189926827,3601
33,608,Kannankurichi (TP),19765,14090,1,71.28762964836832,Small,56.802467643453866,71.28762964836832,61.1480162449282,3602
27,511,Loha (M Cl),24125,16410,1,68.02072538860104,Small,58.2002839010996,68.02072538860104,61.146416347350026,3603
33,612,Ammainaickanur (TP),19257,13803,1,71.67783143791868,Small,56.61988023039625,71.67783143791868,61.13726559265297,3604
33,614,Kallakudi (TP),11604,9277,1,79.94657014822475,Small,53.06802139157089,79.94657014822475,61.13158601856704,3605
30,585,Siolim (CT),10936,8848,1,80.90709583028529,Small,52.6522778003789,80.90709583028529,61.12872320935081,3606
27,505,Kandri (CT),15723,11785,2,74.95388920689436,Small,55.19813988631698,74.95388920689436,61.12486468249019,3607
24,485,Jhalod (M),28720,18691,1,65.08008356545962,Small,59.42286477051029,65.08008356545962,61.12003040899508,3608
29,561,Ron (TMC),23311,15964,1,68.4826905752649,Small,57.95959556935672,68.4826905752649,61.11652407112917,3609
20,348,Kodarma (NP),24633,16645,1,67.57195631875939,Small,58.34641077783148,67.57195631875939,61.114074440109846,3610
33,629,Therur (TP),7615,6608,1,86.77609980302036,Small,50.114385157319404,86.77609980302036,61.112899551029685,3611
6,82,Kalanaur (MC),23319,15962,1,68.45061966636649,Small,57.96200170619157,68.45061966636649,61.108587094244044,3612
24,480,Babra (M),25270,16963,1,67.12702809655718,Small,58.52544387828893,67.12702809655718,61.1059191437694,3613
29,557,Basavana Bagevadi (TMC),33198,20801,1,62.65738899933731,Small,60.43894116927652,62.65738899933731,61.10447551829475,3614
23,421,Tekanpur (CT),12348,9735,1,78.83867832847424,Small,53.50378301002037,78.83867832847424,61.10425160555653,3615
21,396,Gunupur (NAC),24162,16394,1,67.85034351460972,Small,58.21103042403535,67.85034351460972,61.10282435120766,3616
3,53,Bhawanigarh (M Cl),22320,15433,1,69.14426523297492,Small,57.65496232650479,69.14426523297492,61.10175319844582,3617
24,492,Ichchhapor (CT),12097,9574,1,79.14358931966603,Small,53.359777940048694,79.14358931966603,61.09492135393389,3618
18,317,Chapra (CT),11220,9018,1,80.37433155080214,Small,52.83205140970689,80.37433155080214,61.094735452035465,3619
9,138,Sardhana (NPP),58252,31114,1,53.412758360227976,Growing,64.38200492026144,53.412758360227976,61.091230952251394,3620
2,24,Nurpur (M Cl),9807,8096,1,82.55327827062303,Small,51.88822354923923,82.55327827062303,61.087739965654364,3621
32,594,Manakkody (CT),7150,6272,1,87.72027972027972,Small,49.672592334509055,87.72027972027972,61.08689855024025,3622
33,632,Somayampalayam (CT),14787,11213,1,75.83012105227564,Small,54.767756169797785,75.83012105227564,61.08646563454114,3623
9,184,Siddharthnagar (NPP),25422,17023,1,66.96168672803084,Small,58.567497432014335,66.96168672803084,61.08575422081928,3624
23,432,Jawad (NP),17129,12576,1,73.4193473057388,Small,55.79872806559835,73.4193473057388,61.08491383764047,3625
28,533,Banswada (CT),28384,18493,1,65.15290304396844,Small,59.34034140699359,65.15290304396844,61.08410989808604,3626
32,594,Tholur (CT),7454,6487,1,87.02709954386907,Small,49.96454966453947,87.02709954386907,61.08331462833834,3627
10,220,Lalganj (NP),37098,22544,1,60.76877459701332,Small,61.21784199790844,60.76877459701332,61.083121777639896,3628
18,316,Durga Nagar Pt. V (CT),9051,7589,1,83.8470887194785,Small,51.32571743273425,83.8470887194785,61.082128818757525,3629
32,594,Chiranellur (CT),9789,8082,1,82.56205945448973,Small,51.87534178796274,82.56205945448973,61.081357087920836,3630
27,505,Khapa (M Cl),14659,11133,1,75.94651749778293,Small,54.706792476008914,75.94651749778293,61.07870998254112,3631
19,338,Keota (P) (CT),18875,13554,1,71.80927152317881,Small,56.479379073376165,71.80927152317881,61.07834680831695,3632
22,408,Dongargaon (NP),14693,11152,1,75.9000884775063,Small,54.72303771833788,75.9000884775063,61.0761529460884,3633
23,455,Chandameta- Butaria (NP),16497,12205,1,73.98314845123356,Small,55.53510612520122,73.98314845123356,61.06951882301091,3634
27,520,Rees (CT),8632,7299,1,84.55746061167748,Small,50.99336059965282,84.55746061167748,61.06259060326022,3635
33,629,Mylaudy (TP),10070,8261,1,82.03574975173782,Small,52.07379062677351,82.03574975173782,61.0623783642628,3636
30,586,Curtorim (CT),12886,10051,1,77.99937917119354,Small,53.80283172228759,77.99937917119354,61.06179595695937,3637
5,67,Kichha (NPP),41965,24624,1,58.67746931967115,Small,62.082294026397314,58.67746931967115,61.06084661437946,3638
33,604,Padappai (CT),14063,10767,1,76.56261110716063,Small,54.41573547408812,76.56261110716063,61.05979816400988,3639
3,46,Maur (M Cl),31849,20123,1,63.182517504474234,Small,60.148038324049324,63.182517504474234,61.05838207817679,3640
27,525,Naldurg (M Cl),18341,13241,1,72.19344637696963,Small,56.27813068904566,72.19344637696963,61.05272539542285,3641
3,49,Rayya (NP),14506,11029,1,76.03060802426582,Small,54.633219550500336,76.03060802426582,61.052436092629975,3642
19,329,Haldibari (M),14404,10968,1,76.1455151346848,Small,54.583738579779336,76.1455151346848,61.05227154625097,3643
33,604,Moovarasampettai (CT),9672,7995,1,82.66129032258065,Small,51.791028566501815,82.66129032258065,61.05210709332546,3644
19,341,Dakshin Jhapardaha (CT),13704,10546,1,76.95563339171045,Small,54.23440417293372,76.95563339171045,61.05077293856674,3645
9,173,Kunda (NP),27179,17870,1,65.74929173258765,Small,59.03613511171086,65.74929173258765,61.0500820979739,3646
32,594,Edakkalathur (CT),8039,6887,1,85.66985943525313,Small,50.49431694233694,85.66985943525313,61.04697969021179,3647
28,554,Avilala (CT),24839,16692,1,67.20077297797819,Small,58.404810002083266,67.20077297797819,61.04359889485174,3648
7,98,Sultan Pur (CT),15160,11410,1,75.26385224274406,Small,54.94244427547144,75.26385224274406,61.038866665653224,3649
19,343,Shyampur (CT),22024,15230,1,69.15183436251363,Small,57.56134460199098,69.15183436251363,61.038491530147766,3650
24,490,Mahuvar (CT),10749,8694,1,80.88194250627966,Small,52.531338552482374,80.88194250627966,61.03651973862155,3651
20,361,Chitar Pur (CT),22837,15652,1,68.53789902351447,Small,57.815537934239295,68.53789902351447,61.03224626102185,3652
28,541,Sarapaka (CT),22149,15291,1,69.03697683868346,Small,57.6010316673739,69.03697683868346,61.031815218766766,3653
27,520,Utekhol (CT),11380,9094,1,79.91212653778558,Small,52.931338947177565,79.91212653778558,61.02557522435997,3654
23,459,Mungaoli (NP),20689,14508,1,70.124220600319,Small,57.12285763187425,70.124220600319,61.02326652240767,3655
23,449,Bhilakhedi (CT),9540,7898,1,82.78825995807128,Small,51.694672879965054,82.78825995807128,61.02274900339692,3656
33,605,Shenbakkam (TP),17109,12529,1,73.23046349874335,Small,55.79053567478772,73.23046349874335,61.0225140219744,3657
24,476,Bhayavadar (M),19404,13809,1,71.16573902288188,Small,56.67320613736809,71.16573902288188,61.020966003022224,3658
24,469,Dhanera (M),29578,19009,1,64.26736087632699,Small,59.629290801944215,64.26736087632699,61.02071182425904,3659
33,632,Zamin Uthukuli (TP),16354,12093,1,73.9452121805063,Small,55.474057186380485,73.9452121805063,61.01540368461823,3660
22,409,Ahiwara (NP),20384,14337,1,70.33457613814757,Small,57.01871114562776,70.33457613814757,61.0134706433837,3661
24,486,Savli (M),18467,13287,1,71.94996480207938,Small,56.326139483057524,71.94996480207938,61.01328707876408,3662
27,503,Dharni (CT),15761,11747,1,74.5320728380179,Small,55.21506691339978,74.5320728380179,61.01016869078521,3663
24,474,Bareja (M),19690,13957,1,70.88369730827831,Small,56.77580813747739,70.88369730827831,61.00817488871766,3664
8,110,Sambhar (M),22327,15366,1,68.82250190352488,Small,57.657161202204435,68.82250190352488,61.00676341260056,3665
9,135,Thakurdwara (NPP),44255,25503,1,57.62738673596204,Small,62.454886356599374,57.62738673596204,61.00663647040817,3666
21,386,Balugaon (NAC),17645,12823,1,72.6721450835931,Small,56.00684926580032,72.6721450835931,61.00643801113815,3667
28,547,Pedana (M),30721,19538,1,63.59819016308062,Small,59.89517229521469,63.59819016308062,61.00607765557447,3668
29,562,Navalgund (TMC),24613,16544,1,67.21651159956122,Small,58.34071496389234,67.21651159956122,61.003453954593,3669
19,345,Amalhara (CT),14261,10859,1,76.14473038356357,Small,54.51377504134229,76.14473038356357,61.00306164400867,3670
19,337,Maslandapur (CT),10790,8708,1,80.70435588507877,Small,52.558033734915256,80.70435588507877,61.00193037996431,3671
33,629,Puthukkadai (TP),9909,8134,1,82.08699162377636,Small,51.9607765795123,82.08699162377636,60.998641092791516,3672
21,393,Kantabanji (NAC),21819,15092,1,69.16907282643567,Small,57.49576763532097,69.16907282643567,60.99775919265538,3673
19,333,Gopjan (CT),23415,15925,1,68.01195814648729,Small,57.990811136931256,68.01195814648729,60.99715523979806,3674
24,492,Sayan (CT),15324,11484,1,74.9412685982772,Small,55.01789474815371,74.9412685982772,60.99490690319075,3675
13,266,Phek (TC),14204,10821,1,76.18276541819206,Small,54.485691743406214,76.18276541819206,60.99481384584197,3676
9,141,Chipyana Buzurg (CT),17400,12678,1,72.86206896551725,Small,55.90880173000905,72.86206896551725,60.99478190066151,3677
30,585,Usgao (CT),12436,9743,1,78.34512705049855,Small,53.55357877680742,78.34512705049855,60.99104325891476,3678
29,564,Bankapura (TMC),22529,15460,1,68.62266412179856,Small,57.720319260692406,68.62266412179856,60.99102271902425,3679
8,113,Pipar City (M),36810,22302,1,60.586797066014675,Small,61.16319002350392,60.586797066014675,60.99027213625715,3680
23,438,Badnawar (NP),20917,14605,1,69.82358846870966,Small,57.199713445738745,69.82358846870966,60.986875952630015,3681
18,323,Belsor (CT),8523,7203,1,84.5124956001408,Small,50.90425492506413,84.5124956001408,60.98672712758712,3682
24,491,Parnera (CT),12296,9654,1,78.51333767078725,Small,53.47419117366603,78.51333767078725,60.98593512280239,3683
33,605,Virupakshipuram (CT),14779,11158,1,75.4990188781379,Small,54.76396142634137,75.4990188781379,60.98447866188033,3684
9,142,Dibai (NPP),39818,23603,1,59.27721131146717,Small,61.714018758336685,59.27721131146717,60.98297652427583,3685
19,343,Chata Kalikapur (CT),24985,16715,1,66.90014008405043,Small,58.44590722232186,66.90014008405043,60.98217708084043,3686
3,49,Amritsar Cantt. (CB),10410,8455,1,81.21998078770413,Small,52.30663236021129,81.21998078770413,60.98063688845914,3687
19,338,Begampur (CT),10487,8504,1,81.09087441594355,Small,52.35830748773511,81.09087441594355,60.97807756619764,3688
9,201,Jalesar (NPP),38130,22866,1,59.96852871754525,Small,61.41025315552594,59.96852871754525,60.977735824131734,3689
21,386,Pratapsasan (CT),12830,9980,1,77.78643803585346,Small,53.77229194299717,77.78643803585346,60.976535770854056,3690
33,631,Denkanikottai (TP),24252,16338,1,67.36763978228599,Small,58.237102071558326,67.36763978228599,60.976263384776615,3691
23,422,Indergarh (NP),23045,15717,1,68.2013451941853,Small,57.87911777142782,68.2013451941853,60.97578599825506,3692
19,337,Guma (CT),12025,9479,1,78.82744282744282,Small,53.31791797717085,78.82744282744282,60.97077543225244,3693
33,620,Aduthurai alias Maruthuvakudi (TP),11705,9277,1,79.25672789406237,Small,53.128789757705164,79.25672789406237,60.96717119861232,3694
1,21,Rakh Gadi Garh (CT),7588,6552,1,86.34686346863468,Small,50.089479834873565,86.34686346863468,60.966694925001896,3695
29,556,Hungund (TP),20877,14568,1,69.78014082483115,Small,57.18629074906475,69.78014082483115,60.96444577179467,3696
8,103,Surajgarh (M),21666,14987,1,69.1728976276193,Small,57.44642206791993,69.1728976276193,60.96436473582975,3697
33,623,Harveypatti (TP),9016,7529,1,83.50709849157055,Small,51.29854998486834,83.50709849157055,60.961114536878995,3698
27,505,Bori (CT),12072,9504,1,78.72763419483101,Small,53.3452715310524,78.72763419483101,60.959980330185985,3699
9,159,Mohammadabad (NP),24687,16545,1,67.0190788674201,Small,58.36176640741141,67.0190788674201,60.95896014541401,3700
23,424,Niwari (NP),23724,16053,1,67.6656550328781,Small,58.082746010080264,67.6656550328781,60.95761871691961,3701
33,605,Pachchal (CT),16789,12308,1,73.30990529513372,Small,55.65813885524407,73.30990529513372,60.95366878721096,3702
27,505,Borkhedi (CT),13294,10253,1,77.12501880547616,Small,54.02140993738706,77.12501880547616,60.95249259781379,3703
33,602,Puthagaram (CT),10263,8349,1,81.35048231511254,Small,52.206909779825374,81.35048231511254,60.94998154041153,3704
9,190,Rudrapur (NP),34014,21001,1,61.74222379020403,Small,60.609222144079325,61.74222379020403,60.94912263791673,3705
5,60,Central Hope Town (CT),16880,12357,1,73.20497630331754,Small,55.69604423113089,73.20497630331754,60.948723852786884,3706
14,275,Nambol (MCI) (Major part),17081,12471,1,73.0109478367777,Small,55.779050225296054,73.0109478367777,60.94861950874055,3707
24,490,Bansda (CT),14072,10720,1,76.17964752700398,Small,54.420221678998345,76.17964752700398,60.94804943340003,3708
5,61,Padampur Sukhran (CT),9802,8047,1,82.09549071618038,Small,51.88464765515515,82.09549071618038,60.94790057346271,3709
32,594,Nedumpura (CT),12399,9701,1,78.24018065973061,Small,53.53268498414432,78.24018065973061,60.94493368682021,3710
18,301,Chapar (TC),20322,14257,1,70.15549650624938,Small,56.99734989713415,70.15549650624938,60.94479387986871,3711
32,594,Manavalassery (CT),7364,6389,1,86.75991309071158,Small,49.87937429676125,86.75991309071158,60.94353593494635,3712
28,551,Yerraguntla (CT),32574,20334,1,62.42401915638239,Small,60.3058780382663,62.42401915638239,60.94132037370112,3713
8,126,Begun (M),20705,14459,1,69.83337358126056,Small,57.12827858932755,69.83337358126056,60.93980708690745,3714
33,608,Jalakandapuram (TP),16184,11951,1,73.84453781512606,Small,55.40078322070839,73.84453781512606,60.93390959903368,3715
19,341,Andul (CT),6302,5626,1,89.27324658838464,Small,48.78740558270798,89.27324658838464,60.933157884410974,3716
10,231,Behea (NP),26707,17527,1,65.62698917886696,Small,58.91328504055716,65.62698917886696,60.9273962820501,3717
33,632,Malumichampatti (CT),12936,10023,1,77.48144712430427,Small,53.82998744757966,77.48144712430427,60.92542535059704,3718
27,506,Ganeshpur (CT),9192,7633,1,83.03959965187119,Small,51.4341096908222,83.03959965187119,60.91575667913689,3719
9,160,Gursahaiganj (NPP),46060,26100,1,56.66521927920104,Small,62.735223023554234,56.66521927920104,60.91422190024827,3720
33,629,Adaikkakuzhi (CT),8888,7429,1,83.58460846084608,Small,51.1982887244739,83.58460846084608,60.914184645385546,3721
33,617,Lalpet (TP),16561,12156,1,73.401364651893,Small,55.56225751345192,73.401364651893,60.913989654984235,3722
32,588,Madhur (CT),12685,9862,1,77.74536854552622,Small,53.6925921054941,77.74536854552622,60.90842503750373,3723
33,619,Needamangalam (TP),9336,7726,1,82.75492716366753,Small,51.543105597461,82.75492716366753,60.90665206732295,3724
24,475,Patdi (M),17725,12808,1,72.25952045133992,Small,56.03857016456056,72.25952045133992,60.904855250594366,3725
23,438,Manawar (M),30393,19279,1,63.43236929556147,Small,59.81989960047839,63.43236929556147,60.90364050900331,3726
10,224,Naugachhia (NP),49069,27279,1,55.5931443477552,Small,63.178994508675956,55.5931443477552,60.90323946039972,3727
27,520,Bhuwaneshwar (CT),8871,7414,1,83.57569608837785,Small,51.184864289597044,83.57569608837785,60.90211382923128,3728
9,194,Machhlishahr (NP),26107,17205,1,65.90186540008428,Small,58.753947246750116,65.90186540008428,60.89832269275036,3729
18,320,Basugaon (TC),13849,10562,1,76.26543432738826,Small,54.30820920415253,76.26543432738826,60.89537674112324,3730
24,469,Kanodar (CT),12389,9674,1,78.08539833723465,Small,53.527027310794814,78.08539833723465,60.89453861872676,3731
9,200,Pipri (NP),15063,11277,1,74.86556462856004,Small,54.897433003229544,74.86556462856004,60.88787249082869,3732
18,301,Sapatgram (TC),12163,9531,1,78.3606018252076,Small,53.39793129923397,78.3606018252076,60.886732457026056,3733
18,316,Tarapur VII (CT),6977,6101,1,87.44446036978644,Small,49.50085261243581,87.44446036978644,60.883934939640994,3734
18,306,Barika Chuburi (CT),7911,6755,1,85.38743521678676,Small,50.381773933345244,85.38743521678676,60.88347231837769,3735
12,258,Roing (NT),11389,9044,1,79.4099569760295,Small,52.93688232910313,79.4099569760295,60.87880472318104,3736
8,128,Chhabra (M),32285,20131,1,62.354034381291626,Small,60.24338502737122,62.354034381291626,60.87657983354734,3737
32,588,Pallikkara (CT),14334,10842,1,75.63834240267894,Small,54.5495778997345,75.63834240267894,60.87620725061783,3738
19,337,Jetia (CT),6349,5648,1,88.95889116396283,Small,48.83950354295733,88.95889116396283,60.87531982925898,3739
33,629,Nadaikavu (CT),8727,7309,1,83.7515755700699,Small,51.07010868956726,83.7515755700699,60.874548753718045,3740
18,316,Lakhipur (MB),10277,8332,1,81.07424345626156,Small,52.216468500058,81.07424345626156,60.873800986919065,3741
5,67,Sitarganj (NPP),29965,19047,1,63.56415818454864,Small,59.720446989480656,63.56415818454864,60.87356034800105,3742
33,619,Valangaiman (TP),11754,9270,1,78.86676875957122,Small,53.158082805804,78.86676875957122,60.87068859193416,3743
21,384,Ghantapada (CT),15169,11328,1,74.67862087151427,Small,54.94660596967733,74.67862087151427,60.86621044022841,3744
7,98,Saidabad (CT),10168,8258,1,81.21557828481511,Small,52.14170056479783,81.21557828481511,60.86386388080301,3745
23,451,GCF Jabalpur (CT),9285,7678,1,82.69251480883145,Small,51.504696332935076,82.69251480883145,60.86104187570398,3746
27,522,Darewadi (CT),10860,8701,1,80.11970534069982,Small,52.60337732551296,80.11970534069982,60.85827573006901,3747
23,455,Amarwara (M),14141,10718,1,75.79379110388233,Small,54.454520901427394,75.79379110388233,60.85630196216387,3748
22,402,Pathalgaon (NP),16613,12151,1,73.14151568049118,Small,55.584240872320635,73.14151568049118,60.85142331477179,3749
32,594,Pallippuram (CT),7718,6613,1,85.68281938325991,Small,50.208590242819625,85.68281938325991,60.85085898495171,3750
19,336,Parbbatipur (CT),9584,7872,1,82.13689482470785,Small,51.72693877108123,82.13689482470785,60.84992558716921,3751
3,51,Anandpur Sahib (M Cl),16282,11961,1,73.46149121729518,Small,55.44311692091847,73.46149121729518,60.84862920983148,3752
32,588,Bare (CT),12804,9909,1,77.38987816307404,Small,53.758067423441894,77.38987816307404,60.84761064533153,3753
9,197,Phulwaria (CT),20466,14268,1,69.71562591615363,Small,57.04686354955742,69.71562591615363,60.84749225953628,3754
33,620,Perumandi (CT),8620,7229,1,83.8631090487239,Small,50.9836060798424,83.8631090487239,60.847456970506855,3755
33,621,Karambakkudi (TP),14626,11000,1,75.20853274989744,Small,54.69098896405903,75.20853274989744,60.846252099810556,3756
34,635,Manavely (CT),15666,11606,1,74.0840035746202,Small,55.17267248952882,74.0840035746202,60.846071815056234,3757
27,511,Mudkhed (M Cl),23517,15859,1,67.43632266020325,Small,58.02129202802255,67.43632266020325,60.84580121767675,3758
33,605,Timiri (TP),16246,11938,1,73.48270343469162,Small,55.42759544599861,73.48270343469162,60.84412784260651,3759
30,586,Quepem (M Cl),14795,11098,1,75.0118283203785,Small,54.77154886093205,75.0118283203785,60.84363269876599,3760
33,629,Thazhakudy (TP),8992,7475,1,83.12944839857651,Small,51.27985986190359,83.12944839857651,60.834736422905465,3761
23,451,Ordnance Factory Khamaria (CT),9839,8033,1,81.64447606464071,Small,51.91106619398466,81.64447606464071,60.83108915518147,3762
33,620,Thirukkattupalli (TP),12972,10004,1,77.11995066296639,Small,53.84947466093084,77.11995066296639,60.83061746154149,3763
33,625,Sengamalanachiarpatti (CT),13811,10509,1,76.0915212511766,Small,54.28894217894763,76.0915212511766,60.82971590061632,3764
27,510,Deogiri (CT),8303,7009,1,84.41527158858244,Small,50.72088449882077,84.41527158858244,60.829200625749266,3765
9,154,Maholi (NP),21331,14713,1,68.97473161126997,Small,57.33714988694692,68.97473161126997,60.82842440424383,3766
29,571,Huliyar (CT),14304,10801,1,75.51034675615213,Small,54.53488651362869,75.51034675615213,60.82752458638572,3767
19,337,Talbandha (CT),17802,12803,1,71.91888551848106,Small,56.0689666095556,71.91888551848106,60.82394228223323,3768
24,483,Mahudha (M),17722,12758,1,71.9896174246699,Small,56.03738321670537,71.9896174246699,60.823053479094725,3769
29,575,Bajpe (CT),9701,7940,1,81.84723224409855,Small,51.81202139625404,81.84723224409855,60.82258465060738,3770
23,419,Bamor (NP),32838,20325,1,61.89475607527864,Small,60.36248240693516,61.89475607527864,60.8221645074382,3771
19,344,Kshirpai (M),16384,12004,1,73.2666015625,Small,55.48690878265234,73.2666015625,60.820816616606635,3772
8,111,Ramgarh (M),33024,20408,1,61.79748062015504,Small,60.402090174893075,61.79748062015504,60.82070730847167,3773
21,388,Buguda (NAC),15176,11309,1,74.51897733263047,Small,54.94984113631818,74.51897733263047,60.82058199521187,3774
23,440,Jaitpur (CT),11835,9300,1,78.58048162230672,Small,53.20623928724353,78.58048162230672,60.81851198776248,3775
10,220,Mahnar Bazar (NP),48293,26837,1,55.57120079514629,Small,63.06720864609734,55.57120079514629,60.81840629081202,3776
19,343,Kanyanagar (CT),10823,8663,1,80.04250207890603,Small,52.579446532426374,80.04250207890603,60.818363196370264,3777
8,127,Sangod (M),21846,14974,1,68.54344044676371,Small,57.50443974648092,68.54344044676371,60.81613995656575,3778
10,229,Rajgir (NP),41587,24121,1,58.001298482698914,Small,62.01884252693696,58.001298482698914,60.81357931366554,3779
23,442,Pachore (NP),27396,17758,1,64.81968170535845,Small,59.091900757455896,64.81968170535845,60.81023504182666,3780
33,611,Hubbathala (CT),10852,8678,1,79.96682639144858,Small,52.59821001516672,79.96682639144858,60.80879492805128,3781
8,113,Nandri (CT),20827,14433,1,69.29946703797954,Small,57.16947616819847,69.29946703797954,60.80847342913279,3782
27,517,Jawhar (M Cl),12040,9421,1,78.24750830564784,Small,53.32665943224756,78.24750830564784,60.80291409426764,3783
27,527,Khed (CT),14266,10766,1,75.46614327772326,Small,54.516233131639225,75.46614327772326,60.80120617546443,3784
33,604,Singaperumalkoil (CT),13566,10347,1,76.27156125608138,Small,54.16343329500162,76.27156125608138,60.795871683325544,3785
9,189,Kushinagar (NP),22214,15150,1,68.20023408661204,Small,57.62158051890174,68.20023408661204,60.79517658921482,3786
33,605,Narasingapuram (CT),11454,9053,1,79.03789069320761,Small,52.976788286898056,79.03789069320761,60.79511900879092,3787
33,627,Alwarthirunagiri (TP),9289,7660,1,82.4631284314781,Small,51.50771643881136,82.4631284314781,60.79434003661137,3788
31,587,Andrott (CT),11191,8887,1,79.41202752211599,Small,52.81390408450779,79.41202752211599,60.79334111579024,3789
23,451,Bilpura (CT),14349,10811,1,75.3432294933445,Small,54.556912067113494,75.3432294933445,60.792807294982794,3790
28,544,Chodavaram (CT),20251,14115,1,69.70026171547084,Small,56.97280763241622,69.70026171547084,60.79104385733261,3791
23,451,Shahpura (NP),13601,10364,1,76.20027939122124,Small,54.181501250137764,76.20027939122124,60.78713469246281,3792
32,589,Kannur Cantonment (CB),4798,4474,1,93.24718632763651,Small,46.8756201871815,93.24718632763651,60.787090029318,3793
29,575,Pudu (CT),13533,10321,1,76.26542525677974,Small,54.14635505112315,76.26542525677974,60.78207611282012,3794
33,609,Kondichettipatti (CT),10300,8315,1,80.72815533980582,Small,52.23214388166972,80.72815533980582,60.78094731911055,3795
33,625,Samusigapuram (CT),14601,10952,1,75.00856105746182,Small,54.67899285155704,75.00856105746182,60.77786331332847,3796
33,621,Keeranur (TP),11667,9179,1,78.67489500299992,Small,53.105988158256714,78.67489500299992,60.77666021167967,3797
9,194,Mariahu (NP),22778,15426,1,67.72324172447098,Small,57.79739782466813,67.72324172447098,60.77515099460898,3798
9,184,Bansi (NPP),41057,23847,1,58.08266556251066,Small,61.92889807973193,58.08266556251066,60.775028324565554,3799
3,38,Mahilpur (NP),11360,8986,1,79.10211267605634,Small,52.91900460975041,79.10211267605634,60.773937029642184,3800
32,594,Chittilappilly (CT),6988,6083,1,87.04922724670864,Small,49.51189858638136,87.04922724670864,60.77309718447954,3801
16,289,Narsingarh (CT),7404,6375,1,86.10210696920583,Small,49.91735779239189,86.10210696920583,60.77278254543607,3802
9,154,Khairabad (NPP),48538,26856,1,55.32984465779389,Small,63.10269472360406,55.32984465779389,60.770839703861,3803
23,445,Budni (NP),16808,12216,1,72.67967634459781,Small,55.66607010576897,72.67967634459781,60.770151977417626,3804
23,429,Amarpatan (NP),19409,13649,1,70.32304600958318,Small,56.67501283214463,70.32304600958318,60.76942278537619,3805
32,594,Kainoor (CT),7344,6332,1,86.22004357298475,Small,49.86030511917464,86.22004357298475,60.76822665531767,3806
29,568,Sorab (TP),11332,8966,1,79.1210730674197,Small,52.9017000093932,79.1210730674197,60.76751192680115,3807
33,633,Samalapuram (TP),20691,14332,1,69.26683098931903,Small,57.12353548076909,69.26683098931903,60.76652413333407,3808
8,110,Chaksu (M),33432,20532,1,61.41421392677674,Small,60.48819603805825,61.41421392677674,60.766001404673794,3809
32,594,Venmanad (CT),8377,7041,1,84.05156977438224,Small,50.783100318064726,84.05156977438224,60.76364115495998,3810
20,358,Baratola (CT),14880,11103,1,74.61693548387098,Small,54.81172003170861,74.61693548387098,60.75328466735732,3811
23,458,Chachaura-Binaganj (NP),21860,14934,1,68.31655992680695,Small,57.50893217824016,68.31655992680695,60.75122050281019,3812
33,608,Tharamangalam (TP),30222,19044,1,63.013698630136986,Small,59.78033405147658,63.013698630136986,60.7503434250747,3813
32,594,Kaiparamba (CT),7179,6212,1,86.5301574035381,Small,49.70097390787375,86.5301574035381,60.74972895657305,3814
21,398,Damanjodi (CT),8862,7362,1,83.07379823967501,Small,51.17774681826409,83.07379823967501,60.74656224468737,3815
33,625,Vathirairuppu (TP),16784,12189,1,72.6227359389895,Small,55.656050192313856,72.6227359389895,60.74605591631655,3816
33,628,Manimutharu (TP),11323,8952,1,79.06031970325886,Small,52.89612873561937,79.06031970325886,60.745386025911216,3817
23,457,Baihar (NP),16650,12113,1,72.75075075075075,Small,55.599841021381025,72.75075075075075,60.74511394019194,3818
23,431,Pali (NP),22324,15169,1,67.94929224153378,Small,57.65621891132854,67.94929224153378,60.74414091039011,3819
29,559,Hatti Gold Mines(NAC),13536,10305,1,76.13031914893617,Small,54.14790933853737,76.13031914893617,60.74263228165701,3820
3,48,Sanaur (M Cl),21201,14582,1,68.77977453893685,Small,57.294282910671555,68.77977453893685,60.73993039915114,3821
9,169,Charkhari (NPP),27760,17865,1,64.35518731988472,Small,59.18445866979096,64.35518731988472,60.73567726481909,3822
27,501,Shivani (CT),13699,10399,1,75.91065041243887,Small,54.23184526550291,75.91065041243887,60.7354868095837,3823
28,542,Balaga (CT),9071,7497,1,82.64799911806857,Small,51.34119456489684,82.64799911806857,60.73323593084835,3824
24,479,Bantwa (M),15291,11330,1,74.09587338957557,Small,55.00277774002659,74.09587338957557,60.73070643489128,3825
22,401,Bishrampur (NP),11367,8974,1,78.9478314418932,Small,52.923324096019606,78.9478314418932,60.73067629978168,3826
19,336,Gopalpur (CT),7818,6650,1,85.06011767715528,Small,50.2988564619017,85.06011767715528,60.72723482647777,3827
7,96,Raja Pur Khurd (CT),19312,13566,1,70.24647887323944,Small,56.63987960697001,70.24647887323944,60.72185938685084,3828
33,607,Vadakkanandal (TP),23034,15516,1,67.36129200312581,Small,57.875769773573396,67.36129200312581,60.721426442439125,3829
10,203,Ramnagar (NP),48411,26725,1,55.20439569519324,Small,63.08432231696713,55.20439569519324,60.72034433043497,3830
29,577,Byrapura (CT),14276,10733,1,75.18212384421406,Small,54.52114672890889,75.18212384421406,60.71943986350043,3831
3,35,Fatehgarh Churian (M Cl),13070,10015,1,76.62586074980872,Small,53.90225045925513,76.62586074980872,60.719333546421204,3832
5,68,Jagjeetpur (CT),15043,11180,1,74.3202818586718,Small,54.88811629435774,74.3202818586718,60.717765963651956,3833
33,621,Alangudi (TP),12367,9587,1,77.52082154119834,Small,53.51456433908414,77.52082154119834,60.7164414997184,3834
18,312,Teok (TC),8795,7308,1,83.09266628766345,Small,51.12453291046857,83.09266628766345,60.71497292362703,3835
20,354,Siuliban (CT),24125,16062,1,66.57823834196891,Small,58.2002839010996,66.57823834196891,60.71367023336039,3836
18,319,New Bongaigaon Rly. Col. (CT),14896,11090,1,74.44951664876477,Small,54.81925599668808,74.44951664876477,60.708334192311085,3837
20,364,Tati (CT),12878,9894,1,76.82870010871254,Small,53.79847703101277,76.82870010871254,60.7075439543227,3838
6,71,Radaur (CT),13690,10380,1,75.82176771365961,Small,54.22723687779174,75.82176771365961,60.705596128552095,3839
23,419,Jaura Khurd (CT),32087,19856,1,61.88175896780628,Small,60.20024599128695,61.88175896780628,60.70469988424274,3840
5,68,Maohanpur Mohammadpur (CT),14394,10793,1,74.98263165207726,Small,54.5788686589334,74.98263165207726,60.69999755687655,3841
35,640,Prothrapur (CT),10308,8292,1,80.44237485448195,Small,52.23758798537747,80.44237485448195,60.69902404610881,3842
32,588,Uppala (CT),11542,9070,1,78.58256801247617,Small,53.03045550636567,78.58256801247617,60.69608925819881,3843
18,321,Kochpara (CT),7540,6450,1,85.54376657824933,Small,50.044984125071814,85.54376657824933,60.69461886102506,3844
8,128,Mangrol (M),25073,16519,1,65.88361983009612,Small,58.470562315428765,65.88361983009612,60.69447956982897,3845
24,486,Ranoli (CT),11726,9183,1,78.31315026436978,Small,53.14135890718562,78.31315026436978,60.692896314340864,3846
24,488,Maktampur (CT),10704,8542,1,79.80194319880418,Small,52.50192151021869,79.80194319880418,60.691928016794336,3847
33,609,Thathankuttai (CT),24708,16334,1,66.10814311154282,Small,58.36772897231758,66.10814311154282,60.68985321408515,3848
22,401,Surajpur (M),20189,14013,1,69.40908415473773,Small,56.95130588392329,69.40908415473773,60.68863936516762,3849
9,133,Budhana (NP + OG),53722,28681,1,53.38781132496928,Growing,63.81429730803754,53.38781132496928,60.68635151311706,3850
29,579,Wadi (TMC),37988,22434,1,59.05549120774981,Small,61.384089137404764,59.05549120774981,60.685509758508275,3851
20,357,Gadhra (CT),18801,13266,1,70.56007659167065,Small,56.45183305651056,70.56007659167065,60.68430611705858,3852
22,406,Deori (CT),17265,12421,1,71.94323776426296,Small,55.85418394594929,71.94323776426296,60.68090009144339,3853
8,103,Udaipurwati (M),29236,18511,1,63.31577507182925,Small,59.547735934130976,63.31577507182925,60.67814767544046,3854
28,540,Thorrur (CT),19100,13423,1,70.27748691099477,Small,56.56247530281328,70.27748691099477,60.67697878526772,3855
24,491,Sarigam (CT),19903,13853,1,69.60257247651109,Small,56.85125788975278,69.60257247651109,60.67665226578026,3856
33,630,Palakkodu (TP),20959,14409,1,68.7485089937497,Small,57.213779680978085,68.7485089937497,60.674198474809565,3857
22,402,Kunkuri (CT),13846,10458,1,75.53083923154702,Small,54.306690046316575,75.53083923154702,60.67393480188571,3858
33,625,Venkatachalapuram (CT),9540,7787,1,81.62473794549267,Small,51.694672879965054,81.62473794549267,60.673692399623334,3859
27,517,Asangaon (CT),13104,10015,1,76.42704517704517,Small,53.920468021077006,76.42704517704517,60.67244116786745,3860
10,217,Mirganj (NP),26240,17070,1,65.05335365853658,Small,58.78958075301492,65.05335365853658,60.668712624671414,3861
29,572,Madanaiyakanahalli (CT),12563,9686,1,77.09941892859986,Small,53.624825426875525,77.09941892859986,60.66720347739282,3862
23,437,Sonkatch (NP),16545,12009,1,72.58386219401632,Small,55.55547951535379,72.58386219401632,60.66399431895255,3863
24,472,Bhiloda (CT),16074,11743,1,73.05586661689685,Small,55.3529593880603,73.05586661689685,60.66383155671126,3864
29,569,Tonse East (CT),7911,6696,1,84.64163822525597,Small,50.381773933345244,84.64163822525597,60.659733220918454,3865
9,144,Sikandrarao (NPP),46038,25698,1,55.81910595594943,Small,62.73187277189008,55.81910595594943,60.65804272710788,3866
5,61,Kashirampur (CT),10837,8614,1,79.4869428808711,Small,52.5885110337631,79.4869428808711,60.6580405878955,3867
33,617,Pennadam (TP),19494,13622,1,69.87791115214938,Small,56.705655640833996,69.87791115214938,60.65733229422861,3868
9,195,Dildarnagar Fatehpur Bazar (NP),12855,9857,1,76.67833527810191,Small,53.78594220957276,76.67833527810191,60.6536601301315,3869
9,154,Laharpur (NPP),61990,31574,1,50.934021616389735,Growing,64.81814923179228,50.934021616389735,60.652910947171506,3870
22,406,Kota (NP),18405,13031,1,70.80141265960337,Small,56.30255717978782,70.80141265960337,60.65221382373248,3871
19,343,Bowali (CT),10968,8694,1,79.26695842450766,Small,52.67276589525546,79.26695842450766,60.65102365403112,3872
7,92,Khan Pur Dhani (CT),6994,6058,1,86.61710037174721,Small,49.51791633766855,86.61710037174721,60.647671547892145,3873
33,610,Sivagiri (TP),17979,12795,1,71.16636075421326,Small,56.138343436481854,71.16636075421326,60.64674863180127,3874
7,97,Ghitorni (CT),14893,11056,1,74.23621835761767,Small,54.81784361997831,74.23621835761767,60.64335604127012,3875
23,433,Piplya Mandi (NP),15070,11156,1,74.0278699402787,Small,54.90069092929806,74.0278699402787,60.63884463259225,3876
9,154,Mahmudabad (NPP),50777,27493,1,54.14459302440081,Growing,63.41893593415509,54.14459302440081,60.6366330612288,3877
9,155,Mallawan (NPP),36915,21913,1,59.36069348503319,Small,61.18316459184776,59.36069348503319,60.63642325980339,3878
33,633,Mannarai (CT),17261,12393,1,71.79769422397312,Small,55.852559134603666,71.79769422397312,60.636099661414505,3879
33,623,Nilaiyur  (I Bit) (CT),14684,10930,1,74.43475892127486,Small,54.71874116817611,74.43475892127486,60.63354649410573,3880
13,265,Kuda (CT),16108,11745,1,72.91407996026818,Small,55.367776154387336,72.91407996026818,60.63166729615159,3881
3,37,Shahkot (NP),14488,10815,1,74.64798453892877,Small,54.624512945488,74.64798453892877,60.63155442352023,3882
18,306,Gohpur (TC) (Part),12223,9464,2,77.42780004908778,Small,53.43243695718862,77.42780004908778,60.631045884758365,3883
29,555,Kakati (CT),13946,10497,1,75.26889430661122,Small,54.357152131630116,75.26889430661122,60.630674784124444,3884
21,372,Kochinda (NAC),15576,11442,1,73.45916795069337,Small,55.13227155098509,73.45916795069337,60.630340470897565,3885
19,339,Barjora (CT),14012,10535,1,75.18555523836712,Small,54.3902592931644,75.18555523836712,60.628848076725205,3886
27,525,Murum (M Cl),18371,12998,1,70.75281693974198,Small,56.28959120105272,70.75281693974198,60.628558922659494,3887
33,612,Vedasandur (TP),11730,9160,1,78.09036658141517,Small,53.14375047877886,78.09036658141517,60.62773530956976,3888
19,341,Chamrail (CT),11923,9278,1,77.81598590958652,Small,53.25818534503557,77.81598590958652,60.62552551440085,3889
8,119,Pushkar (M),21626,14721,1,68.07084065476741,Small,57.433463805376896,68.07084065476741,60.62467686019404,3890
33,611,Adikaratti (TP),14178,10630,1,74.97531386655382,Small,54.472844373046804,74.97531386655382,60.62358522109891,3891
21,388,Kabisurjyanagar (NAC),17430,12479,1,71.59495123350545,Small,55.920881462675,71.59495123350545,60.623102393924135,3892
33,629,Kannanoor (CT),7747,6574,1,84.85865496321156,Small,50.23488727840064,84.85865496321156,60.62201758384391,3893
23,466,Chhanera (NP),22052,14936,1,67.73081806638854,Small,57.570254045569605,67.73081806638854,60.61842325181529,3894
24,486,Bodeli (CT),12184,9434,1,77.42941562705187,Small,53.41002760191391,77.42941562705187,60.615844009455294,3895
33,632,Anaimalai (TP),17208,12350,1,71.76894467689446,Small,55.83099476821442,71.76894467689446,60.612379740818426,3896
33,629,Kattimancode (CT),8541,7108,1,83.22210513991337,Small,50.91904789237479,83.22210513991337,60.60996506663636,3897
19,338,Naldanga (CT),13140,10008,1,76.16438356164383,Small,53.93970575976722,76.16438356164383,60.6071091003302,3898
7,98,Raj Pur Khurd (CT),11161,8798,1,78.82806200161276,Small,52.795081439934634,78.82806200161276,60.60497560843807,3899
9,200,Khariya (CT),10482,8370,1,79.85117344018317,Small,52.35496349561781,79.85117344018317,60.603826478987415,3900
30,585,Bambolim (CT),6885,5971,1,86.72476397966594,Small,49.40778040268638,86.72476397966594,60.602875475780245,3901
29,574,Arkalgud (TP),16810,12123,1,72.11778703152886,Small,55.666904452674935,72.11778703152886,60.602169226331114,3902
9,152,Powayan (NP),28613,18144,1,63.41173592423025,Small,59.396690243784775,63.41173592423025,60.60120394791841,3903
33,624,Vadugapatti (TP),13204,10041,1,76.04513783701908,Small,53.973776417168864,76.04513783701908,60.59518484312393,3904
23,446,Silwani (NP),18623,13114,1,70.41829995167265,Small,56.385127158307455,70.41829995167265,60.59507899631701,3905
28,552,"Srisailam Project(RFC)
Township (CT)",21452,14608,1,68.09621480514637,Small,57.376815061018895,68.09621480514637,60.59263498425713,3906
24,488,Amod (M),15237,11228,1,73.68904640021002,Small,54.9779703096521,73.68904640021002,60.59129313681947,3907
27,505,Bamhni (CT),10341,8276,1,80.030944782903,Small,52.26000034567768,80.030944782903,60.59128367684528,3908
9,153,Paliya Kalan (NPP),41126,23615,1,57.42109614355881,Small,61.940673353309805,57.42109614355881,60.5848001903845,3909
22,406,Sirgitti (NP),18428,13002,1,70.55567614499675,Small,56.31131470892572,70.55567614499675,60.58462313974702,3910
20,361,Sewai (CT),7874,6651,1,84.46786893573787,Small,50.348902602841825,84.46786893573787,60.584592502710635,3911
19,337,Muragachha (CT),13249,10063,1,75.9529021058193,Small,53.99763362091061,75.9529021058193,60.58421416638322,3912
33,606,Vettavalam (TP),15506,11377,1,73.37159809106153,Small,55.10068688804819,73.37159809106153,60.581960248952186,3913
33,625,Mamsapuram (TP),18635,13110,1,70.35148913335122,Small,56.389644186313134,70.35148913335122,60.57819767042456,3914
9,152,Jalalabad (NPP),38202,22387,1,58.6016438929899,Small,61.4234822152569,58.6016438929899,60.57693071857679,3915
27,505,Takalghat (CT),11363,8913,1,78.43879257238406,Small,52.92085614394898,78.43879257238406,60.5762370724795,3916
27,521,Koregaon Bhima (CT),13116,9980,1,76.09027142421469,Small,53.92688646625362,76.09027142421469,60.57590195364193,3917
22,416,Bade Bacheli (M),21435,14587,1,68.05225099136926,Small,57.37125579576389,68.05225099136926,60.575554354445494,3918
32,594,Kallettumkara (CT),7097,6113,1,86.13498661406229,Small,49.62042389348384,86.13498661406229,60.574792709657366,3919
18,305,Raha (TC),11030,8704,1,78.91205802357207,Small,52.71229204677409,78.91205802357207,60.57222183981348,3920
33,629,Ayacode (CT),8874,7318,1,82.46562993013298,Small,51.18723517565209,82.46562993013298,60.57075360199636,3921
23,446,Udaipura (NP),18236,12889,1,70.67887694669884,Small,56.23787075713243,70.67887694669884,60.570172614002345,3922
22,410,Arang  (NP),19091,13349,1,69.92300036666492,Small,56.559170290230064,69.92300036666492,60.56831931316052,3923
25,495,Dunetha (CT),12470,9588,1,76.88853247794707,Small,53.572723747348974,76.88853247794707,60.5674663665284,3924
33,629,Kulappuram  (CT),7677,6512,1,84.82480135469585,Small,50.171242604347746,84.82480135469585,60.567310229452175,3925
9,138,Daurala (NP),19776,13713,1,69.34162621359224,Small,56.806369195945564,69.34162621359224,60.56694630123956,3926
33,608,Edaganasalai (TP),33245,20216,1,60.809144232215374,Small,60.44886204472474,60.809144232215374,60.556946700971935,3927
29,555,Peeranwadi (CT),17874,12682,1,70.9522211032785,Small,56.09727055363557,70.9522211032785,60.55375571852845,3928
24,492,Kosamba (CT),16151,11727,1,72.60850721317566,Small,55.38647028446605,72.60850721317566,60.55308136307893,3929
29,575,Munnur (CT),8919,7342,1,82.31864558807041,Small,51.22270261378773,82.31864558807041,60.55148550607254,3930
33,608,Mecheri (TP),25676,16694,1,65.01791556317184,Small,58.63721315988085,65.01791556317184,60.55142388086814,3931
8,100,Rawatsar (M),35102,21022,1,59.88832545154123,Small,60.83001650615588,59.88832545154123,60.54750918977148,3932
19,344,Kharar (M),12118,9364,1,77.27347747152994,Small,53.37194017627748,77.27347747152994,60.542401364853205,3933
9,190,Lar (NP),28307,17944,1,63.390680750344444,Small,59.321292242767754,63.390680750344444,60.54210879504076,3934
17,298,Cherrapunjee (CT),11722,9121,1,77.81095376215663,Small,53.138966519704375,77.81095376215663,60.54056269244005,3935
27,520,Chanje (CT),16714,12033,1,71.99353835108292,Small,55.62674340329961,71.99353835108292,60.5367818876346,3936
8,110,Bassi (CT),26029,16851,1,64.73932920972761,Small,58.73296485787797,64.73932920972761,60.53487416343286,3937
23,451,Vehicle Factory Area Jabalpur (CT),8087,6782,1,83.86298998392482,Small,50.536059242586305,83.86298998392482,60.53413846498786,3938
33,612,Vadamadurai (TP),18015,12747,1,70.75770191507077,Small,56.15237037117902,70.75770191507077,60.533969834346536,3939
27,520,Palidevad (CT),9194,7517,1,81.75984337611486,Small,51.43563518261336,81.75984337611486,60.532897640663805,3940
9,133,Budhana (NP),39867,23022,1,57.747008804274216,Small,61.72264304195608,57.747008804274216,60.52995277065152,3941
14,277,Lilong (Imphal West) (NP),12427,9546,1,76.8166089965398,Small,53.54850222950132,76.8166089965398,60.52893425961286,3942
24,477,Mithapur (CT),10508,8360,1,79.55843167110773,Small,52.3723348677957,79.55843167110773,60.52816390878931,3943
22,406,Pendra (NP),14120,10551,1,74.72379603399433,Small,54.44409975522464,74.72379603399433,60.52800863885554,3944
33,607,Marakkanam (TP),22034,14859,1,67.4366887537442,Small,57.56452784568447,67.4366887537442,60.526176118102384,3945
9,193,Sikanderpur (NP),23986,15842,1,66.04686066872341,Small,58.159764040383344,66.04686066872341,60.52589302888536,3946
33,611,Huligal (TP),12960,9865,1,76.11882716049382,Small,53.84298493818527,76.11882716049382,60.52573760487783,3947
9,198,Khamaria (NP),25929,16792,1,64.76146399784025,Small,58.705972192772094,64.76146399784025,60.52261973429253,3948
33,629,Nattalam  (CT),7674,6498,1,84.67552775605942,Small,50.16850202498517,84.67552775605942,60.52060974430745,3949
20,357,Sarjamda (CT),23788,15733,1,66.1383891037498,Small,58.10163779601945,66.1383891037498,60.51266318833856,3950
21,371,Bandhbahal (CT),9735,7861,1,80.74987159732923,Small,51.83655391587525,80.74987159732923,60.51054922031144,3951
33,612,Adiyanuthu (CT),17851,12643,1,70.82516385636659,Small,56.08824142752826,70.82516385636659,60.50931815617975,3952
27,506,Murmadi (CT),7576,6427,1,84.8336853220697,Small,50.07838234754695,84.8336853220697,60.50497323990377,3953
9,154,Misrikh-cum-Neemsar (NPP),18388,12929,1,70.31216010441592,Small,56.29607718707139,70.31216010441592,60.50090206227475,3954
9,143,Dhanipur (CT),20511,14052,1,68.50958022524499,Small,57.062265144763835,68.50958022524499,60.49645966890817,3955
29,577,Piriyapatna (TP),16685,11994,1,71.88492658076116,Small,55.61456604708537,71.88492658076116,60.4956742071881,3956
19,336,Digha (CT),6916,5968,1,86.29265471370735,Small,49.439279877197606,86.29265471370735,60.495292328150526,3957
2,31,Nalagarh (M Cl),10708,8474,1,79.13709376167351,Small,52.50454136108931,79.13709376167351,60.494307081264566,3958
23,449,Ordnance Factory Itarsi (CT),7878,6630,1,84.15841584158416,Small,50.35246369761752,84.15841584158416,60.494249340807514,3959
27,520,Nagothane (CT),12549,9604,1,76.53199458124153,Small,53.6170068706536,76.53199458124153,60.49150318382998,3960
30,585,Valpoi (M Cl),8532,7068,1,82.84106891701828,Small,50.91165530936198,82.84106891701828,60.490479391658866,3961
19,337,Chak Kanthalia (CT),11108,8722,1,78.51998559596687,Small,52.76170412902238,78.51998559596687,60.48918856910572,3962
22,406,Ratanpur (NP),24636,16131,1,65.47735021919144,Small,58.34726475105041,65.47735021919144,60.486290391492716,3963
33,602,Chinnasekkadu (TP),12396,9509,1,76.71022910616327,Small,53.53098816135836,76.71022910616327,60.48476044479983,3964
1,2,Kral Pora (CT),13889,10395,1,74.84340125278997,Small,54.32843325778405,74.84340125278997,60.48292365628583,3965
33,602,Edayanchavadi (CT),12119,9340,1,77.06906510438155,Small,53.372518804582306,77.06906510438155,60.48148269452208,3966
9,182,Utraula (NPP),32145,19641,1,61.1012599160056,Small,60.212910184183144,61.1012599160056,60.47941510372988,3967
24,480,Chalala (M),16721,12003,1,71.78398421147061,Small,55.629679599780836,71.78398421147061,60.475970983287766,3968
10,236,Tikari (NP),21324,14457,1,67.7968486212718,Small,57.33484832797207,67.7968486212718,60.47344841596198,3969
27,499,Takali Pr. Chalisgaon (CT),10630,8417,1,79.18156161806209,Small,52.453276888423304,79.18156161806209,60.47176230731494,3970
23,461,Bangawan (CT),20873,14220,1,68.12628754850765,Small,57.18494706526368,68.12628754850765,60.46734921023686,3971
33,604,Gerugambakkam (CT),11551,8987,1,77.802787637434,Small,53.03592112011947,77.802787637434,60.46598107531382,3972
23,449,Pachmarhi Cantt (CB),12062,9299,1,77.09335101973139,Small,53.33946055480313,77.09335101973139,60.46562769428161,3973
23,456,Barghat (NP),12100,9321,1,77.03305785123968,Small,53.36151669432093,77.03305785123968,60.46297904139655,3974
10,231,Piro (NP),33785,20348,1,60.22791179517537,Small,60.56185083273484,60.22791179517537,60.461669121467,3975
27,510,Pimpalgaon (CT),8317,6916,1,83.15498376818564,Small,50.73269747241292,83.15498376818564,60.45938336114473,3976
19,343,Birlapur (CT),22078,14829,1,67.16641000090587,Small,57.578516977240014,67.16641000090587,60.45488488433976,3977
6,79,Kalanwali (MC),22095,14836,1,67.14641321565965,Small,57.58391440399284,67.14641321565965,60.45266404749289,3978
33,609,Erumaipatti (TP),12085,9304,1,76.98800165494416,Small,53.35281860861119,76.98800165494416,60.44337352251107,3979
33,609,Senthamangalam (TP),19750,13616,1,68.94177215189873,Small,56.79714384402086,68.94177215189873,60.440532336384216,3980
18,305,Kampur Town (TC),10371,8242,1,79.4716035097869,Small,52.2803132470184,79.4716035097869,60.43770032584895,3981
8,103,Khetri (M),18209,12792,1,70.25097479268494,Small,56.227480736032334,70.25097479268494,60.43452895302812,3982
8,117,Pindwara (M),24487,16015,1,65.40205006738269,Small,58.304724562596,65.40205006738269,60.433922214032,3983
13,265,Rangapahar (CT),6673,5783,1,86.66267046306008,Small,49.188486815110785,86.66267046306008,60.430741909495566,3984
23,455,Chaurai Khas (M),12956,9821,1,75.80271688792837,Small,53.84082036197043,75.80271688792837,60.42938931975781,3985
33,604,Thiruporur (TP),13666,10239,1,74.92316698375531,Small,54.21493301779856,74.92316698375531,60.427403207585584,3986
33,633,Palangarai (CT),17248,12265,1,71.10969387755102,Small,55.84727589628056,71.10969387755102,60.42600129066169,3987
13,269,Kiphire (TC),16487,11845,1,71.84448353248014,Small,55.53085420866015,71.84448353248014,60.42494300580614,3988
3,49,Kathanian (CT),10679,8431,1,78.9493398258264,Small,52.485525230277155,78.9493398258264,60.424669608941926,3989
33,629,Athivilai (CT),7401,6287,1,84.94798000270234,Small,49.91451615566644,84.94798000270234,60.424555309777205,3990
12,255,Ziro (NT),12806,9729,1,75.97220053100109,Small,53.759162642206626,75.97220053100109,60.423074008844964,3991
33,604,Konerikuppam (CT),11406,8878,1,77.83622654743118,Small,52.947341221028886,77.83622654743118,60.414006818949574,3992
33,604,Madambakkam (CT),11673,9041,1,77.45224021245609,Small,53.10959334336037,77.45224021245609,60.41238740408909,3993
10,221,Dalsinghsarai (NP),23862,15690,1,65.75308021121448,Small,58.12341816879052,65.75308021121448,60.4123167815177,3994
33,618,Thalainayar (TP),12798,9719,1,75.94155336771371,Small,53.75478074048703,75.94155336771371,60.41081252865503,3995
3,53,Lehragaga (M Cl),22588,15052,1,66.63715247033824,Small,57.73865959156299,66.63715247033824,60.40820745519556,3996
29,583,Arasinakunte (CT),10567,8355,1,79.06690640673796,Small,52.411595629682125,79.06690640673796,60.408188862798866,3997
8,112,Nawa (M),22088,14799,1,67.00018109380659,Small,57.58169243723648,67.00018109380659,60.40723903420751,3998
28,547,Tadigadapa (CT),17462,12368,1,70.82808383919368,Small,55.9337436169979,70.82808383919368,60.402045683656624,3999
28,545,Hukumpeta (CT),16985,12106,1,71.27465410656461,Small,55.73952811583275,71.27465410656461,60.4000659130523,4000
7,90,Pehlad Pur Bangar (CT),22968,15236,1,66.3357715081853,Small,57.855648150403994,66.3357715081853,60.39968515773839,4001
32,594,Vellanikkara (CT),6167,5417,1,87.83849521647478,Small,48.63557340299873,87.83849521647478,60.39644994704154,4002
9,187,Siswa Bazar (NP),20963,14217,1,67.81949148499737,Small,57.21511785209871,67.81949148499737,60.3964299419683,4003
33,608,Maramangalathupatti (CT),12448,9503,1,76.34158097686375,Small,53.56034179499905,76.34158097686375,60.39471354955846,4004
14,278,Thongju (CT),10836,8518,1,78.60834256183094,Small,52.58786395780082,78.60834256183094,60.39400753900985,4005
33,626,Abiramam (TP),8144,6781,1,83.26375245579568,Small,50.585307653823165,83.26375245579568,60.388841094414914,4006
19,340,Balarampur (CT),24431,15948,1,65.27772092832876,Small,58.28866934702892,65.27772092832876,60.385384821418874,4007
18,315,Umrangso (TC),10376,8227,1,79.2887432536623,Small,52.283693017548096,79.2887432536623,60.385208088382356,4008
17,298,Shillong (CB),11930,9186,1,76.99916177703268,Small,53.262300943573685,76.99916177703268,60.38335919361138,4009
8,102,Taranagar (M),32640,19757,1,60.53002450980392,Small,60.3200720218473,60.53002450980392,60.38305776823428,4010
27,505,Sonegaon (Nipani) (CT),9387,7596,1,80.92042186001918,Small,51.5813056355832,80.92042186001918,60.383040502913985,4011
9,195,Saidpur (NP),24338,15898,1,65.3217191223601,Small,58.261924742081014,65.3217191223601,60.37986305616474,4012
27,520,Pali (CT),9176,7458,1,81.2772449869224,Small,51.42189379532361,81.2772449869224,60.37849915280324,4013
18,310,Sarupathar Bengali (CT),8752,7179,1,82.02696526508227,Small,51.09016672548413,82.02696526508227,60.37120628736357,4014
19,337,Garshyamnagar (CT),7611,6417,1,84.31217973985021,Small,50.11070105650637,84.31217973985021,60.37114466150952,4015
23,427,Shahgarh (NP),16300,11711,1,71.84662576687117,Small,55.450864794481824,71.84662576687117,60.36959308619863,4016
27,507,Amgaon bk. (CT),10972,8593,1,78.3175355450237,Small,52.675322703500484,78.3175355450237,60.367986555957444,4017
27,528,Jalgaon (CT),6480,5633,1,86.92901234567901,Small,48.98270263156321,86.92901234567901,60.36659554579794,4018
8,118,Falna (M),24839,16125,1,64.91807238616691,Small,58.404810002083266,64.91807238616691,60.35878871730836,4019
9,183,Nawabganj (NPP),17314,12262,1,70.8213006815294,Small,55.87405739270061,70.8213006815294,60.35823037934924,4020
9,200,Chopan (NP),14302,10576,1,73.94769962243043,Small,54.5339059926908,73.94769962243043,60.35804408161269,4021
21,372,Redhakhol (NAC),15379,11189,1,72.75505559529229,Small,55.04301757036559,72.75505559529229,60.3566289778436,4022
27,506,Sawari Jawharnagar (CT),8770,7186,1,81.93842645381984,Small,51.10457306965751,81.93842645381984,60.35472908490621,4023
27,521,Khadkale (CT),13435,10070,1,74.95347971715668,Small,54.095391296813524,74.95347971715668,60.352817822916464,4024
23,431,Nowrozabad (Khodargama) (NP),21883,14655,1,66.9697939039437,Small,57.51630635982883,66.9697939039437,60.35235262306328,4025
32,594,Cherpu (CT),7864,6583,1,83.71057985757884,Small,50.33999194632358,83.71057985757884,60.35116831970015,4026
19,341,Patihal (CT),13573,10149,1,74.7734472850512,Small,54.16705061206751,74.7734472850512,60.34896961396261,4027
14,274,Rengkai (CT),8293,6868,1,82.81683347401423,Small,50.71243446076217,82.81683347401423,60.34375416473779,4028
16,289,Sonamura (NP),11285,8777,1,77.77580859548073,Small,52.872556660529746,77.77580859548073,60.34353224101504,4029
10,217,Barauli (NP),41877,23582,1,56.31253432671872,Small,62.067573436458815,56.31253432671872,60.34106170353678,4030
20,369,Seraikela (NP),14252,10539,1,73.94751613808587,Small,54.50934830638015,73.94751613808587,60.34079865589186,4031
23,464,Petlawad (NP),15174,11063,1,72.9076051140108,Small,54.948916955276204,72.9076051140108,60.33652340289659,4032
27,505,Tekadi (CT),13741,10239,1,74.51422749435994,Small,54.25331112301337,74.51422749435994,60.331586034417334,4033
23,429,Unchahara (NP),18442,12852,1,69.6887539312439,Small,56.31664002922441,69.6887539312439,60.32827419983025,4034
33,609,Alampalayam (TP),20286,13816,1,68.1060830129153,Small,56.98491666627283,68.1060830129153,60.32126657026557,4035
20,361,Kuju (CT),21356,14365,1,67.26446900168571,Small,57.345363579628916,67.26446900168571,60.32109520624595,4036
33,626,Devipattinam  (CT),11599,8959,1,77.23941719113718,Small,53.06499933346062,77.23941719113718,60.317324690763584,4037
9,176,Fatehpur (NP),35582,20956,1,58.894946883255585,Small,60.92525858787252,58.894946883255585,60.31616507648744,4038
7,98,Kotla Mahigiran (CT),7376,6243,1,84.63937093275487,Small,49.89079096307823,84.63937093275487,60.315364953981216,4039
19,329,Chakchaka (CT),8582,7051,1,82.16033558611046,Small,50.95262694808835,82.16033558611046,60.314939539494986,4040
28,552,Bethamcherla (CT),38994,22379,1,57.390880648304865,Small,61.56737822233544,57.390880648304865,60.31442895012627,4041
27,515,Waluj Bk. (CT),20220,13776,1,68.13056379821958,Small,56.96206499903895,68.13056379821958,60.312614638793136,4042
5,67,Khatima (NPP),15093,11003,1,72.90134499436826,Small,54.911384899342295,72.90134499436826,60.30837292785009,4043
23,425,Laundi (NP),22002,14680,1,66.72120716298518,Small,57.55433637545152,66.72120716298518,60.304397611711615,4044
25,495,Bhimpore (CT),10936,8546,1,78.14557425018288,Small,52.6522778003789,78.14557425018288,60.30026673532009,4045
27,521,Sanaswadi (CT),13543,10108,1,74.6363434984863,Small,54.15153467004268,74.6363434984863,60.296977318575756,4046
9,149,Ujhani (NPP),62039,30854,1,49.733232321604156,Growing,64.82369013074427,49.733232321604156,60.29655278800223,4047
8,130,Fatehnagar (M),22812,15078,1,66.09679116254603,Small,57.80785717539788,66.09679116254603,60.29453737154232,4048
23,434,Alot (NP),24115,15720,1,65.18764254613312,Small,58.19737660627901,65.18764254613312,60.29445638823524,4049
10,236,Bodh Gaya (NP),38439,22121,1,57.54832331746403,Small,61.46685243346203,57.54832331746403,60.29129369866263,4050
33,602,Soorapattu (CT),10444,8237,1,78.86824971275374,Small,52.32949691010171,78.86824971275374,60.291122750897316,4051
8,99,Sadulshahar (M),24980,16137,1,64.59967974379504,Small,58.44450375888404,64.59967974379504,60.29105655435734,4052
15,285,Thenzawl (NT),7259,6157,1,84.81884557101529,Small,49.778677591923405,84.81884557101529,60.290727985650975,4053
18,322,Kahi Kuchi (CT),9917,7905,1,79.71160633256025,Small,51.966435394212205,79.71160633256025,60.28998667571662,4054
33,605,Uthayendram (TP),13837,10275,1,74.25742574257426,Small,54.30213059723944,74.25742574257426,60.28871914083989,4055
9,191,Sarai Mir (NP),19055,13151,1,69.0160062975597,Small,56.54593464162723,69.0160062975597,60.286956138406964,4056
29,569,Bada (CT),8117,6734,1,82.96168535173094,Small,50.56202256634326,82.96168535173094,60.281921401959565,4057
9,148,Karhal (NP),27701,17416,1,62.871376484603445,Small,59.16953886327089,62.871376484603445,60.28009014967065,4058
19,341,Ramchandrapur (CT),10312,8150,1,79.03413498836306,Small,52.24030845315918,79.03413498836306,60.27845641372035,4059
32,594,Porkulam (CT),6503,5630,1,86.57542672612641,Small,49.0075454410535,86.57542672612641,60.27790982657537,4060
9,132,Sarsawa (NPP),18956,13093,1,69.07047900400929,Small,56.509407271645394,69.07047900400929,60.277728791354555,4061
33,614,S. Kannanur (TP),13073,9823,1,75.13960070374054,Small,53.90385979620685,75.13960070374054,60.274582068466955,4062
33,623,T.Kallupatti (TP),10762,8429,1,78.32187325775878,Small,52.53981388606385,78.32187325775878,60.274431697572325,4063
10,207,Jainagar (NP),21782,14546,1,66.7799100174456,Small,57.48386618658934,66.7799100174456,60.27267933584622,4064
33,627,Ettayapuram (TP),12772,9644,1,75.50892577513311,Small,53.740520620670594,75.50892577513311,60.27104216700934,4065
10,230,Maner (NP),40068,22756,1,56.79345113307378,Small,61.75790963449005,56.79345113307378,60.26857208406516,4066
8,112,Basni Belima (CT),29187,18086,1,61.96594374207696,Small,59.53597310377934,61.96594374207696,60.264964295268626,4067
8,126,Kapasan (M),20869,14077,1,67.45411854904404,Small,57.183603123953255,67.45411854904404,60.26475775148049,4068
19,337,Betpuli (CT),9404,7569,1,80.48702679710762,Small,51.59399287977362,80.48702679710762,60.261903054973814,4069
6,83,Beri (MC),15934,11450,1,71.85891803690222,Small,55.291617166055815,71.85891803690222,60.26180742730973,4070
9,138,Hastinapur (NP),26452,16810,1,63.54907001360955,Small,58.846008331014254,63.54907001360955,60.25692683579284,4071
8,128,Chhipabarod (CT),18837,13017,1,69.10336040770824,Small,56.46524733724845,69.10336040770824,60.25668125838638,4072
30,586,Raia (CT),10706,8387,1,78.33924901924154,Small,52.50323155799691,78.33924901924154,60.2540367963703,4073
24,474,Ranpur (CT),16944,12001,1,70.82743153918791,Small,55.72258076649889,70.82743153918791,60.254035998305596,4074
28,547,Guntupalle (CT),11187,8683,1,77.61687673192098,Small,52.81139731567453,77.61687673192098,60.25304114054846,4075
27,500,Sindkhed Raja (M Cl),16434,11721,1,71.32165023731288,Small,55.508275909896945,71.32165023731288,60.252288208121726,4076
9,132,Rampur Maniharan (NP),27979,17517,1,62.60767003824297,Small,59.2395630302615,62.60767003824297,60.24999513265594,4077
9,135,Kanth (NP),26381,16761,1,63.5343618513324,Small,58.82716093868016,63.5343618513324,60.23932121247583,4078
27,522,Rajur (CT),10046,7969,1,79.32510451921164,Small,52.05705889026755,79.32510451921164,60.23747257895077,4079
27,528,Zadgaon (CT),7803,6512,1,83.4550813789568,Small,50.285390377491815,83.4550813789568,60.23629767793131,4080
5,68,Salempur Rajputan (CT),10340,8153,1,78.84912959381045,Small,52.259322234596915,78.84912959381045,60.23626444236098,4081
33,620,Pudupattinam (CT),10210,8071,1,79.04995102840353,Small,52.170604707869,79.04995102840353,60.234408604029355,4082
5,67,Gadarpur (NPP),19301,13246,1,68.62856846795503,Small,56.63588429192733,68.62856846795503,60.23368954473564,4083
21,390,G. Udayagiri (NAC),11302,8745,1,77.37568571934172,Small,52.88311185819451,77.37568571934172,60.23088401653867,4084
27,509,Shivaji Nagar (CT),13877,10270,1,74.00735029184983,Small,54.32237216342545,74.00735029184983,60.22786560195276,4085
24,472,Savgadh (CT),13841,10249,1,74.0481179105556,Small,54.30415738503861,74.0481179105556,60.227345542693705,4086
33,609,Mohanur (TP),14315,10520,1,73.4893468389801,Small,54.54027692953994,73.4893468389801,60.22499790237198,4087
33,628,Vadakarai Keezhpadugai (TP),20821,14024,1,67.35507420392872,Small,57.167455706507766,67.35507420392872,60.223741255734055,4088
23,442,Jirapur (NP),21724,14479,1,66.64978825262384,Small,57.46516911875593,66.64978825262384,60.2205548589163,4089
8,110,Bagru (M),31229,18957,1,60.70319254539051,Small,60.01018147010888,60.70319254539051,60.21808479269337,4090
19,338,Nababpur (CT),12728,9594,1,75.37712130735386,Small,53.7163218536267,75.37712130735386,60.21456168974485,4091
29,563,Jali (CT),10802,8429,1,78.03184595445288,Small,52.56582777376849,78.03184595445288,60.205633227973806,4092
28,539,Vijayapuri North (CT),15887,11393,1,71.71272109271732,Small,55.27090281044782,71.71272109271732,60.203448295128666,4093
27,527,Mhaswad (M Cl),24120,15646,1,64.86733001658375,Small,58.19883040435132,64.86733001658375,60.19938028802105,4094
18,303,Howli (TC),18301,12698,1,69.38418665646687,Small,56.26282081343889,69.38418665646687,60.19923056634728,4095
10,208,Birpur (NP),19932,13551,1,67.98615291992776,Small,56.86146789162431,67.98615291992776,60.198873400115346,4096
9,177,Rudauli (NPP),43091,23859,1,55.36887052980901,Small,62.2679731030256,55.36887052980901,60.19824233106061,4097
1,6,Sunderbani (MC),6930,5909,1,85.26695526695526,Small,49.45345920038607,85.26695526695526,60.19750802035683,4098
24,488,Palej (CT),12334,9353,1,75.83103616020756,Small,53.49582825302506,75.83103616020756,60.1963906251798,4099
19,333,Gora Bazar (CT),5200,4678,1,89.96153846153845,Small,47.43974413373792,89.96153846153845,60.19628243207808,4100
23,433,Sitamau (NP),14056,10358,1,73.69095048377918,Small,54.412244218359795,73.69095048377918,60.195856097985605,4101
9,138,Parikshitgarh (NP),19830,13496,1,68.0584972264246,Small,56.82549085138838,68.0584972264246,60.19539276389925,4102
27,521,Nanekarwadi (CT),12654,9542,1,75.40698593330171,Small,53.67543466369864,75.40698593330171,60.194900044579555,4103
32,594,Adat (CT),5721,5057,1,88.39363747596573,Small,48.10922756787499,88.39363747596573,60.1945505403022,4104
6,71,Kansepur (CT),18909,13015,1,68.82965783489342,Small,56.49199916438258,68.82965783489342,60.19329676553583,4105
27,521,Pirangut (CT),14174,10423,1,73.5360519260618,Small,54.47086576381132,73.5360519260618,60.19042161248646,4106
9,175,Phulpur (NP),22998,15087,1,65.6013566397078,Small,57.86480150064585,65.6013566397078,60.18576804236443,4107
29,575,Talipady (CT),7237,6116,1,84.5101561420478,Small,49.757394766069226,84.5101561420478,60.1832231788628,4108
23,449,Babai (NP),16741,11850,1,70.78430201302193,Small,55.63806196479555,70.78430201302193,60.181933979263455,4109
10,211,Banmankhi Bazar (NP),30336,18520,1,61.04957805907173,Small,59.806735871761795,61.04957805907173,60.17958852795478,4110
20,364,Muri (CT),12744,9588,1,75.23540489642184,Small,53.72513106981075,75.23540489642184,60.17821321779407,4111
19,343,Champahati (CT),12111,9211,1,76.05482619106597,Small,53.36788844077173,76.05482619106597,60.173969765859994,4112
20,347,Bachra (CT),12969,9718,1,74.93253142108104,Small,53.84785279319752,74.93253142108104,60.17325638156257,4113
24,475,Chotila (M),21364,14260,1,66.74780003744617,Small,57.347989930761656,66.74780003744617,60.16793296276701,4114
24,485,Devgadbaria (M),21030,14088,1,66.99001426533525,Small,57.237494341823016,66.99001426533525,60.16325031887668,4115
24,472,Vadali (M),20646,13892,1,67.28664148018987,Small,57.10826801020706,67.28664148018987,60.1617800512019,4116
18,312,Kumar Kaibarta Gaon (CT),8056,6661,1,82.6837140019861,Small,50.50912910632276,82.6837140019861,60.16150457502176,4117
28,542,Sompeta (CT),18778,12926,1,68.83587176483118,Small,56.44324936836637,68.83587176483118,60.16103608730581,4118
32,594,Thaikkad (CT),6594,5668,1,85.9569305429178,Small,49.104982599391505,85.9569305429178,60.160566982449396,4119
18,323,Bali Koria (CT),6359,5503,1,86.53876395659695,Small,48.850538455913025,86.53876395659695,60.1570061061182,4120
27,522,Karjat (CT),11659,8933,1,76.61892100523201,Small,53.101178359895094,76.61892100523201,60.156501153496166,4121
7,96,Tilang Pur Kotla (CT),13614,10084,1,74.07080946084913,Small,54.188200366242064,74.07080946084913,60.15298309462418,4122
28,537,Kompalle (CT),15575,11193,1,71.86516853932584,Small,55.13182134164802,71.86516853932584,60.15182550095136,4123
10,234,Nokha (NP),27302,17113,1,62.68038971503918,Small,59.06779863284499,62.68038971503918,60.15157595750324,4124
19,328,Chechakhata (CT),7613,6362,1,83.56758176802838,Small,50.11254334884229,83.56758176802838,60.14905487459811,4125
5,66,Bhimtal (NP),7722,6435,1,83.33333333333334,Small,50.21222328822472,83.33333333333334,60.14855630175731,4126
33,604,Kovur (CT),10961,8506,1,77.60240853936683,Small,52.66828923647827,77.60240853936683,60.14852502734483,4127
1,8,Uri (MC),9366,7508,1,80.162289130899,Small,51.565601400765026,80.162289130899,60.144607719805215,4128
19,335,Gopalpur (CT),15967,11405,1,71.42857142857143,Small,55.3061248118468,71.42857142857143,60.14285879686419,4129
23,434,Sailana (NP),11989,9124,1,76.10309450329468,Small,53.296893920242226,76.10309450329468,60.138754095157964,4130
19,341,Deulpur (CT),12618,9495,1,75.24964336661911,Small,53.65545706955102,75.24964336661911,60.13371295867144,4131
26,496,Masat (CT),12139,9211,1,75.87939698492463,Small,53.38408135581898,75.87939698492463,60.13267604455067,4132
18,305,Golaghatia Basti (CT),9809,7785,1,79.36588846977266,Small,51.889653396473534,79.36588846977266,60.13252391846327,4133
33,609,Mallasamudram (TP),18007,12499,1,69.41189537402121,Small,56.149255698360165,69.41189537402121,60.12804760105847,4134
1,21,Bishna (MC),10719,8350,1,77.89905774792425,Small,52.511740908420045,77.89905774792425,60.1279359602713,4135
27,505,Bhokara (CT),8602,7010,1,81.49267612183213,Small,50.96894881216857,81.49267612183213,60.12606700506764,4136
15,286,Hnahthial (NT),7187,6068,1,84.4302212327814,Small,49.70878313555864,84.4302212327814,60.12521456472547,4137
32,594,Kottappuram (CT),6727,5752,1,85.50616916902037,Small,49.24499884004446,85.50616916902037,60.12334993873723,4138
5,63,Bageshwar (NPP),9079,7317,1,80.59257627492015,Small,51.347375866078316,80.59257627492015,60.120935988730864,4139
19,337,Bira (CT),10741,8361,1,77.84191416069267,Small,52.52611786678707,77.84191416069267,60.12085675495874,4140
29,568,Jog Kargal (TP),10847,8425,1,77.67124550566977,Small,52.59497851161369,77.67124550566977,60.117858609830506,4141
23,451,Barela (NP),12620,9489,1,75.19017432646594,Small,53.656568430208864,75.19017432646594,60.11665019908598,4142
17,295,Baghmara (MB),13131,9787,1,74.53354656918741,Small,53.93490127043628,74.53354656918741,60.11449486006161,4143
29,572,Dommasandra (CT),12610,9481,1,75.18636003172085,Small,53.651009864812934,75.18636003172085,60.11161491488531,4144
2,23,Dalhousie (M Cl),7051,5972,1,84.69720607006099,Small,49.574828885673355,84.69720607006099,60.11154204098964,4145
18,300,Gossaigaon (TC),9068,7307,1,80.58006175562417,Small,51.338875171544686,80.58006175562417,60.11123114676853,4146
5,66,Fatehpur Range (Dhamua Dunga Area) (CT),12791,9587,1,74.95113751856775,Small,53.75094432914096,74.95113751856775,60.11100228596899,4147
9,141,Salarpur Khadar (CT),13600,10056,1,73.94117647058823,Small,54.180985668346096,73.94117647058823,60.10904290901873,4148
27,521,Medankarwadi (CT),12576,9457,1,75.19879134860051,Small,53.63207771777066,75.19879134860051,60.10209180701961,4149
32,594,Chelakkara (CT),7528,6293,1,83.59458023379383,Small,50.03381594370191,83.59458023379383,60.10204523072949,4150
2,28,Tira Sujanpur (NP),7943,6570,1,82.71433967014981,Small,50.410079464151345,82.71433967014981,60.10135752595088,4151
9,180,Nanpara (NPP),48337,25698,1,53.1642427126218,Small,63.07359489896851,53.1642427126218,60.1007892430645,4152
9,140,Garhmukhteshwar (NPP),46077,24857,1,53.946654513097634,Small,62.73781075858219,53.946654513097634,60.10046388493682,4153
23,440,Bhikangaon (NP),16217,11518,1,71.02423382869829,Small,55.41506700364871,71.02423382869829,60.097817051163574,4154
8,114,Pokaran (M),23554,15289,1,64.91041861254988,Small,58.0323161575949,64.91041861254988,60.09574689408139,4155
28,532,Chennur (CT),23579,15301,1,64.89248907926545,Small,58.03975509510833,64.89248907926545,60.09557529035546,4156
33,631,Bargur (TP),16366,11598,1,70.86643040449712,Small,55.47920065148705,70.86643040449712,60.09536957739006,4157
29,566,Molakalmuru (TP),15797,11285,1,71.43761473697538,Small,55.23106544293108,71.43761473697538,60.09303023114437,4158
3,46,Raman (M Cl),22553,14797,1,65.60989668780208,Small,57.72778552249574,65.60989668780208,60.09241887208765,4159
7,97,Sambhalka (CT),17076,11980,1,70.15694542047318,Small,55.776997271232275,70.15694542047318,60.090981716004535,4160
9,140,Begumabad Budhana (CT),19898,13461,1,67.65001507689215,Small,56.849496041205384,67.65001507689215,60.089651751911404,4161
30,586,Chicalim (CT),6933,5886,1,84.8983124188663,Small,49.4564939003554,84.8983124188663,60.08903945590866,4162
24,490,Antaliya (CT),6936,5887,1,84.8760092272203,Small,49.45952728764357,84.8760092272203,60.08447186951658,4163
28,549,Singarayakonda (RS) (CT),19400,13200,1,68.04123711340206,Small,56.67176044633864,68.04123711340206,60.08260344645766,4164
8,129,Khanpur (CT),13848,10186,1,73.55574812247256,Small,54.30770285477246,73.55574812247256,60.08211643508248,4165
33,605,Alangayam (TP),18327,12640,1,68.96928029682982,Small,56.272776033737294,68.96928029682982,60.08172731266505,4166
33,609,Namagiripettai (TP),21250,14140,1,66.54117647058824,Small,57.31047124853572,66.54117647058824,60.07968281515147,4167
10,230,Bikram (NP),22486,14751,1,65.6008182869341,Small,57.7069222960625,65.6008182869341,60.07509109332398,4168
33,604,Orikkai (CT),12638,9482,1,75.02769425542016,Small,53.66656275836561,75.02769425542016,60.07490220748197,4169
19,328,Parangarpar (CT),11408,8750,1,76.70056100981768,Small,52.94857065401527,76.70056100981768,60.07416776075599,4170
30,585,Anjuna (CT),9636,7656,1,79.45205479452055,Small,51.76488076960949,79.45205479452055,60.07103297708281,4171
29,575,Talapady (CT),9532,7590,1,79.62652119177507,Small,51.688790370876205,79.62652119177507,60.07010961714586,4172
33,602,Pothatturpettai (TP),22040,14527,1,65.91197822141561,Small,57.56643709855125,65.91197822141561,60.070099435410555,4173
24,490,Chikhli (CT),7025,5943,1,84.59786476868328,Small,49.54892605338948,84.59786476868328,60.06360766797762,4174
23,454,Deodara (CT),10008,7887,1,78.80695443645084,Small,52.030485059308226,78.80695443645084,60.063425872451006,4175
33,612,Pattiveeranpatti (TP),8602,6992,1,81.28342245989305,Small,50.96894881216857,81.28342245989305,60.06329090648591,4176
27,520,Kegaon (CT),7485,6254,1,83.55377421509687,Small,49.993649934906934,83.55377421509687,60.06168721896391,4177
30,585,Priol (CT),8164,6705,1,82.12885840274376,Small,50.60250615597218,82.12885840274376,60.060411830003645,4178
8,123,Amet (M),17335,12101,1,69.80674935102394,Small,55.88255737356654,69.80674935102394,60.059814966803756,4179
19,330,Dalkhola (M),36930,21207,1,57.424857839155166,Small,61.18601346282401,57.424857839155166,60.05766677572335,4180
9,176,Obaree (CT),11858,9013,1,76.00775847529094,Small,53.219853283664044,76.00775847529094,60.056224841152115,4181
9,198,Gopiganj (NPP),19058,13004,1,68.23381257214818,Small,56.54703856697171,68.23381257214818,60.05307076852465,4182
30,585,Borim (CT),8257,6764,1,81.91837229017803,Small,50.68192973811975,81.91837229017803,60.05286250373723,4183
8,99,Karanpur (M),21297,14144,1,66.41310982767526,Small,57.3259638036445,66.41310982767526,60.052107610853724,4184
21,394,Khariar Road (NAC),18967,12955,1,68.30284177782464,Small,56.513475276669155,68.30284177782464,60.05028522701579,4185
32,589,Valapattanam (CT),7955,6564,1,82.51414204902578,Small,50.420664652178225,82.51414204902578,60.04870787123248,4186
5,67,Maholiya (CT),10965,8471,1,77.25490196078432,Small,52.67084767712552,77.25490196078432,60.04606396222316,4187
33,628,Vasudevanallur (TP),21361,14169,1,66.33116427133561,Small,57.34700516434962,66.33116427133561,60.04225289644541,4188
24,480,Damnagar (M),16614,11703,1,70.44059227157818,Small,55.584662954582434,70.44059227157818,60.041441749681155,4189
10,237,Hisua (NP),32585,19361,1,59.416909620991255,Small,60.30824569818044,59.416909620991255,60.04084487502369,4190
19,336,Gangnapur (CT),10168,7979,1,78.47167584579071,Small,52.14170056479783,78.47167584579071,60.04069314909569,4191
33,605,Kaveripakkam (TP),14583,10583,1,72.5708016183227,Small,54.67034292630122,72.5708016183227,60.04048053390766,4192
7,90,Rani Khera (CT),16402,11587,1,70.64382392391173,Small,55.494608450575676,70.64382392391173,60.03937309257648,4193
6,71,Sadaura (CT),14818,10714,1,72.3039546497503,Small,54.78244143593554,72.3039546497503,60.038895400079966,4194
3,37,Sufipind (CT),9406,7500,1,79.73633850733574,Small,51.595483988802485,79.73633850733574,60.03774034436246,4195
19,341,Manikpur (CT),19804,13378,1,67.55200969501111,Small,56.81629063666962,67.55200969501111,60.037006354172064,4196
19,336,Kulia (P) (CT),10406,8125,1,78.07995387276571,Small,52.3039375054423,78.07995387276571,60.036742415639324,4197
19,341,Bikihakola (CT),14540,10557,1,72.60660247592847,Small,54.64963592504731,72.60660247592847,60.03672589031166,4198
30,585,Mandrem (CT),8336,6811,1,81.70585412667947,Small,50.74869760291926,81.70585412667947,60.035844560047316,4199
18,309,Makum (TC),16923,11866,1,70.11759144359748,Small,55.71388452986156,70.11759144359748,60.034996603982336,4200
9,141,Patadi (CT),8479,6904,1,81.42469630852695,Small,50.86796242199615,81.42469630852695,60.03498258795538,4201
9,175,Mau Aima (NP),19645,13295,1,67.67625349961823,Small,56.75976365031302,67.67625349961823,60.03471060510458,4202
23,420,Mehgaon (NP),21335,14149,1,66.31825638621983,Small,57.33846472443766,66.31825638621983,60.03240222297231,4203
6,76,Kundli (55) (CT),21633,14297,1,66.08884574492673,Small,57.435733230521144,66.08884574492673,60.031666984842815,4204
9,150,Baheri (NPP),68413,32325,1,47.249791706254655,Growing,65.50951777838308,47.249791706254655,60.03159995674455,4205
27,531,Madhavnagar (CT),11168,8588,1,76.89828080229226,Small,52.79947791136558,76.89828080229226,60.02911877864358,4206
33,622,Puduvayal (TP),11284,8658,1,76.72811059907833,Small,52.87193527151367,76.72811059907833,60.02878786978306,4207
29,569,Tenkanidyoor (CT),6188,5356,1,86.5546218487395,Small,48.65940872585003,86.5546218487395,60.02797266271686,4208
33,624,Veerapandi (TP),16158,11448,1,70.85035276643148,Small,55.389508803912825,70.85035276643148,60.02776199266842,4209
23,432,Rampura (NP),18364,12625,1,68.748638640819,Small,56.28691875633767,68.748638640819,60.02543472168206,4210
9,177,Khojn Pur (CT),9618,7629,1,79.32002495321274,Small,51.7517702191296,79.32002495321274,60.022246639354535,4211
19,336,Kamgachhi (CT),19998,13467,1,67.34173417341735,Small,56.88464918382381,67.34173417341735,60.02177468070187,4212
9,137,Naugawan Sadat (NP),32954,19498,1,59.16732414881349,Small,60.38721026626258,59.16732414881349,60.02124443102785,4213
33,632,Sarcarsamakulam (TP),10289,8047,1,78.20973855573914,Small,52.224651331483926,78.20973855573914,60.02017749876048,4214
3,41,Machhiwara (M Cl),24916,15881,1,63.738160218333604,Small,58.42651457562058,63.738160218333604,60.02000826843448,4215
16,292,Dewanpasa (CT),8761,7082,1,80.83552105923981,Small,51.097373596986486,80.83552105923981,60.01881783566248,4216
29,569,Koteshwar (CT),10229,8009,1,78.29699872910354,Small,52.18364135650292,78.29699872910354,60.0176485682831,4217
21,388,Ganjam (NAC),11747,8931,1,76.02792202264408,Small,53.15390556871886,76.02792202264408,60.01611050489642,4218
19,338,Barijhati (CT),7136,6007,1,84.17881165919282,Small,49.658849664894184,84.17881165919282,60.014838263183776,4219
33,608,Ilampillai (TP),11797,8959,1,75.94303636517759,Small,53.183688530908,75.94303636517759,60.01149288118887,4220
18,311,Amguri (MB),8002,6585,1,82.29192701824543,Small,50.46197014531797,82.29192701824543,60.01095720719621,4221
19,341,Makardaha (CT),8713,7048,1,80.89062320670263,Small,51.058851079041766,80.89062320670263,60.00838271734003,4222
33,620,Thirupuvanam (TP),14989,10794,1,72.01280939355527,Small,54.862899177901895,72.01280939355527,60.007872242597905,4223
33,607,Thiagadurgam (TP),18605,12737,1,68.46009137328674,Small,56.37834615626128,68.46009137328674,60.00286972136892,4224
13,262,Changtongya (TC),7532,6269,1,83.23154540626659,Small,50.03754064740724,83.23154540626659,59.99574207506504,4225
8,105,Kumher (M),23540,15202,1,64.57943925233644,Small,58.02814690316986,64.57943925233644,59.99353460791983,4226
27,520,Mohpada Alias Wasambe (CT),9694,7667,1,79.09015886115122,Small,51.8069599122838,79.09015886115122,59.99191959694403,4227
27,530,Ujalaiwadi (CT),9075,7275,1,80.16528925619835,Small,51.34428589654767,80.16528925619835,59.990586904442864,4228
33,606,Kalambur (TP),14304,10401,1,72.71392617449665,Small,54.53488651362869,72.71392617449665,59.98859841188907,4229
18,303,Sarthebari (TC),6913,5849,1,84.60870823086938,Small,49.43623771718909,84.60870823086938,59.98797887129317,4230
33,627,Kalugumalai (TP),14738,10643,1,72.21468313203962,Small,54.744481071310425,72.21468313203962,59.985541689529185,4231
27,517,Saravali (CT),8710,7039,1,80.81515499425947,Small,51.056436380916445,80.81515499425947,59.98405196491935,4232
3,37,Nurmahal (M Cl),14560,10542,1,72.40384615384615,Small,54.659274694671886,72.40384615384615,59.982646132424165,4233
23,439,Betma (NP),15999,11336,1,70.85442840177511,Small,55.32016422741955,70.85442840177511,59.98044347972622,4234
29,561,Naregal (TP),16690,11710,1,70.1617735170761,Small,55.61666710044211,70.1617735170761,59.9801990254323,4235
23,465,Jobat (NP),11976,9051,1,75.57615230460922,Small,53.289286382919,75.57615230460922,59.97534615942607,4236
10,206,Janakpur Road (NP),15129,10855,1,71.74961993522373,Small,54.92809061704334,71.74961993522373,59.97454941249745,4237
28,543,Kothavalasa (CT),14321,10403,1,72.6415753089868,Small,54.54321541093067,72.6415753089868,59.9727233803475,4238
9,134,Haldaur (NPP),19567,13212,1,67.52184800940358,Small,56.73186595006223,67.52184800940358,59.96886056786463,4239
32,588,Manjeshwar (CT),8742,7055,1,80.70235644017387,Small,51.08215039432275,80.70235644017387,59.968212208078086,4240
9,164,Northern Railway Colony (CT),20916,13893,1,66.42283419391853,Small,57.19937819125146,66.42283419391853,59.96641499205158,4241
21,395,Kesinga (NAC),19239,13042,1,67.7893861427309,Small,56.61332257272819,67.7893861427309,59.966141643728996,4242
33,612,Thadikombu (TP),18838,12835,1,68.13355982588385,Small,56.46561959012091,68.13355982588385,59.966001660849784,4243
9,188,Barhalganj (NP),21290,14079,1,66.12963832785346,Small,57.32365856987067,66.12963832785346,59.9654524972655,4244
24,491,Sanjan (CT),15544,11079,1,71.27509006690684,Small,55.11785049689827,71.27509006690684,59.96502236790084,4245
9,153,Mohammadi (NPP),44968,24232,1,53.88720868172923,Small,62.5669659612561,53.88720868172923,59.96303877739803,4246
9,191,Amilo (CT),30339,18301,1,60.321698144302715,Small,59.807429315973806,60.321698144302715,59.961709964472476,4247
3,36,Sultanpur (M Cl),16877,11799,1,69.91171416720981,Small,55.694797863805775,69.91171416720981,59.95987275482698,4248
27,516,Eklahare (CT),9376,7456,1,79.5221843003413,Small,51.573083994023314,79.5221843003413,59.957814085918706,4249
9,172,Kora Jahanabad (NP),26359,16502,1,62.60480291361584,Small,58.8213106070603,62.60480291361584,59.95635829902696,4250
28,545,Bandarulanka (CT),11470,8742,1,76.21621621621621,Small,52.98657656134611,76.21621621621621,59.955468457807136,4251
9,166,Moth (NP),12947,9611,1,74.23341314590253,Small,53.83594762125116,74.23341314590253,59.95518727864657,4252
18,311,Simaluguri (TC),8286,6756,1,81.53511947863866,Small,50.70651336998711,81.53511947863866,59.95509520258257,4253
19,337,Sonatikiri (CT),6919,5845,1,84.47752565399624,Small,49.44232071806466,84.47752565399624,59.95288219884414,4254
23,441,Rajpur (NP),20947,13897,1,66.34362915930683,Small,57.209763634822885,66.34362915930683,59.949923292168066,4255
18,322,Azara (CT),8780,7074,1,80.56947608200456,Small,51.11256382455166,80.56947608200456,59.94963750178752,4256
10,237,Warisaliganj (NP),34056,19885,1,58.38912379610054,Small,60.617875712016236,58.38912379610054,59.94925013724152,4257
21,396,Chandili (CT),18552,12675,1,68.32147477360931,Small,56.3583417107131,68.32147477360931,59.94728162958195,4258
21,386,Dungamal (CT),6271,5397,1,86.0628288949131,Small,48.75283004422483,86.0628288949131,59.945829699431314,4259
33,627,Athur (TP),10138,7928,1,78.20082856579207,Small,52.12098156488392,78.20082856579207,59.944935665156365,4260
33,628,Gopalasamudram (TP),10694,8269,1,77.32373293435572,Small,52.49536759783855,77.32373293435572,59.9438771987937,4261
3,46,Goniana (M Cl),15208,10883,1,71.56102051551815,Small,54.964611492832525,71.56102051551815,59.94353419963821,4262
3,39,Rahon (M Cl),15676,11140,1,71.06404695075274,Small,55.17714714877734,71.06404695075274,59.94321708936995,4263
27,530,Murgud (M Cl),11194,8570,1,76.55887082365554,Small,52.81578357325885,76.55887082365554,59.938709748377846,4264
33,602,Nadukuthagai (CT),9251,7371,1,79.67787266241487,Small,51.478972783212086,79.67787266241487,59.93864274697292,4265
19,329,Kharimala Khagrabari (CT),7844,6461,1,82.36868944416115,Small,50.32213659425515,82.36868944416115,59.93610244922695,4266
7,90,Qadi Pur (CT),18369,12572,1,68.44139582993087,Small,56.28882774933608,68.44139582993087,59.934598173514516,4267
19,336,Kshidirpur (CT),10556,8181,1,77.50094732853353,Small,52.404292477012625,77.50094732853353,59.9332889324689,4268
33,628,Alwarkurichi (TP),10045,7866,1,78.30761572921851,Small,52.056360867499215,78.30761572921851,59.931737326015,4269
33,610,Kodumudi (TP),13225,9761,1,73.80718336483932,Small,53.9849198798794,73.80718336483932,59.93159892536737,4270
29,575,Beltangadi (TP),7746,6393,1,82.53292021688613,Small,50.23398212373834,82.53292021688613,59.92366355168268,4271
33,609,Paramathi (TP),11986,9036,1,75.38795261137994,Small,53.2951390670647,75.38795261137994,59.92298313035927,4272
19,345,Shantipur (CT),9746,7677,1,78.7707777549764,Small,51.84447256816661,78.7707777549764,59.922364124209544,4273
27,527,Hajarmachi (CT),9317,7407,1,79.49983900397125,Small,51.528820840016664,79.49983900397125,59.92012628920303,4274
9,200,Renukoot (NP + OG),20076,13434,1,66.9157202630006,Small,56.9119468272073,66.9157202630006,59.91307885794528,4275
29,575,Manjanady (CT),10401,8078,1,77.66560907605037,Small,52.3005674800344,77.66560907605037,59.91007995883919,4276
15,282,N. Kawnpui (NT),7732,6380,1,82.51422659079152,Small,50.2212976757957,82.51422659079152,59.909176350294445,4277
33,608,Ethapur (TP),10968,8422,1,76.78701677607586,Small,52.67276589525546,76.78701677607586,59.907041159501574,4278
27,527,Kolki (CT),8054,6591,1,81.83511298733549,Small,50.50738812177153,81.83511298733549,59.905705581440714,4279
29,579,Chincholi (TP),20897,13841,1,66.23438771115471,Small,57.193005308881006,66.23438771115471,59.90542002956312,4280
23,423,Pichhore (NP),18127,12428,1,68.56071054228498,Small,56.19583115672382,68.56071054228498,59.90529497239217,4281
32,594,Minalur (CT),6120,5283,1,86.32352941176471,Small,48.581932287098226,86.32352941176471,59.90441142449817,4282
20,358,Rerma (CT),12497,9327,1,74.63391213891335,Small,53.587889960547784,74.63391213891335,59.90169661405745,4283
26,496,Samarvarni (CT),12553,9359,1,74.55588305584322,Small,53.61924163349481,74.55588305584322,59.900234060199324,4284
33,609,Chinnamudalaipatti (CT),8928,7154,1,80.12992831541219,Small,51.2297746264468,80.12992831541219,59.89982073313641,4285
9,161,Lakhna (NP),10902,8379,1,76.85745734727573,Small,52.63044341323122,76.85745734727573,59.89854759344456,4286
19,336,Karimpur (CT),9661,7616,1,78.83241900424387,Small,51.78304930077415,78.83241900424387,59.897860211815065,4287
23,447,Chicholi (NP),9282,7377,1,79.47640594699418,Small,51.50243039967081,79.47640594699418,59.89462306386781,4288
29,562,Kundgol (TP),18726,12731,1,67.98568834775179,Small,56.42380395206267,67.98568834775179,59.89236927076941,4289
9,148,Kuraoali (NP),24969,15799,1,63.2744603308102,Small,58.44141515027375,63.2744603308102,59.89132870443468,4290
8,105,Nagar (M),25572,16079,1,62.877365868919135,Small,58.60875187919103,62.877365868919135,59.88933607610946,4291
9,146,Dehtora (CT),16020,11298,1,70.52434456928839,Small,55.32936234250503,70.52434456928839,59.88785701054003,4292
3,41,Mullanpur Dakha (NP),16356,11475,1,70.15774027879678,Small,55.47491469258555,70.15774027879678,59.87976236844892,4293
32,594,Akathiyoor (CT),5847,5086,1,86.98477851889858,Small,48.26197317479374,86.98477851889858,59.87881477802519,4294
10,222,Balia (NP),47550,25045,1,52.67087276550999,Small,62.95848038944424,52.67087276550999,59.872198102263965,4295
19,336,Hijuli (CT),13969,10156,1,72.70384422650153,Small,54.36870722769551,72.70384422650153,59.86924832733731,4296
9,197,Susuwahi (CT),10454,8096,1,77.44404055863784,Small,52.33620761466773,77.44404055863784,59.86855749785876,4297
5,58,Rudraprayag (NPP),9313,7388,1,79.32996886073231,Small,51.525809811315895,79.32996886073231,59.86705752614081,4298
20,364,Arsande (CT),9582,7556,1,78.85618868712169,Small,51.72547535585549,78.85618868712169,59.86468935523534,4299
9,187,Anandnagar (NP),10113,7885,1,77.96895085533471,Small,52.1036688475134,77.96895085533471,59.86325344985979,4300
11,244,Rangpo (NP),10450,8091,1,77.42583732057416,Small,52.33352410339941,77.42583732057416,59.861218068551835,4301
27,521,Shivatkar (Nira) (CT),11228,8561,1,76.24688279301746,Small,52.8370493151203,76.24688279301746,59.85999935848944,4302
28,537,Badangpet (CT),15913,11223,1,70.52724187771004,Small,55.28236937668692,70.52724187771004,59.85583112699386,4303
22,412,Nagari (NP),13308,9774,1,73.44454463480614,Small,54.02879060265329,73.44454463480614,59.853516812299134,4304
5,60,Doiwala (NP),8709,7000,1,80.3766218854059,Small,51.05563129673711,80.3766218854059,59.85192847333774,4305
33,612,Agaram (TP),15610,11055,1,70.81998718770019,Small,55.147561496444276,70.81998718770019,59.849289203821044,4306
28,532,Singapur (CT),20061,13383,1,66.71152983400629,Small,56.90670552618128,66.71152983400629,59.848152818528774,4307
5,57,Karnaprayag (NP),8297,6733,1,81.14981318548872,Small,50.715815697923304,81.14981318548872,59.84601494419293,4308
33,629,Maruthancode (CT),8277,6720,1,81.18883653497645,Small,50.698893185521385,81.18883653497645,59.8458761903579,4309
29,570,Narasimharajapura (TP),7458,6182,1,82.89085545722715,Small,49.9683113305738,82.89085545722715,59.8450745685698,4310
19,338,Basai (CT),8772,7038,1,80.23255813953489,Small,51.10617194922128,80.23255813953489,59.84408780631536,4311
33,632,Othakalmandapam (TP),12207,9133,1,74.81772753338248,Small,53.42325203677102,74.81772753338248,59.84159468575445,4312
1,16,Bhaderwah (MC),11084,8467,1,76.38939011187297,Small,52.74653746025826,76.38939011187297,59.83939325574267,4313
9,201,Aliganj (NPP),28396,17320,1,60.99450626848852,Small,59.34330545299722,60.99450626848852,59.83866569764461,4314
2,30,Ghumarwin (M Cl),7899,6471,1,81.92176224838587,Small,50.37112983456051,81.92176224838587,59.83631955870811,4315
9,163,Rasulabad (NP),22196,14431,1,65.01621913858354,Small,57.61589609351374,65.01621913858354,59.83599300703467,4316
14,275,Bishnupur (MCI),12167,9106,1,74.84178515657105,Small,53.40023696610871,74.84178515657105,59.832701423247414,4317
8,99,Padampur (M),18420,12534,1,68.04560260586318,Small,56.30826985211313,68.04560260586318,59.82946967823814,4318
28,543,Nellimarla (CT),20498,13589,1,66.29427261196214,Small,57.05781926840745,66.29427261196214,59.82875527147385,4319
27,520,Talode Panchnad (CT),14318,10331,1,72.15393211342366,Small,54.541746324146956,72.15393211342366,59.82540206092997,4320
19,340,Jhalda (M),19544,13106,1,67.05894392140812,Small,56.72361847272596,67.05894392140812,59.8242161073306,4321
23,439,Sawer (NP),16150,11334,1,70.17956656346749,Small,55.38603610276537,70.17956656346749,59.82409524097601,4322
9,196,Saiyad Raza (NP),18315,12475,1,68.1135681135681,Small,56.26818307271534,68.1135681135681,59.82179858497116,4323
33,617,Usuppur (CT),8221,6677,1,81.21882982605523,Small,50.65129174199418,81.21882982605523,59.82155316721249,4324
6,73,Pundri (MC),18872,12761,1,67.6186943620178,Small,56.478264444789815,67.6186943620178,59.82039341995821,4325
27,504,Warud (CT),6386,5450,1,85.34293767616661,Small,48.88024627705466,85.34293767616661,59.819053696788245,4326
8,126,Bari Sadri (M),15713,11094,1,70.60395850569591,Small,55.1936786063546,70.60395850569591,59.816762576157,4327
10,206,Bairgania (NP),42895,23234,1,54.16482107471733,Small,62.23600378673121,54.16482107471733,59.81464897312705,4328
27,508,Kurkheda (CT),7430,6155,1,82.83983849259758,Small,49.94193719597837,82.83983849259758,59.811307584964126,4329
33,628,Sankarnagar (TP),7095,5931,1,83.59408033826638,Small,49.618447654007234,83.59408033826638,59.81113745928498,4330
19,338,Garalgachha (CT),5411,4763,1,88.02439475143227,Small,47.718623186129896,88.02439475143227,59.8103546557206,4331
24,479,Vanthali (M),14554,10454,1,71.82905043287069,Small,54.65638445459676,71.82905043287069,59.80818424807893,4332
24,472,Meghraj (CT),11363,8622,1,75.87784915955294,Small,52.92085614394898,75.87784915955294,59.807954048630165,4333
19,337,Chatta Baria (CT),12537,9310,1,74.26018983807928,Small,53.610298305980955,74.26018983807928,59.80526576561045,4334
32,594,Muringur Vadakkummuri (CT),4981,4451,1,89.35956635213812,Small,47.13806191407284,89.35956635213812,59.80451324549243,4335
10,222,Bakhri (NP),40043,22122,1,55.24561096820918,Small,61.75353288791708,55.24561096820918,59.80115631200471,4336
22,416,Dantewada (NP),13633,9935,1,72.87464241179491,Small,54.197979884799366,72.87464241179491,59.80097864289803,4337
15,281,Mamit (NT),7884,6451,1,81.82394723490614,Small,50.357801951417294,81.82394723490614,59.797645536463946,4338
23,447,Athner (NP),11915,8944,1,75.0650440621066,Small,53.25347884436472,75.0650440621066,59.79694840968728,4339
20,358,Hussainabad (NP),29241,17651,1,60.3638726445744,Small,59.54893511430734,60.3638726445744,59.79341637338746,4340
19,337,Bhatenda (CT),6349,5419,1,85.35202394077808,Small,48.83950354295733,85.35202394077808,59.793259662303555,4341
18,322,Dharapur (CT),8095,6587,1,81.37121680049412,Small,50.54299219988489,81.37121680049412,59.79145958006765,4342
8,109,Mahwa (CT),24846,15655,1,63.00813008130082,Small,58.40678592336969,63.00813008130082,59.78718917074903,4343
23,439,Bank (CT),18534,12566,1,67.79971943455271,Small,56.3515347460256,67.79971943455271,59.785990152583736,4344
21,388,Bhabinipur (CT),10411,8041,1,77.23561617519931,Small,52.30730591212425,77.23561617519931,59.78579899104676,4345
5,61,Lansdowne (CB),5667,4940,1,87.17134286218457,Small,48.042732771203106,87.17134286218457,59.781315798497545,4346
9,148,Bhogaon (NP),30874,18345,1,59.41892854829306,Small,59.93000980756891,59.41892854829306,59.77668542978615,4347
33,602,Kadambathur (CT),11235,8533,1,75.95015576323988,Small,52.84141956232644,75.95015576323988,59.77404042260047,4348
30,585,Reis Magos (CT),8053,6555,1,81.39823668198187,Small,50.50651746738636,81.39823668198187,59.774033231765,4349
5,68,Rawali Mahdood (CT),17467,12005,1,68.72960439686265,Small,55.93575119931282,68.72960439686265,59.77390715857777,4350
29,583,Basettihalli (CT),7943,6483,1,81.6190356288556,Small,50.410079464151345,81.6190356288556,59.77276631356261,4351
32,594,Venginissery (CT),5533,4843,1,87.52936923911079,Small,47.87495117612769,87.52936923911079,59.77127659502262,4352
5,60,Herbertpur (NP),9782,7650,1,78.20486608055613,Small,51.8703258167527,78.20486608055613,59.77068789589372,4353
9,146,Kheragarh (NP),21470,14028,1,65.33768048439683,Small,57.38269654227196,65.33768048439683,59.76919172490942,4354
19,341,Bagnan (CT),10996,8388,1,76.28228446707894,Small,52.69064400751687,76.28228446707894,59.76813614538549,4355
9,134,Alhaipur (CT),9064,7200,1,79.4351279788173,Small,51.33578145329165,79.4351279788173,59.76558541094935,4356
18,310,Chabua (TC),8966,7138,1,79.61186705331251,Small,51.25955585783723,79.61186705331251,59.76524921647981,4357
23,451,Patan (NP),14624,10471,1,71.60147702407002,Small,54.69003002986687,71.60147702407002,59.763464128127815,4358
19,338,Amodghata (CT),7910,6459,1,81.65613147914033,Small,50.3808875419219,81.65613147914033,59.76346072308743,4359
8,130,Bhinder (M),17878,12213,1,68.31301040384831,Small,56.09883965041145,68.31301040384831,59.763090876442504,4360
27,517,Salwad (CT),10397,8024,1,77.17610849283447,Small,52.29787029317947,77.17610849283447,59.76134175307597,4361
28,549,Pamur (CT),20000,13294,1,66.47,Small,56.88535045239804,66.47,59.76074531667862,4362
9,150,Faridpur (NPP),78249,34533,1,44.13219338266304,Growing,66.45154130204854,44.13219338266304,59.755736926232885,4363
8,105,Bhusawar (M),19946,13263,1,66.49453524516193,Small,56.8663915427949,66.49453524516193,59.75483465350501,4364
23,442,Khilchipur (NP),18928,12747,1,67.34467455621301,Small,56.49904168877215,67.34467455621301,59.75273154900441,4365
33,629,Choozhal (CT),6807,5723,1,84.07521668870281,Small,49.32789207159551,84.07521668870281,59.752089456727695,4366
11,243,Jorethang (NP),9009,7161,1,79.48717948717949,Small,51.29310384267922,79.48717948717949,59.7513265360293,4367
5,65,Lohaghat (NP),7926,6466,1,81.57961140550088,Small,50.39505637762737,81.57961140550088,59.75042288598942,4368
9,177,Gosainganj (NP),12931,9512,1,73.55966282576753,Small,53.827276602234406,73.55966282576753,59.74699246929434,4369
6,75,Panipat Taraf Rajputan (CT),28803,17412,1,60.45203624622435,Small,59.44310130488757,60.45203624622435,59.74578178728861,4370
33,613,Puliyur (TP),12720,9390,1,73.82075471698113,Small,53.711913092311306,73.82075471698113,59.744565579712244,4371
9,179,Korwa (CT),6524,5528,1,84.73329245861436,Small,49.030151401294404,84.73329245861436,59.74109371849039,4372
33,629,Gandipuram (CT),6106,5239,1,85.80085162135605,Small,48.56587444555313,85.80085162135605,59.736367598293995,4373
29,569,Mallar (CT),7765,6357,1,81.86735350933677,Small,50.25116011582431,81.86735350933677,59.73601813387805,4374
29,562,Kalghatgi (TP),16917,11694,1,69.12573151267955,Small,55.7113979088073,69.12573151267955,59.73569798996897,4375
9,143,Khair (NPP),35751,20334,1,56.876730720819005,Small,60.95848620704166,56.876730720819005,59.733959561174856,4376
17,298,Lawsohtun (CT),8214,6648,1,80.93498904309715,Small,50.64531877817815,80.93498904309715,59.732219857653845,4377
22,412,Kurud (NP),13783,9987,1,72.458826090111,Small,54.27471147391793,72.458826090111,59.72994585877585,4378
9,139,Agarwal Mandi (Tatiri) (NP),13873,10036,1,72.34195920132632,Small,54.32035063394004,72.34195920132632,59.72683320415592,4379
8,129,Aklera (M),26240,16246,1,61.91310975609756,Small,58.78958075301492,61.91310975609756,59.72663945393971,4380
28,547,Kankipadu (CT),14616,10448,1,71.48330596606459,Small,54.686192981286716,71.48330596606459,59.725326876720075,4381
24,481,Vartej (CT),11354,8585,1,75.61211907697728,Small,52.915300074145854,75.61211907697728,59.72434577499528,4382
21,388,Khalikote (NAC),13022,9554,1,73.36814621409921,Small,53.87645071256897,73.36814621409921,59.72395936302804,4383
33,620,Annalagraharam (CT),11129,8450,1,75.92775631233714,Small,52.774948109798004,75.92775631233714,59.72079057055974,4384
23,422,Seondha (NP),23140,14797,1,63.94554883318928,Small,57.90796597912477,63.94554883318928,59.71924083534412,4385
18,316,Kanakpur Pt. II (CT),9519,7470,1,78.47462968799243,Small,51.67922075677666,78.47462968799243,59.71784343614139,4386
23,440,Kasrawad (NP),22750,14609,1,64.21538461538462,Small,57.78877251276955,64.21538461538462,59.716756143554065,4387
5,60,Natthuwa Wala (CT),9206,7274,1,79.01368672604822,Small,51.44478117117593,79.01368672604822,59.71545283763761,4388
29,584,Bidadi (CT),9917,7715,1,77.7957043460724,Small,51.966435394212205,77.7957043460724,59.71521607977026,4389
19,333,Islampur (CT),15019,10664,1,71.00339569878155,Small,54.87691988047905,71.00339569878155,59.71486262596979,4390
33,611,Kilkunda (TP),8886,7072,1,79.58586540625703,Small,51.196710712375356,79.58586540625703,59.71345712053986,4391
27,523,Ashti (CT),11972,8944,1,74.7076511861009,Small,53.2869439408976,74.7076511861009,59.713156114458585,4392
24,481,Dhasa Vishi (CT),14448,10349,1,71.62929125138427,Small,54.60512614556367,71.62929125138427,59.71237567730985,4393
16,289,Chandigarh (CT),5607,4884,1,87.10540395933654,Small,47.96810256274081,87.10540395933654,59.70929298171953,4394
9,142,Anupshahr (NPP),29087,17501,1,60.167772544435664,Small,59.511905931634914,60.167772544435664,59.70866591547514,4395
33,608,Yercaud (CT),11582,8713,1,75.22880331548956,Small,53.054714583524365,75.22880331548956,59.706941203113914,4396
19,341,Basantapur (CT),13183,9638,1,73.10930744140181,Small,53.96261521882487,73.10930744140181,59.70662288559795,4397
23,436,Susner (NP),16432,11421,1,69.50462512171373,Small,55.50742247363735,69.50462512171373,59.70658326806026,4398
3,49,Budha Theh (CT),10979,8355,1,76.09982694234448,Small,52.67979487603435,76.09982694234448,59.70580449592738,4399
3,43,Talwandi Bhai (M Cl),17285,11869,1,68.66647382123229,Small,55.862302360535466,68.66647382123229,59.70355379874451,4400
33,628,Terkukallikulam (CT),5980,5144,1,86.0200668896321,Small,48.41967484164264,86.0200668896321,59.699792456039475,4401
9,141,Chhapraula (CT),15154,10728,1,70.79318991685363,Small,54.939668439941194,70.79318991685363,59.69572488301492,4402
5,65,Tanakpur (NPP),17626,12042,1,68.31952797004426,Small,55.999294419777755,68.31952797004426,59.695364484857706,4403
23,446,Gairatganj (NP),18184,12328,1,67.79586449626045,Small,56.21784660106971,67.79586449626045,59.691251969626926,4404
19,337,Bishnupur (CT),12660,9332,1,73.7124802527646,Small,53.678758736633206,73.7124802527646,59.688875191472626,4405
20,364,Bundu (NP),21054,13764,1,65.37475064120832,Small,57.245492463569725,65.37475064120832,59.6842699168613,4406
21,385,Khandapada (NAC),9038,7159,1,79.21000221287896,Small,51.31563894837585,79.21000221287896,59.68394792772678,4407
23,441,Khetia (NP),15744,11041,1,70.12830284552845,Small,55.207499346250465,70.12830284552845,59.683740396033855,4408
19,337,Noapara (P) (CT),10819,8251,1,76.2639800351234,Small,52.57685452140579,76.2639800351234,59.682992175521065,4409
8,118,Jaitaran (M),22621,14521,1,64.19256443128066,Small,57.748896864368135,64.19256443128066,59.681997134441886,4410
21,385,Itamati (CT),10317,7948,1,77.03789861393815,Small,52.24370755445026,77.03789861393815,59.681964872296625,4411
24,478,Kutiyana (M),16581,11486,1,69.27205838007357,Small,55.57072080887492,69.27205838007357,59.681122080234516,4412
19,344,Deuli (CT),9007,7138,1,79.24947263239702,Small,51.29154702488253,79.24947263239702,59.67892470713687,4413
29,579,Jevargi (TP),25686,15950,1,62.09608346959433,Small,58.639943743879364,62.09608346959433,59.676785661593854,4414
32,594,Choolissery (CT),5441,4760,1,87.48391839735343,Small,47.75738882236063,87.48391839735343,59.675347694858466,4415
33,607,Vikravandi (TP),12022,8956,1,74.49675594742972,Small,53.31616837782632,74.49675594742972,59.67034464870734,4416
9,146,Etmadpur (NPP),21897,14161,1,64.67095949216788,Small,57.52079119851391,64.67095949216788,59.665841686610094,4417
33,618,Kilvelur (TP),8272,6667,1,80.59719535783366,Small,50.69465616905732,80.59719535783366,59.665417925690214,4418
29,558,Chitgoppa (TMC),25298,15761,1,62.30136769705115,Small,58.53320955836341,62.30136769705115,59.663656999969724,4419
19,337,Dhakuria (CT),10165,7849,1,77.21593703885883,Small,52.13963141728256,77.21593703885883,59.66252310375543,4420
3,52,Balongi (CT),15982,11157,1,69.80978600926042,Small,55.31270928768626,69.80978600926042,59.66183230415851,4421
33,624,Thamaraikulam (TP),12372,9154,1,73.9896540575493,Small,53.51739877820617,73.9896540575493,59.659075362009105,4422
32,594,Kumaranellur (CT),7553,6198,1,82.06010856613266,Small,50.057062950790396,82.06010856613266,59.65797663539307,4423
14,277,Mayang Imphal (MCl),24239,15266,1,62.98114608688478,Small,58.233342150878784,62.98114608688478,59.65768333168057,4424
21,383,Saranga (CT),6426,5443,1,84.70276999688764,Small,48.92402781920776,84.70276999688764,59.65765047251172,4425
28,542,Palakonda (CT),20760,13601,1,65.51541425818883,Small,57.14688123440313,65.51541425818883,59.65744114153884,4426
9,193,Chitbara Gaon (NP),21879,14145,1,64.65103523927054,Small,57.51502445035879,64.65103523927054,59.655827687032314,4427
27,529,Kalmath (CT),8011,6496,1,81.08850330795157,Small,50.46985202833654,81.08850330795157,59.655447412221044,4428
9,147,Tundla Railway Colony (CT),7404,6099,1,82.37439222042138,Small,49.91735779239189,82.37439222042138,59.65446812080073,4429
18,321,Bamun Sualkuchi (CT),7628,6246,1,81.88253801782905,Small,50.12634513589202,81.88253801782905,59.65320300047313,4430
2,31,Parwanoo (M Cl),8758,6973,1,79.61863439141356,Small,51.09497212932887,79.61863439141356,59.652070807954274,4431
8,127,Kaithoon (M),24260,15271,1,62.9472382522671,Small,58.23941486730384,62.9472382522671,59.65176188279281,4432
33,624,Kamayagoundanpatti (TP),16134,11232,1,69.61695797694311,Small,55.37908553713527,69.61695797694311,59.65044726907762,4433
33,607,Sankarapuram (TP),15664,10980,1,70.097037793667,Small,55.171777214953835,70.097037793667,59.649355388567784,4434
1,8,Pattan (MC),19538,12988,1,66.47558603746545,Small,56.72146536072368,66.47558603746545,59.64770156374621,4435
3,51,Nehon (CT),9439,7398,1,78.37694671045662,Small,51.62004162299295,78.37694671045662,59.647113149232055,4436
23,457,Lanji (NP),13558,9823,1,72.45168903968137,Small,54.15929693228561,72.45168903968137,59.64701456450433,4437
28,547,Prasadampadu (CT),13941,10036,1,71.98909690839969,Small,54.35463763279134,71.98909690839969,59.64497541547384,4438
33,629,Putheri (CT),5576,4850,1,86.97991391678622,Small,47.92923017749782,86.97991391678622,59.64443529928434,4439
8,112,Borawar (CT),24975,15596,1,62.446446446446444,Small,58.44310001451194,62.446446446446444,59.644103944092286,4440
19,338,Kumirmora (CT),12208,9053,1,74.15629095674967,Small,53.42382644687383,74.15629095674967,59.64356579983658,4441
30,585,Chimbel (CT),15289,10774,1,70.46896461508274,Small,55.001860509531994,70.46896461508274,59.64199174119722,4442
9,169,Kul Pahar (NP),20096,13262,1,65.99323248407643,Small,56.91892914046033,65.99323248407643,59.641220143545155,4443
33,613,Aravakurichi (TP),12412,9169,1,73.87205929745407,Small,53.540033142199675,73.87205929745407,59.639640988775994,4444
16,289,Gakulnagar (CT),11369,8561,1,75.30125780631542,Small,52.9245577464294,75.30125780631542,59.6375677643952,4445
9,191,Bilariaganj (NP),13096,9558,1,72.98411728772145,Small,53.916185791656815,72.98411728772145,59.6365652404762,4446
19,338,Chikrand (CT),10375,7966,1,76.78072289156627,Small,52.28301719374028,76.78072289156627,59.63232890308807,4447
9,142,Shikarpur (NPP),37969,21088,1,55.54004582685875,Small,61.380580901862714,55.54004582685875,59.62842037936152,4448
9,145,Govardhan (NP),22576,14459,1,64.04588944011338,Small,57.73493323851795,64.04588944011338,59.62822009899658,4449
19,343,Fatepur (CT),8105,6549,1,80.80197409006786,Small,50.55164876898355,80.80197409006786,59.62674636530884,4450
6,80,Uklana Mandi (CT),13219,9623,1,72.7967319767002,Small,53.98173783986277,72.7967319767002,59.626236080914,4451
17,296,Mairang (TC),14363,10259,1,71.4265821903502,Small,54.56375037651576,71.4265821903502,59.62259992066609,4452
1,14,Bijbehara (MC),22789,14556,1,63.872921146167,Small,57.8007834396519,63.872921146167,59.62242475160643,4453
33,618,Velankanni (TP),11108,8401,1,75.63017644940582,Small,52.76170412902238,75.63017644940582,59.622245825137405,4454
33,620,Thiruppanandal (TP),11169,8437,1,75.53943952010029,Small,52.80010575377043,75.53943952010029,59.621905883669385,4455
33,632,Pattanam (CT),9196,7239,1,78.71900826446281,Small,51.437160342631614,78.71900826446281,59.62171471918097,4456
19,335,Dhatrigram (CT),9951,7704,1,77.41935483870968,Small,51.99043454345631,77.41935483870968,59.61911063203232,4457
33,605,Thakkolam (TP),13983,10047,1,71.8515340055782,Small,54.37573145381823,71.8515340055782,59.618472219346216,4458
33,624,Thevaram (TP),16079,11185,1,69.56278375520866,Small,55.35514028863341,69.56278375520866,59.61743332860598,4459
9,187,Nichlaul (NP),18414,12400,1,67.34006734006735,Small,56.305985341591345,67.34006734006735,59.616209941134144,4460
9,166,Barua Sagar (NPP),25028,15596,1,62.31420808694262,Small,58.45796542729874,62.31420808694262,59.6148382251919,4461
33,625,Sivagnanapuram (CT),10107,7797,1,77.14455327990501,Small,52.099507427707955,77.14455327990501,59.61302118336707,4462
19,337,Ruiya (CT),17661,12010,1,68.00294434063755,Small,56.01320493474004,68.00294434063755,59.61012675650929,4463
24,491,Umbergaon (INA),6976,5804,1,83.19954128440367,Small,49.49984756969151,83.19954128440367,59.60975568410515,4464
16,289,Bankimnagar (CT),11949,8889,1,74.39116244037159,Small,53.27345969380225,74.39116244037159,59.60877051777305,4465
33,621,Iluppur (TP),14127,10122,1,71.65003185389679,Small,54.44757519160534,71.65003185389679,59.60831219029277,4466
9,156,Purwa (NP),24467,15330,1,62.655822127763926,Small,58.29899477574537,62.655822127763926,59.60604298135094,4467
28,552,Banaganapalle (CT),20749,13559,1,65.34772760133019,Small,57.143164651092434,65.34772760133019,59.60453353616376,4468
9,163,Akbarpur (NP),20445,13407,1,65.57593543653705,Small,57.039664546140614,65.57593543653705,59.600545813259544,4469
9,197,Bhagawanpur (CT),7269,5996,1,82.48727472829826,Small,49.78833029232746,82.48727472829826,59.5980136231187,4470
9,162,Phaphund (NP),17637,11990,1,67.98208312071215,Small,56.003669269946556,67.98208312071215,59.59719342517623,4471
33,614,Thathaiyangarpet (TP),12980,9475,1,72.99691833590138,Small,53.853797808628116,72.99691833590138,59.59673396681009,4472
8,130,Bargaon (Rural) (CT),9193,7229,1,78.63591863374306,Small,51.434872478198415,78.63591863374306,59.59518632486181,4473
19,337,Sadpur (CT),7773,6325,1,81.37141386851924,Small,50.25838038491655,81.37141386851924,59.59229042999735,4474
19,341,Argari (CT),10715,8156,1,76.11759216052263,Small,52.50912374633096,76.11759216052263,59.59166427058846,4475
19,334,Karidhya (CT),10466,8005,1,76.48576342442193,Small,52.34425199264917,76.48576342442193,59.586705422181,4476
28,543,Sriramnagar (CT),18893,12623,1,66.81310538294608,Small,56.48606312700659,66.81310538294608,59.584175803788426,4477
6,84,Kanina (MC),12989,9472,1,72.9232427438602,Small,53.85865816626959,72.9232427438602,59.578033539546766,4478
9,155,Bilgram (NPP),29768,17663,1,59.33552808384843,Small,59.67419256247639,59.33552808384843,59.572593218888,4479
19,337,Balibhara (CT),8521,6799,1,79.79110433047765,Small,50.902609334129366,79.79110433047765,59.56915783303385,4480
23,420,Mihona (NP),16935,11609,1,68.55033953351048,Small,55.718855128347045,68.55033953351048,59.56830044989607,4481
9,134,Kiratpur (NPP + OG),61946,29319,1,47.32993252187389,Growing,64.81316999724982,47.32993252187389,59.56819875463704,4482
24,479,Bhalpara (CT),14676,10403,1,70.88443717634233,Small,54.71491980128837,70.88443717634233,59.565775013804554,4483
27,530,Morewadi (CT),7222,5957,1,82.48407643312102,Small,49.74284662641483,82.48407643312102,59.56521556842668,4484
33,629,Muzhucode (CT),8000,6464,1,80.80000000000001,Small,50.460217412058086,80.80000000000001,59.562152188440656,4485
9,139,Baghpat (NPP),50310,25510,1,50.70562512422978,Growing,63.35414258301918,50.70562512422978,59.55958734538236,4486
5,68,Manglaur (NPP),52971,26411,1,49.85935700666403,Growing,63.71557451942236,49.85935700666403,59.55870926559486,4487
7,92,Mir Pur Turk (CT),19098,12710,1,66.5514713582574,Small,56.561740990170065,66.5514713582574,59.558660100596256,4488
33,618,Tittacheri (TP),9245,7250,1,78.42076798269335,Small,51.47442352211428,78.42076798269335,59.558326860288,4489
24,491,Balitha (CT),12380,9117,1,73.64297253634895,Small,53.52193149920834,73.64297253634895,59.558243810350525,4490
7,98,Maidan Garhi (CT),11111,8379,1,75.41175411754118,Small,52.7635976583268,75.41175411754118,59.558044596091115,4491
23,451,Katangi (NP),19040,12679,1,66.59138655462185,Small,56.54041240672786,66.59138655462185,59.55570465109605,4492
18,301,Mankachar (CT),26162,16058,1,61.37909945722804,Small,58.76870486982371,61.37909945722804,59.551823246045004,4493
28,549,Cumbum (CT),15169,10663,1,70.29467993934999,Small,54.94660596967733,70.29467993934999,59.55102816057912,4494
8,122,Jahazpur (M),20586,13442,1,65.29680365296804,Small,57.08785953947193,65.29680365296804,59.55054277352076,4495
27,505,Waghoda (CT),7628,6219,1,81.52857891976927,Small,50.12634513589202,81.52857891976927,59.54701527105519,4496
23,455,Lodhikheda (NP),9950,7679,1,77.17587939698493,Small,51.98972985715352,77.17587939698493,59.54557471910294,4497
27,520,Mhasla (CT),9679,7513,1,77.62165512966216,Small,51.796101558006505,77.62165512966216,59.5437676295032,4498
33,625,Seithur (TP),20228,13261,1,65.55764287126755,Small,56.96483886735155,65.55764287126755,59.54268006852635,4499
21,378,Dhamanagar (NAC),22920,14554,1,63.49912739965096,Small,57.84097789378587,63.49912739965096,59.53842274554539,4500
29,569,Sanoor (CT),6881,5724,1,83.18558349077169,Small,49.403705628756306,83.18558349077169,59.53826898736092,4501
17,298,Nongmynsong (CT),15017,10574,1,70.41353133115803,Small,54.87598603857924,70.41353133115803,59.537249626352875,4502
19,336,Chapra (CT),14123,10086,1,71.41542165262338,Small,54.44558943887047,71.41542165262338,59.53653910299634,4503
22,417,Bijapur (NP),16129,11168,1,69.24173848347696,Small,55.37691207183464,69.24173848347696,59.53635999532733,4504
19,336,Uttampur (CT),13000,9460,1,72.76923076923076,Small,53.86459403235442,72.76923076923076,59.53598505341732,4505
19,335,Kajora (CT),27275,16539,1,60.63794683776352,Small,59.060860340449494,60.63794683776352,59.53398628964369,4506
5,57,Gochar (NP),8864,7005,1,79.02752707581227,Small,51.17932910295862,79.02752707581227,59.533788494814715,4507
10,231,Jagdishpur (NP),32447,18751,1,57.78962615958332,Small,60.278484278488285,57.78962615958332,59.5318268428168,4508
8,116,Sanchore (M),32875,18927,1,57.57262357414449,Small,60.37037921587262,57.57262357414449,59.53105252335418,4509
28,536,Osmania University (CT),6762,5642,1,83.4368530020704,Small,49.28138525342053,83.4368530020704,59.52802557801549,4510
10,218,Maharajganj (NP),24282,15181,1,62.519561815336466,Small,58.24577112541037,62.519561815336466,59.52790833238819,4511
29,569,Varamballi (CT),6809,5673,1,83.31619914818621,Small,49.32995189999521,83.31619914818621,59.52582607445251,4512
21,377,Nilagiri (NAC),17264,11752,1,68.07228915662651,Small,55.853777778404854,68.07228915662651,59.519331191871345,4513
10,223,Gogri Jamalpur (NP),37753,20860,1,55.25388710830927,Small,61.34057392316842,55.25388710830927,59.51456787871067,4514
23,437,Kannod (NP),17744,11996,1,67.60595130748422,Small,56.04608283923754,67.60595130748422,59.51404337971154,4515
24,484,Shehera (M),19175,12719,1,66.33116036505868,Small,56.58995666777468,66.33116036505868,59.512317776959875,4516
22,413,Bhanupratappur (NP),8125,6530,1,80.36923076923077,Small,50.568929915570834,80.36923076923077,59.50902017166881,4517
23,451,Maharajpur (CT),10728,8132,1,75.80164056674124,Small,52.517625954373806,75.80164056674124,59.50283033808403,4518
33,614,Pullampadi (TP),10241,7838,1,76.53549458060736,Small,52.191862559949,76.53549458060736,59.494952166146504,4519
24,488,Sarangpore (CT),16671,11430,1,68.56217383480295,Small,55.608679746583356,68.56217383480295,59.49472797304923,4520
24,471,Bechar Alias Becharaji (CT),12574,9201,1,73.17480515349133,Small,53.630962468764444,73.17480515349133,59.494115274182505,4521
6,75,Kheri Nangal (131) (CT),18195,12214,1,67.12833195932949,Small,56.22208725115906,67.12833195932949,59.49396066361018,4522
23,438,Rajgarh (NP),20668,13443,1,65.04257789820012,Small,57.1157362598334,65.04257789820012,59.49378875134341,4523
3,52,Banur (M Cl),18775,12505,1,66.60452729693742,Small,56.44212898187967,66.60452729693742,59.49084847639699,4524
27,511,Gokunda (CT),11600,8640,1,74.48275862068967,Small,53.0656038492781,74.48275862068967,59.49075028070156,4525
22,410,Rajim (NP),14090,10046,1,71.29879347054649,Small,54.42918548814768,71.29879347054649,59.49006788286732,4526
22,413,Pakhanjur (NP),10201,7812,1,76.58072737966866,Small,52.164420984191295,76.58072737966866,59.4893129028345,4527
32,594,Eyyal (CT),6727,5609,1,83.38040731381003,Small,49.24499884004446,83.38040731381003,59.48562138217412,4528
19,343,Baharu (CT),16155,11152,1,69.0312596719282,Small,55.3882067425005,69.0312596719282,59.48112262132881,4529
21,388,Purusottampur (NAC),15366,10733,1,69.84901731094625,Small,55.03708756613723,69.84901731094625,59.48066648957993,4530
27,520,Birwadi (CT),8829,6967,1,78.91040887982784,Small,51.15158744476611,78.91040887982784,59.47923387528462,4531
33,629,Midalam (CT),8625,6838,1,79.28115942028985,Small,50.987672112156886,79.28115942028985,59.47571830459677,4532
28,540,Dornakal (CT),14425,10222,1,70.8630849220104,Small,54.59395441873789,70.8630849220104,59.47469356971963,4533
3,50,Bhikhiwind (CT),20526,13360,1,65.08818084380785,Small,57.067391502166764,65.08818084380785,59.47362830465909,4534
21,380,Krushnanandapur (CT),8974,7055,1,78.61600178292846,Small,51.26580950733099,78.61600178292846,59.47086719001023,4535
7,96,Tikri Kalan (CT),16313,11229,1,68.83467173419972,Small,55.45645516206731,68.83467173419972,59.469920133707035,4536
8,103,Mandawa (M),23335,14695,1,62.97407328047997,Small,57.966811504553185,62.97407328047997,59.468990037331224,4537
27,517,Shelar (CT),14899,10474,1,70.30002013557957,Small,54.82066808899803,70.30002013557957,59.46447370297249,4538
27,517,Kasara Bk. (CT),15611,10855,1,69.53430273525079,Small,55.14801069644035,69.53430273525079,59.46389830808348,4539
19,338,Manushpur (CT),8148,6532,1,80.16691212567501,Small,50.58875073023275,80.16691212567501,59.46219914886543,4540
17,297,Nongpoh (TC),17055,11610,1,68.07387862796834,Small,55.76836829522406,68.07387862796834,59.460021395047335,4541
22,408,Ambagarh Chowki (NP),9889,7613,1,76.98452826372737,Small,51.946609532802476,76.98452826372737,59.45798515207994,4542
27,505,Mowad (M Cl),8777,6928,1,78.93357639284494,Small,51.110167553987985,78.93357639284494,59.45719020564508,4543
23,452,Tendukheda (NP),13077,9469,1,72.40957406132905,Small,53.90600500446352,72.40957406132905,59.45707572152318,4544
33,602,Kadhirvedu (CT),7580,6164,1,81.31926121372032,Small,50.08208346162485,81.31926121372032,59.45323678725349,4545
17,298,Umpling (CT),8529,6771,1,79.38797045374605,Small,50.909189382218365,79.38797045374605,59.45282370367667,4546
33,604,Karunguzhi (TP),12485,9133,1,73.15178213856628,Small,53.58115347036949,73.15178213856628,59.45234207082852,4547
1,13,Shupiyan (MC),16360,11244,1,68.72860635696821,Small,55.47662939049405,68.72860635696821,59.45222248043629,4548
9,154,Hargaon (NP),20920,13536,1,64.70363288718929,Small,57.20071911304652,64.70363288718929,59.451593245289345,4549
8,122,Gangapur (M),18777,12481,1,66.46961708473133,Small,56.4428759260926,66.46961708473133,59.45089827368422,4550
9,198,Gyanpur (NP),12808,9315,1,72.72798251093067,Small,53.76025768995032,72.72798251093067,59.450575136244424,4551
19,337,Chandpur (CT),10930,8232,1,75.3156450137237,Small,52.648429609828895,75.3156450137237,59.44859423099733,4552
29,555,Konnur (TP),19386,12783,1,65.93933766635716,Small,56.66669817942247,65.93933766635716,59.44849002550288,4553
9,134,Kiratpur (NPP),61186,28830,1,47.11862190697219,Growing,64.72660237434748,47.11862190697219,59.444208234134884,4554
21,394,Khariar (NAC),15087,10564,1,70.0205474912176,Small,54.908596739845095,70.0205474912176,59.44218196525685,4555
18,309,Bahbari Gaon (CT),6821,5662,1,83.008356545961,Small,49.34229818088905,83.008356545961,59.44211569041063,4556
16,289,Briddhanagar (CT),7041,5808,1,82.48828291435876,Small,49.564877577438466,82.48828291435876,59.44189917851455,4557
33,628,Sivagiri (TP),23040,14535,1,63.0859375,Small,57.877596152367374,63.0859375,59.44009855665716,4558
3,42,Dharamkot (M Cl),19057,12614,1,66.19090098126674,Small,56.54667061116522,66.19090098126674,59.439939722195675,4559
30,586,Cortalim (CT),9080,7111,1,78.31497797356828,Small,51.348148145770345,78.31497797356828,59.43819709410972,4560
8,125,Kushalgarh (M),10666,8072,1,75.67972998312395,Small,52.47698399021136,75.67972998312395,59.43780778808513,4561
27,517,Vangani (CT),12628,9207,1,72.90940766550523,Small,53.6610121124083,72.90940766550523,59.43553077833737,4562
22,411,Bagbahara (NP),19529,12844,1,65.76885657227713,Small,56.7182344527023,65.76885657227713,59.43342108857475,4563
24,469,Ambaji (CT),17753,11951,1,67.31819974088886,Small,56.049638667456904,67.31819974088886,59.430206989486486,4564
24,478,Khapat (CT),16744,11432,1,68.27520305781175,Small,55.639318455807896,68.27520305781175,59.430083836409054,4565
33,625,Mallankinaru (TP),12986,9406,1,72.43184968427538,Small,53.8570384213181,72.43184968427538,59.42948180020528,4566
30,585,Murda (CT),7517,6117,1,81.37554875615271,Small,50.023562795985896,81.37554875615271,59.42915858403593,4567
9,190,Bhatni Bazar (NP),15352,10698,1,69.68473163105784,Small,55.030695794841286,69.68473163105784,59.42690654570625,4568
6,71,Chhachhrauli (CT),10533,7989,1,75.84733694104244,Small,52.388997627468,75.84733694104244,59.42649942154033,4569
33,629,Malayadi (CT),7812,6307,1,80.73476702508961,Small,50.29347313072407,80.73476702508961,59.42586129903373,4570
29,555,Yellur (CT),11850,8758,1,73.90717299578058,Small,53.21512097763118,73.90717299578058,59.422736583076,4571
5,59,Muni Ki Reti (NP),10620,8039,1,75.69679849340866,Small,52.446677334260016,75.69679849340866,59.42171368200461,4572
20,364,Bargarwa (CT),8615,6816,1,79.11781775972142,Small,50.97953768862988,79.11781775972142,59.421021709957344,4573
28,541,Laxmidevipalle (CT),13442,9656,1,71.83454843029311,Small,54.099043873268315,71.83454843029311,59.419695240375745,4574
33,614,Sirugamani (TP),10743,8111,1,75.50032579353999,Small,52.52742340262559,75.50032579353999,59.4192941198999,4575
27,515,Khuldabad (M Cl),15749,10904,1,69.23614197726839,Small,55.2097259491383,69.23614197726839,59.41765075757732,4576
24,492,Limla (CT),3683,3425,1,92.99484116209612,Small,45.021406859987586,92.99484116209612,59.41343715062014,4577
33,629,Paloor (CT),6818,5653,1,82.91287767673805,Small,49.33921364785655,82.91287767673805,59.41131285652099,4578
22,410,Gariyaband (NP),10517,7974,1,75.82010078919843,Small,52.378338023308245,75.82010078919843,59.4108668530753,4579
23,436,Maksi (NP),20088,13103,1,65.22799681401833,Small,56.916137049352386,65.22799681401833,59.40969497875216,4580
9,161,Bakewar (NP),14965,10482,1,70.04343468092216,Small,54.8516623977121,70.04343468092216,59.409194082675114,4581
24,490,Bilimora (Talodh) (CT),7204,5907,1,81.99611327040533,Small,49.7253489262841,81.99611327040533,59.40657822952046,4582
10,226,Kharagpur (NP),31385,18177,1,57.916202007328344,Small,60.04512401636873,57.916202007328344,59.406447413656615,4583
27,517,Tarapur (CT),6962,5747,1,82.54811835679402,Small,49.48576182603055,82.54811835679402,59.40446878525958,4584
33,630,Papparapatti (TP),12174,8936,1,73.40233284047972,Small,53.40427005993506,73.40233284047972,59.40368889409845,4585
6,86,Badshahpur (87) (CT),15593,10811,1,69.33239274033221,Small,55.139920690848264,69.33239274033221,59.397662305693444,4586
16,290,Matarbari (CT),6530,5457,1,83.56814701378255,Small,49.0365968849617,83.56814701378255,59.39606192360795,4587
19,343,Buita (CT),16764,11422,1,68.13409687425435,Small,55.647689314141545,68.13409687425435,59.39361158217538,4588
8,104,Kishangarh (CT),12429,9076,1,73.02276932979322,Small,53.54963066875651,73.02276932979322,59.39157226706752,4589
13,262,Tuli (TC),7864,6331,1,80.5061037639878,Small,50.33999194632358,80.5061037639878,59.389825491622844,4590
30,586,Nuvem (CT),9288,7224,1,77.77777777777779,Small,51.50696153426934,77.77777777777779,59.38820640732187,4591
33,605,Nemili (TP),10806,8137,1,75.30075883768276,Small,52.56842386291849,75.30075883768276,59.38812435534777,4592
23,420,Daboh (NP),18097,12099,1,66.85638503619384,Small,56.18421626023048,66.85638503619384,59.38586689301948,4593
24,481,Vallabhipur (M),15852,10941,1,69.01968205904618,Small,55.25543738086151,69.01968205904618,59.38471078431691,4594
33,622,Pallathur (TP),9580,7401,1,77.25469728601253,Small,51.72401163517883,77.25469728601253,59.383217330428934,4595
30,585,Quela (CT),6852,5669,1,82.73496789258611,Small,49.374092496094,82.73496789258611,59.382355115041634,4596
19,330,Kasba (CT),10067,7695,1,76.43786629581803,Small,52.071701341569224,76.43786629581803,59.38155082784387,4597
32,594,Nelluwaya (CT),5994,5090,1,84.91825158491825,Small,48.43607057394575,84.91825158491825,59.3807248772375,4598
20,364,Khelari (CT),20010,13045,1,65.19240379810095,Small,56.88885574375181,65.19240379810095,59.37992016005655,4599
33,621,Viralimalai (CT),10883,8179,1,75.15390976752734,Small,52.61821216865711,75.15390976752734,59.378921448318174,4600
23,447,Bhainsdehi (NP),11961,8804,1,73.60588579550205,Small,53.280498187939116,73.60588579550205,59.37811447020799,4601
20,357,Chakulia (NP),16306,11174,1,68.52692260517601,Small,55.453445517917366,68.52692260517601,59.37548864409496,4602
19,343,Amtala (CT),8765,6896,1,78.67655447803766,Small,51.100574275150834,78.67655447803766,59.373368336016874,4603
21,387,Konark (NAC),16779,11418,1,68.04934739853388,Small,55.653960907109564,68.04934739853388,59.37257685453686,4604
9,190,Bhatpar Rani (NP),14839,10393,1,70.03841229193341,Small,54.79237207588111,70.03841229193341,59.3661841406968,4605
14,278,Khurai Sajor Leikai (CT),7987,6403,1,80.16777263052461,Small,50.448813955348946,80.16777263052461,59.36450155790164,4606
8,120,Todaraisingh (M),23559,14715,1,62.46020629058958,Small,58.033804576519366,62.46020629058958,59.36172509074042,4607
3,40,Khamanon (NP),10135,7728,1,76.25061667488899,Small,52.11890629412065,76.25061667488899,59.35841940835115,4608
9,158,Bachhrawan (NP),12521,9114,1,72.78971328168676,Small,53.60134355841291,72.78971328168676,59.35785447539506,4609
23,434,Ratlam Rly.Col. (Ratlam Kasba) (CT),9084,7089,1,78.03830911492734,Small,51.351236414337855,78.03830911492734,59.3573582245147,4610
9,200,Bijpur (CT),9420,7295,1,77.4416135881104,Small,51.60591288389521,77.4416135881104,59.35662309515976,4611
9,200,Dudhi (NP),12560,9135,1,72.73089171974523,Small,53.62315075564693,72.73089171974523,59.35547304487642,4612
7,90,Bankner (CT),14788,10360,1,70.0568028130917,Small,54.7682303683804,70.0568028130917,59.35480210179379,4613
27,520,Goregaon (CT),7155,5862,1,81.9287211740042,Small,49.67749391137482,81.9287211740042,59.352862090163626,4614
9,200,Jamshila (CT),7923,6359,1,80.26000252429635,Small,50.39240190062778,80.26000252429635,59.35268208772835,4615
23,437,Hatpiplya (NP),17419,11735,1,67.36896492335956,Small,55.91645464303359,67.36896492335956,59.35220772713137,4616
20,368,Noamundi (CT),17954,12006,1,66.8708922802718,Small,56.128585975973,66.8708922802718,59.35127786726264,4617
18,303,Sarbhog (TC),8112,6479,1,79.86932938856016,Small,50.557702015571174,79.86932938856016,59.35119022746787,4618
9,166,Khailar (CT),13232,9509,1,71.8636638452237,Small,53.98863043593213,71.8636638452237,59.3511404587196,4619
9,146,Shamsabad (NPP),33144,18838,1,56.83683321264784,Small,60.4275253633743,56.83683321264784,59.35031771815636,4620
19,336,Simhat (CT),6945,5723,1,82.4046076313895,Small,49.46861958476501,82.4046076313895,59.34941599875235,4621
9,150,Aonla (NPP),55629,26902,1,48.35966851821891,Growing,64.05890966647368,48.35966851821891,59.34913732199725,4622
30,585,Salvador do Mundo (CT),6373,5341,1,83.80668445002354,Small,48.865958220302105,83.80668445002354,59.348176089218526,4623
22,410,Abhanpur (NP),14432,10164,1,70.42682926829268,Small,54.59735639393571,70.42682926829268,59.3461982562428,4624
4,55,Daria (CT),14470,10183,1,70.37318590186594,Small,54.61579551734511,70.37318590186594,59.34301263270136,4625
28,545,Rampachodavaram (CT),9952,7613,1,76.49718649517685,Small,51.99113915895415,76.49718649517685,59.34295335982095,4626
18,321,Nahira (CT),11790,8692,1,73.72349448685327,Small,53.179526523057284,73.72349448685327,59.342716912196074,4627
19,337,Deulia (CT),9663,7438,1,76.97402463003208,Small,51.7845007518269,76.97402463003208,59.34135791528845,4628
22,414,Keskal (NP),11115,8301,1,74.68286099865047,Small,52.766121569002365,74.68286099865047,59.34114339789679,4629
9,197,Kandwa (CT),11685,8631,1,73.86392811296534,Small,53.1167981581068,73.86392811296534,59.34093714456436,4630
23,431,Maliya Guda (CT),8260,6569,1,79.5278450363196,Small,50.684476872624295,79.5278450363196,59.33748732173289,4631
5,60,Rishikesh (CT),8033,6425,1,79.98257189094983,Small,50.48908164105882,79.98257189094983,59.337128716026115,4632
14,277,Lamjaotongba (CT),10593,7993,1,75.45548947418106,Small,52.428827452845084,75.45548947418106,59.33682605924588,4633
28,553,Kakkalapalle (CT),30128,17579,1,58.34771640998406,Small,59.75848910873199,58.34771640998406,59.33525729910761,4634
29,555,Kudchi (TP),23154,14507,1,62.65440096743543,Small,57.91220727873172,62.65440096743543,59.33486538534284,4635
6,72,Ismailabad (317)(CT),13726,9774,1,71.20792656272768,Small,54.245652286033454,71.20792656272768,59.334334569041715,4636
32,594,Mundathikode (CT),7672,6193,1,80.7221063607925,Small,50.16667437688091,80.7221063607925,59.33330397205438,4637
33,627,Perungulam (TP),7203,5888,1,81.74371789532138,Small,49.72437555051235,81.74371789532138,59.330178253955054,4638
23,430,Mauganj (NP),26420,15976,1,60.46934140802422,Small,58.83752000136408,60.46934140802422,59.32706642336211,4639
27,505,Walani (CT),9393,7269,1,77.38741616097093,Small,51.58578610793432,77.38741616097093,59.326275123845306,4640
9,150,Nawabganj (NPP),39241,21186,1,53.98944981014755,Small,61.61165750532691,53.98944981014755,59.3249951967731,4641
18,309,Chapakhowa Town (CT),10305,7818,1,75.86608442503639,Small,52.235546941733766,75.86608442503639,59.32470818672455,4642
7,90,Bakhtawar Pur (CT),12716,9209,1,72.4205725070777,Small,53.70970767182411,72.4205725070777,59.322967122400186,4643
8,121,Nainwa (M),19485,12750,1,65.43494996150885,Small,56.70241743900498,65.43494996150885,59.32217719575614,4644
16,291,Manu (CT),8515,6723,1,78.95478567234292,Small,50.89767024313778,78.95478567234292,59.31480487189932,4645
33,628,Aygudi (TP),15129,10521,1,69.54193932183225,Small,54.92809061704334,69.54193932183225,59.31224522848001,4646
19,341,Jaypur Bil (CT),9598,7389,1,76.98478849760366,Small,51.73717413573278,76.98478849760366,59.31145844429404,4647
22,400,Khongapani (NP),17400,11701,1,67.24712643678161,Small,55.90880173000905,67.24712643678161,59.31029914204082,4648
19,344,Durllabhganj (CT),6796,5613,1,82.5927015891701,Small,49.31655218774269,82.5927015891701,59.299397008170914,4649
9,134,Rashidpur Garhi (CT),7870,6311,1,80.19059720457433,Small,50.34533969879651,80.19059720457433,59.29891695052986,4650
30,585,Aldona (CT),6270,5261,1,83.90749601275917,Small,48.751711861054744,83.90749601275917,59.298447106566066,4651
33,626,Sayalgudi (TP),14801,10338,1,69.84663198432538,Small,54.7743920337812,69.84663198432538,59.29606401894445,4652
33,620,Orathanadu (Mukthambalpuram) (TP),10247,7773,1,75.85634819947302,Small,52.19596955024873,75.85634819947302,59.29408314501602,4653
28,532,Utnur (CT),16005,10973,1,68.55982505467043,Small,55.32279349161444,68.55982505467043,59.293902960531234,4654
29,556,Terdal (TMC),26088,15795,1,60.545078196872126,Small,58.748841932847974,60.545078196872126,59.28771281205522,4655
19,338,Nawapara (CT),7262,5916,1,81.46516111264116,Small,49.78157479739172,81.46516111264116,59.28665069196655,4656
33,604,Tirusulam (CT),14086,9948,1,70.62331392872355,Small,54.42719452050385,70.62331392872355,59.28603034296976,4657
3,41,Tharike (CT),12294,8955,1,72.84040995607613,Small,53.47305052861857,72.84040995607613,59.28325835685584,4658
10,239,Makhdumpur (NP),31994,18293,1,57.176345564793394,Small,60.179891755956724,57.176345564793394,59.27882789860772,4659
33,606,Kilpennathur (TP),13718,9744,1,71.03076250182242,Small,54.241564150241004,71.03076250182242,59.278323655715425,4660
10,234,Nasriganj (NP),23819,14767,1,61.99672530332927,Small,58.11077024108447,61.99672530332927,59.27655675975791,4661
10,219,Revelganj (NP),39039,21044,1,53.90506928968467,Small,61.57546615449705,53.90506928968467,59.27434709505333,4662
23,427,Rahatgarh (NP),31537,18100,1,57.392903573580234,Small,60.07900394470218,57.392903573580234,59.27317383336559,4663
13,266,Pfutsero (TC),10371,7839,1,75.58576800694243,Small,52.2803132470184,75.58576800694243,59.271949674995604,4664
30,585,Candolim (CT),8500,6701,1,78.83529411764705,Small,50.8853072751306,78.83529411764705,59.270303327885536,4665
27,529,Banda (CT),6611,5483,1,82.93752836182121,Small,49.12303601399885,82.93752836182121,59.267383718345556,4666
29,577,Heggadadevankote (TP),14313,10061,1,70.29274086494794,Small,54.539297162058595,70.29274086494794,59.2653302729254,4667
23,455,Badkuhi (NP),9895,7553,1,76.33148054573017,Small,51.950862652756754,76.33148054573017,59.26504802064878,4668
19,331,Chak Bhrigu (CT),6269,5253,1,83.79326846386984,Small,48.75059349956026,83.79326846386984,59.26339598885313,4669
18,313,Barpathar (TC),7657,6165,1,80.51456183884028,Small,50.15295181219357,80.51456183884028,59.26143482018758,4670
30,585,Saligao (CT),6280,5260,1,83.7579617834395,Small,48.76288567753022,83.7579617834395,59.261408509303,4671
23,458,Aron (NP),28010,16606,1,59.28596929667975,Small,59.24732832397084,59.28596929667975,59.25892061578351,4672
9,132,Nakur (NPP),22712,14243,1,62.711342021838675,Small,57.77704973782514,62.711342021838675,59.2573374230292,4673
19,341,Raghudebbati (CT),14165,9977,1,70.43416872573243,Small,54.466411850840814,70.43416872573243,59.2567389133083,4674
33,629,Peruvilai (CT),6090,5130,1,84.23645320197043,Small,48.5474774893093,84.23645320197043,59.254170203107634,4675
33,605,Ammanur (CT),7731,6210,1,80.32596041909197,Small,50.220390765256276,80.32596041909197,59.252061661406984,4676
7,90,Khera Khurd (CT),9777,7477,1,76.47540145238825,Small,51.86674078230196,76.47540145238825,59.249338983327846,4677
27,530,Kalambe T. Thane (CT),10138,7692,1,75.87295324521602,Small,52.12098156488392,75.87295324521602,59.24657306898355,4678
29,575,Thokur-62 (CT),7433,6017,1,80.94981837750572,Small,49.94476774525447,80.94981837750572,59.24628293492984,4679
33,602,Arani (TP),12833,9240,1,72.0018701784462,Small,53.773931378594675,72.0018701784462,59.24231301855013,4680
33,628,Moolakaraipatti (TP),11112,8262,1,74.35205183585313,Small,52.764228721160656,74.35205183585313,59.24057565556839,4681
6,85,Bawal (MC),16776,11341,1,67.60252742012398,Small,55.65270703714115,67.60252742012398,59.237653152035996,4682
21,382,Brahmabarada (CT),10721,8033,1,74.92771196716724,Small,52.513049123279984,74.92771196716724,59.237447976446155,4683
33,620,Vilar (CT),9028,7018,1,77.73593265396545,Small,51.30787639972366,77.73593265396545,59.236293275996196,4684
32,594,Kariyannur (CT),6363,5310,1,83.45120226308345,Small,48.85494756372022,83.45120226308345,59.233823973529184,4685
28,554,Mangalam (CT),19318,12610,1,65.27590847913862,Small,56.64205791069523,65.27590847913862,59.23221308122824,4686
2,26,Shamshi (CT),8870,6919,1,78.00450958286359,Small,51.184073816087064,78.00450958286359,59.23020454612002,4687
23,457,Bharveli (CT),10357,7816,1,75.46586849473785,Small,52.270841214675414,75.46586849473785,59.22934939869414,4688
9,170,Baberu (NP),15156,10492,1,69.22670889416732,Small,54.94059384054116,69.22670889416732,59.22642835662901,4689
14,276,Lilong (Thoubal) (NP) (Major part),22888,14300,1,62.47815449143657,Small,57.83118064514746,62.47815449143657,59.22527279903419,4690
19,337,Chandrapur (CT),5047,4401,1,87.20031702001188,Small,47.2303538261421,87.20031702001188,59.22134278430303,4691
23,439,Bangarda Bada (CT),15761,10807,1,68.5679842649578,Small,55.21506691339978,68.5679842649578,59.220942118867185,4692
27,524,Arvi (CT),14015,9878,1,70.48162682839815,Small,54.39176045676562,70.48162682839815,59.218720368255376,4693
10,204,Areraj (NP),26014,15701,1,60.355962174213886,Small,58.72892257566228,60.355962174213886,59.21703445522776,4694
9,186,Maghar (NP),19181,12531,1,65.33027475105573,Small,56.592150531623744,65.33027475105573,59.213587797453336,4695
8,123,Deogarh (M),17604,11746,1,66.72347193819587,Small,55.99053652319218,66.72347193819587,59.21041714769329,4696
29,575,Mudushedde (CT),8155,6468,1,79.31330472103004,Small,50.59477204923554,79.31330472103004,59.21033185077388,4697
6,81,Tosham (CT),15559,10695,1,68.73835079375282,Small,55.12461405865356,68.73835079375282,59.20873507918334,4698
33,602,Athipattu (CT),11034,8205,1,74.3610657966286,Small,52.71483448702177,74.3610657966286,59.20870387990381,4699
23,454,Bamhani (NP),10266,7755,1,75.5406195207481,Small,52.20895917414213,75.5406195207481,59.208457278123916,4700
6,79,Rania (MC),25123,15299,1,60.89638976236914,Small,58.48453237012316,60.89638976236914,59.20808958779695,4701
9,202,Ganj Dundawara (NPP),45385,23245,1,51.21736256472402,Small,62.63169532242504,51.21736256472402,59.207395495114724,4702
33,632,Vedapatti (TP),11658,8562,1,73.44312918167782,Small,53.10057690307956,73.44312918167782,59.20334258665903,4703
24,473,Adalaj (CT),11957,8732,1,73.028351593209,Small,53.27815280807232,73.028351593209,59.20321244361332,4704
33,632,Arasur (CT),11510,8477,1,73.64900086880974,Small,53.01098764068667,73.64900086880974,59.202391609123595,4705
2,33,Rampur (M Cl),5655,4822,1,85.26967285587975,Small,48.027870132500205,85.26967285587975,59.200410949514065,4706
28,540,Bhimaram (CT),13841,9774,1,70.61628495050935,Small,54.30415738503861,70.61628495050935,59.19779565467983,4707
19,333,Aurangabad (CT),39261,21027,1,53.55696492702682,Small,61.61523066638268,53.55696492702682,59.197750944575915,4708
3,38,Hariana (M Cl),8928,6945,1,77.78897849462365,Small,51.2297746264468,77.78897849462365,59.19753578689985,4709
29,577,Bannur (TMC),21896,13818,1,63.107416879795394,Small,57.52047094799501,63.107416879795394,59.19655472753512,4710
19,337,Babanpur (P) (CT),8942,6953,1,77.75665399239544,Small,51.24076137895245,77.75665399239544,59.19552916298534,4711
33,624,Kombai (TP),15960,10897,1,68.27694235588973,Small,55.30304993941479,68.27694235588973,59.19521766435727,4712
8,103,Baggar (M),14238,9984,1,70.12220817530552,Small,54.5024567151819,70.12220817530552,59.18838215321898,4713
8,99,Vijainagar (M),18425,12142,1,65.89959294436906,Small,56.31017304254365,65.89959294436906,59.18699901309127,4714
9,145,Raya (NP),21344,13551,1,63.48856821589205,Small,57.34142220774697,63.48856821589205,59.1855660101905,4715
29,559,Devadurga (TMC),28929,16926,1,58.508762833143216,Small,59.47371064446679,58.508762833143216,59.184226301069714,4716
33,624,Devadanapatti (TP),19285,12563,1,65.14389421830438,Small,56.63006885820641,65.14389421830438,59.184216466235796,4717
22,406,Bodri (NP),17481,11667,1,66.74103312167496,Small,55.94136937416603,66.74103312167496,59.1812684984187,4718
29,577,Srirampura (CT),11234,8309,1,73.96296955670286,Small,52.840795408017236,73.96296955670286,59.17744765262292,4719
9,197,Shivdaspur (CT),16405,11117,1,67.76592502285888,Small,55.4958909070521,67.76592502285888,59.17690114179413,4720
21,395,Junagarh (NAC),19656,12738,1,64.8046398046398,Small,56.76368902726205,64.8046398046398,59.17597426047538,4721
22,405,Baloda (NP),13630,9649,1,70.79236977256052,Small,54.19643665668317,70.79236977256052,59.17521659144637,4722
6,71,Farakhpur (CT),9569,7327,1,76.57017452189362,Small,51.715955705819226,76.57017452189362,59.172221350641536,4723
27,528,Kuwarbav (CT),6497,5386,1,82.89979990764968,Small,49.001073187953246,82.89979990764968,59.17069120386218,4724
20,360,Gidi (CT),13356,9496,1,71.09913147648996,Small,54.054036929729044,71.09913147648996,59.16756529375731,4725
6,75,Asan Khurd (CT),6873,5633,1,81.95838789466026,Small,49.39554897097562,81.95838789466026,59.164400648081006,4726
10,218,Mairwa (NP),23565,14561,1,61.790791427965196,Small,58.0355902623253,61.790791427965196,59.162150612017264,4727
3,41,Halwara (CT),9761,7439,1,76.2114537444934,Small,51.85525634045361,76.2114537444934,59.162115561665544,4728
3,51,Chamkaur Sahib (NP),13920,9799,1,70.39511494252874,Small,54.34406688101674,70.39511494252874,59.15938129947033,4729
10,211,Kasba (NP),30421,17523,1,57.60165675027119,Small,59.826356954283035,57.60165675027119,59.158946893079474,4730
29,560,Yelbarga (TP),14814,10274,1,69.35331443229377,Small,54.78054829001424,69.35331443229377,59.15237813269809,4731
23,446,Satlapur (CT),14755,10240,1,69.40020332090818,Small,54.75256485979789,69.40020332090818,59.14685639813098,4732
23,447,Betul-Bazar (NP),10630,7947,1,74.76011288805267,Small,52.453276888423304,74.76011288805267,59.145327688312115,4733
29,565,Kurekuppa (CT),22560,14088,1,62.4468085106383,Small,57.72996168565868,62.4468085106383,59.14501573315256,4734
8,111,Khandela (M + OG),29044,16933,1,58.30119818206858,Small,59.501531598926896,58.30119818206858,59.1414315738694,4735
8,103,Bissau (M),23227,14390,1,61.95376070951909,Small,57.93428116275972,61.95376070951909,59.14012502678752,4736
3,41,Akalgarh (CT),7678,6147,1,80.0599114352696,Small,50.17215589284761,80.0599114352696,59.1384825555742,4737
33,617,Chidambaram  (Nm) (CT),6039,5072,1,83.98741513495612,Small,48.488513004987674,83.98741513495612,59.13818364397821,4738
19,339,Kotulpur (CT),8483,6653,1,78.4274431215372,Small,50.87126951271358,78.4274431215372,59.138121595360666,4739
20,349,Barki Saraiya (CT),18933,12360,1,65.28283948661068,Small,56.50089380978134,65.28283948661068,59.135477512830136,4740
33,629,Vavarai (CT),8362,6576,1,78.64147333173882,Small,50.770533528243945,78.64147333173882,59.131815469292405,4741
28,535,Jogipet (CT),18494,12142,1,65.65372553260516,Small,56.3363844603893,65.65372553260516,59.13158678205406,4742
22,403,Dharamjaigarh (NP),14354,10018,1,69.7923923644977,Small,54.55935508603259,69.7923923644977,59.12926626957213,4743
27,507,Risama (CT),6925,5658,1,81.70397111913358,Small,49.44839844694688,81.70397111913358,59.125070248602896,4744
5,66,Bhowali (NPP),6309,5250,1,83.21445553970518,Small,48.795189425599325,83.21445553970518,59.120969259831085,4745
6,77,Julana (MC),18755,12261,1,65.37456678219141,Small,56.43465516071361,65.37456678219141,59.11662864715694,4746
8,121,Kaprain (M),20748,13221,1,63.721804511278194,Small,57.14282668219016,63.721804511278194,59.11652003091656,4747
21,381,Charibatia (CT),4016,3638,1,90.58764940239044,Small,45.628258294762354,90.58764940239044,59.116075627050776,4748
18,309,Lido Town (CT),11717,8560,1,73.05624306563114,Small,53.13597488716195,73.05624306563114,59.1120553407027,4749
19,338,Raghunathpur (PS-Dankuni) (CT),9650,7356,1,76.2279792746114,Small,51.775060945630855,76.2279792746114,59.11093644432502,4750
29,561,Shirhatti (TP),17610,11688,1,66.37137989778536,Small,55.99292612535173,66.37137989778536,59.106462257081816,4751
33,633,Mulanur (TP),15223,10464,1,68.73809367404586,Small,54.97152440280284,68.73809367404586,59.10149518417574,4752
9,199,Kachhwa (NP),15958,10846,1,67.96591051510215,Small,55.302171156739924,67.96591051510215,59.101292964248586,4753
6,81,Bawani khera (MC),20289,12992,1,64.0346986051555,Small,56.98595361120455,64.0346986051555,59.10057710938983,4754
33,620,Melathiruppanthuruthi (TP),9074,7005,1,77.1985893762398,Small,51.34351319138063,77.1985893762398,59.10003604683837,4755
24,474,Barwala (M),17951,11854,1,66.03531836666481,Small,56.12741416784321,66.03531836666481,59.09978542748969,4756
1,7,Hiranagar (MC),8294,6524,1,78.65927176272004,Small,50.71327992290513,78.65927176272004,59.0970774748496,4757
33,614,Puvalur (TP),7905,6280,1,79.44339025932953,Small,50.37645390345069,79.44339025932953,59.09653481021434,4758
9,184,Domariyaganj (NP),30698,17573,1,57.24477164636133,Small,59.889920287612256,57.24477164636133,59.09637569523697,4759
33,633,Uthukuli (TP),10130,7636,1,75.38005923000988,Small,52.11544614418301,75.38005923000988,59.09483006993107,4760
13,263,Satakha Hq. (CT),4964,4321,1,87.04673650282031,Small,47.11409171731212,87.04673650282031,59.093885152964575,4761
10,219,Dighwara (NP),32741,18394,1,56.18032436394734,Small,60.341737648164425,56.18032436394734,59.09331366289929,4762
19,341,Khalisani (CT),12970,9251,1,71.32613723978412,Small,53.848393457454094,71.32613723978412,59.0917165921531,4763
5,60,Haripur Kalan (CT),10367,7774,1,74.98794250988713,Small,52.27760825730835,74.98794250988713,59.09070853308198,4764
19,333,Harharia Chak (CT),9411,7206,1,76.56997131016895,Small,51.599210374849214,76.56997131016895,59.090438655445126,4765
33,629,Vilavancode (CT),6731,5522,1,82.03833011439608,Small,49.24916685546364,82.03833011439608,59.085915833143375,4766
33,608,Pethanaickenpalayam (TP),17678,11709,1,66.23486819775994,Small,56.0199515274631,66.23486819775994,59.08442652855215,4767
21,385,Kantilo (CT),9181,7065,1,76.95240169916131,Small,51.42571354907367,76.95240169916131,59.083719994099965,4768
9,166,Ranipur (NP),18132,11934,1,65.81733951025811,Small,56.19776510387937,65.81733951025811,59.083637425792986,4769
32,594,Kizhakkummuri (CT),4635,4085,1,88.13376483279396,Small,46.6332923616862,88.13376483279396,59.08343410301852,4770
9,188,Pipraich (NP),15621,10662,1,68.25427309391205,Small,55.15250111455904,68.25427309391205,59.08303270836494,4771
19,337,Joypul (CT),16134,10926,1,67.72034213462254,Small,55.37908553713527,67.72034213462254,59.08146251638145,4772
13,265,Puranabazar 'A' (CT),7385,5945,1,80.50101557210562,Small,49.899341282044006,80.50101557210562,59.07984356906249,4773
6,86,Pataudi (MC),20418,13039,1,63.86031932608483,Small,57.030397812141686,63.86031932608483,59.07937426632462,4774
7,98,Asola (CT),13275,9411,1,70.89265536723164,Small,54.01138087926355,70.89265536723164,59.07576322565397,4775
8,118,Bali (M),19880,12779,1,64.28068410462777,Small,56.843149718838916,64.28068410462777,59.074410034575564,4776
9,141,Jewar (NP),32269,18184,1,56.35129691034739,Small,60.23990888343174,56.35129691034739,59.07332529150643,4777
23,446,Badi (NP),19603,12645,1,64.50543284191195,Small,56.744755603773235,64.50543284191195,59.07295877521484,4778
24,484,Vavdi Bujarg (CT),9107,7016,1,77.03963983748766,Small,51.36896761401514,77.03963983748766,59.07016928105689,4779
21,385,Ranapurgada (CT),10001,7551,1,75.50244975502449,Small,52.02557887749257,75.50244975502449,59.06864014075214,4780
29,579,Afzalpur (TP),27088,16035,1,59.195953927938575,Small,59.012616896887614,59.195953927938575,59.067618006202906,4781
19,338,Nasibpur (CT),7517,6026,1,80.16495942530265,Small,50.023562795985896,80.16495942530265,59.06598178478092,4782
24,473,Saij (CT),13882,9735,1,70.12678288431063,Small,54.3248982560778,70.12678288431063,59.06546364454765,4783
9,162,Achhalda (NP),9431,7210,1,76.45000530166473,Small,51.61409614935464,76.45000530166473,59.06486889504766,4784
6,73,Kalayat (MC),18660,12182,1,65.28403001071811,Small,56.39904532686948,65.28403001071811,59.064540732024064,4785
33,623,Samayanallur (CT),9227,7086,1,76.7963585130595,Small,51.46075800482526,76.7963585130595,59.06143815729553,4786
23,427,Dhana (CT),9677,7356,1,76.01529399607317,Small,51.79465250629429,76.01529399607317,59.06084495322796,4787
29,555,Kangrali (BK) (CT),10496,7839,1,74.68559451219512,Small,52.364322658142235,74.68559451219512,59.0607042143581,4788
29,559,Shaktinagar (CT),17088,11397,1,66.69592696629213,Small,55.781923351680476,66.69592696629213,59.05612443606397,4789
8,106,Rajakhera (M),33666,18715,1,55.590209707122916,Small,60.53710736785133,55.590209707122916,59.053038069632805,4790
8,107,Todabhim (M),22977,14209,1,61.84010097053575,Small,57.8583954101787,61.84010097053575,59.05290707828581,4791
9,146,Bah (NPP),16211,10950,1,67.54672753068904,Small,55.41247211528002,67.54672753068904,59.052748739902725,4792
20,355,Tenudam-Cum-Kathhara (CT),22080,13798,1,62.49094202898551,Small,57.57915218428179,62.49094202898551,59.05268913769291,4793
33,605,Ammoor (TP),12513,8982,1,71.78134739870534,Small,53.596861892987114,71.78134739870534,59.05220754470258,4794
9,135,Bahjoi (NPP),37037,20004,1,54.01085401085402,Small,61.206301905203006,54.01085401085402,59.0476675368983,4795
33,628,Thirukarungudi (TP),9342,7151,1,76.5467779918647,Small,51.547610534919784,76.5467779918647,59.04736077200326,4796
23,425,Bijawar (NP),20513,13059,1,63.662067956905375,Small,57.06294887564103,63.662067956905375,59.04268460002033,4797
19,341,Mugkalyan (CT),7961,6301,1,79.14834819746262,Small,50.42595126059772,79.14834819746262,59.042670341657185,4798
29,555,Benakanahalli (CT),10999,8122,1,73.8430766433312,Small,52.69255681902203,73.8430766433312,59.03771276631478,4799
5,60,Pratitnagar (CT),9564,7281,1,76.12923462986198,Small,51.71229085821225,76.12923462986198,59.03737398970716,4800
28,538,Jadcherla (CT),17958,11820,1,65.82024724356833,Small,56.130148082285935,65.82024724356833,59.03717783067066,4801
30,585,Morjim (CT),6760,5530,1,81.80473372781066,Small,49.27931110796431,81.80473372781066,59.036937893918214,4802
8,118,Rani (M),13880,9718,1,70.01440922190201,Small,54.32388792820739,70.01440922190201,59.03104431631577,4803
30,586,Sao Jose de Areal (CT),10229,7672,1,75.00244403167466,Small,52.18364135650292,75.00244403167466,59.02928215905443,4804
29,556,Bilgi (TP),17792,11733,1,65.94536870503596,Small,56.065026455650205,65.94536870503596,59.02912913046593,4805
10,237,Rajauli (NP),30170,17287,1,57.29864103413988,Small,59.76825802576534,57.29864103413988,59.0273729282777,4806
33,624,Melachokkanathapuram (TP),15625,10635,1,68.06400000000001,Small,55.15429647702055,68.06400000000001,59.02720753391438,4807
23,420,Gormi (NP),20841,13202,1,63.34628856580778,Small,57.174188316218775,63.34628856580778,59.02581839109548,4808
9,174,Bharwari (NP),17260,11465,1,66.42526071842411,Small,55.85215287293821,66.42526071842411,59.02408522658398,4809
20,354,Nirsa (CT),14794,10199,1,68.94011085575234,Small,54.77107488670077,68.94011085575234,59.02178567741623,4810
28,535,Pothreddipalle (CT),11514,8409,1,73.03282959874934,Small,53.01342408151248,73.03282959874934,59.01924573668354,4811
33,624,Pudupatti (TP),11511,8407,1,73.03448874989141,Small,53.01159683025717,73.03448874989141,59.01846440614743,4812
23,433,Garoth (NP),15122,10369,1,68.56897235815367,Small,54.92484539831921,68.56897235815367,59.018083486269546,4813
21,375,Champua (CT),10394,7764,1,74.69694054262074,Small,52.29584672203966,74.69694054262074,59.01617486821398,4814
24,468,Sukhpar (CT),13303,9399,1,70.65323611215516,Small,54.02615554241249,70.65323611215516,59.014279713335284,4815
12,254,Khonsa (NT),9928,7488,1,75.42304593070105,Small,51.974208815988646,75.42304593070105,59.00885995040237,4816
19,337,Kulberia (CT),6993,5675,1,81.15258115258115,Small,49.51691373766165,81.15258115258115,59.0076139621375,4817
33,608,Kottagoundampatty (CT),7891,6247,1,79.16613863895577,Small,50.36402478254812,79.16613863895577,59.00465893947042,4818
10,230,Nohsa (CT),16680,11161,1,66.91247002398082,Small,55.612464364048584,66.91247002398082,59.00246606202825,4819
24,470,Harij (M),20253,12908,1,63.73376783686368,Small,56.97350014075988,63.73376783686368,59.00158044959102,4820
23,454,Bichhiya (NP),10427,7778,1,74.5948019564592,Small,52.31807395375836,74.5948019564592,59.001092354568605,4821
5,66,Haldwani Talli (CT),8159,6413,1,78.60031866650324,Small,50.598210483105035,78.60031866650324,58.9988429381245,4822
9,152,Railway Settlement Roza (NP),11489,8387,1,73.00026111933153,Small,52.99818241992389,73.00026111933153,58.99880602974618,4823
19,338,Madhusudanpur (CT),6685,5472,1,81.8548990276739,Small,49.201084457545896,81.8548990276739,58.99722882858429,4824
29,572,Kumbalagodu (CT),10178,7629,1,74.9557869915504,Small,52.14859331720684,74.9557869915504,58.990751419509905,4825
23,440,Mandleshwar (NP),12343,8861,1,71.78967836020416,Small,53.50094306111494,71.78967836020416,58.98756365084171,4826
21,388,Surada (NAC),14867,10220,1,68.74285329925338,Small,54.805591091550944,68.74285329925338,58.98676975386167,4827
9,140,Ordnance Factory Muradnagar (CT),7569,6039,1,79.7859690844233,Small,50.071900693932506,79.7859690844233,58.98612121107974,4828
1,21,Bhalwal (CT),14174,9854,1,69.52165937632284,Small,54.47086576381132,69.52165937632284,58.98610384756478,4829
32,594,Eravu (CT),4447,3935,1,88.4866201933888,Small,46.342985625879344,88.4866201933888,58.986075996132186,4830
23,428,Hindoria (NP),16001,10806,1,67.53327917005187,Small,55.321040758354556,67.53327917005187,58.98471228186375,4831
10,216,Shekhpura (CT),10204,7642,1,74.8921991375931,Small,52.166482831337916,74.8921991375931,58.984197723214464,4832
9,162,Atasu (NP),11568,8426,1,72.83886583679114,Small,53.046233449084546,72.83886583679114,58.98402316539652,4833
33,614,Ponnampatti (TP),12167,8761,1,72.00624640420811,Small,53.40023696610871,72.00624640420811,58.98203979753853,4834
17,297,Umroi (CT),8198,6432,1,78.4581605269578,Small,50.631647155500005,78.4581605269578,58.97960116693734,4835
19,337,Teghari (CT),8491,6613,1,77.88246378518431,Small,50.87787901908064,77.88246378518431,58.97925444891173,4836
9,199,Ahraura (NPP),24967,15037,1,60.22750030039652,Small,58.44085343889242,60.22750030039652,58.97684749734364,4837
33,624,Odaipatti (TP),13892,9699,1,69.81716095594587,Small,54.32994771319136,69.81716095594587,58.9761116860177,4838
29,579,Shahabad ACC (NAC + OG),13680,9582,1,70.04385964912281,Small,54.22211289266215,70.04385964912281,58.96863691960035,4839
33,606,Kilpudupakkam (CT),6912,5613,1,81.20659722222221,Small,49.435223370512496,81.20659722222221,58.96663552602541,4840
23,466,Pandhana (NP),13694,9588,1,70.01606543011538,Small,54.2292854239938,70.01606543011538,58.96531942583027,4841
23,436,Pankhedi (CT),11723,8506,1,72.5582188859507,Small,53.139564693094634,72.5582188859507,58.96516095095144,4842
9,169,Kabrai (NP),28564,16563,1,57.98557624982495,Small,59.38467108691962,57.98557624982495,58.96494263579122,4843
1,22,Vijay Pur (MC),8044,6332,1,78.71705619094978,Small,50.49867670979867,78.71705619094978,58.964190554144,4844
33,628,Overi (CT),5694,4804,1,84.36951176677205,Small,48.07605898280665,84.36951176677205,58.96409481799627,4845
33,620,Swamimalai (TP),7289,5854,1,80.31280010975442,Small,49.807595924599354,80.31280010975442,58.959157180145866,4846
19,337,Bamangachhi (CT),6824,5554,1,81.38921453692849,Small,49.34538135778477,81.38921453692849,58.95853131152788,4847
28,532,Luxettipet (CT),11322,8277,1,73.10545839957605,Small,52.895509431893416,73.10545839957605,58.9584941221982,4848
27,517,Manor (CT),10421,7759,1,74.4554265425583,Small,52.31403787552531,74.4554265425583,58.9564544756352,4849
6,70,Boh(27) (CT),8482,6601,1,77.8236265031832,Small,50.87044288623341,77.8236265031832,58.95639797131835,4850
22,406,Lormi (NP),15156,10355,1,68.32277645816838,Small,54.94059384054116,68.32277645816838,58.95524862582933,4851
24,480,Jafrabad (M),27167,15964,1,58.762469172157395,Small,59.033038319549114,58.762469172157395,58.95186757533159,4852
33,621,Keeramangalam (TP),9357,7130,1,76.19963663567383,Small,51.558860233717006,76.19963663567383,58.95109315430405,4853
19,336,Matiari (CT),14293,9899,1,69.2576785839222,Small,54.52949195109827,69.2576785839222,58.94794794094545,4854
30,585,Pilerne (CT),5827,4891,1,83.93684571820835,Small,48.23794887676378,83.93684571820835,58.94761792919715,4855
9,142,Naraura (NP),22775,14036,1,61.62897914379803,Small,57.79647419137917,61.62897914379803,58.94622567710482,4856
23,451,Amkhera (CT),8957,6887,1,76.88958356592609,Small,51.25251382972781,76.88958356592609,58.94363475058729,4857
5,68,Sunhaira (CT),13248,9337,1,70.47856280193237,Small,53.997104341636714,70.47856280193237,58.941541879725406,4858
1,21,Chak  Kalu (CT),4725,4127,1,87.34391534391534,Small,46.76812704656241,87.34391534391534,58.94086353576829,4859
33,609,Kosavampatti (CT),10356,7714,1,74.48821938972576,Small,52.27016415112323,74.48821938972576,58.93558072270399,4860
20,361,Sirka (CT),19871,12682,1,63.82164964017916,Small,56.839974402626034,63.82164964017916,58.934476973891975,4861
28,537,Medipalle (CT),10787,7962,1,73.81106887920646,Small,52.556083870941514,73.81106887920646,58.93257937342099,4862
27,510,Rajur (CT),10692,7906,1,73.94313505424617,Small,52.494056080023555,73.94313505424617,58.92877977229034,4863
8,111,Ajeetgarh (CT),15414,10475,1,67.95770079148826,Small,55.05895808710242,67.95770079148826,58.92858089841817,4864
19,334,Surul (CT),12160,8735,1,71.83388157894737,Small,53.39620155145879,71.83388157894737,58.92750555970535,4865
33,626,Periapattinam  (CT),9730,7344,1,75.47790339157245,Small,51.8329515704237,75.47790339157245,58.92643711676833,4866
29,570,Koppa (TP),4993,4313,1,86.38093330662929,Small,47.15493285822355,86.38093330662929,58.92273299274527,4867
28,539,Chityala (CT),13752,9597,1,69.78621291448516,Small,54.25892229211432,69.78621291448516,58.917109478825566,4868
33,632,Kaniyur (CT),12011,8648,1,72.00066605611522,Small,53.30974944306571,72.00066605611522,58.91702442698056,4869
9,194,Kerakat (NP),13525,9475,1,70.0554528650647,Small,54.142208599717,70.0554528650647,58.9161818793213,4870
18,304,Tegheria (CT),5567,4708,1,84.5697862403449,Small,47.917904168463046,84.5697862403449,58.91346879002759,4871
33,602,Uthukkottai (TP),12740,9048,1,71.0204081632653,Small,53.72292980298381,71.0204081632653,58.91217331106826,4872
23,439,Piplya Kumar (CT),10684,7895,1,73.89554473979783,Small,52.488807554575935,73.89554473979783,58.910828710142496,4873
24,486,Jarod (CT),7200,5785,1,80.34722222222223,Small,49.72145461229462,80.34722222222223,58.9091848952729,4874
19,341,Khantora (CT),6547,5362,1,81.90010691919963,Small,49.054826982775694,81.90010691919963,58.90841096370286,4875
23,436,Nalkheda (NP),16690,11111,1,66.57279808268424,Small,55.61666710044211,66.57279808268424,58.903506395114746,4876
23,439,Depalpur (NP),17474,11501,1,65.81778642554653,Small,55.93856084936068,65.81778642554653,58.90232852221643,4877
32,588,Udma (CT),8115,6359,1,78.36105976586568,Small,50.560294665450854,78.36105976586568,58.9005241955753,4878
9,167,Talbehat (NP),14176,9814,1,69.22968397291196,Small,54.47185513821143,69.22968397291196,58.899203788621584,4879
24,487,Kevadiya (CT),6788,5517,1,81.27578078962875,Small,49.30829346665115,81.27578078962875,58.898539663544426,4880
18,312,Naubaisa Goan (CT),5015,4324,1,86.22133599202392,Small,47.18575790010302,86.22133599202392,58.89643132767929,4881
10,224,Sabour (CT),12575,8951,1,71.18091451292247,Small,53.63152011543774,71.18091451292247,58.89633843468315,4882
6,71,Mustafabad (CT),9042,6924,1,76.57597876575979,Small,51.318741563507245,76.57597876575979,58.895912724183006,4883
35,640,Bambooflat (CT),7962,6262,1,78.64858075860337,Small,50.4268319746631,78.64858075860337,58.893356609845185,4884
19,337,Dakshin Chatra (CT),7275,5829,1,80.12371134020619,Small,49.79411554144122,80.12371134020619,58.892994281070706,4885
3,54,Tapa (M Cl),23248,14207,1,61.11063317274604,Small,57.94061833643638,61.11063317274604,58.891622787329275,4886
16,291,Kalachhari (CT),4827,4191,1,86.82411435674332,Small,46.91786979796345,86.82411435674332,58.88974316559741,4887
23,458,Kumbhraj (NP),19707,12574,1,63.8047394326889,Small,56.78185984766883,63.8047394326889,58.88872372317484,4888
33,610,Mukasipidariyur (CT),14143,9791,1,69.22859365056918,Small,54.45551258434445,69.22859365056918,58.88743690421186,4889
33,602,Nazarathpettai (CT),8660,6689,1,77.24018475750577,Small,51.01606851825924,77.24018475750577,58.88330339003319,4890
13,265,Medziphema (TC),8738,6736,1,77.08857862211033,Small,51.07894129428444,77.08857862211033,58.881832492632206,4891
8,131,Dhariawad (CT),11368,8274,1,72.78325123152709,Small,52.92394094835201,72.78325123152709,58.881734033304525,4892
9,133,Miranpur (NP),29283,16779,1,57.29945702284602,Small,59.55900014015866,57.29945702284602,58.88113720496486,4893
19,338,Masat (CT),8007,6286,1,78.50630698139128,Small,50.466350062852364,78.50630698139128,58.87833713841403,4894
32,594,Kizhuppillikkara (CT),5275,4501,1,85.32701421800948,Small,47.540146999934265,85.32701421800948,58.87620716535683,4895
23,425,Khajuraho (NP),24481,14739,1,60.20587394305789,Small,58.30300611805328,60.20587394305789,58.873866465554656,4896
21,398,Kotpad (NAC),16326,10911,1,66.83204704152885,Small,55.46204107667732,66.83204704152885,58.87304286613278,4897
19,341,Ankurhati (CT),11130,8136,1,73.09973045822102,Small,52.775578152090894,73.09973045822102,58.87282384392992,4898
33,604,Thenambakkam (CT),13994,9705,1,69.35115049306846,Small,54.38124555704381,69.35115049306846,58.8722170378512,4899
33,628,Pudur (S) (TP),12457,8876,1,71.25311070081078,Small,53.56540978186008,71.25311070081078,58.87172005754529,4900
10,230,Naubatpur (NP),25011,14968,1,59.8456679061213,Small,58.4532007078845,59.8456679061213,58.870940867355536,4901
29,576,Somvarpet (TP),6729,5472,1,81.31966116807845,Small,49.24708315741345,81.31966116807845,58.86885656061295,4902
24,476,Jetalsar (CT),9815,7375,1,75.14009169638308,Small,51.893941189781266,75.14009169638308,58.867786341761814,4903
19,337,Kokapur (CT),6317,5202,1,82.34921640018996,Small,48.80407467954231,82.34921640018996,58.8676171957366,4904
9,150,Kakgaina (CT),17949,11714,1,65.26268872917711,Small,56.126632853627456,65.26268872917711,58.86744961629235,4905
6,69,Chandi Mandir (391) (CT),9051,6919,1,76.44459175781681,Small,51.32571743273425,76.44459175781681,58.86137973025902,4906
23,453,Shahpura (NP),10995,8055,1,73.2605729877217,Small,52.69000628772047,73.2605729877217,58.86117629772084,4907
27,528,Dabhol (CT),7038,5669,1,80.5484512645638,Small,49.56188942922068,80.5484512645638,58.857857979823606,4908
3,49,Nangli (CT),20440,12898,1,63.10176125244619,Small,57.03794940788853,63.10176125244619,58.85709296125583,4909
23,423,Narwar (NP),19385,12400,1,63.96698478204797,Small,56.66633644905661,63.96698478204797,58.85653094895402,4910
24,474,Ahmadabad Cantonment (CB),7588,6018,1,79.30943595150237,Small,50.089479834873565,79.30943595150237,58.855466669862196,4911
23,441,Anjad (NP),26289,15504,1,58.975236791053284,Small,58.80266337854043,58.975236791053284,58.854435402294285,4912
19,341,Kamranga (CT),4585,4014,1,87.54634678298801,Small,46.557248613553874,87.54634678298801,58.85397806438411,4913
33,604,Acharapakkam (TP),10362,7689,1,74.20382165605095,Small,52.27422555224235,74.20382165605095,58.85310438338493,4914
33,605,Konavattam (CT),11472,8321,1,72.53312412831241,Small,52.98779913557101,72.53312412831241,58.85139663339342,4915
33,617,Lakshminarayanapuram (CT),12648,8972,1,70.93611638203669,Small,53.672109014377845,70.93611638203669,58.8513112246755,4916
9,183,Colonelganj (NPP),29435,16811,1,57.11228129777476,Small,59.59530567873927,57.11228129777476,58.850398364449916,4917
8,102,Bidasar (M),35683,19255,1,53.96127007258358,Small,60.94513543784682,53.96127007258358,58.849975828267844,4918
6,80,Satrod Kalan(153) (CT),11932,8577,1,71.88233322158901,Small,53.263476385369316,71.88233322158901,58.84913343623522,4919
31,587,Amini (CT),7661,6062,1,79.1280511682548,Small,50.156613789162606,79.1280511682548,58.84804500289026,4920
33,633,Kolathupalayam (TP),17819,11637,1,65.30669510073517,Small,56.075659794664546,65.30669510073517,58.84497038648573,4921
33,629,Mathicode (CT),6532,5338,1,81.72075933864053,Small,49.03874406370975,81.72075933864053,58.84334864618898,4922
9,164,Choubepur Kalan (CT),10785,7928,1,73.50950394065833,Small,52.55478366036278,73.50950394065833,58.841199744451444,4923
23,424,Prithvipur (NP),26883,15741,1,58.553732842316705,Small,58.95934553939075,58.553732842316705,58.837661730268536,4924
23,425,Bada Malhera (NP),18335,11882,1,64.8050177256613,Small,56.27583633740198,64.8050177256613,58.834590753879766,4925
24,468,Galpadar (CT),13155,9239,1,70.2318510072216,Small,53.94770593449844,70.2318510072216,58.83294945631538,4926
23,432,Kukdeshwar (NP),11956,8583,1,71.78822348611575,Small,53.27756634052139,71.78822348611575,58.83076348419969,4927
24,469,Tharad (M),27954,16180,1,57.88080417829291,Small,59.23329442723718,57.88080417829291,58.82754735255389,4928
8,111,Losal (M),28504,16406,1,57.556834128543365,Small,59.36992564100388,57.556834128543365,58.825998187265725,4929
33,612,Sithayankottai (TP),13634,9492,1,69.62006747836291,Small,54.19849421871257,69.62006747836291,58.82496619660767,4930
19,341,Basudebpur (CT),13091,9201,1,70.28492857688488,Small,53.913508069780626,70.28492857688488,58.8249342219119,4931
27,506,Thana (CT),6339,5206,1,82.1265183782931,Small,48.82845123848465,82.1265183782931,58.81787138042718,4932
20,361,Kedla (CT),16054,10741,1,66.9054441260745,Small,55.3442289969715,66.9054441260745,58.812593535702405,4933
27,505,Mohpa (M Cl),6987,5625,1,80.50665521683126,Small,49.510895125588874,80.50665521683126,58.80962315296159,4934
19,328,Birpara (CT),10821,7937,1,73.34811939746788,Small,52.57815064667264,73.34811939746788,58.80914127191121,4935
2,29,Mehatpur Basdehra (NP),9218,7003,1,75.97092644825342,Small,51.45391524701803,75.97092644825342,58.80901860738864,4936
9,136,Bilaspur (NPP),43908,22143,1,50.43044547690626,Small,62.39968498382039,50.43044547690626,58.808913131746145,4937
33,612,Neikkarapatti (TP),11753,8461,1,71.99013017952863,Small,53.157486209969164,71.99013017952863,58.807279400837004,4938
14,278,Jiribam (M Cl),7343,5851,1,79.68132915702029,Small,49.85935029777805,79.68132915702029,58.80594395555072,4939
5,60,Virbhadra IDPL (ITS),8580,6618,1,77.13286713286713,Small,50.95099267035168,77.13286713286713,58.805555009106314,4940
29,563,Venkatapura (CT),6928,5586,1,80.62933025404158,Small,49.45143533724467,80.62933025404158,58.80480381228374,4941
33,628,Sambavar Vadagarai (TP),16709,11065,1,66.22179663654319,Small,55.624645367162394,66.22179663654319,58.803790747976635,4942
19,337,Dhania (CT),6659,5411,1,81.25844721429644,Small,49.17376090594842,81.25844721429644,58.79916679845282,4943
21,374,Jalda (CT),15789,10599,1,67.12901387041612,Small,55.22751336701046,67.12901387041612,58.797963518032155,4944
33,615,Kurumbalur (TP),12420,8825,1,71.05475040257649,Small,53.54455126153859,71.05475040257649,58.79761100384995,4945
23,426,Ajaigarh (NP),16656,11035,1,66.25240153698367,Small,55.602367508403546,66.25240153698367,58.79737771697758,4946
29,560,Munirabad Project Area (CT),8672,6669,1,76.90267527675276,Small,51.02577801892608,76.90267527675276,58.78884719627408,4947
24,476,Trajpar (CT),16637,11020,1,66.23790346817336,Small,55.59436384157949,66.23790346817336,58.78742572955764,4948
7,98,Dera Mandi (CT),16725,11063,1,66.14648729446935,Small,55.631356874540415,66.14648729446935,58.78589600051909,4949
29,577,Bhogadi (CT),9041,6889,1,76.19732330494415,Small,51.317966038404286,76.19732330494415,58.78177321836624,4950
29,555,Mudalgi (TMC),29128,16615,1,57.04133479813238,Small,59.52178346440798,57.04133479813238,58.777648864525304,4951
19,335,Bahula (CT),17510,11445,1,65.36264991433467,Small,55.952992723573736,65.36264991433467,58.77588988080201,4952
18,311,Moranhat (TC),5679,4758,1,83.7823560486001,Small,48.05756397673761,83.7823560486001,58.775001598296356,4953
23,461,Deohra (CT),9686,7269,1,75.04645880652488,Small,51.80117088235122,75.04645880652488,58.77475725960332,4954
33,621,Nathampannai (CT),8915,6811,1,76.39932697700505,Small,51.219557206362786,76.39932697700505,58.77348813755546,4955
19,336,Mira (CT),14391,9867,1,68.56368563685636,Small,54.57740702296681,68.56368563685636,58.773290607133674,4956
33,611,Aravankad (TS) (CT),4438,3897,1,87.80982424515548,Small,46.328781914119794,87.80982424515548,58.7730946134305,4957
19,341,Kesabpur (CT),12073,8623,1,71.4238383169055,Small,53.34585236392938,71.4238383169055,58.76924814982222,4958
24,469,Bhabhar (M),21894,13503,1,61.674431351055084,Small,57.51983040307893,61.674431351055084,58.76621068747177,4959
29,579,Chitapur (TMC),31299,17469,1,55.813284769481456,Small,60.02588235629484,55.813284769481456,58.762103080250824,4960
19,345,Garh Kamalpur (CT),6664,5406,1,81.12244897959184,Small,49.179023709749906,81.12244897959184,58.76205129070249,4961
19,337,Bara Bamonia (CT),7193,5745,1,79.8693173919088,Small,49.71463435470188,79.8693173919088,58.76103926586395,4962
28,553,Papampeta (CT),13850,9577,1,69.14801444043322,Small,54.30871551697442,69.14801444043322,58.760505194012055,4963
29,556,Kerur (TP),19731,12501,1,63.35715371750038,Small,56.790394557529176,63.35715371750038,58.760422305520535,4964
23,425,Maharajpur (NP),23328,14139,1,60.60956790123457,Small,57.9647076236779,60.60956790123457,58.758165706944894,4965
9,133,Kairana (NPP),89000,34441,1,38.69775280898877,Growing,67.35434588164678,38.69775280898877,58.75736795984937,4966
33,608,Attayampatti (TP),13852,9576,1,69.13081143517181,Small,54.309728032964664,69.13081143517181,58.7560530536268,4967
32,588,Mogral (CT),8912,6804,1,76.34649910233394,Small,51.217197224601875,76.34649910233394,58.755987787921484,4968
33,630,Pennagaram (TP),17480,11416,1,65.30892448512586,Small,55.94096822519493,65.30892448512586,58.751355103174205,4969
3,47,Sardulgarh (NP),19219,12252,1,63.74941464176076,Small,56.60602908716555,63.74941464176076,58.74904475354411,4970
8,122,Beejoliya Kalan (CT),14140,9722,1,68.75530410183876,Small,54.454025007375186,68.75530410183876,58.74440873571426,4971
33,614,Kattuputhur (TP),10933,7977,1,72.9625903228757,Small,52.65035396906429,72.9625903228757,58.744024875207714,4972
6,74,Indri (MC),17487,11415,1,65.27706296105679,Small,55.943775786223846,65.27706296105679,58.74376193867373,4973
23,443,Kurwai (NP),15487,10417,1,67.26286562923742,Small,55.09208930484575,67.26286562923742,58.74332220216325,4974
19,341,Tentulkuli (CT),7203,5746,1,79.77231709010134,Small,49.72437555051235,79.77231709010134,58.73875801238904,4975
33,605,Thiruvalam (TP),9153,6941,1,75.8330601988419,Small,51.40429608035164,75.8330601988419,58.73292531589872,4976
19,337,Purbba Narayanpur (CT),7950,6212,1,78.13836477987421,Small,50.41625609873176,78.13836477987421,58.732888703074494,4977
24,491,Lavachha (CT),8549,6578,1,76.94467189144929,Small,50.92561254133191,76.94467189144929,58.731330346367116,4978
27,501,Shivar (CT),6047,4995,1,82.60294360840086,Small,48.49779518468348,82.60294360840086,58.72933971179869,4979
3,53,Longowal (M Cl),23851,14346,1,60.14842144983439,Small,58.12018482311447,60.14842144983439,58.72865581113044,4980
31,587,Kadmat (CT),5404,4563,1,84.43745373797186,Small,47.709546952977114,84.43745373797186,58.72791898847554,4981
23,451,Majholi (NP),13210,9222,1,69.8107494322483,Small,53.976962070950016,69.8107494322483,58.7270982793395,4982
33,608,Ayothiapattinam (TP),11517,8298,1,72.05001302422505,Small,53.0152508567765,72.05001302422505,58.72567950701106,4983
19,337,Palashi (CT),6748,5452,1,80.79430942501482,Small,49.26685333580046,80.79430942501482,58.72509016256477,4984
29,555,Kangrali (KH) (CT),8204,6366,1,77.59629449049244,Small,50.636777137979195,77.59629449049244,58.72463234373316,4985
22,410,Simga (NP),16027,10679,1,66.6313096649404,Small,55.33242570179456,66.6313096649404,58.72209089073831,4986
33,613,Nangavaram (TP),17629,11471,1,65.06892052867434,Small,56.00048783142706,65.06892052867434,58.72101764060125,4987
3,49,Majitha (M Cl),14503,9900,1,68.26173895056196,Small,54.631769200130876,68.26173895056196,58.7207601252602,4988
24,473,Chhatral (CT),10215,7557,1,73.97944199706315,Small,52.174037755245706,73.97944199706315,58.715659027790934,4989
33,632,Chinniam palayam (CT),8232,6380,1,77.50242954324587,Small,50.660667561452144,77.50242954324587,58.71319615599025,4990
9,197,Chhitpur (CT),12156,8645,1,71.11714379730174,Small,53.393894557199516,71.11714379730174,58.71086932923018,4991
29,575,Neermarga (CT),5503,4627,1,84.08141013992368,Small,47.83683175411066,84.08141013992368,58.71020526985457,4992
6,81,Siwani (MC),19143,12190,1,63.678629263960715,Small,56.57824445505414,63.678629263960715,58.70835989772611,4993
28,539,Yadagirigutta (CT),15232,10267,1,67.40414915966386,Small,54.97566888016201,67.40414915966386,58.70421296401256,4994
21,392,Binika (NAC),15765,10536,1,66.83158896289248,Small,55.216846331256654,66.83158896289248,58.7012691207474,4995
33,632,Dhaliyur (TP),11500,8279,1,71.99130434782609,Small,53.004892832605876,71.99130434782609,58.70081628717193,4996
23,438,Dehrisaray (CT),8606,6603,1,76.72554032070649,Small,50.972208631279614,76.72554032070649,58.698208138107674,4997
33,625,Anuppankulam (CT),13526,9377,1,69.32574301345556,Small,54.14272704024039,69.32574301345556,58.697631832204934,4998
9,133,Sarwat (CT),34846,18761,1,53.839752051885434,Small,60.778686825994555,53.839752051885434,58.69700639376182,4999
19,341,Ban Harishpur (CT),16067,10684,1,66.4965457148192,Small,55.349904987355295,66.4965457148192,58.69389720559447,5000
32,588,Keekan (CT),9735,7271,1,74.68926553672316,Small,51.83655391587525,74.68926553672316,58.69236740212962,5001
21,388,Digapahandi (NAC),13190,9196,1,69.71948445792266,Small,53.96633759238368,69.71948445792266,58.69228165204537,5002
9,196,Chakia (NP),17356,11321,1,65.22816317123761,Small,55.891047064192854,65.22816317123761,58.69218189630628,5003
28,537,Bandlaguda  (Jagir) (CT),12734,8951,1,70.29213130202608,Small,53.71962660662677,70.29213130202608,58.691378015246556,5004
19,335,Bahir Sarbamangala (P) (CT),12819,8996,1,70.17708089554567,Small,53.7662773979246,70.17708089554567,58.689518447210915,5005
1,20,Katra (MC),9008,6841,1,75.9436056838366,Small,51.29232547698261,75.9436056838366,58.6877095390388,5006
9,197,Maruadih  (CT),11228,8122,1,72.33701460634128,Small,52.8370493151203,72.33701460634128,58.68703890248659,5007
27,509,Dhopatala (CT),4945,4240,1,85.74317492416583,Small,47.087204179784784,85.74317492416583,58.6839954030991,5008
27,499,Nimbhore Budruk (CT),7501,5920,1,78.92281029196107,Small,50.00862231473128,78.92281029196107,58.682878707900215,5009
33,616,Udayarpalayam (TP),12688,8922,1,70.31841109709961,Small,53.69425027749859,70.31841109709961,58.68149852337889,5010
19,335,Debipur (CT),9967,7402,1,74.265074746664,Small,52.00169990449153,74.265074746664,58.680712357143264,5011
29,572,Sarjapura (CT),11807,8441,1,71.4914881002795,Small,53.18962997474078,71.4914881002795,58.68018741240239,5012
4,55,Behlana (CT),8281,6400,1,77.28535201062674,Small,50.7022809564744,77.28535201062674,58.677202272720095,5013
21,388,Bellaguntha (NAC),11297,8156,1,72.19615827210764,Small,52.88000903714645,72.19615827210764,58.674853807634804,5014
33,604,Alapakkam (CT),9404,7070,1,75.18077413866439,Small,51.59399287977362,75.18077413866439,58.67002725744085,5015
23,438,Dharampuri (NP),16363,10818,1,66.1125710444295,Small,55.477915138837396,66.1125710444295,58.66831191051503,5016
3,52,Bhankharpur (CT),10768,7856,1,72.95690936106983,Small,52.54372212640446,72.95690936106983,58.66767829680407,5017
9,188,Mundera Bazar (NP),10818,7884,1,72.87853577371048,Small,52.57620636892727,72.87853577371048,58.66690519036223,5018
9,140,Dasna (NP),34914,18747,1,53.69479291974566,Small,60.79235795873438,53.69479291974566,58.66308844703776,5019
18,305,Jamunamukh (CT),7377,5837,1,79.12430527314626,Small,49.891741513501415,79.12430527314626,58.66151064139487,5020
14,277,Naoriya Pakhanglakpa (CT),7501,5914,1,78.8428209572057,Small,50.00862231473128,78.8428209572057,58.6588819074736,5021
33,620,Natchiarkoil (CT),7505,5916,1,78.82744836775483,Small,50.012360420222954,78.82744836775483,58.65688680448251,5022
9,143,Jatari (NP),18387,11795,1,64.1485832381574,Small,56.295695824494885,64.1485832381574,58.65156204859363,5023
9,192,Walidpur (CT),25589,15031,1,58.74008362968463,Small,58.61341210872819,58.74008362968463,58.65141356501512,5024
3,46,Bhucho Mandi (M Cl),14961,10098,1,67.4954882695007,Small,54.84978784925497,67.4954882695007,58.643497975328685,5025
19,337,Chandpara (CT),7113,5665,1,79.64290735273443,Small,49.636213792046355,79.64290735273443,58.63822186025277,5026
29,563,Tattilli (Mundgod) (CT),3670,3320,1,90.46321525885558,Small,44.996616918585026,90.46321525885558,58.636596420666194,5027
33,610,Nambiyur (TP),16379,10808,1,65.98693448928506,Small,55.48476848483737,65.98693448928506,58.63541828617167,5028
33,632,Makkinampatti (CT),8134,6298,1,77.42807966560117,Small,50.57669255969748,77.42807966560117,58.63210869146858,5029
23,455,Mohgaon (NP),9909,7352,1,74.19517610253305,Small,51.9607765795123,74.19517610253305,58.63109643641852,5030
9,132,Chhutmalpur (CT),14274,9738,1,68.2219419924338,Small,54.520164284842224,68.2219419924338,58.63069759711969,5031
33,623,Alanganallur (TP),12331,8707,1,70.61065607006731,Small,53.49412248764519,70.61065607006731,58.62908256237182,5032
10,204,Sugauli (NP),38815,20121,1,51.83820687878398,Small,61.5351135563851,51.83820687878398,58.626041553104756,5033
9,143,Atrauli (NPP),50412,23961,1,47.530349916686504,Growing,63.36834563670285,47.530349916686504,58.61694692069794,5034
33,608,Kondalampatti (CT),20318,12678,1,62.39787380647701,Small,56.995969515113785,62.39787380647701,58.61654080252275,5035
29,561,Mulgund (TP),18763,11952,1,63.69983478121836,Small,56.43764564508147,63.69983478121836,58.61630238592252,5036
24,477,Sikka (M),28814,16332,1,56.68078017630318,Small,59.44577887805047,56.68078017630318,58.61627926752628,5037
10,235,Nabinagar (NP),23984,14310,1,59.664776517678455,Small,58.15917930881156,59.664776517678455,58.61085847147163,5038
33,617,Mangalampet (TP),9278,6977,1,75.19939642164259,Small,51.499408015942805,75.19939642164259,58.609404537652736,5039
9,166,Parichha (CT),7047,5616,1,79.6934865900383,Small,49.57085005678004,79.6934865900383,58.60764101675751,5040
24,468,Rapar (M),28407,16158,1,56.88034639349456,Small,59.34602139504682,56.88034639349456,58.606318894581136,5041
19,337,Nokpul (CT),7737,6047,1,78.15690836241437,Small,50.22583047004332,78.15690836241437,58.605153837754635,5042
27,501,Umari Pr. Akola (CT),6756,5430,1,80.37300177619893,Small,49.27516097573113,80.37300177619893,58.60451321587147,5043
29,576,Gonikoppal (CT),8306,6395,1,76.9925355164941,Small,50.723417526024164,76.9925355164941,58.604152923165145,5044
21,396,Bishamakatak (CT),8399,6451,1,76.80676270984641,Small,50.8014909694677,76.80676270984641,58.60307249158131,5045
30,586,Chinchinim (CT),6908,5526,1,79.994209612044,Small,49.43116451597214,79.994209612044,58.6000780447937,5046
27,520,Ambivali T. Tungartan (CT),6497,5262,1,80.99122672002463,Small,49.001073187953246,80.99122672002463,58.59811924757466,5047
22,406,Sakari (NP),12861,8979,1,69.81572195008164,Small,53.789214323670386,69.81572195008164,58.597166611593764,5048
33,602,Nemilicheri (CT),5743,4767,1,83.00539787567473,Small,48.13613830841651,83.00539787567473,58.59691617859398,5049
29,575,Munnuru (CT),8864,6728,1,75.90252707581227,Small,51.17932910295862,75.90252707581227,58.596288494814715,5050
3,54,Dhanaula (M Cl),19920,12477,1,62.6355421686747,Small,56.85724486601186,62.6355421686747,58.59073405681071,5051
22,404,Rajgamar (CT),11544,8261,1,71.56098406098405,Small,53.031670455387484,71.56098406098405,58.59046453706645,5052
23,433,Suwasara (NP),13304,9210,1,69.2273000601323,Small,54.02668263367782,69.2273000601323,58.58686786161415,5053
6,75,Ugra Kheri(19) (CT),24440,14485,1,59.26759410801964,Small,58.29125212984726,59.26759410801964,58.58415472329897,5054
33,612,Pannaikadu (TP),8731,6645,1,76.10812049020731,Small,51.07332183314529,76.10812049020731,58.58376143026389,5055
27,509,Nanda (CT),9378,7027,1,74.93068884623587,Small,51.57457955507322,74.93068884623587,58.58141234242201,5056
9,175,Handia (NP),21798,13325,1,61.12946141847876,Small,57.48901523788676,61.12946141847876,58.58114909206436,5057
28,543,Cheepurupalle (CT),14847,10007,1,67.40082171482454,Small,54.79615148084262,67.40082171482454,58.5775525510372,5058
27,517,Rahanal (CT),10928,7912,1,72.40117130307468,Small,52.64714641023952,72.40117130307468,58.57335387809007,5059
19,341,Khadinan (CT),9297,6977,1,75.04571367107668,Small,51.51375275141676,75.04571367107668,58.57334102731473,5060
19,327,Dungra Khasmahal (CT),6789,5444,1,80.18854028575637,Small,49.309326338843356,80.18854028575637,58.573090522917255,5061
19,343,Dakshin Raypur (CT),14076,9608,1,68.25802784882069,Small,54.42221462700078,68.25802784882069,58.572958593546744,5062
10,210,Thakurganj (NP),18348,11728,1,63.91977327229126,Small,56.280806484240664,63.91977327229126,58.57249652065584,5063
9,179,Amethi (NP),13849,9488,1,68.51036175897177,Small,54.30820920415253,68.51036175897177,58.568854970598295,5064
1,11,Ganderbal (MC),28233,16052,1,56.855452838876495,Small,59.30293636427818,56.855452838876495,58.56869130665767,5065
27,517,Katai (CT),12898,8986,1,69.66971623507521,Small,53.809358693117574,69.66971623507521,58.56746595570486,5066
24,486,Alikherva (CT),8951,6771,1,75.64517930957435,Small,51.24781521264325,75.64517930957435,58.56702444172258,5067
7,90,Ibrahim Pur (CT),10614,7732,1,72.84718296589409,Small,52.44271461853788,72.84718296589409,58.56405512274473,5068
19,343,Kalikapur Barasat (CT),6104,4999,1,81.89711664482306,Small,48.56357746363402,81.89711664482306,58.563639217990726,5069
19,338,Dharmapur (CT),8456,6474,1,76.56102175969725,Small,50.84891632515708,76.56102175969725,58.56254795551912,5070
20,365,Torpa (CT),8592,6555,1,76.29189944134079,Small,50.960792628722594,76.29189944134079,58.560124672508046,5071
33,619,Koradacheri (TP),6450,5223,1,80.97674418604652,Small,48.95016614076738,80.97674418604652,58.558139554351115,5072
28,551,Gopavaram (CT),22936,13810,1,60.21102197418905,Small,57.84587139007156,60.21102197418905,58.55541656530681,5073
33,605,Panapakkam (TP),11536,8243,1,71.45457697642163,Small,53.026809395848694,71.45457697642163,58.55513967002058,5074
22,410,Kasdol (NP),14071,9596,1,68.19700092388601,Small,54.41972335348836,68.19700092388601,58.55290662460765,5075
22,411,Basna  (NP),10345,7575,1,73.22377960367326,Small,52.26271213447262,73.22377960367326,58.551032375232815,5076
19,343,Magrahat (CT),17392,11255,1,64.71366145354186,Small,55.905576950628735,64.71366145354186,58.54800230150266,5077
29,565,Kamalapuram (TP),25552,14927,1,58.41812773951158,Small,58.6032652883417,58.41812773951158,58.547724023692666,5078
10,209,Jogabani (NP),39281,20183,1,51.38107481988747,Small,61.618802007739326,51.38107481988747,58.54748385138377,5079
9,185,Bhabnan Bazar (NP),14282,9701,1,67.92466041170704,Small,54.52409323556413,67.92466041170704,58.544263388407,5080
9,175,Shankargarh (NP),17785,11442,1,64.33511385999438,Small,56.062267030102106,64.33511385999438,58.54412107906978,5081
28,546,Satrampadu (CT),6393,5183,1,81.07304864695762,Small,48.88792780511391,81.07304864695762,58.54346405766702,5082
8,109,Mandawar (CT),11960,8470,1,70.81939799331104,Small,53.27991191650657,70.81939799331104,58.541757739547904,5083
19,341,Bangalpur (CT),6760,5418,1,80.14792899408285,Small,49.27931110796431,80.14792899408285,58.53989647379987,5084
23,427,Gamiria Sagar (CT),7984,6181,1,77.41733466933867,Small,50.44617975295036,77.41733466933867,58.53752622786685,5085
1,3,Chuglamsar (CT),10754,7801,1,72.54045006509206,Small,52.53459950847527,72.54045006509206,58.5363546754603,5086
9,143,Iglas (NP),15478,10305,1,66.57836929835896,Small,55.088013083487255,66.57836929835896,58.53511994794876,5087
8,130,Rishabhdeo (CT),9171,6891,1,75.1390251880929,Small,51.41807195985035,75.1390251880929,58.53435792832312,5088
33,625,Athipatti (CT),8384,6422,1,76.59828244274809,Small,50.78895712209833,76.59828244274809,58.53175471829326,5089
21,384,T.T.P.S. Township (CT),3613,3265,1,90.36811513977304,Small,44.8868760141964,90.36811513977304,58.531247751869394,5090
27,498,Mahindale (CT),7977,6175,1,77.4100539049768,Small,50.44002942991573,77.4100539049768,58.53103677243405,5091
5,59,Narendranagar (NPP),6049,4956,1,81.93089766903621,Small,48.50011381116728,81.93089766903621,58.529348968527955,5092
24,491,Dehari (CT),7892,6122,1,77.57222503801317,Small,50.36491330782474,77.57222503801317,58.527106826881266,5093
19,343,Chak Kashipur (CT),12035,8504,1,70.66057332779393,Small,53.32374682443215,70.66057332779393,58.52479477544068,5094
2,29,Santokhgarh (NP),9363,7000,1,74.76236249065471,Small,51.56335506502333,74.76236249065471,58.523057292712735,5095
21,381,Badamba (Nizigarh) (CT),6284,5108,1,81.28580521960535,Small,48.767350223749034,81.28580521960535,58.52288672250593,5096
24,477,Shaktinagar (CT),13463,9264,1,68.81081482581891,Small,54.10999020176012,68.81081482581891,58.52023758897776,5097
29,575,Adyar (CT),7034,5587,1,79.42849019050327,Small,49.55790324992543,79.42849019050327,58.519079332098784,5098
9,149,Bisauli (NPP),32780,17781,1,54.24344112263575,Small,60.35008570231379,54.24344112263575,58.518092328410376,5099
9,136,Milak (NPP),30553,16924,1,55.392269171603445,Small,59.856718931559236,55.392269171603445,58.517384003572495,5100
29,569,Yenagudde (CT),5017,4262,1,84.95116603547937,Small,47.18855346949876,84.95116603547937,58.51733723929294,5101
1,2,Badgam (MC),15338,10225,1,66.6644934150476,Small,55.02429819239648,66.6644934150476,58.51635675919181,5102
1,19,Rehambal (CT),7351,5785,1,78.6967759488505,Small,49.86698523128816,78.6967759488505,58.51592244655686,5103
3,36,Bhulath (NP),10548,7677,1,72.7815699658703,Small,52.39897631207589,72.7815699658703,58.51375440821421,5104
23,455,Borgaon (CT),7497,5874,1,78.35134053621448,Small,50.00488221558324,78.35134053621448,58.5088197117726,5105
2,24,Nagrota Bagwan (M Cl),5900,4853,1,82.25423728813558,Small,48.32524236623982,82.25423728813558,58.50394084280855,5106
32,588,Shiribagilu (CT),7630,5955,1,78.04718217562254,Small,50.12818332351363,78.04718217562254,58.503882979146304,5107
9,193,Bansdih (NP),21201,12996,1,61.29899533040894,Small,57.294282910671555,61.29899533040894,58.49569663659277,5108
6,86,Farrukhnagar (MC),13513,9278,1,68.65980907274476,Small,54.13598432202761,68.65980907274476,58.49313174724276,5109
23,430,Gurh (NP),14608,9841,1,67.3671960569551,Small,54.682353832084516,67.3671960569551,58.487806499545684,5110
12,249,Daporijo (NT),13405,9219,1,68.77284595300262,Small,54.07971581363874,68.77284595300262,58.4876548554479,5111
9,134,Tatarpur Lallu (CT),7847,6084,1,77.53281508856888,Small,50.324817797016294,77.53281508856888,58.48721698448206,5112
6,80,Narnaund (MC),17242,11147,1,64.65027259018676,Small,55.84483613547558,64.65027259018676,58.48646707188893,5113
33,633,Kunnathur (TP),8774,6642,1,75.70093457943925,Small,51.10777046432653,75.70093457943925,58.485719698860336,5114
27,528,Gimhavane (CT),5025,4262,1,84.81592039800995,Small,47.19972461600502,84.81592039800995,58.4845833506065,5115
32,594,Desamangalam (CT),8355,6391,1,76.49311789347696,Small,50.76466131064446,76.49311789347696,58.48319828549421,5116
23,445,Ichhawar (NP),15221,10148,1,66.67104658038237,Small,54.97060307510837,66.67104658038237,58.480736126690566,5117
8,126,Sawa (CT),11923,8425,1,70.66174620481422,Small,53.25818534503557,70.66174620481422,58.47925360296916,5118
27,521,Hinjavadi (CT),11459,8171,1,71.30639671873637,Small,52.97984859056275,71.30639671873637,58.47781302901484,5119
33,617,Srimushnam (TP),13971,9507,1,68.04809963495812,Small,54.3697111194353,68.04809963495812,58.47322767409214,5120
6,77,Uchana (MC),16815,10932,1,65.01338090990187,Small,55.66898988574599,65.01338090990187,58.472307192992744,5121
19,344,Kalaikunda (CT),9344,6973,1,74.62542808219177,Small,51.549111537865656,74.62542808219177,58.47200650116349,5122
29,563,Bobruwada (CT),5409,4520,1,83.5644296542799,Small,47.716031175109315,83.5644296542799,58.47055071886049,5123
28,538,Kothakota (CT),19042,11991,1,62.971326541329695,Small,56.54114895601289,62.971326541329695,58.47020223160793,5124
23,440,Barwaha Kasba (CT),13514,9268,1,68.58073109368063,Small,54.13650322289257,68.58073109368063,58.46977158412899,5125
33,632,Kinathukadavu (TP),8653,6565,1,75.86964058707963,Small,51.01039842841474,75.86964058707963,58.4681710760142,5126
3,48,Rurki Kasba (CT),10509,7639,1,72.69007517366067,Small,52.373002138906756,72.69007517366067,58.46812404933293,5127
29,569,Moodabettu (CT),5018,4254,1,84.77481068154643,Small,47.18995083639316,84.77481068154643,58.46540878993913,5128
8,104,Shahjahanpur (CT),9837,7254,1,73.74199451052151,Small,51.90964070648379,73.74199451052151,58.4593468476951,5129
10,213,Murliganj (NP),28691,16132,1,56.22669129692238,Small,59.41578038531357,56.22669129692238,58.45905365879621,5130
18,321,Upar Hali (CT),7095,5611,1,79.08386187455955,Small,49.618447654007234,79.08386187455955,58.45807192017293,5131
19,327,Bairatisal (CT),4916,4182,1,85.06916192026037,Small,47.045965515602944,85.06916192026037,58.45292443700016,5132
29,559,Mudgal (TP),22731,13642,1,60.0149575469623,Small,57.78291357484808,60.0149575469623,58.45252676648234,5133
19,337,Nagdaha (CT),8192,6284,1,76.708984375,Small,50.62651341754282,76.708984375,58.45125470477997,5134
23,418,Vijaypur (NP),16964,10992,1,64.79603867012497,Small,55.730852882747186,64.79603867012497,58.45040861896052,5135
1,15,Kulgam (MC),23584,14009,1,59.40044097693351,Small,58.041241936147806,59.40044097693351,58.449001648383515,5136
29,575,Narikombu (CT),7800,6045,1,77.5,Small,50.28269405484289,77.5,58.44788583839002,5137
25,495,Marwad (CT),7443,5825,1,78.26145371489991,Small,49.9541946666046,78.26145371489991,58.4463723810932,5138
19,328,Jateshwar (CT),8963,6742,1,75.22035032913087,Small,51.25720930076787,75.22035032913087,58.44615160927677,5139
27,524,Nideban (CT),8249,6316,1,76.56685658867741,Small,50.67513285293891,76.56685658867741,58.44264997366045,5140
22,401,Ramanujganj (NP),11893,8394,1,70.57933238039182,Small,53.24051965661971,70.57933238039182,58.442163473751336,5141
14,278,Khongman (CT),6096,4969,1,81.51246719160105,Small,48.55438200486838,81.51246719160105,58.44180756088818,5142
33,609,Pallipalayam Agraharam (CT),16479,10751,1,65.24060926027065,Small,55.5274508182821,65.24060926027065,58.44139835087866,5143
24,473,Chiloda (Naroda) (CT),9735,7189,1,73.84694401643554,Small,51.83655391587525,73.84694401643554,58.439670946043336,5144
9,176,Banki (NP),21317,13008,1,61.0217197541868,Small,57.33254601337904,61.0217197541868,58.439298135621364,5145
9,136,Tanda (NPP),48059,22932,1,47.7163486547785,Small,63.03314733700035,47.7163486547785,58.43810773233379,5146
33,623,Iravadanallur (CT),7423,5810,1,78.27024114239526,Small,49.93532813454614,78.27024114239526,58.43580203690088,5147
24,481,Ghogha (CT),12208,8561,1,70.12614678899082,Small,53.42382644687383,70.12614678899082,58.43452254950893,5148
33,628,Melacheval (TP),8435,6424,1,76.15886188500296,Small,50.83148111811011,76.15886188500296,58.42969534817797,5149
9,152,Tilhar (NPP),61444,26830,1,43.665776967645336,Growing,64.75610977191725,43.665776967645336,58.42900993063567,5150
27,517,Karivali (CT),12907,8931,1,69.19501045944061,Small,53.814249937678014,69.19501045944061,58.428478094206795,5151
33,620,Cholapuram (TP),6803,5420,1,79.6707334999265,Small,49.323770598813724,79.6707334999265,58.42785946914755,5152
9,155,Sandi (NPP),26007,15012,1,57.7229207521052,Small,58.72703537959705,57.7229207521052,58.42580099134949,5153
9,146,Fatehabad (NP),23278,13858,1,59.53260589397714,Small,57.94966151908958,59.53260589397714,58.42454483155585,5154
27,520,Navghar (CT),6603,5292,1,80.14538845979101,Small,49.11454607865639,80.14538845979101,58.42379879299676,5155
2,33,Rohru (M Cl),6875,5464,1,79.47636363636363,Small,49.397589025022405,79.47636363636363,58.42122140842477,5156
33,632,Thondamuthur (TP),11492,8167,1,71.0668290985033,Small,53.00001316937597,71.0668290985033,58.42005794811416,5157
5,59,Chamba (NP),7771,6020,1,77.46750739930512,Small,50.25657601446112,77.46750739930512,58.419855429914314,5158
9,191,Phulpur (NP),9329,6946,1,74.455997427377,Small,51.537846176830435,74.455997427377,58.413291551994405,5159
16,290,Gakulpur (CT),8361,6375,1,76.24686042339434,Small,50.76969494100989,76.24686042339434,58.41284458572522,5160
24,491,Pardi Sondhpur (CT),7833,6056,1,77.31392825226605,Small,50.31229673766276,77.31392825226605,58.412786192043754,5161
6,71,Bilaspur (CT),11733,8295,1,70.69803119406801,Small,53.145543622381986,70.69803119406801,58.41128989388778,5162
29,565,Donimalai Township (CT),6672,5333,1,79.9310551558753,Small,49.18743598934478,79.9310551558753,58.41052173930393,5163
19,333,Salar (CT),22894,13681,1,59.75801520048921,Small,57.83301867217258,59.75801520048921,58.41051763066756,5164
24,474,Nandej (CT),9176,6856,1,74.71665213600699,Small,51.42189379532361,74.71665213600699,58.410321297528625,5165
9,166,Samthar (NPP),22455,13489,1,60.07125361834781,Small,57.69724811800126,60.07125361834781,58.409449768105226,5166
15,283,Sairang (NT),5950,4867,1,81.7983193277311,Small,48.384411513551036,81.7983193277311,58.408583857805056,5167
28,554,Tirumala (CT),7741,5998,1,77.48352925978556,Small,50.229454597119506,77.48352925978556,58.40567699591932,5168
21,393,Badmal (CT),5431,4523,1,83.28116368992819,Small,47.74449073938613,83.28116368992819,58.40549262454874,5169
28,535,Allipur (CT),11276,8043,1,71.32848527846754,Small,52.86696217619927,71.32848527846754,58.40541910687975,5170
33,633,Semmipalayam (CT),8429,6413,1,76.08257207260648,Small,50.82649165810857,76.08257207260648,58.40331578245794,5171
10,216,Motipur (NP),28572,16029,1,56.10037799244015,Small,59.38663480585473,56.10037799244015,58.40075776183036,5172
28,546,Sanivarapupeta (CT),8142,6240,1,76.63964627855565,Small,50.583585481482416,76.63964627855565,58.40040372060439,5173
19,343,Ramkrishnapur (CT),5971,4879,1,81.7116060961313,Small,48.40911444951443,81.7116060961313,58.39986194349949,5174
1,12,Awantipora (MC),12647,8778,1,69.40776468727762,Small,53.67155458612628,69.40776468727762,58.392417616471676,5175
29,581,Bethamangala (CT),10413,7558,1,72.58234898684337,Small,52.308652821902,72.58234898684337,58.39076167138441,5176
9,183,Mankapur (NP),9461,7015,1,74.14649614205686,Small,51.63636573217343,74.14649614205686,58.38940485513846,5177
8,127,Suket (CT),22319,13412,1,60.09229804202697,Small,57.65464814511381,60.09229804202697,58.385943114187754,5178
18,321,Palasbari (MB),4925,4177,1,84.81218274111674,Small,47.05878969303174,84.81218274111674,58.38480760745725,5179
33,629,Puliyoorsalai (CT),6361,5128,1,80.61625530576954,Small,48.85274335633564,80.61625530576954,58.3817969411658,5180
27,517,Katkar (CT),11398,8100,1,71.06509914020003,Small,52.94242133256165,71.06509914020003,58.37922467485316,5181
28,551,Nagireddipalle (CT),12318,8597,1,69.79217405422958,Small,53.48672603938559,69.79217405422958,58.37836044383878,5182
33,630,B.Mallapuram (TP),12705,8802,1,69.27981109799292,Small,53.703639186758345,69.27981109799292,58.37649076012872,5183
29,575,Uppinangady (CT),7813,6034,1,77.23025726353512,Small,50.294370639618414,77.23025726353512,58.37513662679343,5184
33,628,Ilanji (TP),10282,7478,1,72.72904104259872,Small,52.219879173602365,72.72904104259872,58.37262773430127,5185
22,403,Kirodimalnagar (NP),13102,9009,1,68.76049458098001,Small,53.91939770884411,68.76049458098001,58.371726770484884,5186
19,328,Uttar Madarihat (CT),9631,7107,1,73.79296023258229,Small,51.76124140799564,73.79296023258229,58.37075705537163,5187
24,486,Nandesari (CT),8290,6320,1,76.23642943305187,Small,50.709897462578446,76.23642943305187,58.36785705372047,5188
9,191,Nizamabad (NP),13848,9394,1,67.83651068746389,Small,54.30770285477246,67.83651068746389,58.366345204579886,5189
3,43,Guru Har Sahai  (M Cl),17192,11053,1,64.2915309446254,Small,55.8244717183992,64.2915309446254,58.364589486267064,5190
20,355,Bermo (CT),17401,11152,1,64.08827078903512,Small,55.90920472318426,64.08827078903512,58.36292454293951,5191
23,426,Devendranagar (NP),12785,8838,1,69.12788423934299,Small,53.74765430527749,69.12788423934299,58.361723285497135,5192
18,312,Dhekorgorha (CT),4708,4024,1,85.47153780798641,Small,46.74285607962466,85.47153780798641,58.36146059813318,5193
27,505,Koradi (CT),6321,5097,1,80.6359753203607,Small,48.80851308838435,80.6359753203607,58.35675175797726,5194
19,328,Banarhat Tea Garden (CT),15652,10298,1,65.79350881676463,Small,55.16640316597533,65.79350881676463,58.354534861212116,5195
33,614,Valavandankottai (CT),9202,6854,1,74.48380786785481,Small,51.44173383349134,74.48380786785481,58.35435604380038,5196
33,632,Perur (TP),8004,6144,1,76.7616191904048,Small,50.46372244061354,76.7616191904048,58.35309146555092,5197
1,14,Duru Verinag (MC),22968,13668,1,59.50888192267503,Small,57.855648150403994,59.50888192267503,58.3516182820853,5198
9,155,Pihani (NPP),36014,18777,1,52.138057422113626,Small,61.009884331665376,52.138057422113626,58.34833625879985,5199
33,604,Sikkarayapuram (CT),10187,7416,1,72.79866496515166,Small,52.154791007169536,72.79866496515166,58.34795319456417,5200
19,338,Bhagabatipur (CT),7068,5566,1,78.74929258630448,Small,49.591713768487885,78.74929258630448,58.33898741383286,5201
9,164,Bithoor (NP),11300,8031,1,71.070796460177,Small,52.881870894514705,71.070796460177,58.33854856421338,5202
32,594,Thangalur (CT),4587,3936,1,85.80771746239371,Small,46.56030624854294,85.80771746239371,58.33452961269817,5203
32,594,Kurichikkara (CT),4081,3579,1,87.69909335947071,Small,45.740823885584206,87.69909335947071,58.32830472775015,5204
10,204,Chakia (NP),20686,12648,1,61.142801895001455,Small,57.12184073566397,61.142801895001455,58.328129083465214,5205
19,328,Odlabari (CT),14194,9552,1,67.29604058052698,Small,54.48075323212018,67.29604058052698,58.32533943664221,5206
18,321,Dahali (CT),8397,6372,1,75.88424437299035,Small,50.799821083583794,75.88424437299035,58.32514807040576,5207
21,374,Lathikata (CT),7405,5771,1,77.93382849426064,Small,49.918304748809014,77.93382849426064,58.322961872444495,5208
9,189,Hata (NP),12801,8829,1,68.97117412702133,Small,53.756424274513456,68.97117412702133,58.320849230265814,5209
24,480,Lilia (CT),10359,7503,1,72.42977121343759,Small,52.27219514570314,72.42977121343759,58.31946796602347,5210
19,336,Satigachha (CT),9847,7213,1,73.25073626485224,Small,51.916765248127106,73.25073626485224,58.31695655314464,5211
23,455,Piplanarayanwar (NP),8595,6487,1,75.47411285631182,Small,50.96324047995567,75.47411285631182,58.316502192862515,5212
19,335,Kenda (CT),15731,10316,1,65.57752209014048,Small,55.20170686794849,65.57752209014048,58.314451434606084,5213
19,329,Baneswar (CT),4841,4108,1,84.85850030985334,Small,46.93817541717836,84.85850030985334,58.31427288498085,5214
23,456,Keolari (CT),9654,7102,1,73.56536150818313,Small,51.7779668550214,73.56536150818313,58.31418525096991,5215
30,585,Corlim (CT),6568,5245,1,79.85688185140073,Small,49.077281282735136,79.85688185140073,58.31116145333481,5216
24,487,Dediapada (CT),9026,6738,1,74.65100819853757,Small,51.30632285834903,74.65100819853757,58.30972846040558,5217
29,568,Hosanagara (TP),5839,4774,1,81.76057544100017,Small,48.252373329713016,81.76057544100017,58.304833963099156,5218
7,90,Mubarak Pur Dabas (CT),12043,8420,1,69.91613385369094,Small,53.328406416454975,69.91613385369094,58.30472464762576,5219
19,336,Simurali (CT),5027,4233,1,84.20529142629799,Small,47.2025146242918,84.20529142629799,58.30334766489366,5220
32,594,Chittanda (CT),5936,4837,1,81.48584905660378,Small,48.36789441299659,81.48584905660378,58.303280806078746,5221
19,336,Gadigachha (CT),14085,9486,1,67.3482428115016,Small,54.42669669025935,67.3482428115016,58.30316052663202,5222
14,277,Thongkhong Laxmi Bazar (NP),14878,9886,1,66.44710310525608,Small,54.81077746642005,66.44710310525608,58.30167515807085,5223
32,594,Madathumpady (CT),4294,3726,1,86.77224033535165,Small,46.097520576446634,86.77224033535165,58.299936504118136,5224
9,133,Almaspur (CT),13318,9090,1,68.25349151524253,Small,54.0340577545731,68.25349151524253,58.29988788277392,5225
18,316,Tarapur Pt VI (CT),8753,6575,1,75.11710270764308,Small,51.0909678548317,75.11710270764308,58.29880831067511,5226
5,60,Chakrata (CB),5117,4293,1,83.8968145397694,Small,47.32692981667802,83.8968145397694,58.29789523360543,5227
6,74,Nissing (MC),17438,11130,1,63.826126849409334,Small,55.92409921357119,63.826126849409334,58.29470750432263,5228
23,439,Palda (CT),18697,11718,1,62.67315612130289,Small,56.41293592656862,62.67315612130289,58.291001984988895,5229
33,609,Vennanthur (TP),14568,9724,1,66.74903898956617,Small,54.663126496065715,66.74903898956617,58.28890024411585,5230
33,602,Ammavarikuppam (CT),10750,7710,1,71.72093023255815,Small,52.53199086500192,71.72093023255815,58.288672675268785,5231
3,38,Chohal (CT),7304,5700,1,78.039430449069,Small,49.82201049439471,78.039430449069,58.28723648079699,5232
23,439,Runji-Gautampura (NP),14584,9730,1,66.71695008228195,Small,54.67082375771396,66.71695008228195,58.28466165508435,5233
22,409,Patan (NP),10133,7364,1,72.6734432053686,Small,52.11752243901279,72.6734432053686,58.284298668919526,5234
23,455,Neuton Chikhli Kalan (NP),9840,7198,1,73.15040650406503,Small,51.911778829088796,73.15040650406503,58.28336713158167,5235
14,278,Laipham Siphai (CT),5268,4392,1,83.37129840546697,Small,47.53083665240182,83.37129840546697,58.28297517832136,5236
9,182,Tulsipur (NP),24488,14259,1,58.22852009147338,Small,58.305010929083835,58.22852009147338,58.28206367780069,5237
27,520,Poladpur (CT),5944,4838,1,81.39300134589502,Small,48.3773375192696,81.39300134589502,58.282036667257216,5238
20,348,Domchanch (CT),15809,10337,1,65.3868049845025,Small,55.23639018558352,65.3868049845025,58.281514625259206,5239
3,35,Narot Mehra (CT),8885,6647,1,74.81148002250984,Small,51.19592157314802,74.81148002250984,58.28058910795656,5240
9,145,Ranchi Bangar (CT),12536,8672,1,69.17677089980855,Small,53.609738969132295,69.17677089980855,58.27984854833517,5241
33,623,Palamedu (TP),10493,7564,1,72.08615267321072,Small,52.36231817456811,72.08615267321072,58.27946852416089,5242
28,537,Dundigal (CT),13465,9156,1,67.99851466765688,Small,54.11103181865566,67.99851466765688,58.27727667335602,5243
23,429,Chitrakoot (NP),23316,13757,1,59.00240178418253,Small,57.96109950162275,59.00240178418253,58.27349018639068,5244
19,337,Shibalaya (CT),5830,4762,1,81.68096054888507,Small,48.2415577724964,81.68096054888507,58.273378605413,5245
24,474,Singarva (CT),12547,8674,1,69.13206344146012,Small,53.61588922211568,69.13206344146012,58.27074148791901,5246
19,328,Dakhin Rampur (CT),6392,5124,1,80.16270337922403,Small,48.88683095898102,80.16270337922403,58.26959268505392,5247
19,341,Brindabanpur (CT),12583,8692,1,69.07732655169674,Small,53.63597969316282,69.07732655169674,58.26838375072299,5248
20,354,Gobindpur (CT),11318,8014,1,70.8075631737056,Small,52.89303166992565,70.8075631737056,58.26739112105963,5249
24,493,Bhurivel (CT),5730,4695,1,81.93717277486911,Small,48.120248991889355,81.93717277486911,58.26532612678328,5250
23,436,Badod (NP),13834,9340,1,67.51481856296083,Small,54.3006101218814,67.51481856296083,58.26487265420522,5251
9,177,Pahar Ganj (CT),7019,5518,1,78.61518734862516,Small,49.542934864869295,78.61518734862516,58.264610609996055,5252
28,533,Yellareddy (CT),14923,9890,1,66.2735374924613,Small,54.83195460281256,66.2735374924613,58.26442946970718,5253
27,509,Visapur (CT),9398,6939,1,73.83485848052777,Small,51.58951764941349,73.83485848052777,58.263119898747775,5254
23,426,Pawai (NP),14465,9659,1,66.7749740753543,Small,54.6133720851282,66.7749740753543,58.26185268219602,5255
33,627,Veerapandianpattinam (Town) (CT),6015,4880,1,81.13050706566915,Small,48.46059252058178,81.13050706566915,58.26156688410799,5256
9,133,Thana Bhawan (NP),36669,18904,1,51.55308298562819,Small,61.136277218767674,51.55308298562819,58.26131894882583,5257
29,558,Aurad (TP),19849,12226,1,61.59504257141418,Small,56.83220646032835,61.59504257141418,58.26105729365409,5258
21,384,Athmallik (NAC),12298,8537,1,69.41779151081477,Small,53.4753316332126,69.41779151081477,58.25806959649324,5259
12,247,Seppa (NT),18350,11535,1,62.86103542234333,Small,56.28157080966227,62.86103542234333,58.25541019346659,5260
9,135,Pakbara (CT),36728,18917,1,51.50566325419299,Small,61.14755117474955,51.50566325419299,58.254984798582576,5261
23,452,Rosera (CT),6770,5360,1,79.1728212703102,Small,49.28967570597332,79.1728212703102,58.25461937527437,5262
29,577,Belvata (CT),8605,6475,1,75.24694944799535,Small,50.971393818551526,75.24694944799535,58.25406050738467,5263
33,619,Peralam (TP),6149,4965,1,80.74483655879004,Small,48.61507844714542,80.74483655879004,58.2540058806388,5264
23,430,Semaria (NP),13446,9133,1,67.92354603599583,Small,54.10113020596836,67.92354603599583,58.2478549549766,5265
8,130,Kanor (M),13239,9025,1,68.16980134451242,Small,53.99233902969169,68.16980134451242,58.24557772413791,5266
6,69,HMT Pinjore (CT),3873,3419,1,88.27782081074102,Small,45.37406393210417,88.27782081074102,58.245190995695225,5267
33,632,Muthugoundam Pudur (CT),10259,7421,1,72.33648503752802,Small,52.204176322088024,72.33648503752802,58.24386893672002,5268
23,421,Bhitarwar (NP),19096,11872,1,62.17008797653959,Small,56.56100660062741,62.17008797653959,58.24373101340106,5269
9,186,Mehdawal (NP),27897,15613,1,55.96659138975517,Small,59.21898102506573,55.96659138975517,58.243264134472554,5270
30,586,Aquem (CT),6511,5194,1,79.77269236676395,Small,49.01616583025989,79.77269236676395,58.243123791211104,5271
9,192,Kurthi Jafarpur (CT),14157,9494,1,67.06223069859433,Small,54.46245044091407,67.06223069859433,58.242384518218145,5272
9,165,Madhogarh (NP),12858,8825,1,68.63431326800435,Small,53.78757845746733,68.63431326800435,58.24159890062843,5273
19,332,Bara Suzapur (CT),15808,10315,1,65.25177125506073,Small,55.23594661141996,65.25177125506073,58.24069400451219,5274
18,305,Dimaruguri (CT),10235,7406,1,72.35955056179775,Small,52.187753162974495,72.35955056179775,58.23929238262147,5275
27,509,Gondpipri (CT),8474,6393,1,75.44253009204625,Small,50.86382636423169,75.44253009204625,58.237437482576055,5276
18,323,Bangaon (CT),5873,4783,1,81.44049037970373,Small,48.29308222242239,81.44049037970373,58.237304669606786,5277
19,341,Raghudebpur (CT),7081,5550,1,78.37876006213811,Small,49.604598361833716,78.37876006213811,58.23684687192503,5278
7,90,Khera Kalan (CT),8252,6261,1,75.87251575375666,Small,50.67768245694313,75.87251575375666,58.23613244598718,5279
27,511,Biloli (M Cl),14923,9875,1,66.17302151042016,Small,54.83195460281256,66.17302151042016,58.23427467509484,5280
8,125,Partapur (CT),10758,7694,1,71.51886967837888,Small,52.537207181922184,71.51886967837888,58.23170593085919,5281
3,37,Lohian Khass (NP),10362,7474,1,72.12893263848677,Small,52.27422555224235,72.12893263848677,58.23063767811568,5282
33,623,Silaiman (CT),6436,5143,1,79.90988191423244,Small,48.934930628829825,79.90988191423244,58.227416014450604,5283
33,618,Manalmedu (TP),9017,6708,1,74.39281357435954,Small,51.299327660027025,74.39281357435954,58.22737343432678,5284
24,492,Baben (CT),15610,10211,1,65.41319666880206,Small,55.147561496444276,65.41319666880206,58.227252048151605,5285
33,618,Vaitheeswarankoil (TP),7676,5912,1,77.01928087545596,Small,50.17032919689137,77.01928087545596,58.22501470046075,5286
10,235,Obra (CT),14786,9802,1,66.29243879345327,Small,54.76728193914764,66.29243879345327,58.224828995439324,5287
21,382,Sayadpur (CT),8798,6579,1,74.77835871789043,Small,51.12692427817678,74.77835871789043,58.22235461009087,5288
9,145,Baldeo (NP),11813,8264,1,69.95682722424448,Small,53.193192426296356,69.95682722424448,58.22228286568079,5289
22,409,Utai (NP),8752,6552,1,74.86288848263254,Small,51.09016672548413,74.86288848263254,58.22198325262865,5290
28,538,Yenugonda (CT),10611,7609,1,71.70860427857883,Small,52.44073242064376,71.70860427857883,58.221093978024285,5291
19,341,Paschim Bainan (CT),12405,8578,1,69.14953647722693,Small,53.53607739849879,69.14953647722693,58.22011512211723,5292
33,627,Kayatharu (TP),10400,7491,1,72.02884615384615,Small,52.29989328056877,72.02884615384615,58.218579142551974,5293
28,540,Gorrekunta (CT),13159,8971,1,68.17387339463485,Small,53.94983777392399,68.17387339463485,58.21704846013725,5294
9,159,Kamalganj (NP),15477,10140,1,65.51657297925955,Small,55.087560023711525,65.51657297925955,58.21626391037593,5295
9,192,Adari (NP),13717,9256,1,67.47831158416562,Small,54.24105296565528,67.47831158416562,58.21223055120838,5296
9,140,Bisokhar (CT),14332,9568,1,66.75969857661178,Small,54.54859943095431,66.75969857661178,58.211929174651544,5297
7,90,Pooth Khurd (CT),10654,7629,1,71.60690820349164,Small,52.46909052452137,71.60690820349164,58.210435828212454,5298
9,188,Bansgaon (NP),15313,10056,1,65.66969241820675,Small,55.0128593653792,65.66969241820675,58.20990928122746,5299
9,175,Lal Gopalganj Nindaura (NP),28288,15734,1,55.62075791855203,Small,59.31658382945978,55.62075791855203,58.20783605618745,5300
33,621,Ammapattinam (CT),6652,5275,1,79.29945880938064,Small,49.16638633903215,79.29945880938064,58.206308080136694,5301
28,554,Perur (CT),11127,7887,1,70.88163925586412,Small,52.7736878553717,70.88163925586412,58.206073275519415,5302
33,606,Sevur (CT),10299,7430,1,72.14292649771824,Small,52.23146307144286,72.14292649771824,58.204902099325466,5303
18,317,Kanisail Pt I (CT),7358,5713,1,77.6433813536287,Small,49.87365898614633,77.6433813536287,58.20457569639104,5304
1,8,Gulmarg (MC),1965,1950,1,99.23664122137404,Small,40.61745356503513,99.23664122137404,58.2032098619368,5305
28,535,Narayankhed (CT),15610,10198,1,65.32991672005124,Small,55.147561496444276,65.32991672005124,58.20226806352636,5306
30,585,Pernem (M Cl),5021,4212,1,83.88767177853018,Small,47.194141267193885,83.88767177853018,58.20220042059478,5307
3,47,Bareta (M Cl),17432,11073,1,63.52111060119321,Small,55.92168603882735,63.52111060119321,58.20151340753711,5308
27,520,Borli Panchtan (CT),6952,5461,1,78.55293440736479,Small,49.475683230250986,78.55293440736479,58.19885858338512,5309
19,339,Ledisol (CT),5056,4235,1,83.7618670886076,Small,47.24284550121693,83.7618670886076,58.19855197743413,5310
29,569,52 Heroor (CT),4778,4046,1,84.67978233570531,Small,46.84633350549976,84.67978233570531,58.196368154561426,5311
8,129,Pirawa (M),12807,8779,1,68.54845006636995,Small,53.75971018745276,68.54845006636995,58.19633215112791,5312
18,302,Lakhipur (TC),15633,10206,1,65.28497409326425,Small,55.15788582360502,65.28497409326425,58.19601230450279,5313
9,175,Sirsa (NP),12686,8715,1,68.69777707709287,Small,53.69314487306119,68.69777707709287,58.19453453427069,5314
28,532,Thimmapur (CT),13485,9128,1,67.69002595476455,Small,54.121439487138176,67.69002595476455,58.192015427426085,5315
24,469,Thara (M),18060,11360,1,62.901439645625686,Small,56.169864676237324,62.901439645625686,58.189337167053836,5316
10,216,Damodarpur (CT),13884,9330,1,67.19965427830597,Small,54.32590843840974,67.19965427830597,58.18803219037861,5317
19,335,Arra (CT),7808,5982,1,76.61372950819673,Small,50.28988194604115,76.61372950819673,58.18703621468782,5318
19,341,Hatgachha (CT),5980,4842,1,80.96989966555184,Small,48.41967484164264,80.96989966555184,58.1847422888154,5319
33,610,Lakkampatti (TP),11716,8197,1,69.96415158757256,Small,53.13537640747427,69.96415158757256,58.18400896150375,5320
8,110,Manoharpur (CT),20287,12370,1,60.975008626213835,Small,56.985262331620355,60.975008626213835,58.18218621999839,5321
9,166,Garautha (NP),10807,7703,1,71.2778754510965,Small,52.56907273506667,71.2778754510965,58.18171354987562,5322
19,333,Srikantabati (CT),14027,9399,1,67.0064874884152,Small,54.39776189978174,67.0064874884152,58.18037957637178,5323
9,139,Chhaprauli (NP),18970,11774,1,62.066420664206646,Small,56.51458432315181,62.066420664206646,58.18013522546826,5324
14,277,Samurou NP (Major part),10721,7655,1,71.40192146255013,Small,52.513049123279984,71.40192146255013,58.17971082506102,5325
29,555,Mutga (CT),7561,5830,1,77.1062028832165,Small,50.06448574665288,77.1062028832165,58.17700088762196,5326
29,575,Badagaulipady (CT),7062,5522,1,78.19314641744548,Small,49.585759039228584,78.19314641744548,58.16797525269365,5327
19,337,Dogachhia (CT),5705,4660,1,81.68273444347064,Small,48.08959105315766,81.68273444347064,58.16753407025155,5328
9,184,Uska Bazar (NP),24444,14147,1,57.87514318442154,Small,58.29239972805566,57.87514318442154,58.16722276496542,5329
24,488,Sherpura (CT),5748,4688,1,81.55880306193458,Small,48.142240010477565,81.55880306193458,58.167208925914665,5330
7,90,Kanjhawala (CT),10331,7434,1,71.95818410608848,Small,52.25321628232928,71.95818410608848,58.16470662945703,5331
5,60,Kharak mafi (CT),8404,6331,1,75.33317467872442,Small,50.80566394533397,75.33317467872442,58.16391716535111,5332
8,103,Mukandgarh (M),18469,11532,1,62.439763928745464,Small,56.32689888375525,62.439763928745464,58.16075839725231,5333
21,374,Banaigarh (CT),7080,5531,1,78.12146892655367,Small,49.60360807930204,78.12146892655367,58.15896633347752,5334
19,341,Kalyanpur (CT),8914,6627,1,74.34372896567197,Small,51.218770634017574,74.34372896567197,58.15625813351389,5335
33,629,Pallanthurai (CT),5386,4448,1,82.58447827701448,Small,47.68615398405463,82.58447827701448,58.15565127194258,5336
23,421,Dabra (CT),20629,12503,1,60.60885161665617,Small,57.102491637686846,60.60885161665617,58.15439963137764,5337
21,388,Lalsingi (CT),7078,5528,1,78.10115851935575,Small,49.6016270946176,78.10115851935575,58.151486522039036,5338
9,164,Shivrajpur (NP),11948,8308,1,69.53465015065284,Small,53.27287283362061,69.53465015065284,58.15140602873028,5339
19,338,Batika (CT),8717,6511,1,74.69312836985202,Small,51.06206938370419,74.69312836985202,58.15138707954854,5340
19,343,Khodar Bazar (CT),6360,5078,1,79.84276729559748,Small,48.85164099278133,79.84276729559748,58.14897888362617,5341
23,445,Rehti (NP),11611,8126,1,69.98535871156662,Small,53.07225008620342,69.98535871156662,58.146182673812376,5342
32,594,Peringandoor (CT),5577,4572,1,81.97955890263583,Small,47.930487494531455,81.97955890263583,58.14520891696276,5343
3,41,Partap Singhwala (CT),10843,7708,1,71.08733745273447,Small,52.592392236188346,71.08733745273447,58.140875801152184,5344
9,143,Qasimpur Power House Colony (CT),7791,5959,1,76.48568861506867,Small,50.27459886102058,76.48568861506867,58.137925787235005,5345
19,341,Uttar Jhapardaha (CT),8425,6336,1,75.20474777448071,Small,50.823163378152245,75.20474777448071,58.137638697050775,5346
33,617,Killai (TP),13608,9166,1,67.35743680188125,Small,54.185109261694656,67.35743680188125,58.13680752375063,5347
18,323,Tihu (TC),4599,3914,1,85.10545770819743,Small,46.57862411460395,85.10545770819743,58.136674192681994,5348
33,632,Odaiyakulam (TP),13370,9044,1,67.64397905759162,Small,54.061383353650584,67.64397905759162,58.13616206483289,5349
3,38,Gardhiwala (M Cl),7593,5839,1,76.89977610957462,Small,50.094098609812534,76.89977610957462,58.13580185974115,5350
9,155,Kachhauna Patseni (NP),15647,10179,1,65.05400396242092,Small,55.1641627628585,65.05400396242092,58.13111512272722,5351
2,24,Jawalamukhi (NP),5361,4427,1,82.5778772617049,Small,47.6535337478418,82.5778772617049,58.13083680200073,5352
33,630,Kadathur (TP),11382,7997,1,70.26005974345458,Small,52.93257118856825,70.26005974345458,58.130817755034144,5353
1,21,Bhore (CT),6360,5074,1,79.77987421383648,Small,48.85164099278133,79.77987421383648,58.13011095909787,5354
9,134,Afzalgarh (NPP),29101,15973,1,54.88814817360228,Small,59.51528031218837,54.88814817360228,58.12714067061253,5355
1,20,Reasi (MC),7796,5959,1,76.43663417136993,Small,50.27909734455179,76.43663417136993,58.126358392597226,5356
9,201,Awagarh (NP),10983,7779,1,70.82764272056815,Small,52.68234912328034,70.82764272056815,58.12593720246667,5357
33,605,Kaniyambadi (CT),9597,7009,1,73.03323955402729,Small,51.736443533477974,73.03323955402729,58.12548233964276,5358
9,145,Bad (CT),14559,9640,1,66.21333882821622,Small,54.65879307070711,66.21333882821622,58.125156797959846,5359
21,384,Kandasar (Part) (CT),6668,5267,1,78.98920215956808,Small,49.18323111094786,78.98920215956808,58.12502242553393,5360
33,614,Thalakudi (CT),5740,4674,1,81.42857142857143,Small,48.13247473720407,81.42857142857143,58.12130374461428,5361
20,369,Chota Gamahria (CT),7505,5782,1,77.04197201865422,Small,50.012360420222954,77.04197201865422,58.12124389975233,5362
19,338,Kodalia (CT),8994,6662,1,74.07160329108294,Small,51.28141927612757,74.07160329108294,58.11847448061418,5363
27,521,Kharabwadi (CT),9200,6779,1,73.68478260869566,Small,51.440209667926474,73.68478260869566,58.11358155015723,5364
33,623,Peraiyur (TP),10394,7451,1,71.68558783913797,Small,52.29584672203966,71.68558783913797,58.112769057169146,5365
19,336,Beharia (CT),9584,6997,1,73.00709515859766,Small,51.72693877108123,73.00709515859766,58.110985687336154,5366
19,343,Hariharpur (CT),12027,8333,1,69.2857736758959,Small,53.319084134276096,69.2857736758959,58.109090996762035,5367
8,112,Parbatsar (M),15172,9935,1,65.48246770366465,Small,54.9479926524231,65.48246770366465,58.10833516779556,5368
19,336,Subarnapur (CT),5759,4683,1,81.31620072929327,Small,48.15564509633886,81.31620072929327,58.10381178622518,5369
24,483,Virpur (CT),10238,7361,1,71.89880836100801,Small,52.189808162472374,71.89880836100801,58.10250822203306,5370
13,268,Longleng (TC),7613,5841,1,76.72402469460134,Small,50.11254334884229,76.72402469460134,58.09598775257,5371
33,623,Karadipatti (CT),7289,5644,1,77.43174646727947,Small,49.807595924599354,77.43174646727947,58.09484108740338,5372
9,176,Haidergarh (NP),17200,10902,1,63.383720930232556,Small,55.8277340017569,63.383720930232556,58.09453008029959,5373
10,219,Marhaura (NP),29932,16255,1,54.306427903247354,Small,59.7127200273373,54.306427903247354,58.09083239011031,5374
30,585,Carapur (CT),5500,4510,1,82.0,Small,47.83300839059769,82.0,58.083105873418376,5375
29,575,Kuvettu (CT),7041,5489,1,77.95767646641102,Small,49.564877577438466,77.95767646641102,58.08271724413022,5376
8,110,Jobner (M),11354,7963,1,70.13387352474899,Small,52.915300074145854,70.13387352474899,58.08087210932679,5377
1,12,Pampora (MC),21680,12910,1,59.547970479704794,Small,57.45095180879483,59.547970479704794,58.08005741006781,5378
9,188,Pipiganj (NP),13517,9093,1,67.27084412221646,Small,54.138059695152066,67.27084412221646,58.07789502327138,5379
27,513,Sonpeth (M Cl),15765,10208,1,64.75103076435141,Small,55.216846331256654,64.75103076435141,58.07710166118508,5380
24,484,Jafrabad (CT),9685,7042,1,72.7103768714507,Small,51.80044691747819,72.7103768714507,58.07342590366994,5381
23,456,Ghansaur (CT),7120,5535,1,77.73876404494382,Small,49.64311070867595,77.73876404494382,58.07180670955631,5382
19,340,Manbazar (CT),9521,6948,1,72.9755277806953,Small,51.68069385535078,72.9755277806953,58.069144032954135,5383
9,146,Achhnera (NPP),22781,13372,1,58.698037838549666,Small,57.79832133632235,58.698037838549666,58.06823628699054,5384
33,604,Vallam (CT),7745,5913,1,76.34602969657843,Small,50.23307685222914,76.34602969657843,58.066962705533925,5385
33,612,Ayyampalayam (TP),12175,8394,1,68.94455852156057,Small,53.4048460268966,68.94455852156057,58.066759775295786,5386
19,328,Laskarpara (CT),7137,5544,1,77.67969735182851,Small,49.65983217778355,77.67969735182851,58.06579172999703,5387
33,615,Arumbavur (TP),12467,8546,1,68.5489692788963,Small,53.57103658609067,68.5489692788963,58.064416393932355,5388
33,620,Veppathur (TP),7949,6033,1,75.89633916215877,Small,50.41537405537028,75.89633916215877,58.059663587406824,5389
30,585,Marcaim (CT),6215,4967,1,79.9195494770716,Small,48.68993558016279,79.9195494770716,58.058819749235425,5390
31,587,Kalpeni (CT),4419,3778,1,85.49445575922154,Small,46.298701491208746,85.49445575922154,58.05742777161258,5391
33,627,Tittangulam (CT),9115,6713,1,73.64783324190894,Small,51.375124493898205,73.64783324190894,58.05693711830142,5392
3,38,Hazipur (CT),6091,4887,1,80.2331308487933,Small,48.54862871409007,80.2331308487933,58.05397935450103,5393
33,626,Melaparthibanur (CT),8232,6199,1,75.30369290573373,Small,50.660667561452144,75.30369290573373,58.053575164736614,5394
7,90,Barwala (CT),8948,6616,1,73.93831023692445,Small,51.24546472301632,73.93831023692445,58.05331837718875,5395
19,332,Bandhail (CT),6175,4940,1,80.0,Small,48.64466308118169,80.0,58.05126415682718,5396
33,613,Punjai Thottakurichi (TP),10969,7744,1,70.59896070744827,Small,52.67340518471636,70.59896070744827,58.05107184153593,5397
23,433,Narayangarh (NP),10191,7317,1,71.79864586399765,Small,52.15754377883838,71.79864586399765,58.04987440438616,5398
9,194,Khetasarai (NP),19438,11902,1,61.23057927770347,Small,56.685482492837494,61.23057927770347,58.049011528297285,5399
33,625,Padikkasu vaithanpatti (CT),9538,6951,1,72.87691339903543,Small,51.69320271523507,72.87691339903543,58.048315920375174,5400
21,381,Nuapatna (CT),8057,6094,1,75.6360928385255,Small,50.50999943654247,75.6360928385255,58.04782745713738,5401
19,338,Bamunari (CT),6266,4997,1,79.74784551548038,Small,48.74723734456137,79.74784551548038,58.04741979583707,5402
8,99,Kesrisinghpur (M),14010,9328,1,66.58101356174161,Small,54.389258338875464,66.58101356174161,58.04678490573531,5403
33,627,Pudiyamputhur (CT),8012,6067,1,75.7239141288068,Small,50.470727246526295,75.7239141288068,58.046683311210444,5404
30,586,Sanguem (M Cl),6444,5109,1,79.2830540037244,Small,48.94364068830861,79.2830540037244,58.04546468293334,5405
9,138,Kharkhoda (NP),14364,9504,1,66.16541353383458,Small,54.564238572118754,66.16541353383458,58.04459106063349,5406
8,118,Marwar Junction (CT),12004,8295,1,69.10196601132955,Small,53.30566160515554,69.10196601132955,58.04455292700774,5407
27,503,Chikhaldara (M Cl),5158,4277,1,82.9197363319116,Small,47.3828842081538,82.9197363319116,58.04393984528113,5408
24,486,Nasvadi (CT),8076,6104,1,75.58197127290738,Small,50.526515220933796,75.58197127290738,58.04315203652587,5409
33,630,Kariamangalam (TP),13511,9072,1,67.14528902375841,Small,54.134946405095896,67.14528902375841,58.03804919069465,5410
8,105,Weir (M),19385,11871,1,61.23807067320093,Small,56.66633644905661,61.23807067320093,58.0378567162999,5411
24,468,Mankuva (CT),11975,8277,1,69.11899791231733,Small,53.28870084576371,69.11899791231733,58.03778996572979,5412
19,341,Mansinhapur (CT),6004,4828,1,80.41305796135909,Small,48.44775838621184,80.41305796135909,58.03734825875601,5413
29,556,Aminagad (CT),15073,9850,1,65.3486366350428,Small,54.90208672012762,65.3486366350428,58.036051694602165,5414
10,203,Chanpatia (NP),27095,15105,1,55.74829304299686,Small,59.014428793184656,55.74829304299686,58.034588068128315,5415
33,602,Pallipattu (TP),8721,6479,1,74.29193899782135,Small,51.06528621208002,74.29193899782135,58.033282047802416,5416
9,177,Bhadarsa (NP),13154,8887,1,67.56119811464193,Small,53.94717287336509,67.56119811464193,58.03138044574814,5417
8,117,Santpur (Rural) (CT),9186,6745,1,73.42695406052688,Small,51.429531223367064,73.42695406052688,58.02875807451501,5418
14,277,Lamsang (NP),8130,6132,1,75.42435424354244,Small,50.57324355643783,75.42435424354244,58.028576762569216,5419
18,322,Majir Gaon (CT),4774,4016,1,84.1223292836196,Small,46.840461463510145,84.1223292836196,58.02502180954298,5420
32,588,Bangra Manjeshwar (CT),5791,4687,1,80.93593507166293,Small,48.19449664023568,80.93593507166293,58.01692816966385,5421
21,385,Kunjabangarh (CT),6906,5390,1,78.04807413843035,Small,49.429134207406605,78.04807413843035,58.01481618671373,5422
9,158,Unchahar (NP),11033,7765,1,70.37976978156439,Small,52.71419896336948,70.37976978156439,58.01387020882795,5423
9,133,Banat (NP),20728,12449,1,60.05885758394442,Small,57.136063881399544,60.05885758394442,58.012901992163,5424
19,343,Garia (CT),4805,4035,1,83.97502601456816,Small,46.8858416986537,83.97502601456816,58.01259699342803,5425
23,428,Tendukheda (NP),14399,9504,1,66.00458365164248,Small,54.58130404209256,66.00458365164248,58.00828792495753,5426
33,608,Karuppur (TP),13967,9288,1,66.49960621464881,Small,54.36770319222435,66.49960621464881,58.00727409895168,5427
6,87,Ferozepur jhirka (MC),24750,14140,1,57.131313131313135,Small,58.37963891456269,57.131313131313135,58.005141179587824,5428
2,23,Dalhousie (CB),3549,3155,1,88.89828120597352,Small,44.76157622989837,88.89828120597352,58.00258772272091,5429
19,338,Jangalpara (CT),7478,5736,1,76.70500133725595,Small,49.9870894532852,76.70500133725595,58.00246301847642,5430
33,624,Hanumanthampatti (TP),10619,7536,1,70.96713438176853,Small,52.446017037123205,70.96713438176853,58.0023522405168,5431
3,35,Dera Baba Nanak (M Cl),6394,5068,1,79.26180794494839,Small,48.889024479717186,79.26180794494839,58.00085951928655,5432
1,21,Chak Ratnu (CT),5228,4316,1,82.55547054322876,Small,47.477396228143,82.55547054322876,58.00081852266872,5433
19,334,Fatehpur (CT),10176,7292,1,71.65880503144653,Small,52.14721530860811,71.65880503144653,58.00069222545963,5434
23,426,Amanganj (NP),13886,9243,1,66.5634451966009,Small,54.326918475245186,66.5634451966009,57.997876491651894,5435
24,486,Kavant (CT),9553,6943,1,72.67873966293311,Small,51.70422144541752,72.67873966293311,57.99657691067219,5436
28,554,Narayanavanam (CT),11253,7876,1,69.99022482893452,Small,52.85264485091753,69.99022482893452,57.99391884432262,5437
21,386,Bhakarsahi (CT),7110,5510,1,77.49648382559775,Small,49.63325589292214,77.49648382559775,57.992224272724826,5438
20,361,Ara  (CT),13547,9069,1,66.94471100612682,Small,54.153605446888186,66.94471100612682,57.99093711465977,5439
20,360,Meru (CT),7780,5914,1,76.01542416452443,Small,50.26469202792113,76.01542416452443,57.98991166890211,5440
19,336,Patuli (CT),6441,5095,1,79.10262381617761,Small,48.94037568363894,79.10262381617761,57.989050123400546,5441
19,338,Gangadharpur (CT),7862,5962,1,75.83312134316968,Small,50.33820845553666,75.83312134316968,57.986682321826564,5442
30,585,Orgao (CT),4602,3893,1,84.59365493263799,Small,46.58319611459399,84.59365493263799,57.986333760007184,5443
9,143,Kwarasi (CT),15763,10159,1,64.44839180359068,Small,55.21595667876751,64.44839180359068,57.98568721621446,5444
21,387,Godiputamatiapara (CT),5967,4794,1,80.34188034188034,Small,48.40441583242989,80.34188034188034,57.985655185265024,5445
23,436,Polaykalan (NP),12268,8409,1,68.54417998043691,Small,53.45820523491762,68.54417998043691,57.9839976585734,5446
19,338,Krishnapur (CT),8205,6164,1,75.1249238269348,Small,50.63763177032885,75.1249238269348,57.98381938731063,5447
3,49,Raja Sansi (NP),14298,9442,1,66.03720800111904,Small,54.531944539426824,66.03720800111904,57.983523577934484,5448
23,450,Barhi (NP),13946,9266,1,66.44199053492041,Small,54.357152131630116,66.44199053492041,57.9826036526172,5449
33,630,Pappireddipatti (TP),9369,6834,1,72.94268331732309,Small,51.56784701718055,72.94268331732309,57.9802979072233,5450
33,607,Thiruvennainallur (TP),9623,6977,1,72.50337732515847,Small,51.75541449803318,72.50337732515847,57.97980334617077,5451
23,427,Karrapur (CT),10647,7543,1,70.84624776932469,Small,52.46448189644822,70.84624776932469,57.97901165831115,5452
9,146,Fatehpur Sikri (NPP),32905,17236,1,52.38109709770552,Small,60.37677551232683,52.38109709770552,57.97807198794044,5453
14,275,Ningthoukhong (MCl),13078,8821,1,67.44915124636795,Small,53.90654120400779,67.44915124636795,57.96932421671583,5454
19,340,Kantaranguri (P) (CT),5435,4445,1,81.78472861085557,Small,47.74965281966069,81.78472861085557,57.96017555701914,5455
33,623,Viraganur (CT),7121,5509,1,77.36272995365819,Small,49.644095428994405,77.36272995365819,57.959685786393536,5456
8,99,3 e Village (CT),12134,8329,1,68.64183286632603,Small,53.38119250480538,68.64183286632603,57.95938461326157,5457
9,163,Raniyan (CT),10011,7186,1,71.78104085505943,Small,52.032586658365865,71.78104085505943,57.95712291737393,5458
23,467,Shahpur (NP),19719,11967,1,60.6876616461281,Small,56.786128500982926,60.6876616461281,57.956588444526474,5459
9,191,Katghar Lalganj (NP),13467,9013,1,66.92656122373208,Small,54.11207328085944,66.92656122373208,57.95641966372123,5460
26,496,Rakholi (CT),8339,6234,1,74.75716512771315,Small,50.75122060554994,74.75716512771315,57.953003962198906,5461
29,580,Gurmatkal (TP),20614,12356,1,59.939846706122054,Small,57.09739088410787,59.939846706122054,57.95012763071212,5462
33,605,Kalavai (TP),9773,7051,1,72.14775401616699,Small,51.86387143457929,72.14775401616699,57.94903620905559,5463
5,62,Didihat (NP),6522,5137,1,78.7641827660227,Small,49.02800158958648,78.7641827660227,57.94885594251734,5464
8,104,Ramgarh (CT),13529,9040,1,66.81942493901988,Small,54.1442821318836,66.81942493901988,57.94682497402448,5465
29,555,Gokak Falls (NAC),8080,6080,1,75.24752475247524,Small,50.52998727731682,75.24752475247524,57.94524851986434,5466
28,535,Bhanur (CT),9203,6728,1,73.10659567532326,Small,51.44249579206615,73.10659567532326,57.94172575704328,5467
21,384,Rengali Damproject Township (CT),6345,5024,1,79.18045705279748,Small,48.83508471121922,79.18045705279748,57.93869641369269,5468
19,341,Beldubi (CT),10871,7650,1,70.37071106613926,Small,52.61047616595717,70.37071106613926,57.93854663601179,5469
20,362,Purana Dumka (CT),10034,7192,1,71.67630057803468,Small,52.04867802791798,71.67630057803468,57.93696479295299,5470
20,352,Barharwa (CT),12617,8570,1,67.92422921455179,Small,53.654901323167536,67.92422921455179,57.93569969058281,5471
5,62,Dharchula (NP),7039,5453,1,77.46839039636312,Small,49.56288562010756,77.46839039636312,57.934537052984226,5472
29,575,Kairangala (CT),5788,4669,1,80.66689702833449,Small,48.19086343797688,80.66689702833449,57.933673515084166,5473
22,413,Charama (NP),9707,7009,1,72.20562480684043,Small,51.81635690534814,72.20562480684043,57.93313727579583,5474
28,553,Anantapur (CT),15247,9882,1,64.81275004919,Small,54.98257090401532,64.81275004919,57.931624647567716,5475
9,135,Bilari (NPP),37567,18804,1,50.05456916975005,Small,61.30593962778952,50.05456916975005,57.930528490377675,5476
29,575,Mulur (CT),5445,4446,1,81.65289256198346,Small,47.76254142048836,81.65289256198346,57.92964676293688,5477
23,424,Jatara (NP),17499,10945,1,62.54643122464141,Small,55.948586134465295,62.54643122464141,57.927939661518124,5478
28,537,Turkayamjal (CT),15689,10092,1,64.32532347504622,Small,55.182959940551626,64.32532347504622,57.9256690009,5479
33,624,Thenkarai (TP),14838,9679,1,65.23116322954576,Small,54.79189950701162,65.23116322954576,57.92367862377186,5480
9,164,Chakeri (CT),7526,5745,1,76.33537071485517,Small,50.03195284971213,76.33537071485517,57.922978209255035,5481
19,339,Khatra (CT),7382,5658,1,76.64589542129504,Small,49.89649233390961,76.64589542129504,57.921313260125245,5482
5,64,Khatyari (CT),5166,4261,1,82.48161053039101,Small,47.39375027383561,82.48161053039101,57.920108350802224,5483
9,145,Chhata (NP),23537,13573,1,57.666652504567274,Small,58.02725316892583,57.666652504567274,57.91907296961826,5484
6,78,Jhakal Mandi (CT),7788,5900,1,75.75757575757575,Small,50.27189838512442,75.75757575757575,57.91760159685981,5485
10,229,Silao (NP),25674,14439,1,56.23977564851601,Small,58.63666691547053,56.23977564851601,57.91759953538417,5486
19,341,Anantabati (CT),9171,6702,1,73.07818122342165,Small,51.41807195985035,73.07818122342165,57.91610473892174,5487
7,97,Kusum Pur (CT),17028,10719,1,62.94926004228329,Small,55.757258272957145,62.94926004228329,57.91485880375498,5488
9,132,Nanauta (NP),22551,13158,1,58.34774511108155,Small,57.72716363753667,58.34774511108155,57.91333807960012,5489
19,337,Deora (CT),4360,3716,1,85.22935779816514,Small,46.204462865783555,85.22935779816514,57.911931345498026,5490
19,345,Kakdihi (CT),5477,4463,1,81.48621508124886,Small,47.80362647824009,81.48621508124886,57.90840305914272,5491
3,52,Mullanpur Garib Dass (CT),6165,4904,1,79.54582319545823,Small,48.633299141348715,79.54582319545823,57.90705635758157,5492
23,432,Jiran (NP),11518,7984,1,69.31758985935058,Small,53.01585967613151,69.31758985935058,57.90637873109723,5493
9,167,Mahroni (NP),9415,6836,1,72.60754115772703,Small,51.60219005865711,72.60754115772703,57.903795388378086,5494
33,617,Sethiathoppu (TP),8824,6500,1,73.66273798730735,Small,51.14761537683984,73.66273798730735,57.90215215998009,5495
9,173,Patti (NP),10788,7592,1,70.3744901742677,Small,52.556733885840835,70.3744901742677,57.9020607723689,5496
29,569,Alevoor (CT),6302,4989,1,79.1653443351317,Small,48.78740558270798,79.1653443351317,57.9007872084351,5497
27,508,Sironcha Ry. (CT),7427,5680,1,76.47771644001615,Small,49.93910550373866,76.47771644001615,57.900688784621906,5498
27,530,Gokul Shirgaon (CT),8623,6384,1,74.03455873825816,Small,50.9860459821238,74.03455873825816,57.9005998089641,5499
9,133,Jansath (NP),19786,11954,1,60.416456080056605,Small,56.80991417920593,60.416456080056605,57.89187674946113,5500
3,37,Alawalpur (M Cl),7815,5909,1,75.61100447856685,Small,50.29616531288127,75.61100447856685,57.89061706258694,5501
27,521,Daund (CT),6863,5335,1,77.73568410316189,Small,49.38533978918075,77.73568410316189,57.89044308337509,5502
18,321,Parlli Part (CT),5788,4660,1,80.51140290255702,Small,48.19086343797688,80.51140290255702,57.88702527735092,5503
10,210,Bahadurganj (NP),36993,18554,1,50.15543481199146,Small,61.19796609882928,50.15543481199146,57.88520671277793,5504
9,148,Kishni (NP),11098,7752,1,69.85042349972969,Small,52.75538866953904,69.85042349972969,57.88389911859623,5505
3,38,Rakri (CT),5722,4617,1,80.68857042991961,Small,48.1104530262855,80.68857042991961,57.88388824737573,5506
30,585,Pale (CT),6043,4822,1,79.79480390534502,Small,48.49315563060333,79.79480390534502,57.88365011302584,5507
8,130,Mavli (CT),9199,6707,1,72.91009892379606,Small,51.439447460900425,72.91009892379606,57.880642899769114,5508
8,102,Rajaldesar (M),27419,15089,1,55.031182756482735,Small,59.097785493264155,55.031182756482735,57.87780467222973,5509
1,2,Srinagar (M Corp. + OG) (Part),19552,11841,1,60.56157937806874,Small,56.72648826078026,60.56157937806874,57.877015595966796,5510
8,127,Khairabad (CT),11993,8221,1,68.54831985324773,Small,53.29923304159024,68.54831985324773,57.87395908508749,5511
24,488,Bharuch (INA),3332,2982,1,89.49579831932773,Small,44.31925245043109,89.49579831932773,57.87221621110008,5512
7,92,Baqiabad (CT),14429,9452,1,65.50696513964932,Small,54.59589860664508,65.50696513964932,57.86921856654635,5513
9,168,Kurara (NP),13408,8944,1,66.70644391408115,Small,54.081284939672436,66.70644391408115,57.86883263199505,5514
9,163,Shivli (NP),8621,6373,1,73.92413873100568,Small,50.984419474929595,73.92413873100568,57.86633525175242,5515
33,630,Marandahalli (TP),12451,8455,1,67.90619227371295,Small,53.56203153093823,67.90619227371295,57.86527975377064,5516
18,315,Maibong (TC),6236,4940,1,79.21744708146248,Small,48.71358715649932,79.21744708146248,57.864745133988265,5517
8,112,Merta Road (CT),16905,10633,1,62.89855072463768,Small,55.70642201994929,62.89855072463768,57.864060631355805,5518
33,612,Sevugampatti (TP),11730,8077,1,68.85763000852515,Small,53.14375047877886,68.85763000852515,57.85791433770275,5519
29,575,Bondathila (CT),5858,4699,1,80.2150904745647,Small,48.27515154086548,80.2150904745647,57.85713322097524,5520
9,157,Sarsawan (CT),10655,7504,1,70.42702956358518,Small,52.469748652787665,70.42702956358518,57.856932926026914,5521
8,111,Khandela (M),22756,13200,1,58.006679557039895,Small,57.79062168718554,58.006679557039895,57.85543904814185,5522
18,313,Mohmaiki (CT),5639,4558,1,80.82993438552934,Small,48.0080041539559,80.82993438552934,57.85458322342794,5523
9,133,Kandhla (NPP),46796,21623,1,46.206940764167875,Small,62.84639157745697,46.206940764167875,57.854556333470235,5524
3,47,Bhikhi (NP),17825,11051,1,61.99719495091164,Small,56.07802057089836,61.99719495091164,57.85377288490234,5525
1,12,Pulwama (MC),18440,11329,1,61.43709327548807,Small,56.3158795167265,61.43709327548807,57.85224364435497,5526
27,511,Peth Umri (M Cl),13501,8983,1,66.53581216206207,Small,54.1297545149229,66.53581216206207,57.85157180906465,5527
28,545,Chidiga (CT),6365,5018,1,78.83739198743126,Small,48.85715107850233,78.83739198743126,57.851223351181005,5528
19,334,Ahmadpur (CT),9242,6722,1,72.73317463752434,Small,51.47214778438983,72.73317463752434,57.850455840330184,5529
8,129,Kolvi @ Mandi Rajendrapur (CT),8584,6347,1,73.93988816402609,Small,50.95426084505201,73.93988816402609,57.849949040744235,5530
6,89,Palwal (Rural) (Part) (73) (CT),23072,13327,1,57.762656033287094,Small,57.88732881401386,57.762656033287094,57.849926979795825,5531
9,153,Kheri (NP),33355,17246,1,51.70439214510568,Small,60.472026398119525,51.70439214510568,57.841736122215366,5532
19,329,Takagach (CT),12418,8428,1,67.86922209695602,Small,53.543422004573785,67.86922209695602,57.84116203228845,5533
3,37,Sarai Khas (CT),7044,5434,1,77.14366837024417,Small,49.56786445293035,77.14366837024417,57.84060562812449,5534
8,99,3 STR (CT),11667,8037,1,68.88660323990743,Small,53.105988158256714,68.88660323990743,57.84017268275193,5535
33,629,Thadikarankonam (CT),6241,4938,1,79.12193558724563,Small,48.71920674629947,79.12193558724563,57.840025398583315,5536
33,628,Rayagiri (TP),11223,7802,1,69.51795420119397,Small,52.83392604168144,69.51795420119397,57.8391344895352,5537
20,368,Gua (CT),12554,8497,1,67.6836068185439,Small,53.61980021294759,67.6836068185439,57.838942194626476,5538
18,323,Digheli (CT),5285,4325,1,81.83538315988646,Small,47.553426090696924,81.83538315988646,57.838013211453784,5539
27,529,Majgaon (CT),5080,4190,1,82.48031496062993,Small,47.27604825759496,82.48031496062993,57.837328268505445,5540
33,617,Gangaikondan (TP),6434,5058,1,78.6136151694125,Small,48.93275142255488,78.6136151694125,57.83701054661216,5541
33,629,Mancad (CT),4889,4063,1,83.10492943342197,Small,47.007351669722794,83.10492943342197,57.83662499883255,5542
20,360,Barhi (CT),11867,8140,1,68.59357883205529,Small,53.22517331355861,68.59357883205529,57.83569496910761,5543
9,195,Jangipur (NP),12223,8324,1,68.10112083776487,Small,53.43243695718862,68.10112083776487,57.83304212136149,5544
19,343,Purba Bishnupur (M) (CT),13060,8751,1,67.00612557427259,Small,53.896883333831404,67.00612557427259,57.829656005963756,5545
23,443,Lateri (NP),18844,11495,1,61.00084907662917,Small,56.46785269248657,61.00084907662917,57.82775160772934,5546
21,385,Rajasunakhala (CT),6299,4971,1,78.91728845848547,Small,48.78406700338459,78.91728845848547,57.82403343991486,5547
33,605,Pennathur (TP),9425,6816,1,72.3183023872679,Small,51.609633733845264,72.3183023872679,57.822234329872046,5548
33,628,Achampudur (TP),13566,9000,1,66.34232640424591,Small,54.16343329500162,66.34232640424591,57.8171012277749,5549
19,338,Purbba Tajpur (CT),7035,5423,1,77.0859985785359,Small,49.558900007191895,77.0859985785359,57.81702957859508,5550
19,327,Singtam Tea Garden (CT),5792,4649,1,80.26588397790056,Small,48.19570728948104,80.26588397790056,57.81676029600689,5551
9,155,Madhoganj (NP),11523,7952,1,69.0098064740085,Small,53.01890298032211,69.0098064740085,57.81617402842802,5552
23,427,Shahpur (NP),13668,9050,1,66.21305238513315,Small,54.21595916438166,66.21305238513315,57.815087130607104,5553
22,410,Mandir Hasaud (CT),12807,8616,1,67.2757085968611,Small,53.75971018745276,67.2757085968611,57.81450971027526,5554
33,602,Peddikuppam (CT),8044,6023,1,74.87568373943311,Small,50.49867670979867,74.87568373943311,57.811778818689,5555
12,253,Changlang (NT),6236,4928,1,79.02501603592046,Small,48.71358715649932,79.02501603592046,57.80701582032566,5556
23,423,Kolaras (NP),19781,11894,1,60.12840604620595,Small,56.808141911578836,60.12840604620595,57.80422115196697,5557
9,198,Suriyawan (NP),18843,11479,1,60.91917422915672,Small,56.46748055813765,60.91917422915672,57.802988659443365,5558
30,585,Cumbarjua (CT),4917,4076,1,82.89607484238357,Small,47.04739158286486,82.89607484238357,57.80199656072047,5559
1,1,Handwara (MC),13600,9010,1,66.25,Small,54.180985668346096,66.25,57.801689967842265,5560
8,113,Sangariya (CT),22853,13199,1,57.75609329190916,Small,57.820449208701675,57.75609329190916,57.80114243366392,5561
8,111,Danta (CT),15594,9980,1,63.99897396434526,Small,55.1403703805298,63.99897396434526,57.797951455674436,5562
9,147,Jasrana (NP),10648,7479,1,70.23854244928626,Small,52.465140457348014,70.23854244928626,57.797161054929475,5563
8,103,Singhana (CT),11372,7864,1,69.15230390432642,Small,52.92640781522693,69.15230390432642,57.79417664195677,5564
19,338,Hansghara (CT),7665,5795,1,75.60339204174821,Small,50.16027385487008,75.60339204174821,57.793209310933506,5565
28,544,Gudivada (CT),8787,6446,1,73.3583703197906,Small,51.11815194029552,73.3583703197906,57.79021745414404,5566
23,429,Rampur Baghelan (NP),13638,9023,1,66.16072737938114,Small,54.20055117721857,66.16072737938114,57.78860403786734,5567
18,314,Howraghat (TC),5443,4419,1,81.1868454896197,Small,47.75996559466092,81.1868454896197,57.788029563148555,5568
9,140,Haqiqatpur Urf Khudawas (CT),15324,9844,1,64.23910206212477,Small,55.01789474815371,64.23910206212477,57.784256942345024,5569
16,292,Fatikroy (CT),5371,4371,1,81.38149320424502,Small,47.66660005632911,81.38149320424502,57.78106800070388,5570
33,631,Kelamangalam (TP),13321,8861,1,66.51903010284514,Small,54.03563712901834,66.51903010284514,57.780655021166375,5571
21,374,Hatibandha (CT),8938,6529,1,73.04766166927725,Small,51.23762406283421,73.04766166927725,57.78063534476712,5572
19,338,Belumilki (CT),10998,7660,1,69.6490270958356,Small,52.69191927315712,69.6490270958356,57.77905161996067,5573
19,340,Chapari (CT),6556,5121,1,78.11165344722392,Small,49.064459059318914,78.11165344722392,57.778617375690416,5574
29,569,Korangrapady (CT),4944,4090,1,82.72653721682848,Small,47.085786186506006,82.72653721682848,57.77801149560274,5575
4,55,"Mani Majra (R), Basti Kishangarh, Basti Bhagwanpura (CT)",15489,9919,1,64.03899541610176,Small,55.09299481013931,64.03899541610176,57.77679499192804,5576
3,35,Manwal (CT),6496,5083,1,78.2481527093596,Small,48.999993898110965,78.2481527093596,57.77444154148555,5577
9,143,Dhaurra Mafi (CT),13241,8818,1,66.59617853636432,Small,53.99339826777789,66.59617853636432,57.77423234835382,5578
19,338,Baruipara (CT),6731,5227,1,77.65562323577477,Small,49.24916685546364,77.65562323577477,57.77110376955698,5579
19,337,Koyra (CT),11615,7982,1,68.72148084373654,Small,53.07466533876264,68.72148084373654,57.768709990254806,5580
9,132,Behat (NP),20474,12169,1,59.43635830809808,Small,57.049604084294614,59.43635830809808,57.76563035143565,5581
19,341,Chandrapur (CT),11198,7761,2,69.30701911055546,Small,52.818288774941756,69.30701911055546,57.764907875625866,5582
24,476,Chandrapur (CT),8906,6505,1,73.04064675499663,Small,51.21247487712623,73.04064675499663,57.760926440487346,5583
33,605,Alamelumangapuram (CT),7900,5924,1,74.9873417721519,Small,50.37201746012164,74.9873417721519,57.756614753730716,5584
9,164,Bilhaur (NPP),20493,12171,1,59.39101156492461,Small,57.05610856517248,59.39101156492461,57.75657946509811,5585
33,605,Kilvaithinankuppam (CT),5321,4334,1,81.45085510242436,Small,47.60102368792411,81.45085510242436,57.75597311227418,5586
23,439,Santer (CT),6540,5106,1,78.07339449541284,Small,49.047326210396704,78.07339449541284,57.755146695901544,5587
23,428,Hirdepur (CT),8100,6040,1,74.5679012345679,Small,50.547321820159695,74.5679012345679,57.75349564448216,5588
19,327,Bhimram (CT),11058,7682,1,69.47006691987701,Small,52.7300698019372,69.47006691987701,57.75206893731914,5589
12,259,Namsai (NT),14246,9306,1,65.3235996069072,Small,54.50639559655281,65.3235996069072,57.75155679965912,5590
24,470,Kakoshi (CT),9734,6965,1,71.5533182658722,Small,51.83583359480879,71.5533182658722,57.751078996127816,5591
19,343,Chak Alampur (CT),11144,7727,1,69.33776022972002,Small,52.784392805820026,69.33776022972002,57.75040303299002,5592
33,623,Vilacheri (CT),7787,5856,1,75.20226017721843,Small,50.270997995351564,75.20226017721843,57.750376649911615,5593
27,521,Dehu (CT),6133,4851,1,79.09669003750204,Small,48.59681028771312,79.09669003750204,57.7467742126498,5594
19,337,Gangapur (CT),6301,4956,1,78.65418187589272,Small,48.78629289952654,78.65418187589272,57.74665959243639,5595
33,605,Natrampalli (TP),10390,7321,1,70.46198267564966,Small,52.293147718547736,70.46198267564966,57.74379820567832,5596
14,277,Takyel Mapal (CT),5775,4624,1,80.06926406926407,Small,48.17509777382299,80.06926406926407,57.74334766245531,5597
30,585,Candola (CT),5354,4353,1,81.30369816959283,Small,47.64437282461042,81.30369816959283,57.74217042810514,5598
24,469,Deodar (CT),14912,9624,1,64.53862660944206,Small,54.82678387206922,64.53862660944206,57.74033669328107,5599
29,556,Kamatgi (CT),15620,9961,1,63.770806658130596,Small,55.15205220211538,63.770806658130596,57.73767853891994,5600
21,392,Tarbha (NAC),8334,6170,1,74.0340772738181,Small,50.74701509673643,74.0340772738181,57.733133749860926,5601
33,632,Chettipalayam (TP),10366,7304,1,70.46112290179433,Small,52.27693184681963,70.46112290179433,57.732189163312036,5602
19,337,Mathurapur (CT),6803,5262,1,77.34822872262237,Small,49.323770598813724,77.34822872262237,57.73110803595631,5603
9,148,Kusmara (NP),11938,8135,1,68.14374267046406,Small,53.26700152907776,68.14374267046406,57.73002387149365,5604
9,141,Dankaur (NP),13520,8935,1,66.08727810650888,Small,54.13961582202772,66.08727810650888,57.72391450737206,5605
23,429,Birsinghpur (NP),14339,9337,1,65.1161168840226,Small,54.55202347455837,65.1161168840226,57.72125149739763,5606
19,343,Taldi (CT),12459,8399,1,67.4131150172566,Small,53.56653550394876,67.4131150172566,57.72050935794111,5607
27,526,Sangramnagar (CT),6499,5073,1,78.05816279427604,Small,49.00323126944014,78.05816279427604,57.71971072689091,5608
27,530,Malkapur (M Cl),5339,4338,1,81.25117063120435,Small,47.624701883980684,81.25117063120435,57.71264250814778,5609
23,440,Sangvi (CT),5383,4365,1,81.0886122979751,Small,47.68224755795621,81.0886122979751,57.70415697996188,5610
23,457,Kosmi (CT),8970,6524,1,72.73132664437011,Small,51.262683379680276,72.73132664437011,57.703276359087226,5611
9,170,Naraini (NP),13400,8866,1,66.16417910447761,Small,54.077099823107275,66.16417910447761,57.703223607518375,5612
23,430,Sirmour (NP),11878,8092,1,68.12594712914633,Small,53.231670096193625,68.12594712914633,57.69995320607943,5613
10,225,Amarpur (NP),25336,14119,1,55.7270287338175,Small,58.5437349595802,55.7270287338175,57.69872309185139,5614
28,540,Ghanpur (Station) (CT),12721,8522,1,66.99158871157927,Small,53.71246433907779,66.99158871157927,57.69620165082823,5615
27,517,Padagha (CT),6633,5150,1,77.64209256746571,Small,49.14633047694015,77.64209256746571,57.695059104097815,5616
33,625,Naranapuram (CT),11665,7979,1,68.40120017145307,Small,53.10478601790298,68.40120017145307,57.693710263968,5617
33,604,Molachur (CT),8887,6474,1,72.8479801957916,Small,51.19749976281066,72.8479801957916,57.692643892704936,5618
33,612,Palayam (TP),15336,9802,1,63.91497130933751,Small,55.02338377255735,63.91497130933751,57.69086003359139,5619
9,173,Karanpur (CT),8185,6072,1,74.18448381185094,Small,50.62051930274421,74.18448381185094,57.68970865547623,5620
21,372,Rengali (CT),10867,7557,1,69.54081163154504,Small,52.60789560079967,69.54081163154504,57.687770410023276,5621
19,343,Kanganbaria (CT),6657,5163,1,77.5574583145561,Small,49.17165467804962,77.5574583145561,57.687395769001554,5622
9,145,Aurangabad Bangar (CT),15792,10015,1,63.418186423505574,Small,55.22884560633366,63.418186423505574,57.68564785148523,5623
8,130,Bedla (CT),5766,4607,1,79.89941033645508,Small,48.16416228315046,79.89941033645508,57.684736699141844,5624
18,310,Niz- Mankata (CT),5924,4707,1,79.45644834571236,Small,48.353705868477405,79.45644834571236,57.684528611647885,5625
2,26,Manali (M Cl),8096,6019,1,74.3453557312253,Small,50.54385833781427,74.3453557312253,57.68430755583758,5626
9,154,Naiparapur (CT),10881,7563,1,69.50647918389853,Small,52.61692342736223,69.50647918389853,57.68379015432312,5627
33,605,Virudampattu (CT),7662,5765,1,75.24145131819368,Small,50.15752898469229,75.24145131819368,57.6827056847427,5628
3,37,Jandiala (CT),8487,6243,1,73.55956168257335,Small,50.87457504458545,73.55956168257335,57.68007103598181,5629
9,179,Dostpur (NP),14011,9155,1,65.34151737920205,Small,54.3897588338788,65.34151737920205,57.67528639747577,5630
9,134,Mukrampur Khema (CT),14089,9193,1,65.24948541415289,Small,54.42868779922683,65.24948541415289,57.674927083704645,5631
8,118,Sadri (M),27390,14892,1,54.37020810514787,Small,59.09036479649414,54.37020810514787,57.67431778909025,5632
8,116,Ahore (CT),16867,10508,1,62.29916404814134,Small,55.69064170548087,62.29916404814134,57.673198408279006,5633
33,609,Ellandaikuttai (CT),16160,10180,1,62.995049504950494,Small,55.39037671056446,62.995049504950494,57.67177854888027,5634
29,575,Muduperar (CT),5686,4553,1,80.07386563489271,Small,48.0662010500832,80.07386563489271,57.66850042552605,5635
19,341,Kantlia (CT),9567,6846,1,71.5584822828473,Small,51.71448999659949,71.5584822828473,57.667687682473826,5636
9,146,Dhanauli (CT),28990,15486,1,53.418420144877544,Small,59.48848159068908,53.418420144877544,57.667463156945615,5637
19,335,Baska (CT),6609,5129,1,77.60629444696626,Small,49.12091449356629,77.60629444696626,57.666528479586276,5638
9,133,Un (NP),15124,9688,1,64.05712774398307,Small,54.92577275692098,64.05712774398307,57.6651792530396,5639
14,278,Torban (Kshetri Leikai) (CT),5459,4407,1,80.72907125847225,Small,47.780545758327534,80.72907125847225,57.66510340837094,5640
22,409,Chikhalakasa (NP),6160,4851,1,78.75,Small,48.62761025831074,78.75,57.664327180817516,5641
8,118,Sojat Road (CT),12472,8382,1,67.20654265554843,Small,53.5738482960583,67.20654265554843,57.66365660390534,5642
10,230,Pataliputra Housing Colony (CT),3531,3102,1,87.85046728971963,Small,44.72592849901239,87.85046728971963,57.66329013622456,5643
19,333,Ajodhya Nagar (P) (CT),8883,6462,1,72.74569402228977,Small,51.19434302823728,72.74569402228977,57.65974832645302,5644
33,610,Avalpoondurai (TP),11789,8029,1,68.10586139621681,Small,53.17893174881186,68.10586139621681,57.657010643033345,5645
2,28,Nadaun (NP),4430,3726,1,84.10835214446952,Small,46.31613219572009,84.10835214446952,57.65379818034491,5646
30,585,Nerul (CT),5042,4134,1,81.99127330424434,Small,47.22340437979363,81.99127330424434,57.65376505712884,5647
3,52,Sohana (CT),9306,6697,1,71.96432409198367,Small,51.52053739818376,71.96432409198367,57.65367340632373,5648
28,544,Peda Boddepalle (CT),12781,8534,1,66.77098818558798,Small,53.74546009820818,66.77098818558798,57.65311852442211,5649
22,409,Doundi (NP),8042,5979,1,74.34717731907486,Small,50.496933128055154,74.34717731907486,57.65200638536106,5650
19,338,Mirdhanga (CT),8482,6232,1,73.47323744399907,Small,50.87044288623341,73.47323744399907,57.65128125356311,5651
5,60,Mehu Wala Mafi (CT),13475,8879,1,65.89239332096474,Small,54.116237583675606,65.89239332096474,57.64908430486234,5652
23,432,Singoli (NP),9523,6815,1,71.56358290454689,Small,51.6821666445479,71.56358290454689,57.646591522547595,5653
33,609,Seerapalli (TP),12403,8338,1,67.22567120857858,Small,53.53494677604793,67.22567120857858,57.642164105807126,5654
22,401,Bhatgaon (NP),11204,7718,1,68.88611210282042,Small,52.82204490022511,68.88611210282042,57.64126506100369,5655
23,452,Chichli (CT),9977,7062,1,70.78280044101433,Small,52.008731576329396,70.78280044101433,57.64095223573487,5656
8,127,Chechat (CT),11690,7971,1,68.18648417450812,Small,53.11979798094261,68.18648417450812,57.63980383901226,5657
23,433,Malhargarh (NP),8332,6142,1,73.71579452712434,Small,50.745332186784445,73.71579452712434,57.636470888886414,5658
22,401,Sitapur (NP),9361,6720,1,71.78720222198484,Small,51.561857108008915,71.78720222198484,57.62946064220169,5659
33,605,Virinchipuram (CT),7699,5773,1,74.98376412521107,Small,50.19130752715329,74.98376412521107,57.62904450657062,5660
27,516,Sansari (CT),5780,4605,1,79.67128027681662,Small,48.18116568606135,79.67128027681662,57.62820006328792,5661
33,614,Kulathur (CT),11083,7649,1,69.01560949201479,Small,52.745904803328216,69.01560949201479,57.62681620993418,5662
23,466,Mundi (NP),12889,8577,1,66.54511599037939,Small,53.80446403460508,66.54511599037939,57.626659621337375,5663
32,588,Maniyat (CT),4683,3892,1,83.10911808669657,Small,46.70552667317611,83.10911808669657,57.626604097232246,5664
19,341,Barunda (CT),7534,5675,1,75.32519246084416,Small,50.039402257648156,75.32519246084416,57.625139318606955,5665
29,575,Belma (CT),6452,5023,1,77.85182889026659,Small,48.95233994293492,77.85182889026659,57.62218662713441,5666
18,307,Narayanpur (TC),6001,4743,1,79.03682719546742,Small,48.44425408744498,79.03682719546742,57.62202601985172,5667
9,149,Babrala (NP),18108,11039,1,60.962005743317874,Small,56.18847728961558,60.962005743317874,57.620535825726265,5668
9,149,Dataganj (NP),26244,14405,1,54.88873647309861,Small,58.79064963778416,54.88873647309861,57.6200756883785,5669
21,386,Bhapur (CT),6438,5013,1,77.86579683131407,Small,48.937109158122375,77.86579683131407,57.61571546007988,5670
23,420,Phuphkalan (NP),12657,8455,1,66.80097969503042,Small,53.67709689712079,66.80097969503042,57.614261736493674,5671
21,370,Bijepur (CT),6922,5307,1,76.66859289222768,Small,49.44536024093373,76.66859289222768,57.61233003632191,5672
30,585,Guirim (CT),5036,4123,1,81.87053216838761,Small,47.21505594340724,81.87053216838761,57.61169881090136,5673
20,368,Meghahatuburu Forest Village (CT),5992,4735,1,79.02202937249666,Small,48.43373067211012,79.02202937249666,57.61022028222608,5674
28,539,Ramannapeta (CT),10202,7173,1,70.30974318761028,Small,52.165108333933205,70.30974318761028,57.60849879003632,5675
33,608,Gangavalli (TP),12015,8126,1,67.632126508531,Small,53.31208428102181,67.632126508531,57.60809694927457,5676
19,345,Mihitikri (CT),6906,5296,1,76.6869388937156,Small,49.429134207406605,76.6869388937156,57.6064756132993,5677
9,195,Bahadurganj (NP),19992,11852,1,59.28371348539416,Small,56.88254495724182,59.28371348539416,57.60289551568752,5678
3,41,Baddowal (CT),6825,5246,1,76.86446886446886,Small,49.346408782259,76.86446886446886,57.60182680692195,5679
9,191,Mehnagar (NP),14841,9521,1,64.15335893807695,Small,54.79331711809484,64.15335893807695,57.60132966408948,5680
19,336,Punglia (CT),6857,5265,1,76.7828496427009,Small,49.37920713838647,76.7828496427009,57.6002998896808,5681
24,488,Sanjali (CT),5344,4321,1,80.85703592814372,Small,47.63126499698788,80.85703592814372,57.59899627633463,5682
29,575,Kolambe (CT),5592,4480,1,80.11444921316166,Small,47.94932024885335,80.11444921316166,57.59885893814584,5683
33,602,Thozhur (CT),5698,4547,1,79.7999297999298,Small,48.08098275744202,79.7999297999298,57.59666687018836,5684
19,335,Khandra (CT),15383,9773,1,63.531170772931155,Small,55.044841178680734,63.531170772931155,57.59074005695586,5685
29,575,Thumbe (CT),6230,4879,1,78.31460674157303,Small,48.7068376990617,78.31460674157303,57.589168411815095,5686
23,436,Soyatkalan (NP),14781,9484,1,64.16345308165889,Small,54.76491030473214,64.16345308165889,57.584473137810164,5687
5,68,Bahadarabad (CT),10096,7107,1,70.39421553090332,Small,52.091871738450756,70.39421553090332,57.58257487618653,5688
27,520,Ambepur (CT),5035,4117,1,81.76762661370407,Small,47.21366357057703,81.76762661370407,57.57985248351514,5689
18,321,Changsari (CT),5354,4324,1,80.762047067613,Small,47.64437282461042,80.762047067613,57.579675097511185,5690
24,486,Bajwa (CT),9611,6842,1,71.18926230361045,Small,51.74666504495017,71.18926230361045,57.57944422254825,5691
12,253,Jairampur (NT),7151,5436,1,76.01734023213537,Small,49.67357292400047,76.01734023213537,57.57670311644094,5692
19,341,Santoshpur (CT),7695,5757,1,74.81481481481481,Small,50.18766362697448,74.81481481481481,57.575808983326574,5693
23,455,Harrai (NP),11000,7586,1,68.96363636363635,Small,52.693194306930856,68.96363636363635,57.57432692394251,5694
9,134,Jhalu (NP),20978,12251,1,58.39927543140433,Small,57.22013372080289,58.39927543140433,57.57387623398331,5695
3,42,Kot Ise Khan (CT),12800,8509,1,66.4765625,Small,53.755876472635556,66.4765625,57.57208228084489,5696
14,277,Sagolband (Part) (CT),4964,4069,1,81.97018533440773,Small,47.11409171731212,81.97018533440773,57.5709198024408,5697
19,338,Sripur (CT),7224,5478,1,75.83056478405315,Small,49.74478812303199,75.83056478405315,57.57052112133833,5698
19,343,Kalaria (CT),10075,7091,1,70.38213399503722,Small,52.077271386132374,70.38213399503722,57.568730168803825,5699
24,491,Pardi Parnera (CT),5454,4386,1,80.41804180418042,Small,47.77412094272804,80.41804180418042,57.567297201163754,5700
29,584,Kudur (CT),9114,6563,1,72.01009436032477,Small,51.37435517946197,72.01009436032477,57.5650769337208,5701
1,22,Gorah Salathian (CT),4629,3846,1,83.08489954633829,Small,46.6242105312742,83.08489954633829,57.56241723579343,5702
19,327,Mathapari (CT),11529,7857,1,68.14988290398126,Small,53.02255320287508,68.14988290398126,57.56075211320693,5703
20,360,Palawa (CT),14848,9503,1,64.00188577586206,Small,54.79662376327782,64.00188577586206,57.55820236705309,5704
19,338,Ramanathpur (CT),6811,5227,1,76.74350315665835,Small,49.33201112354144,76.74350315665835,57.55545873347651,5705
19,343,Nahazari (CT),17422,10693,1,61.37642061760992,Small,55.917662234645164,61.37642061760992,57.55528974953458,5706
18,314,Hamren (TC),8747,6354,1,72.64204870241225,Small,51.086159705355485,72.64204870241225,57.55292640447251,5707
9,133,Sisauli (NP),15091,9615,1,63.713471605592744,Small,54.91045563600876,63.713471605592744,57.55136042688395,5708
23,430,Mangawan (NP),13700,8944,1,65.28467153284672,Small,54.23235712169352,65.28467153284672,57.54805144503948,5709
22,411,Pithora (NP),8428,6172,1,73.23208353108686,Small,50.82565973619807,73.23208353108686,57.5475868746647,5710
19,338,Naiti (CT),6996,5336,1,76.27215551743853,Small,49.51992110776121,76.27215551743853,57.5455914306644,5711
30,586,Varca (CT),5439,4371,1,80.36403750689465,Small,47.75481110289168,80.36403750689465,57.537579024092565,5712
27,507,Katangi Kala (CT),6440,4997,1,77.59316770186335,Small,48.93928701085303,77.59316770186335,57.535451218156126,5713
23,434,Tal (NP),14913,9521,1,63.84362636625763,Small,54.82725409607693,63.84362636625763,57.53216577713114,5714
9,149,Kakrala (NPP),37986,18439,1,48.5415679460854,Small,61.383719932090564,48.5415679460854,57.53107433628901,5715
27,507,Amgaon kh. (CT),5197,4214,1,81.0852414854724,Small,47.43569796433843,81.0852414854724,57.53056102067862,5716
19,339,Beliatore (CT),6463,5010,1,77.51818041157357,Small,48.96428382491171,77.51818041157357,57.53045280091027,5717
3,41,Bhamian Kalan (CT),13174,8677,1,65.86458175193563,Small,53.957826404827394,65.86458175193563,57.52985300895986,5718
7,96,Bakkar Wala (CT),18122,10990,1,60.644520472354046,Small,56.19389667608029,60.644520472354046,57.52908381496242,5719
9,193,Maniyar (NP),19890,11759,1,59.12016088486677,Small,56.846676162509894,59.12016088486677,57.52872157921695,5720
9,157,Malihabad (NP),17818,10854,1,60.9159277135481,Small,56.07526625468091,60.9159277135481,57.52746469234107,5721
33,608,Sentharapatti (TP),14308,9229,1,64.50237629298294,Small,54.536847144307956,64.50237629298294,57.52650588891045,5722
9,138,Karnawal (NP),11663,7912,1,67.83846351710537,Small,53.10358367143861,67.83846351710537,57.524047625138635,5723
18,314,Donkamokam (TC),9116,6551,1,71.86265906099166,Small,51.375893723947385,71.86265906099166,57.52192332506066,5724
7,90,Tikri Khurd (CT),13772,8967,1,65.11036886436247,Small,54.26911292928703,65.11036886436247,57.52148970980966,5725
19,332,Rangabhita (CT),5464,4384,1,80.23426061493412,Small,47.78696469308814,80.23426061493412,57.52115346964193,5726
23,437,Bagli (NP),10310,7201,1,69.84481086323957,Small,52.23894835118899,69.84481086323957,57.52070710480416,5727
33,608,Kolathur (TP),12748,8461,1,66.37119548164418,Small,53.72733164588163,66.37119548164418,57.52049079661039,5728
19,337,Paltapara (CT),6408,4974,1,77.62172284644194,Small,48.90435994354628,77.62172284644194,57.519568814414974,5729
9,158,Salon (NP),14757,9440,1,63.96964152605543,Small,54.75351528139403,63.96964152605543,57.51835315479245,5730
19,335,Hatsimla (CT),7141,5415,1,75.82971572608879,Small,49.66376085336885,75.82971572608879,57.51354731518483,5731
33,632,Idikarai (TP),8686,6308,1,72.62261109831914,Small,51.03708880482382,72.62261109831914,57.51274549287241,5732
33,604,Muthukadu (CT),7610,5691,1,74.7831800262812,Small,50.1097797288119,74.7831800262812,57.511799818052694,5733
6,85,Maheshari (293) (CT),9180,6582,1,71.69934640522875,Small,51.42494976475267,71.69934640522875,57.50726875689549,5734
27,509,Tadali (CT),4942,4044,1,81.82921893970052,Small,47.08294933948659,81.82921893970052,57.506830219550764,5735
33,632,Vettaikaranpudur (TP),17392,10651,1,61.24080036798528,Small,55.905576950628735,61.24080036798528,57.5061439758357,5736
33,617,Periyakurichi (CT),7599,5682,1,74.7729964469009,Small,50.09963712720166,74.7729964469009,57.50164492311143,5737
5,60,Gumaniwala (CT),6953,5300,1,76.226089457788,Small,49.47669174189957,76.226089457788,57.5015110566661,5738
8,129,Bakani (CT),9812,6925,1,70.5768446799837,Small,51.891797620840144,70.5768446799837,57.49731173858321,5739
27,517,Shirgaon (CT),5971,4699,1,78.69703567241669,Small,48.40911444951443,78.69703567241669,57.4954908163851,5740
9,195,Sadat (NP),12361,8255,1,66.78262276514845,Small,53.51116149919384,66.78262276514845,57.492599878980215,5741
19,343,Bishnupur (CT),5030,4099,1,81.4910536779324,Small,47.206697556557984,81.4910536779324,57.49200439297031,5742
29,569,Manipura (CT),5001,4080,1,81.58368326334733,Small,47.16615764771308,81.58368326334733,57.49141533240335,5743
9,201,Jaithara (NP),12009,8076,1,67.24956282787909,Small,53.30858173250831,67.24956282787909,57.490876061119536,5744
23,427,Bamora (CT),8493,6192,1,72.90709996467679,Small,50.87953042277044,72.90709996467679,57.48780128534234,5745
33,629,Manjalumoodu (CT),6840,5229,1,76.44736842105263,Small,49.36180211338974,76.44736842105263,57.4874720056886,5746
28,539,Pochampalle (CT),12972,8558,1,65.97286463151403,Small,53.84947466093084,65.97286463151403,57.486491652105784,5747
19,338,Balarambati (CT),5068,4122,1,81.33385951065509,Small,47.25946652990154,81.33385951065509,57.481784424127596,5748
33,627,V. Pudur (TP),8891,6413,1,72.12911933415815,Small,51.20065507703097,72.12911933415815,57.479194354169124,5749
3,35,Fateh Nangal (CT),7721,5747,1,74.43336355394379,Small,50.211315203311,74.43336355394379,57.47792970850084,5750
14,277,Wangoi (NP),9106,6532,1,71.73292334724357,Small,51.36819762381549,71.73292334724357,57.47761534084391,5751
19,327,Geni (CT),8747,6332,1,72.39053389733623,Small,51.086159705355485,72.39053389733623,57.4774719629497,5752
9,193,Premchak Urf Baheri (CT),7063,5360,1,75.88843267733257,Small,49.58675184530886,75.88843267733257,57.47725609491597,5753
19,337,Raghunathpur (P) (CT),5339,4295,1,80.44577636261472,Small,47.624701883980684,80.44577636261472,57.471024227570894,5754
33,610,Chithode (TP),8550,6219,1,72.73684210526315,Small,50.92643269053304,72.73684210526315,57.46955551495207,5755
29,573,Hongalli (CT),9074,6511,1,71.75446330174124,Small,51.34351319138063,71.75446330174124,57.46679822448881,5756
23,430,Teonthar (NP),17039,10469,1,61.441399143142206,Small,55.76178670324744,61.441399143142206,57.46567043521587,5757
23,457,Kirnapur (CT),6137,4796,1,78.14893270327522,Small,48.60138179096258,78.14893270327522,57.465647064656366,5758
24,479,Chorvad (M),22720,12888,1,56.725352112676056,Small,57.77951931948074,56.725352112676056,57.463269157439335,5759
9,158,Jais (NPP),26735,14453,1,54.060220684495974,Small,58.92063311400163,54.060220684495974,57.46250938514993,5760
9,178,Iltifatganj Bazar (NP),13136,8628,1,65.68209500609014,Small,53.93757083753859,65.68209500609014,57.460928088104055,5761
23,459,Isagarh (NP),12583,8352,1,66.37526821902567,Small,53.63597969316282,66.37526821902567,57.457766250921665,5762
9,184,Barhani Bazar (NP),14492,9283,1,64.05603091360751,Small,54.626448680987515,64.05603091360751,57.45532335077351,5763
33,606,Kannamangalam (TP),7399,5553,1,75.05068252466549,Small,49.91262109127541,75.05068252466549,57.45403952129243,5764
29,575,Arkula (CT),5077,4123,1,81.20937561552097,Small,47.27190649997698,81.20937561552097,57.45314723464018,5765
8,108,Mahu Kalan (CT),10971,7525,1,68.58991887703947,Small,52.674683588828245,68.58991887703947,57.44925417529161,5766
23,420,Mau (NP),20147,11815,1,58.64396684369881,Small,56.93670263600019,58.64396684369881,57.44888189830978,5767
33,617,Pallippadai (CT),6369,4935,1,77.48469147432878,Small,48.861556031999136,77.48469147432878,57.44849666469803,5768
30,585,Arambol (CT),5322,4280,1,80.42089440060127,Small,47.60234124278687,80.42089440060127,57.44790719013119,5769
18,318,H.P.C. Township (CT),2732,2495,1,91.3250366032211,Small,42.927424428990165,91.3250366032211,57.446708081259445,5770
33,613,Krishnarayapuram (TP),10792,7429,1,68.83802816901408,Small,52.55933334309842,68.83802816901408,57.44294179087312,5771
22,405,Shivrinarayan (NP),9707,6850,1,70.56763160605747,Small,51.81635690534814,70.56763160605747,57.44173931556094,5772
9,175,Chak Imam Ali (CT),4641,3835,1,82.6330532212885,Small,46.64236244581717,82.6330532212885,57.43956967845857,5773
20,349,Isri (CT),9749,6872,1,70.4892809518925,Small,51.84663064965351,70.4892809518925,57.439425740325206,5774
10,230,Kurthaur (CT),9880,6942,1,70.26315789473684,Small,51.94022501244574,70.26315789473684,57.437104877133066,5775
9,197,Sir Gobardhan (CT),11350,7717,1,67.99118942731278,Small,52.912829296092866,67.99118942731278,57.43633733545883,5776
28,550,Buja Buja Nellore (CT),10927,7497,1,68.60986547085201,Small,52.64650472238288,68.60986547085201,57.43551294692361,5777
33,629,Vanniyoor (CT),4319,3619,1,83.79254457050244,Small,46.138221130255744,83.79254457050244,57.43451816232975,5778
19,341,Khajutti (CT),7380,5537,1,75.02710027100271,Small,49.89459239194829,75.02710027100271,57.43434475566461,5779
33,611,Bikketti (TP),5864,4620,1,78.78581173260572,Small,48.28232931604314,78.78581173260572,57.433374041011916,5780
19,328,Samuktola (CT),8132,5971,1,73.4259714707329,Small,50.57496827010524,73.4259714707329,57.43026923029353,5781
23,436,Akodia (NP),11652,7869,1,67.53347064881565,Small,53.09696707849591,67.53347064881565,57.42791814959183,5782
19,343,Petua (CT),9596,6785,1,70.7065443934973,Small,51.735712855098946,70.7065443934973,57.42696231661844,5783
28,550,Yerrabalem (CT),7803,5781,1,74.08688965782392,Small,50.285390377491815,74.08688965782392,57.425840161591445,5784
24,476,Anandpar (CT),13483,8780,1,65.1190387895869,Small,54.120399415095285,65.1190387895869,57.419991227442765,5785
23,430,Hanumana (NP),16771,10321,1,61.540754874485714,Small,55.65061675552671,61.540754874485714,57.417658191214414,5786
33,632,Thirumalayampalayam (TP),12164,8124,1,66.78724103913186,Small,53.398507787025515,66.78724103913186,57.41512776265741,5787
20,360,Kadma No-II (CT),7239,5449,1,75.27282773863794,Small,49.759332239692924,75.27282773863794,57.41338088937643,5788
33,617,Gunduuppalavadi (CT),7281,5473,1,75.16824612003845,Small,49.79989602183694,75.16824612003845,57.41040105129739,5789
9,175,Koraon (NP),14821,9417,1,63.538222791984346,Small,54.78386096005961,63.538222791984346,57.41016950963703,5790
21,388,Chikiti (NAC),11645,7857,1,67.47101760412194,Small,53.0927532666043,67.47101760412194,57.40623256785959,5791
14,278,Porompat (CT),6191,4817,1,77.80649329672104,Small,48.66280716824092,77.80649329672104,57.40591300678495,5792
7,97,Khera (CT),7220,5436,1,75.29085872576178,Small,49.74090459213593,75.29085872576178,57.405890832223676,5793
9,133,Ailam (NP),12110,8093,1,66.82906688687036,Small,53.367309430266,66.82906688687036,57.40583666724731,5794
30,585,Colvale (CT),4818,3946,1,81.90120381901204,Small,46.90478506904506,81.90120381901204,57.403710694035155,5795
9,144,Sasni (NP),13291,8678,1,65.29230306222256,Small,54.01982735512518,65.29230306222256,57.40157006725439,5796
6,69,Raipur Rani (CT),9028,6465,1,71.61054497120071,Small,51.30787639972366,71.61054497120071,57.39867697116678,5797
19,341,Bipra Noapara (CT),9408,6673,1,70.92899659863946,Small,51.59697478084389,70.92899659863946,57.396581326182556,5798
3,49,Baba Bakala (CT),8946,6419,1,71.75273865414711,Small,51.243897292134434,71.75273865414711,57.396549700738234,5799
20,360,Marai Kalan (CT),10447,7230,1,69.20647075715517,Small,52.33151079583891,69.20647075715517,57.39399878423379,5800
2,33,Theog (M Cl),4353,3636,1,83.52860096485183,Small,46.193197504748326,83.52860096485183,57.39381854277938,5801
19,337,Chak Barbaria (CT),8088,5936,1,73.39268051434223,Small,50.536926237176814,73.39268051434223,57.39365252032644,5802
33,614,Mettupalayam (TP),7681,5702,1,74.23512563468299,Small,50.174895044917974,74.23512563468299,57.39296422184748,5803
33,612,Kannivadi (TP),10369,7188,1,69.32201755231941,Small,52.278960882587164,69.32201755231941,57.39187788350684,5804
3,43,Satyewala (CT),8724,6294,1,72.14580467675378,Small,51.06769786536326,72.14580467675378,57.391129908780414,5805
29,565,Vaddu (CT),12453,8259,1,66.32136834497712,Small,53.56315779541288,66.32136834497712,57.39062096028215,5806
28,553,Somandepalle (CT),18895,11242,1,59.497221487165916,Small,56.48680540652423,59.497221487165916,57.389930230716736,5807
27,505,Sillewada (CT),7290,5473,1,75.07544581618656,Small,49.80855781826198,75.07544581618656,57.388624217639354,5808
19,337,Digha (CT),8159,5975,1,73.23201372717246,Small,50.598210483105035,73.23201372717246,57.38835145632526,5809
29,577,Tirumakudal  Narsipur (TP),9980,6979,1,69.92985971943888,Small,52.0108397037273,69.92985971943888,57.38654570844077,5810
21,374,Panposh (CT),9923,6948,1,70.01914743525144,Small,51.97067651060174,70.01914743525144,57.385217787996645,5811
9,149,Bilsi (NPP),26604,14334,1,53.87911592241769,Small,58.88618817752068,53.87911592241769,57.38406650098978,5812
19,343,Salipur (P) (CT),5091,4119,1,80.90748379493223,Small,47.29121380820216,80.90748379493223,57.376094804221175,5813
21,381,Belagachhia (CT),5516,4390,1,79.5866569978245,Small,47.85337561707301,79.5866569978245,57.37336003129846,5814
18,321,Sarpara (CT),6529,5016,1,76.82646653392557,Small,49.035523048999664,76.82646653392557,57.372806094477426,5815
27,520,Kalundre (CT),6626,5074,1,76.57712043465136,Small,49.138926992329075,76.57712043465136,57.370385025025755,5816
1,21,Arnia (MC),8948,6412,1,71.65847116674117,Small,51.24546472301632,71.65847116674117,57.369366656133764,5817
1,21,Dhande Kalan (CT),4887,3985,1,81.5428688356865,Small,47.00448290889885,81.5428688356865,57.36599868693514,5818
30,585,Jua (CT),4134,3484,1,84.27672955974843,Small,45.83128938354915,84.27672955974843,57.364921436408935,5819
19,338,Borai (CT),6522,5010,1,76.81692732290708,Small,49.02800158958648,76.81692732290708,57.364679309582655,5820
24,492,Hajira (INA),5562,4417,1,79.4138798993168,Small,47.91160402812704,79.4138798993168,57.36228678948396,5821
5,57,Badrinathpuri (NP),2438,2265,1,92.90401968826907,Small,42.129298128673916,92.90401968826907,57.36171459655246,5822
10,216,Kanti (NP),25051,13725,1,54.788232006706316,Small,58.46440666382657,54.788232006706316,57.36155426669049,5823
9,191,Barahatir Jagdishpur (CT),15367,9648,1,62.783887551246174,Small,55.03754389837987,62.783887551246174,57.361446994239756,5824
9,200,Kakari (CT),5221,4200,1,80.4443593181383,Small,47.46800214001839,80.4443593181383,57.36090929345436,5825
29,559,Hatti (CT),16278,10066,1,61.83806364418233,Small,55.44139400813138,61.83806364418233,57.360394898946666,5826
33,633,Muthur (TP),13212,8621,1,65.25128670905238,Small,53.97802363403657,65.25128670905238,57.3600025565413,5827
9,174,Sarai Aquil (NP),19538,11498,1,58.849421639881264,Small,56.72146536072368,58.849421639881264,57.35985224447095,5828
9,179,Musafirkhana (NP),7999,5876,1,73.45918239779972,Small,50.45934088112307,73.45918239779972,57.35929333612606,5829
23,457,Ukwa (CT),6768,5156,1,76.18203309692672,Small,49.287604011501436,76.18203309692672,57.35593273712901,5830
14,276,Yairipok (NP),9569,6746,1,70.49848469014526,Small,51.715955705819226,70.49848469014526,57.35071440111703,5831
6,86,Garhi Harsaru (46) (CT),7894,5813,1,73.63820623258171,Small,50.366690020714,73.63820623258171,57.34814488427431,5832
3,46,Talwandi Sabo (NP),20589,11931,1,57.94841905872068,Small,57.08888137482887,57.94841905872068,57.34674267999641,5833
33,609,Pillanallur (TP),11181,7596,1,67.93667829353367,Small,52.80763548148349,67.93667829353367,57.34634832509854,5834
23,435,Unhel (NP),14774,9363,1,63.37484770542846,Small,54.76158866849896,63.37484770542846,57.345566379577804,5835
28,553,Narayanapuram (CT),14227,9104,1,63.991003022422156,Small,54.49703713834283,63.991003022422156,57.345226903566626,5836
23,427,Bina Rly Colony (CT),5035,4077,1,80.97318768619662,Small,47.21366357057703,80.97318768619662,57.3415208052629,5837
33,604,Meenambakkam (TP),4286,3583,1,83.59776014932338,Small,46.08444635082538,83.59776014932338,57.33844049037478,5838
33,625,Chathirareddipatti (CT),5360,4284,1,79.92537313432835,Small,47.65222577698351,79.92537313432835,57.33416998418696,5839
21,397,Khatiguda (CT),6361,4905,1,77.1105172142745,Small,48.85274335633564,77.1105172142745,57.33007551371729,5840
23,449,Hatwas (CT),12295,8154,1,66.31964213094754,Small,53.47362087433368,66.31964213094754,57.327427251317836,5841
19,331,Dakra (P) (CT),5268,4224,1,80.18223234624145,Small,47.53083665240182,80.18223234624145,57.3262553605537,5842
23,461,Kelhauri (Chachai) (CT),8796,6315,1,71.79399727148704,Small,51.12533012364926,71.79399727148704,57.32593026800059,5843
33,627,Thenthiruperai (TP),4934,4009,1,81.25253344142683,Small,47.071590461544396,81.25253344142683,57.32587335550913,5844
20,368,Manohar Pur (CT),12453,8232,1,66.10455311973018,Small,53.56315779541288,66.10455311973018,57.32557639270807,5845
21,388,Rambha (NAC),12111,8061,1,66.55932623235076,Small,53.36788844077173,66.55932623235076,57.32531977824543,5846
19,336,Paschimbhatjangla (CT),12963,8483,1,65.44009874257503,Small,53.84460793199841,65.44009874257503,57.3232551751714,5847
9,201,Bhagipur (CT),12414,8211,1,66.14306428226196,Small,53.54116294496293,66.14306428226196,57.321733346152634,5848
9,150,Mohenpur (CT),21812,12415,1,56.918210159545204,Small,57.49351755851785,56.918210159545204,57.32092533882606,5849
14,274,Zenhang Lamka (CT),7771,5733,1,73.77428902329173,Small,50.25657601446112,73.77428902329173,57.31188991711029,5850
20,355,Saram (CT),15212,9549,1,62.77281093873258,Small,54.96645560190537,62.77281093873258,57.30836220295353,5851
9,190,Majhauliraj (NP),20818,11997,1,57.628014218464784,Small,57.166445257323296,57.628014218464784,57.30491594566574,5852
29,574,Alur (TP),6541,5008,1,76.56321663354227,Small,49.048398240626774,76.56321663354227,57.30284375850142,5853
8,110,Viratnagar (M),20568,11892,1,57.81796966161027,Small,57.08172539857862,57.81796966161027,57.30259867748811,5854
19,343,Dhamua (CT),10055,6988,1,69.4977623073098,Small,52.06333797058827,69.4977623073098,57.29366527160472,5855
14,280,Moreh (ST),16847,10285,1,61.04944500504541,Small,55.68232199192188,61.04944500504541,57.29245889585894,5856
9,139,Doghat (NP),14166,9049,1,63.878300155301424,Small,54.46690686977556,63.878300155301424,57.29032485543332,5857
19,341,Mirjapur (CT),5114,4119,1,80.54360578803285,Small,47.32281801020645,80.54360578803285,57.28905434355437,5858
29,574,Shravanabelgola (CT),6485,4971,1,76.65381649961449,Small,48.98811073373325,76.65381649961449,57.28782246349762,5859
28,541,Ballepalle (CT),12530,8254,1,65.87390263367917,Small,53.60638201084112,65.87390263367917,57.28663819769254,5860
24,493,Ukai (CT),7453,5542,1,74.35931839527707,Small,49.963608932666524,74.35931839527707,57.28232177144969,5861
23,420,Akoda (NP),12534,8254,1,65.85288016594862,Small,53.60862016157786,65.85288016594862,57.281898162889085,5862
19,343,Ganye Gangadharpur (CT),5210,4179,1,80.21113243761995,Small,47.45321452922884,80.21113243761995,57.28058990174617,5863
22,403,Gharghoda (NP),9455,6662,1,70.46007403490216,Small,51.63191746958449,70.46007403490216,57.28036443917979,5864
33,610,Arachalur (TP),12034,8004,1,66.51155060661459,Small,53.323164157676274,66.51155060661459,57.279680092357765,5865
33,632,Mopperipalayam (TP),10923,7438,1,68.09484573835027,Small,52.64393738362592,68.09484573835027,57.27920989004322,5866
4,55,Khuda Alisher (CT),6831,5176,1,75.77221490264968,Small,49.35257017003536,75.77221490264968,57.27846358981965,5867
33,604,Kovalam (CT),8124,5925,1,72.93205317577548,Small,50.56806686889739,72.93205317577548,57.27726276096081,5868
9,148,Ghiraur (NP),15911,9854,1,61.931996731820746,Small,55.2814879984747,61.931996731820746,57.27664061847851,5869
33,605,Ariyur (CT),7251,5423,1,74.7896841814922,Small,49.770945853834405,74.7896841814922,57.27656735213175,5870
23,439,Manpur (NP),7621,5637,1,73.96667104054586,Small,50.119907682137956,73.96667104054586,57.273936689660324,5871
19,335,Baidyanathpur (CT),15704,9758,1,62.137035150280184,Small,55.18966102633275,62.137035150280184,57.273873263516975,5872
28,544,Chintapalle (CT),7888,5790,1,73.40263691683569,Small,50.36135853104792,73.40263691683569,57.27374204678425,5873
19,341,Kuldanga (CT),7742,5706,1,73.70188581761819,Small,50.23036033631823,73.70188581761819,57.271817980708214,5874
28,542,Ponduru (CT),12640,8301,1,65.67246835443038,Small,53.66767236054139,65.67246835443038,57.269111158708085,5875
3,35,Sri Hargobindpur (M Cl),8241,5988,1,72.66108481980342,Small,50.668329373640944,72.66108481980342,57.266156007489684,5876
29,555,Mouje Nandgad (CT),8837,6320,1,71.51748330881522,Small,51.15793807751737,71.51748330881522,57.26580164690672,5877
23,430,Chakghat (NP),10678,7304,1,68.40232253230943,Small,52.48486858102003,68.40232253230943,57.260104766406855,5878
6,74,Uncha Siwana (CT),8922,6365,1,71.34050661286707,Small,51.22506074385635,71.34050661286707,57.25969450455957,5879
8,122,Asind (M),16611,10161,1,61.1703088314972,Small,55.583396631576065,61.1703088314972,57.259470291552404,5880
19,335,Dalurband (CT),15107,9475,1,62.71926921294764,Small,54.91788629708687,62.71926921294764,57.2583011718451,5881
20,355,Bandh Dih (CT),13192,8566,1,64.93329290479079,Small,53.967400764874554,64.93329290479079,57.257168406849416,5882
3,43,Makhu (NP),14658,9263,1,63.19416018556419,Small,54.70631410459522,63.19416018556419,57.25266792888591,5883
23,462,Churhat (NP),14962,9403,1,62.84587621975671,Small,54.85025653334781,62.84587621975671,57.24894243927048,5884
19,335,Chhora (CT),13806,8858,1,64.16050992322178,Small,54.28640309867211,64.16050992322178,57.248635146037,5885
20,358,Satgawan Alias Hariharganj (CT),11811,7878,1,66.70053340106679,Small,53.19200514351415,66.70053340106679,57.24456362077994,5886
33,628,Kadayam (CT),5430,4312,1,79.41068139963167,Small,47.74319962537413,79.41068139963167,57.24344415765139,5887
33,618,Manjakollai (CT),5040,4063,1,80.61507936507937,Small,47.22062267180938,80.61507936507937,57.238959679790376,5888
8,122,Hameer Garh (CT),11678,7808,1,66.86076382942284,Small,53.112596249129865,66.86076382942284,57.23704652321776,5889
19,338,Pairagachha (CT),4703,3844,1,81.73506272591963,Small,46.73540607814173,81.73506272591963,57.235303072475105,5890
33,633,Poolankinar (CT),4849,3939,1,81.23324396782841,Small,46.94975228441563,81.23324396782841,57.234799789439464,5891
23,439,Gujarkheda (CT),5409,4297,1,79.44167128859308,Small,47.716031175109315,79.44167128859308,57.23372320915444,5892
9,171,Manikpur Sarhat (NP),16467,10080,1,61.213335762433964,Small,55.522342633715084,61.213335762433964,57.229640572330744,5893
8,102,Chhapar (M),19744,11499,1,58.24047811993517,Small,56.79501319206918,58.24047811993517,57.22865267042897,5894
6,81,Loharu (MC),13937,8911,1,63.93771973882472,Small,54.352625384359655,63.93771973882472,57.22815369069917,5895
30,585,Onda (CT),5863,4578,1,78.08289271703906,Small,48.28113353025521,78.08289271703906,57.22166128629036,5896
23,425,Garhi - Malhera (NP),13625,8759,1,64.28623853211009,Small,54.19386385490199,64.28623853211009,57.22157625806442,5897
11,244,Rhenak (CT),5883,4590,1,78.02141764405916,Small,48.3050105902182,78.02141764405916,57.219932706370486,5898
33,605,Chettithangal (CT),7780,5714,1,73.44473007712082,Small,50.26469202792113,73.44473007712082,57.21870344268103,5899
23,425,Chandla (NP),12838,8376,1,65.24380744664278,Small,53.77666291983451,65.24380744664278,57.216806277876984,5900
19,343,Mathurapur (CT),7797,5722,1,73.38720020520712,Small,50.2799966950803,73.38720020520712,57.212157748118344,5901
18,322,Amin Gaon (CT),8855,6314,1,71.30434782608695,Small,51.17220600865766,71.30434782608695,57.21184855388645,5902
33,621,Arimalam (TP),8948,6364,1,71.12203844434511,Small,51.24546472301632,71.12203844434511,57.20843683941495,5903
33,617,Melpattampakkam (TP),6887,5193,1,75.40293306229128,Small,49.409816902115914,75.40293306229128,57.207751750168526,5904
33,605,Vilapakkam (TP),8174,5934,1,72.59603621238072,Small,50.6110896157174,72.59603621238072,57.20657359471639,5905
19,343,Nimpith (CT),8014,5843,1,72.90990766159221,Small,50.47247735527917,72.90990766159221,57.203706447173076,5906
33,613,TNPL Pugalur (TP),5556,4383,1,78.88768898488121,Small,47.90403638091457,78.88768898488121,57.19913216210456,5907
33,633,Perumanallur (CT),7356,5465,1,74.29309407286569,Small,49.87175284703801,74.29309407286569,57.19815521478631,5908
3,48,Nilpur (CT),8391,6053,1,72.13681325229413,Small,50.79480903877032,72.13681325229413,57.197410302827464,5909
29,577,Saragur (TP),11425,7663,1,67.0722100656455,Small,52.95901214116589,67.0722100656455,57.19297151850978,5910
22,416,Sukma (NP),13926,8888,1,63.82306477093207,Small,54.34708872208749,63.82306477093207,57.18988153674086,5911
7,98,Fateh Pur Beri (CT),8861,6310,1,71.21092427491253,Small,51.176955542016564,71.21092427491253,57.18714616188535,5912
19,343,Rajapur (CT),9754,6792,1,69.63297108878409,Small,51.85022597694905,69.63297108878409,57.18504951049955,5913
9,142,Khurja Rural (CT),21383,12143,1,56.788102698405275,Small,57.35422357542066,56.788102698405275,57.18438731231604,5914
33,610,Ariyappampalayam (TP),15706,9712,1,61.83624092703426,Small,55.19055402082477,61.83624092703426,57.184260092687616,5915
21,385,Odagaon (CT),5401,4283,1,79.30012960562858,Small,47.70565353986535,79.30012960562858,57.18399635959432,5916
9,174,Karari (NP),16467,10053,1,61.04937147021315,Small,55.522342633715084,61.04937147021315,57.1804512846645,5917
5,67,Dineshpur (NP),11343,7616,1,67.14273119985894,Small,52.90850333868278,67.14273119985894,57.17877169703563,5918
18,316,Uttar Krishnapur Pt. I (CT),6960,5229,1,75.12931034482759,Small,49.48374726533403,75.12931034482759,57.1774161891821,5919
8,112,Makrana Village (CT),21808,12309,1,56.44258987527513,Small,57.49223147612713,56.44258987527513,57.17733899587152,5920
24,491,Bhilad (CT),9022,6394,1,70.87120372422966,Small,51.303214742736344,70.87120372422966,57.173611437184334,5921
8,108,Kasba Bonli (CT),15300,9520,1,62.22222222222222,Small,55.006903793270645,62.22222222222222,57.17149932195611,5922
33,628,Nallur (CT),7828,5729,1,73.18599897802758,Small,50.307819507263396,73.18599897802758,57.17127334849265,5923
24,481,Nari (CT),9467,6634,1,70.07499735924792,Small,51.64081117494438,70.07499735924792,57.17106703023544,5924
24,492,Pardi Kanade (CT),9167,6472,1,70.60106905203448,Small,51.4150129911055,70.60106905203448,57.17082980938419,5925
33,608,Mallur (TP),10331,7091,1,68.6380795663537,Small,52.25321628232928,68.6380795663537,57.1686752675366,5926
8,123,Bhim (CT),11568,7725,1,66.77904564315352,Small,53.046233449084546,66.77904564315352,57.16607710730524,5927
1,14,Achhabal (MC),17556,10525,1,59.95101389838232,Small,55.971390335578405,59.95101389838232,57.16527740441957,5928
7,97,Mitraon (CT),6512,4960,1,76.16707616707616,Small,49.017242634213844,76.16707616707616,57.16219269407253,5929
23,437,Bhaurasa (NP),12166,8022,1,65.93785960874568,Small,53.399660620455094,65.93785960874568,57.161120316942274,5930
23,425,Rajnagar (NP),14253,9028,1,63.341051006805586,Small,54.50984030383614,63.341051006805586,57.15920351472697,5931
24,473,Arsodiya (CT),5859,4563,1,77.88018433179722,Small,48.27634834703554,77.88018433179722,57.15749914246404,5932
23,430,Baikunthpur (NP),10282,7061,1,68.6734098424431,Small,52.219879173602365,68.6734098424431,57.15593837425458,5933
10,217,Kataiya (NP),20193,11637,1,57.62888129549844,Small,56.952695084747226,57.62888129549844,57.155550947972586,5934
18,323,Rupiabathan (CT),4981,4011,1,80.52599879542261,Small,47.13806191407284,80.52599879542261,57.154442978477775,5935
29,579,Shahabad ACC (NAC),5027,4040,1,80.36602347324447,Small,47.2025146242918,80.36602347324447,57.1515672789776,5936
6,84,Ateli (MC),7619,5604,1,73.55295970599816,Small,50.118067323713454,73.55295970599816,57.14853503839886,5937
5,65,Champawat (NP),4801,3894,1,81.10810247865028,Small,46.88000265940184,81.10810247865028,57.14843260517637,5938
33,606,Devikapuram (CT),9800,6804,1,69.42857142857143,Small,51.88321678680977,69.42857142857143,57.14682317933826,5939
33,625,Dhalavoipuram (CT),5474,4322,1,78.95506028498356,Small,47.79978496308714,78.95506028498356,57.14636755965606,5940
27,528,Karle (CT),4382,3619,1,82.58785942492013,Small,46.23975092885436,82.58785942492013,57.14418347767409,5941
19,341,Shyampur (CT),7354,5450,1,74.10932825673103,Small,49.869846189675435,74.10932825673103,57.14169080979211,5942
27,520,Zotirpada (CT),3389,2941,1,86.7807612865152,Small,44.43816741847799,86.7807612865152,57.140945578889145,5943
19,335,Chak Bankola (CT) (Part),13492,8657,2,64.16394900681885,Small,54.1250785250014,64.16394900681885,57.13673966954663,5944
3,35,Ghoh (CT),6883,5174,1,75.17071044602645,Small,49.40574331168109,75.17071044602645,57.135233451984696,5945
2,27,Sarkaghat (NP),4715,3836,1,81.35737009544009,Small,46.75327280305817,81.35737009544009,57.13450199077274,5946
29,566,Chikkajajur (CT),6236,4788,1,76.77998717126363,Small,48.71358715649932,76.77998717126363,57.133507160928616,5947
33,608,Masinaickenpatty (CT),9098,6423,1,70.59793361178282,Small,51.36203465671656,70.59793361178282,57.13280434323644,5948
23,418,Badoda (NP),18437,10885,1,59.03888919021533,Small,56.314738593314516,59.03888919021533,57.13198377238476,5949
19,335,Goda (P) (CT),6483,4936,1,76.13759062162579,Small,48.985947993319385,76.13759062162579,57.13144078181131,5950
30,585,Moira (CT),4299,3562,1,82.856478250756,Small,46.105679606728664,82.856478250756,57.13091919993686,5951
33,629,Chenbagaramanputhur  (CT),5028,4037,1,80.2903739061257,Small,47.20390921229208,80.2903739061257,57.12984862044216,5952
33,613,Kadaparai (CT),9574,6678,1,69.7514100689367,Small,51.71961863916778,69.7514100689367,57.12915606809845,5953
8,115,Utarlai (CT),4603,3762,1,81.7293069737128,Small,46.58471945243778,81.7293069737128,57.12809570882028,5954
19,332,Baliadanga (CT),12379,8112,1,65.53033362953389,Small,53.521365069279,65.53033362953389,57.12405563735546,5955
33,612,Eriodu (TP),8890,6307,1,70.94488188976378,Small,51.1998663815641,70.94488188976378,57.123371034024004,5956
33,605,Thuthipattu (CT),9143,6444,1,70.48014874767581,Small,51.396631104469584,70.48014874767581,57.12168639743145,5957
19,343,Kalikapota (CT),13086,8455,1,64.61103469356564,Small,53.910829325053335,64.61103469356564,57.12089093560702,5958
8,104,Govindgarh (CT),11552,7699,1,66.64646814404432,Small,53.03652814766681,66.64646814404432,57.119510146580055,5959
9,198,Nai Bazar (NP),13408,8609,1,64.20793556085918,Small,54.081284939672436,64.20793556085918,57.11928012602846,5960
18,316,Dudhpatil Pt V (CT),4121,3441,1,83.49915069157971,Small,45.80920751606721,83.49915069157971,57.11619046872096,5961
33,608,Erumapalayam (CT),10220,7014,1,68.63013698630137,Small,52.17746912280272,68.63013698630137,57.113269481852306,5962
29,570,Sringeri (TP),3922,3306,1,84.2937276899541,Small,45.46220709611951,84.2937276899541,57.11166327426989,5963
10,212,Manihari (NP),26629,14098,1,52.94228097187277,Small,58.892774714809924,52.94228097187277,57.10762659192878,5964
21,395,Madanpur Rampur (CT),7892,5748,1,72.83324885960467,Small,50.36491330782474,72.83324885960467,57.10541397335872,5965
9,188,Air Force Area (CT),4581,3744,1,81.72888015717092,Small,46.551129341144346,81.72888015717092,57.10445458595232,5966
19,336,Belgharia (CT),5858,4552,1,77.70570160464322,Small,48.27515154086548,77.70570160464322,57.10431655999881,5967
20,355,Kurpania (CT),7789,5689,1,73.03890101425087,Small,50.27279865930711,73.03890101425087,57.102629365790236,5968
9,174,Sirathu (NP),14423,9079,1,62.948069056368304,Small,54.592982122620356,62.948069056368304,57.09950820274474,5969
14,277,Langjing (CT),5451,4299,1,78.86626307099614,Small,47.77026322608008,78.86626307099614,57.099063179554896,5970
24,486,Jetpur (CT),7864,5730,1,72.86368260427264,Small,50.33999194632358,72.86368260427264,57.09709914370829,5971
23,452,Barman Kalan (CT),8143,5886,1,72.28294240451922,Small,50.58444662051909,72.28294240451922,57.09399535571913,5972
20,346,Majhion (NP),18349,10823,1,58.98414082511309,Small,56.28118865736461,58.98414082511309,57.09207430768915,5973
19,345,Kharisha (CT),4120,3437,1,83.42233009708738,Small,45.80750602734447,83.42233009708738,57.091953248267345,5974
6,85,Bhakali (165) (CT),9970,6875,1,68.95687061183551,Small,52.00381014646632,68.95687061183551,57.089728286077076,5975
23,434,Namli (NP),9774,6770,1,69.26539799467977,Small,51.86458888158349,69.26539799467977,57.08483161551237,5976
28,546,Tangellamudi (CT),8250,5943,1,72.03636363636363,Small,50.67598282394006,72.03636363636363,57.08409706766713,5977
19,341,Balarampota (CT),5544,4354,1,78.53535353535354,Small,47.88887654275781,78.53535353535354,57.08281964053653,5978
33,622,Kandanur (TP),7696,5631,1,73.16787941787942,Small,50.18857477954333,73.16787941787942,57.08236617104416,5979
22,405,Kharod (NP),10193,6989,1,68.56666339644855,Small,52.158919759562174,68.56666339644855,57.08124285062809,5980
9,151,Bilsanda (NP),16036,9806,1,61.14991269643303,Small,55.33636234132578,61.14991269643303,57.08042744785795,5981
5,68,Jhabrera (NP),11186,7499,1,67.0391560879671,Small,52.81077048342952,67.0391560879671,57.07928616479079,5982
33,605,Kailasagiri (CT),9421,6580,1,69.84396560874642,Small,51.60665721184118,69.84396560874642,57.077849730912746,5983
3,46,Bhagta Bhai Ka (NP),14467,9089,1,62.82574134236538,Small,54.61434155851555,62.82574134236538,57.077761493670494,5984
9,193,Sahatwar (NP),20615,11756,1,57.02643706039292,Small,57.097731049795705,57.02643706039292,57.07634285297487,5985
14,276,Kakching Khunou (NP),11379,7595,1,66.74575973284121,Small,52.93072274527598,66.74575973284121,57.07523384154555,5986
19,345,Nandigram (CT),5803,4512,1,77.75288643804929,Small,48.209010655219366,77.75288643804929,57.07217339006834,5987
33,609,Kalappanaickenpatti (TP),10831,7314,1,67.52839073031114,Small,52.584627682079365,67.52839073031114,57.0677565965489,5988
9,133,Charthawal (NP),20653,11765,1,56.96508981745993,Small,57.110645134277874,56.96508981745993,57.06697853923249,5989
23,464,Ranapur (NP),12371,8084,1,65.34637458572467,Small,53.51683198202593,65.34637458572467,57.065694763135554,5990
27,522,Burhanagar (CT),6885,5159,1,74.93100944081337,Small,49.40778040268638,74.93100944081337,57.064749114124474,5991
2,27,Jogindarnagar (NP),5335,4220,1,79.10028116213684,Small,47.61944696748426,79.10028116213684,57.06369722588003,5992
22,406,Bilha (NP),11048,7423,1,67.18863142650252,Small,52.723725776051,67.18863142650252,57.06319747118645,5993
8,104,Diwakari (CT),11188,7494,1,66.98248122988917,Small,52.81202409189486,66.98248122988917,57.06316123329315,5994
19,334,Rajnagar (CT),13965,8845,1,63.33691371285356,Small,54.36669901298066,63.33691371285356,57.05776342294253,5995
9,175,Jhusi (NP),13878,8804,1,63.438535812076665,Small,54.3228774547566,63.438535812076665,57.057574961952625,5996
14,272,Kangpokpi (CT),7476,5499,1,73.5553772070626,Small,49.98521390212764,73.5553772070626,57.05626289360812,5997
21,384,Gotamara (CT),7420,5466,1,73.66576819407008,Small,49.93249377179837,73.66576819407008,57.05247609847988,5998
18,305,Doboka (TC),13118,8440,1,64.33907607867053,Small,53.92795563621093,64.33907607867053,57.0512917689488,5999
19,327,Sukhiapokhri (CT),4450,3650,1,82.02247191011236,Small,46.34771381062054,82.02247191011236,57.05014124046808,6000
19,345,Barda (CT),5155,4103,1,79.59262851600388,Small,47.37880508885139,79.59262851600388,57.042952116997135,6001
3,48,Alhoran (CT),10218,6989,1,68.3989038950871,Small,52.17609677725308,68.3989038950871,57.04293891260328,6002
3,53,Moonak (NP),18141,10704,1,59.00446502397884,Small,56.201244865308574,59.00446502397884,57.04221091290965,6003
30,586,Verna (CT),6632,5005,1,75.46743063932449,Small,49.145273314695544,75.46743063932449,57.041920512084225,6004
23,446,Sanchi (NP),8401,6015,1,71.59861921199857,Small,50.80316045780705,71.59861921199857,57.04179808406451,6005
29,564,Kodiyal (CT),7061,5256,1,74.43704857668885,Small,49.58476609257399,74.43704857668885,57.04045083780845,6006
1,7,Bashohli (MC),5433,4277,1,78.72262101969446,Small,47.747072254503195,78.72262101969446,57.039736884060574,6007
19,335,Jemari (J.K. Nagar Township) (CT),13179,8464,1,64.22338568935427,Small,53.96048726076382,64.22338568935427,57.03935678934096,6008
33,622,Kanadukathan (TP),5275,4178,1,79.20379146919431,Small,47.540146999934265,79.20379146919431,57.03924034071228,6009
33,608,Belur (TP),8736,6198,1,70.9478021978022,Small,51.07733619339936,70.9478021978022,57.038475994720216,6010
23,423,Badarwas (NP),13571,8648,1,63.7241176037138,Small,54.16601728328993,63.7241176037138,57.03344737941709,6011
9,146,Jagner (NP),11575,7677,1,66.32397408207343,Small,53.05047529843871,66.32397408207343,57.03252493352912,6012
28,554,Murakambattu (CT),6812,5107,1,74.97064004697592,Small,49.333040508605514,74.97064004697592,57.024320370116634,6013
29,575,Harekala (CT),6814,5108,1,74.9633108306428,Small,49.33509882553733,74.9633108306428,57.02356242706897,6014
33,608,Keeripatti (TP),10208,6977,1,68.34835423197492,Small,52.1692310182003,68.34835423197492,57.02296798233268,6015
30,585,Mercurim (CT),4970,3982,1,80.12072434607646,Small,47.12256114555939,80.12072434607646,57.02201010571451,6016
23,429,Kothi (NP),8793,6224,1,70.78357784601388,Small,51.12293821217031,70.78357784601388,57.02113010232338,6017
20,359,Chandwa (CT),12046,7906,1,65.63174497758591,Small,53.33015296556607,65.63174497758591,57.02063056917202,6018
22,407,Pandariya (NP),16165,9830,1,60.81039282400248,Small,55.392546007372786,60.81039282400248,57.01790005236169,6019
18,302,Thekashu Pt.-II (CT),5625,4392,1,78.08,Small,47.99057513729594,78.08,57.017402596107154,6020
20,368,Kiriburu (CT),9372,6533,1,69.70763977806232,Small,51.57009191473043,69.70763977806232,57.011356273729994,6021
18,321,Majarkuri (CT),4727,3824,1,80.8969748254707,Small,46.77109412328801,80.8969748254707,57.00885833394281,6022
19,337,Palladaha (CT),5994,4616,1,77.01034367701034,Small,48.43607057394575,77.01034367701034,57.00835250486512,6023
24,469,Bhagal (Jagana) (CT),6250,4770,1,76.32,Small,48.729310673706095,76.32,57.006517471594265,6024
9,158,Dalmau (NP),9983,6854,1,68.65671641791045,Small,52.012947197578264,68.65671641791045,57.00607796367791,6025
5,60,Landaur (CB),3539,3030,1,85.61740604690591,Small,44.74179431061337,85.61740604690591,57.004477831501134,6026
10,231,Shahpur (NP),17767,10521,1,59.216525018292344,Small,56.05516637453375,59.216525018292344,57.003573967661325,6027
10,208,Nirmali (NP),20189,11533,1,57.12516717024122,Small,56.95130588392329,57.12516717024122,57.003464269818664,6028
18,322,Garal (CT),4400,3610,1,82.04545454545455,Small,46.2684914843958,82.04545454545455,57.00158040271343,6029
8,122,Mandalgarh (M),13844,8761,1,63.283733025137245,Small,54.305677091564505,63.283733025137245,56.99909387163632,6030
23,461,Amarkantak (NP),8416,6011,1,71.42347908745246,Small,50.81566896769877,71.42347908745246,56.99801200362487,6031
19,333,Jafrabad (CT),28332,14604,1,51.54595510376959,Small,59.327482710972525,51.54595510376959,56.993024428811644,6032
21,370,Sohela (CT),6917,5161,1,74.61327164955905,Small,49.44029363733473,74.61327164955905,56.992187041002026,6033
33,608,Nangavalli (TP),10809,7275,1,67.30502359145156,Small,52.57037029927359,67.30502359145156,56.99076628692698,6034
28,537,Ibrahimpatnam (Bagath) (CT),12349,8040,1,65.10648635517046,Small,53.5043508618152,65.10648635517046,56.984991509821775,6035
33,609,Pandamangalam (TP),7259,5357,1,73.79804380768701,Small,49.778677591923405,73.79804380768701,56.98448745665249,6036
33,625,Elayirampannai (CT),6814,5099,1,74.83122982095686,Small,49.33509882553733,74.83122982095686,56.98393812416319,6037
27,497,Khapar (CT),7235,5343,1,73.84934346924672,Small,49.755456757009966,73.84934346924672,56.983622770680995,6038
19,335,Domohani (CT),12480,8103,1,64.92788461538461,Small,53.57834468844532,64.92788461538461,56.98320666652711,6039
18,316,Ambicapur Pt VI (CT),7971,5760,1,72.26194956718103,Small,50.43475342785897,72.26194956718103,56.982912269655586,6040
9,192,Dohrighat (NP),11799,7769,1,65.84456309856768,Small,53.18487722245019,65.84456309856768,56.98278298528544,6041
19,341,Tehatta (CT),12770,8243,1,64.54972592012528,Small,53.73942248635323,64.54972592012528,56.98251351648484,6042
19,345,Anantapur (CT),5532,4328,1,78.23571945047,Small,47.87368386145245,78.23571945047,56.98229453815771,6043
6,70,Saha (93) (CT),8100,5831,1,71.98765432098766,Small,50.547321820159695,71.98765432098766,56.97942157040808,6044
20,354,Malkera (CT),8232,5904,1,71.7201166180758,Small,50.660667561452144,71.7201166180758,56.97850227843924,6045
9,179,Kathaura (CT),11605,7671,1,66.10081861266696,Small,53.06862564694469,66.10081861266696,56.978283536661365,6046
19,333,Sahajadpur (CT),23280,12736,1,54.70790378006873,Small,57.950263983500285,54.70790378006873,56.97755592247081,6047
27,517,Umbar Pada Nandade (CT),7605,5552,1,73.00460223537146,Small,50.10517127380189,73.00460223537146,56.97500056227276,6048
30,585,Parcem (CT),4627,3754,1,81.13248325048627,Small,46.62118063892362,81.13248325048627,56.974571422392415,6049
10,207,Jhanjharpur (NP),30590,15365,1,50.22883295194508,Small,59.86520595106744,50.22883295194508,56.97429405133073,6050
33,610,Jambai (TP),16522,9964,1,60.307468829439536,Small,55.54572465140607,60.307468829439536,56.97424790481611,6051
28,551,Muddanur (CT),9775,6734,1,68.89002557544757,Small,51.86530625519532,68.89002557544757,56.97272205127099,6052
21,381,Dadhapatna (CT),5005,3996,1,79.84015984015984,Small,47.17176331206939,79.84015984015984,56.97228227049652,6053
27,511,Balirampur (CT),11939,7833,1,65.6085099254544,Small,53.26758888078768,65.6085099254544,56.96986519418769,6054
29,582,Allipura (CT),9930,6814,1,68.62034239677745,Small,51.97562124010949,68.62034239677745,56.96903758710987,6055
22,409,Dhamdha (NP),9961,6830,1,68.56741291035037,Small,51.99747751455784,68.56741291035037,56.9684581332956,6056
9,193,Reoti (NP),26359,13874,1,52.634773701582006,Small,58.8213106070603,52.634773701582006,56.965349535416806,6057
21,384,Palalahada (CT),5749,4458,1,77.54392068185771,Small,48.14345971406118,77.54392068185771,56.96359800440014,6058
27,507,Fulchur (CT),5480,4291,1,78.3029197080292,Small,47.807465890181795,78.3029197080292,56.956102035536006,6059
27,508,Ashti (CT),5634,4386,1,77.84877529286474,Small,48.00178447662017,77.84877529286474,56.95588172149354,6060
24,491,Orvad (CT),5420,4252,1,78.45018450184502,Small,47.73027539440977,78.45018450184502,56.94624812664034,6061
21,388,Kodala (NAC),13965,8792,1,62.95739348370928,Small,54.36669901298066,62.95739348370928,56.94390735419924,6062
9,146,Kiraoali (NP),23788,12903,1,54.24163443753153,Small,58.10163779601945,54.24163443753153,56.94363678847307,6063
14,277,Nambol (MCI) (Minor part),5431,4258,1,78.40176763027067,Small,47.74449073938613,78.40176763027067,56.94167380665149,6064
33,633,Komaralingam (TP),13642,8638,1,63.31916141328251,Small,54.202607532555156,63.31916141328251,56.937573696773356,6065
19,337,Ichhapur Defence Estate (CT),5219,4125,1,79.03812990994443,Small,47.46531580183717,79.03812990994443,56.93716003426934,6066
23,423,Khaniyadhana (NP),15877,9656,1,60.81753479876551,Small,55.266487595458216,60.81753479876551,56.9318017564504,6067
27,509,Awalpur (CT),4882,3911,1,80.11061040557149,Small,46.99730586832117,80.11061040557149,56.931297229496266,6068
33,605,Tajpura (CT),8075,5804,1,71.87616099071208,Small,50.52564693816958,71.87616099071208,56.93080115393232,6069
5,60,Jiwangarh (CT),11870,7783,1,65.56866048862679,Small,53.22694576036099,65.56866048862679,56.92946017884073,6070
18,301,Golokganj (CT),8244,5897,1,71.5308102862688,Small,50.67088145193793,71.5308102862688,56.928860102237195,6071
33,620,Chakkarapalli (CT),6227,4740,1,76.12012204914083,Small,48.70346053273767,76.12012204914083,56.928458987658615,6072
22,403,Sariya (NP),6927,5152,1,74.3756315865454,Small,49.450423186599,74.3756315865454,56.927985706582916,6073
19,341,Udang (CT),6747,5047,1,74.80361642211352,Small,49.26581418847155,74.80361642211352,56.92715485856414,6074
3,37,Sansarpur (CT),4657,3766,1,80.86751127335194,Small,46.66649214097504,80.86751127335194,56.926797880688106,6075
9,183,Janki Nagar (CT),10195,6937,1,68.04315841098578,Small,52.1602954703535,68.04315841098578,56.92515435254318,6076
18,312,Charingia Gaon (CT),5094,4044,1,79.38751472320376,Small,47.2953441817797,79.38751472320376,56.92299534420692,6077
9,140,Rori (CT),12350,8014,1,64.89068825910931,Small,53.504918667631976,64.89068825910931,56.92064954507518,6078
23,457,Tirodi (CT),8451,6008,1,71.09217844042125,Small,50.84476901547542,71.09217844042125,56.91899184295916,6079
19,332,Kachu Pukur (CT),5752,4451,1,77.3817802503477,Small,48.1471175524835,77.3817802503477,56.91751636184276,6080
29,567,Haralapura (CT),4655,3763,1,80.83780880773362,Small,46.66348046571452,80.83780880773362,56.915778968320254,6081
19,335,Sehara (CT),7858,5679,1,72.2702977856961,Small,50.33464011263493,72.2702977856961,56.91533741455328,6082
19,333,Haridasmati (CT),6627,4974,1,75.05658669081032,Small,49.139985111642495,75.05658669081032,56.91496558539284,6083
20,357,Haludpukhur (CT),10485,7082,1,67.54411063423939,Small,52.356970082231626,67.54411063423939,56.91311224783395,6084
28,540,Kamalapuram (CT),11493,7588,1,66.02279648481685,Small,53.00062331299982,66.02279648481685,56.90727526454492,6085
19,333,Paschim Punropara (CT),40683,18442,1,45.3309736253472,Small,61.864726349968755,45.3309736253472,56.90460053258228,6086
18,316,Silchar Pt. X (CT),6313,4785,1,75.79597655631237,Small,48.7996334598015,75.79597655631237,56.89853638875475,6087
19,334,Parota (CT),5267,4148,1,78.75450920827795,Small,47.52950559313307,78.75450920827795,56.89700667767653,6088
33,605,Sembedu (CT),12548,8099,1,64.54415046222506,Small,53.61644806865032,64.54415046222506,56.89475878672275,6089
33,613,Marudur (TP),10925,7299,1,66.81006864988558,Small,52.64522117049199,66.81006864988558,56.89467541431006,6090
33,621,Kallangudy (CT),6396,4833,1,75.56285178236398,Small,48.891217314549415,75.56285178236398,56.89270765489378,6091
33,610,Bhavanisagar (TP),7710,5590,1,72.50324254215305,Small,50.20131850063976,72.50324254215305,56.891895713093746,6092
2,24,Dera Gopipur (NP),4816,3862,1,80.19102990033223,Small,46.901874032998144,80.19102990033223,56.88862079319837,6093
19,337,Bara (CT),5172,4087,1,79.0216550657386,Small,47.40188878817615,79.0216550657386,56.88781867144489,6094
19,336,Raghabpur (CT),10280,6968,1,67.78210116731518,Small,52.21851510323504,67.78210116731518,56.887590922459076,6095
6,87,Punahana (MC),24734,13212,1,53.416349963612845,Small,58.37510417844777,53.416349963612845,56.88747791399729,6096
18,324,No.2 Goreswar (CT),5631,4370,1,77.60610903924703,Small,47.99805002065031,77.60610903924703,56.88046772622933,6097
18,305,Morongial (CT),10318,6984,1,67.68753634425276,Small,52.244387177044814,67.68753634425276,56.877331927207194,6098
3,36,Dhilwan (NP),8157,5834,1,71.52139266887336,Small,50.59649147691029,71.52139266887336,56.8739618344992,6099
24,489,Waghai (CT),6715,5016,1,74.69843633655994,Small,49.23247990949036,74.69843633655994,56.87226683761123,6100
19,345,Ashadtalya (CT),5274,4148,1,78.64998103905954,Small,47.538817706832695,78.64998103905954,56.87216670650075,6101
22,401,Jarhi (NP),7228,5312,1,73.49197565024903,Small,49.74866950447122,73.49197565024903,56.87166134820457,6102
19,337,Dhanyakuria (CT),5148,4069,1,79.04040404040404,Small,47.36927790637595,79.04040404040404,56.87061574658437,6103
7,90,Lad Pur (CT),5529,4305,1,77.86218122626153,Small,47.869880542691774,77.86218122626153,56.8675707477627,6104
19,343,Bora Gagangohalia (CT),5274,4147,1,78.63102009859689,Small,47.538817706832695,78.63102009859689,56.86647842436196,6105
9,185,Harraiya (NP),9158,6374,1,69.60034942127102,Small,51.40812542885303,69.60034942127102,56.865792626578425,6106
33,604,Sirukalathur (CT),6117,4661,1,76.19748242602583,Small,48.57849441511025,76.19748242602583,56.86419081838492,6107
5,56,Barkot (NP),6720,5017,1,74.65773809523809,Small,49.2376988467978,74.65773809523809,56.863710621329886,6108
9,145,Saunkh (NP),9556,6583,1,68.88865634156551,Small,51.70642311538579,68.88865634156551,56.86109308323971,6109
20,362,Dudhani (CT),7117,5245,1,73.69678235211465,Small,49.64015571780294,73.69678235211465,56.85714370809646,6110
20,355,Telo (CT),14274,8894,1,62.30909345663444,Small,54.520164284842224,62.30909345663444,56.856843036379885,6111
19,328,Gairkata (CT),7577,5506,1,72.66728256565924,Small,50.079307809209304,72.66728256565924,56.85570023614427,6112
27,517,Chandrapada (CT),7750,5603,1,72.29677419354839,Small,50.23760204160752,72.29677419354839,56.855353687189776,6113
8,101,Beriyawali (CT),11831,7734,1,65.37063646352802,Small,53.20386893544258,65.37063646352802,56.85389919386821,6114
28,539,Chandur (CT),10880,7259,1,66.71875,Small,52.61627896789053,66.71875,56.84702027752337,6115
19,341,Jagatballavpur (CT),7113,5240,1,73.66793195557429,Small,49.636213792046355,73.66793195557429,56.845729241104735,6116
19,334,Ilambazar (CT),7125,5246,1,73.6280701754386,Small,49.64803292810758,73.6280701754386,56.842044102306886,6117
14,278,Lairikyengbam Leikai (CT),4586,3707,1,80.83296990841691,Small,46.55877759769517,80.83296990841691,56.84103529091169,6118
33,608,Vembadithalam (CT),7331,5363,1,73.15509480289182,Small,49.84788228911221,73.15509480289182,56.84004604324609,6119
9,144,Devinagar (CT),5982,4575,1,76.47943831494484,Small,48.42201943736369,76.47943831494484,56.839245100638024,6120
30,586,Xeldem (CT),7434,5421,1,72.92171105730428,Small,49.94571100784736,72.92171105730428,56.83851102268443,6121
27,505,Waddhamana (CT),6148,4674,1,76.02472348731295,Small,48.613938080326676,76.02472348731295,56.83717370242256,6122
24,486,Jawaharnagar (Gujarat Refinery) (CT),3417,2926,1,85.63067017851917,Small,44.49585141018112,85.63067017851917,56.836297040682524,6123
19,341,Batul (CT),4707,3784,1,80.39090715954961,Small,46.74136671236063,80.39090715954961,56.83622884651733,6124
28,537,Kothapet (CT),12740,8166,1,64.09733124018838,Small,53.72292980298381,64.09733124018838,56.83525023414518,6125
33,613,Uppidamangalam (TP),11292,7460,1,66.06447042153737,Small,52.876904842621705,66.06447042153737,56.833174516296395,6126
19,338,Kola (CT),7271,5327,1,73.26365011690277,Small,49.79025923904196,73.26365011690277,56.832276502400205,6127
24,491,Karvad (CT),5746,4431,1,77.11451444483119,Small,48.13979996670334,77.11451444483119,56.832214310141694,6128
10,231,Koilwar (NP),17725,10401,1,58.67983074753174,Small,56.03857016456056,58.67983074753174,56.83094833945191,6129
20,364,Ara (CT),6346,4790,1,75.48061771194453,Small,48.83618968021801,75.48061771194453,56.82951808973597,6130
24,472,Parabada (CT),6255,4736,1,75.7154276578737,Small,48.73491768266901,75.7154276578737,56.82907067523041,6131
9,191,Atrauliya (NP),9374,6477,1,69.09537017281843,Small,51.571588113954434,69.09537017281843,56.828722731613624,6132
23,449,Meharagaon (CT),5625,4356,1,77.44,Small,47.99057513729594,77.44,56.82540259610715,6133
29,558,Kamalnagar (CT),10252,6932,1,67.61607491221226,Small,52.19939020576572,67.61607491221226,56.82439561769968,6134
33,614,Balakrishnampatti (TP),8635,6081,1,70.42269832078749,Small,50.99579711102239,70.42269832078749,56.82386747395192,6135
23,461,Dumar Kachhar (CT),9480,6531,1,68.89240506329114,Small,51.650433311086154,68.89240506329114,56.82302483674765,6136
22,409,Daundi Lohara (NP),6045,4609,1,76.24483043837883,Small,48.49547579133132,76.24483043837883,56.82028218544558,6137
33,620,Melattur (TP),8131,5805,1,71.39343254212274,Small,50.57410596629397,71.39343254212274,56.8199039390426,6138
10,237,Bhadauni (CT),20739,11629,1,56.07309899223685,Small,57.13978422888364,56.07309899223685,56.8197786578896,6139
20,366,Ghagra (CT),8580,6050,1,70.51282051282051,Small,50.95099267035168,70.51282051282051,56.81954102309233,6140
13,271,Jalukie (TC),8706,6118,1,70.27337468412588,Small,51.05321548948937,70.27337468412588,56.819263247880315,6141
28,549,Mulaguntapadu (CT),7145,5252,1,73.50594821553534,Small,49.66768732924764,73.50594821553534,56.81916559513395,6142
2,33,Jhakhri (CT),4655,3748,1,80.515574650913,Small,46.66348046571452,80.515574650913,56.81910872127406,6143
33,633,Velayudampalayam (CT),9192,6377,1,69.37554395126196,Small,51.4341096908222,69.37554395126196,56.81653996895412,6144
10,230,Khusrupur (NP),15731,9528,1,60.5683046214481,Small,55.20170686794849,60.5683046214481,56.81168619399837,6145
27,498,Nijampur (CT),7696,5561,1,72.258316008316,Small,50.18857477954333,72.258316008316,56.809497148175126,6146
20,349,Dhanwar (CT),8777,6153,1,70.10368007291785,Small,51.110167553987985,70.10368007291785,56.80822130966695,6147
23,461,Amlai (CT) (Part),9677,6629,1,68.50263511418828,Small,51.79465250629429,68.50263511418828,56.80704728866249,6148
9,177,Bikapur (NP),14453,8952,1,61.93869784819761,Small,54.607552428581464,61.93869784819761,56.80689605446631,6149
18,302,Kharijapikon (CT),5550,4306,1,77.58558558558558,Small,47.89646055835244,77.58558558558558,56.80319806652238,6150
18,309,Kachujan Gaon (CT),3246,2803,1,86.35243376463339,Small,44.13593168527874,86.35243376463339,56.80088230908513,6151
9,173,Dahilamau (CT),6016,4587,1,76.2466755319149,Small,48.46175809620755,76.2466755319149,56.79723332691975,6152
22,404,Chhurikala (NP),8239,5857,1,71.0887243597524,Small,50.66662747198563,71.0887243597524,56.79325653831566,6153
9,192,Khairabad (CT),13016,8279,1,63.60633066994469,Small,53.87321906009872,63.60633066994469,56.79315254305251,6154
9,133,Jhinjhana (NP),18740,10802,1,57.64140875133405,Small,56.42904456297746,57.64140875133405,56.79275381948443,6155
19,341,Paschim Gazipur (CT),5409,4217,1,77.96265483453504,Small,47.716031175109315,77.96265483453504,56.79001827293703,6156
9,202,Sidhpura (NP),15740,9519,1,60.47649301143583,Small,55.20571755478147,60.47649301143583,56.78695019177778,6157
22,410,Kharora (NP),9236,6391,1,69.1966219142486,Small,51.467594092193245,69.1966219142486,56.78630243880984,6158
24,492,Vareli (CT),9033,6283,1,69.55607217978523,Small,51.31175874812395,69.55607217978523,56.785052777622326,6159
19,343,Danga (CT),6766,5026,1,74.283180608927,Small,49.28553170482668,74.283180608927,56.78482637605677,6160
9,139,Aminagar Sarai (NP),11174,7383,1,66.07302666905316,Small,52.80324412291494,66.07302666905316,56.78417888675641,6161
19,345,Dakshin Baguan (CT),5180,4074,1,78.64864864864865,Small,47.41272546908297,78.64864864864865,56.783502422952665,6162
19,338,Badhagachhi (CT),5052,3994,1,79.05779889152811,Small,47.237296392530666,79.05779889152811,56.783447142229896,6163
10,216,Yehiapur (CT),4919,3910,1,79.4877007521854,Small,47.05024284768818,79.4877007521854,56.78148021903735,6164
33,632,Periya Negamam (TP),7098,5216,1,73.48548887010425,Small,49.62141180441544,73.48548887010425,56.78063492412208,6165
21,389,Mohana (CT),5197,4084,1,78.58379834519916,Small,47.43569796433843,78.58379834519916,56.78012807859665,6166
21,386,Majhihara (CT),5598,4331,1,77.36691675598428,Small,47.95683921212156,77.36691675598428,56.77986247528037,6167
19,335,Gangpur (CT),6347,4780,1,75.31117063179454,Small,48.837294475137405,75.31117063179454,56.77945732213454,6168
3,53,Dirba (NP),16952,10041,1,59.231949032562525,Small,55.72589078401806,59.231949032562525,56.7777082585814,6169
22,409,Gunderdehi (NP),8614,6056,1,70.30415602507546,Small,50.97872372707869,70.30415602507546,56.77635341647772,6170
9,133,Khatauli Rural (CT),14949,9161,1,61.28169108301559,Small,54.844161195513955,61.28169108301559,56.775420161764444,6171
15,285,North Vanlaiphai (NT),3602,3046,1,84.56413103831206,Small,44.86549882067149,84.56413103831206,56.77508848596366,6172
19,340,Barabazar (CT),8056,5751,1,71.38778550148957,Small,50.50912910632276,71.38778550148957,56.772726024872796,6173
8,130,Kherwara Chhaoni (CT),7581,5487,1,72.37831420656904,Small,50.083008435013554,72.37831420656904,56.7716001664802,6174
3,41,Bhattian (CT),11066,7323,1,66.1756732333273,Small,52.73514089371477,66.1756732333273,56.76730059559853,6175
3,35,Dhaki (CT),4203,3447,1,82.01284796573876,Small,45.94734319315304,82.01284796573876,56.76699462492875,6176
7,90,Qutab Garh (CT),7639,5517,1,72.2214949600733,Small,50.136449210349376,72.2214949600733,56.76196293526655,6177
19,335,Uttar Goara (CT),7178,5257,1,73.23767066035107,Small,49.699997142674555,73.23767066035107,56.76129919797751,6178
24,490,Kaliawadi (CT),4591,3698,1,80.54890002178175,Small,46.56641752190255,80.54890002178175,56.76116227186631,6179
2,24,Palampur (M Cl),3543,3004,1,84.78690375388089,Small,44.74971377586648,84.78690375388089,56.7608707692708,6180
23,420,Alampur (NP),10686,7130,1,66.72281489799738,Small,52.49012005424968,66.72281489799738,56.759928507373985,6181
22,408,Chhuikhadan (NP),7093,5208,1,73.42450303115749,Small,49.61647085745112,73.42450303115749,56.75888050956303,6182
29,575,Kariyangala (CT),4698,3766,1,80.16177096636868,Small,46.72794815365241,80.16177096636868,56.758094997467296,6183
9,172,Hathgram (NP),11847,7704,1,65.02912129653076,Small,53.21334553923114,65.02912129653076,56.75807826642102,6184
27,507,Khamari (CT),6794,5036,1,74.12422725934648,Small,49.31448841911793,74.12422725934648,56.7574100711865,6185
23,441,Pansemal (NP),12166,7857,1,64.58162091073484,Small,53.399660620455094,64.58162091073484,56.75424870753902,6186
24,473,Bhat (CT),6823,5052,1,74.04367580243296,Small,49.34435378276112,74.04367580243296,56.754150388662666,6187
23,464,Meghnagar (CT),12929,8220,1,63.578002939129085,Small,53.82619197061267,63.578002939129085,56.751735261167596,6188
20,351,Mahagma (CT),10969,7268,1,66.25945847388094,Small,52.67340518471636,66.25945847388094,56.749221171465734,6189
3,43,Mallanwala Khass (NP),16183,9693,1,59.89618735710314,Small,55.40034992429895,59.89618735710314,56.749101154140206,6190
19,339,Raipur Bazar (CT),6280,4734,1,75.38216560509554,Small,48.76288567753022,75.38216560509554,56.748669655799816,6191
33,608,Veeraganur ((TP),11624,7591,1,65.30454232622162,Small,53.08009661751845,65.30454232622162,56.7474303301294,6192
23,451,Harduli (CT),7682,5537,1,72.07758396250976,Small,50.175807857901546,72.07758396250976,56.746340689284004,6193
10,226,Asarganj (CT),6327,4761,1,75.24893314366999,Small,48.81516543898883,75.24893314366999,56.745295750393176,6194
9,156,Safipur (NP),25688,13438,1,52.31236374961071,Small,58.640489733114784,52.31236374961071,56.74205193806356,6195
2,29,Daulatpur (NP),3763,3151,1,83.73638054743554,Small,45.17206111228269,83.73638054743554,56.741356942828546,6196
18,322,Barua Bari Gaon (CT),5444,4229,1,77.6818515797208,Small,47.76125362584029,77.6818515797208,56.73743301200444,6197
23,457,Hirapur (CT),6315,4752,1,75.24940617577197,Small,48.80185442125675,75.24940617577197,56.73611994761131,6198
19,341,Baluhati (CT),4363,3547,1,81.297272518909,Small,46.20928534327079,81.297272518909,56.735681495962254,6199
21,374,Kuanrmunda (CT),9043,6273,1,69.36857237642376,Small,51.31951700285522,69.36857237642376,56.73423361492577,6200
27,516,Maldhe (CT),11881,7711,1,64.90194428078443,Small,53.233440901910626,64.90194428078443,56.73399191557276,6201
18,316,Katirail T.E. (CT),6182,4673,1,75.59042381106438,Small,48.652606896280574,75.59042381106438,56.73395197071571,6202
22,405,Naya Baradwar (NP),8793,6139,1,69.8168998066644,Small,51.12293821217031,69.8168998066644,56.731126690518536,6203
10,204,Mehsi (NP),25995,13538,1,52.07924600884786,Small,58.723799004305555,52.07924600884786,56.73043310566824,6204
1,12,Tral (MC),17844,10391,1,58.232459089890156,Small,56.08549112353727,58.232459089890156,56.72958151344313,6205
9,189,Khadda (NP),16117,9653,1,59.89328038716882,Small,55.371693005057146,59.89328038716882,56.72816921969065,6206
33,616,Varadarajanpettai (TP),8259,5850,1,70.83181983290955,Small,50.68362793058145,70.83181983290955,56.72808550127988,6207
14,276,Wangjing (NP),8055,5738,1,71.23525760397268,Small,50.508258668074724,71.23525760397268,56.7263583488441,6208
20,359,Barwadih  (CT),7888,5646,1,71.57707910750507,Small,50.36135853104792,71.57707910750507,56.72607470398506,6209
20,364,Tundiul (CT),11190,7366,1,65.82663092046471,Small,52.81327747630148,65.82663092046471,56.71728350955044,6210
18,323,Niz-Bahjani (CT),5183,4064,1,78.41018715029907,Small,47.416784911011874,78.41018715029907,56.71480558279803,6211
27,506,Shahapur (CT),4459,3606,1,80.87015025790537,Small,46.361879267491254,80.87015025790537,56.71436056461549,6212
7,98,Jona Pur (CT),10635,7088,1,66.64786083685942,Small,52.45657433792984,66.64786083685942,56.71396028760871,6213
23,424,Palera (NP),17493,10234,1,58.50340136054422,Small,55.946181372801554,58.50340136054422,56.71334736912435,6214
14,278,Kshetrigao (CT),10534,7036,1,66.79324093411809,Small,52.38966331504138,66.79324093411809,56.71073660076439,6215
9,145,Rajpur Bangar (CT),8683,6074,1,69.95278129678682,Small,51.034666600296944,69.95278129678682,56.7101010092439,6216
5,66,Lalkuan (NP),7644,5506,1,72.03035060177918,Small,50.14103716323554,72.03035060177918,56.70783119479863,6217
8,104,Tapookra (CT),9471,6488,1,68.50385386970753,Small,51.64377323865741,68.50385386970753,56.701797427972444,6218
9,137,Bachhraon (NPP),31101,15254,1,49.046654448410024,Small,59.981380050741706,49.046654448410024,56.70096237004219,6219
3,54,Bhadaur (M Cl),18561,10671,1,57.49151446581542,Small,56.3617427169297,57.49151446581542,56.70067424159541,6220
19,343,Asuti (CT),6272,4719,1,75.2391581632653,Small,48.75394804912738,75.2391581632653,56.69951108336875,6221
2,31,Sabathu (CB),3685,3093,1,83.9348710990502,Small,45.02521293103697,83.9348710990502,56.698110381440934,6222
19,345,Erashal (CT),5332,4153,1,77.88822205551388,Small,47.61550319435396,77.88822205551388,56.69731885270194,6223
28,534,Dharmaram (P.B) (CT),11537,7529,1,65.25959954927623,Small,53.02741721259762,65.25959954927623,56.69707191360121,6224
29,578,Hanur (TP),11066,7297,1,65.94071932044099,Small,52.73514089371477,65.94071932044099,56.696814421732626,6225
23,425,Buxwaha (NP),10216,6870,1,67.24745497259201,Small,52.17472416309007,67.24745497259201,56.696543405940645,6226
19,337,Bilkanda (CT),6081,4605,1,75.72767636901825,Small,48.5371079529375,75.72767636901825,56.69427847776172,6227
20,369,Sini (CT),6382,4782,1,74.92948918834222,Small,48.87585305170419,74.92948918834222,56.69194389269559,6228
27,517,Kambe (CT),12078,7789,2,64.48915383341613,Small,53.34875580691225,64.48915383341613,56.69087521486341,6229
19,338,Manirampur (CT),7428,5381,1,72.44211093161013,Small,49.94004952820483,72.44211093161013,56.690667949226416,6230
3,36,Begowal (NP),10116,6816,1,67.37841043890866,Small,52.105748631741875,67.37841043890866,56.687547173891915,6231
19,341,Sahapur (CT),9022,6247,1,69.24185324761693,Small,51.303214742736344,69.24185324761693,56.68480629420051,6232
9,191,Jiyanpur (NP),11816,7660,1,64.82735274204468,Small,53.194972973655496,64.82735274204468,56.684686904172246,6233
23,429,Jaitwara (NP),9685,6592,1,68.06401652039236,Small,51.80044691747819,68.06401652039236,56.679517798352435,6234
2,26,Bhuntar (NP),4475,3611,1,80.6927374301676,Small,46.3869918663468,80.6927374301676,56.67871553549304,6235
33,624,Pannaipuram (TP),9323,6403,1,68.67960956773571,Small,51.533334960376166,68.67960956773571,56.67721734258403,6236
33,609,Nallipalayam (CT),5078,3992,1,78.61362741236707,Small,47.2732873576631,78.61362741236707,56.675389374074285,6237
19,327,Kalkut (CT),9184,6329,1,68.9133275261324,Small,51.42800440303961,68.9133275261324,56.67360133996744,6238
18,316,Niz Katigorah Pt III (CT),5687,4365,1,76.75400035167927,Small,48.067434049776296,76.75400035167927,56.673403940347185,6239
19,341,Bankul (CT),6779,5008,1,73.87520283227614,Small,49.29899076477446,73.87520283227614,56.67185438502496,6240
33,624,Boothipuram (TP),11022,7266,1,65.92270005443658,Small,52.70720439933133,65.92270005443658,56.6718530958629,6241
1,1,Tangdhar (CT),9904,6702,1,67.66962843295639,Small,51.95723750008501,67.66962843295639,56.67095477994641,6242
19,341,Jaynagar (CT),6977,5120,1,73.3839759208829,Small,49.50085261243581,73.3839759208829,56.66578960496993,6243
33,628,Sumaitheerthapuram (CT),6879,5064,1,73.61535106846927,Small,49.401667353567895,73.61535106846927,56.6657724680383,6244
8,112,Gothan (CT),17700,10291,1,58.14124293785311,Small,56.02867278840623,58.14124293785311,56.66244383324029,6245
9,159,Shamsabad (NP),28454,14333,1,50.37253110283264,Small,59.357614040692184,50.37253110283264,56.66208915933432,6246
22,402,Bagicha (NP),10427,6965,1,66.79773664524792,Small,52.31807395375836,66.79773664524792,56.66197276120522,6247
33,610,Salangapalayam (TP),15609,9396,1,60.19604074572362,Small,55.147112267672696,60.19604074572362,56.66179081108797,6248
28,544,Kantabamsuguda (CT),6714,4968,1,73.9946380697051,Small,49.23143565578634,73.9946380697051,56.660396379961966,6249
29,575,Kenjar (CT),5338,4150,1,77.74447358561258,Small,47.62338852397377,77.74447358561258,56.65971404246541,6250
8,99,Gajsinghpur (M),9995,6743,1,67.46373186593296,Small,52.021370845121275,67.46373186593296,56.654079151364776,6251
9,157,Kakori (NP),19403,10983,1,56.604648765654794,Small,56.67284474255051,56.604648765654794,56.65238594948179,6252
19,343,Nischintapur (CT),6353,4756,1,74.8622697937982,Small,48.84391959205562,74.8622697937982,56.64942465257839,6253
22,410,Siltara (CT),10721,7108,1,66.29978546777353,Small,52.513049123279984,66.29978546777353,56.64907002662804,6254
19,335,Nabaghanapur (CT),5383,4175,1,77.55898198030839,Small,47.68224755795621,77.55898198030839,56.64526788466186,6255
23,451,Madai (CT),6743,4981,1,73.8691976864897,Small,49.261656058651326,73.8691976864897,56.643918547002826,6256
27,520,Kurul (CT),4869,3856,1,79.19490655165332,Small,46.978611114181334,79.19490655165332,56.64349974542293,6257
27,520,Nadgaon Tarf Birwadi (CT),4871,3857,1,79.18291931841512,Small,46.98149047605154,79.18291931841512,56.64191912876061,6258
19,336,Bablari Dewanganj (CT),6806,5016,1,73.6996767558037,Small,49.32686193046456,73.6996767558037,56.638706378066296,6259
33,611,Naduvattam (TP),8505,5957,1,70.04115226337449,Small,50.88943068663079,70.04115226337449,56.63494715965389,6260
33,628,Thiruvenkadam (TP),8337,5866,1,70.36104114189756,Small,50.74953870465775,70.36104114189756,56.632989435829685,6261
19,343,Solgohalia (CT),9373,6414,1,68.4305985276859,Small,51.57084005424534,68.4305985276859,56.628767596277505,6262
17,298,Nongkseh (CT),4846,3839,1,79.21997523730913,Small,46.94541319853748,79.21997523730913,56.62778181016897,6263
27,509,Nakoda (CT),5634,4324,1,76.7483138090167,Small,48.00178447662017,76.7483138090167,56.62574327633912,6264
9,138,Bahsuma (NP),11753,7606,1,64.71539181485578,Small,53.157486209969164,64.71539181485578,56.62485789143514,6265
19,334,Labhpur (CT),5419,4193,1,77.37589961247463,Small,47.72898166029737,77.37589961247463,56.623057045950546,6266
1,22,Birpur (CT),7177,5223,1,72.77413961265152,Small,49.69902024140719,72.77413961265152,56.62155605278049,6267
9,187,Ghughuli (NP),11271,7370,1,65.3890515482211,Small,52.86385219976959,65.3890515482211,56.62141200430504,6268
29,578,Yelandur (TP),8779,6098,1,69.46121426130539,Small,51.111765158673414,69.46121426130539,56.616599889463004,6269
33,610,Nasiyanur (TP),10970,7220,1,65.8158614402917,Small,52.67404441590373,65.8158614402917,56.616589523220114,6270
10,204,Dhaka (NP),42063,18432,1,43.81998430925041,Small,62.098651125379675,43.81998430925041,56.615051080540894,6271
33,605,Odugathur (TP),8998,6213,1,69.04867748388531,Small,51.2845370646579,69.04867748388531,56.613779190426115,6272
5,61,Jonk (CT),4669,3725,1,79.7815378025273,Small,46.68453508163943,79.7815378025273,56.61363589790578,6273
27,506,Bela (CT),5914,4489,1,75.90463307406155,Small,48.341860112727716,75.90463307406155,56.61069200112786,6274
19,341,Khalia (CT),6265,4696,1,74.9561053471668,Small,48.74611826920012,74.9561053471668,56.609114392590115,6275
19,335,Panuhat (CT),6473,4817,1,74.41680828054997,Small,48.97512427495468,74.41680828054997,56.607629476633264,6276
19,343,Nadabhanga (CT),5927,4496,1,75.85625105449637,Small,48.35725569681762,75.85625105449637,56.60695430412124,6277
28,553,Yenumalapalle (CT),10482,6973,1,66.52356420530433,Small,52.35496349561781,66.52356420530433,56.605543708523754,6278
27,511,Dhanegaon (CT),9809,6631,1,67.60118258741971,Small,51.889653396473534,67.60118258741971,56.60311215375739,6279
33,632,Pooluvapatti (TP),12853,8120,1,63.17591223838792,Small,53.78485116550422,63.17591223838792,56.60216948736933,6280
9,165,Rampura (NP),12944,8162,1,63.05624227441285,Small,53.83432262165256,63.05624227441285,56.600898517480644,6281
33,628,Nanguneri (TP),6640,4912,1,73.97590361445782,Small,49.15372615373174,73.97590361445782,56.60037939194956,6282
24,491,Salvav (CT),5486,4229,1,77.08713087860008,Small,47.81513841363461,77.08713087860008,56.59673615312425,6283
8,127,Udpura (CT),10051,6752,1,67.17739528405133,Small,52.060547962301484,67.17739528405133,56.59560215882644,6284
33,621,Annavasal (TP),8906,6157,1,69.13316865034808,Small,51.21247487712623,69.13316865034808,56.58868300909278,6285
9,156,Maurawan (NP),15484,9300,1,60.06199948333764,Small,55.09073082763819,60.06199948333764,56.58211142434802,6286
33,632,Neelambur (CT),8382,5875,1,70.09067048437127,Small,50.787284248584584,70.09067048437127,56.57830011932059,6287
23,443,Shamshabad (NP),11329,7382,1,65.16020831494394,Small,52.899843409884575,65.16020831494394,56.57795288140238,6288
19,333,Banjetia (CT),10400,6922,1,66.5576923076923,Small,52.29989328056877,66.5576923076923,56.57723298870582,6289
9,181,Bhinga (NP),23780,12607,1,53.01513877207738,Small,58.09927910413719,53.01513877207738,56.57403700451924,6290
23,463,Naudhia (CT),6529,4842,1,74.16143360392097,Small,49.035523048999664,74.16143360392097,56.57329621547605,6291
27,516,Surgana (CT),6263,4687,1,74.83634041194316,Small,48.743879582593294,74.83634041194316,56.57161783139824,6292
19,341,Dafarpur (CT),5461,4208,1,77.05548434352683,Small,47.78311403732944,77.05548434352683,56.56482512918865,6293
19,335,Dakshin Khanda (CT),8449,5907,1,69.9135992425139,Small,50.84310940459644,69.9135992425139,56.56425635597168,6294
24,476,Shapur (CT),9249,6329,1,68.42901935344362,Small,51.47745669073265,68.42901935344362,56.56292548954593,6295
23,454,Khairi (CT),6438,4787,1,74.35538987263125,Small,48.937109158122375,74.35538987263125,56.562593372475035,6296
24,469,Chhapi (CT),8379,5869,1,70.04415801408283,Small,50.78477418983215,70.04415801408283,56.56258933710734,6297
9,163,Sikandra (NP),13580,8439,1,62.142857142857146,Small,54.17066606419358,62.142857142857146,56.562323387792645,6298
32,588,Hosabettu (CT),5179,4035,1,77.91079358949604,Small,47.41137179940667,77.91079358949604,56.56119833643348,6299
19,338,Kharsarai (CT),6247,4675,1,74.83592124219626,Small,48.72594431517932,74.83592124219626,56.5589373932844,6300
3,41,Maloud (NP),7567,5425,1,71.69287696577243,Small,50.07004769200961,71.69287696577243,56.556896474138455,6301
19,336,Ranaghat (CT),3982,3273,1,82.19487694625816,Small,45.56865010711077,82.19487694625816,56.556518158854985,6302
18,316,Ambicapur Pt VIII (CT),11691,7549,1,64.57103755025233,Small,53.12039779155209,64.57103755025233,56.55558971916216,6303
33,602,Alamathi (CT),7424,5344,1,71.98275862068965,Small,49.936272667611945,71.98275862068965,56.55021845353525,6304
29,564,Kawalettu (CT),6265,4683,1,74.74860335195531,Small,48.74611826920012,74.74860335195531,56.54686379402668,6305
13,270,Tseminyu (TC),6315,4712,1,74.6159936658749,Small,48.80185442125675,74.6159936658749,56.54609619464219,6306
19,332,Chhota Suzapur (CT),11216,7314,1,65.21041369472182,Small,52.829551120622085,65.21041369472182,56.543809892852,6307
20,361,Lapanga (CT),8017,5668,1,70.6997630036173,Small,50.4751016997505,70.6997630036173,56.54250009091054,6308
11,244,Singtam (NP),5868,4448,1,75.80095432856169,Small,48.28711042121305,75.80095432856169,56.54126359341764,6309
24,472,Malpur (CT),6378,4747,1,74.4277202884917,Small,48.87145707241194,74.4277202884917,56.538336037235865,6310
33,610,Ottapparai (CT),9493,6447,1,67.91319919941009,Small,51.660042262742124,67.91319919941009,56.535989343742514,6311
19,341,Gondalpara (CT),4474,3589,1,80.21904336164506,Small,46.38542496080204,80.21904336164506,56.53551048105494,6312
19,336,Bamanpukur (CT),9137,6262,1,68.53452993323849,Small,51.39202809430344,68.53452993323849,56.534778645983955,6313
19,334,Bishnupur (CT),8118,5719,1,70.44838630204484,Small,50.56288635715993,70.44838630204484,56.5285363406254,6314
24,476,Mahendranagar (CT),12565,7953,1,63.29486669319538,Small,53.62594165222389,63.29486669319538,56.52661916451533,6315
33,623,Narasingam (CT),5971,4506,1,75.464746273656,Small,48.40911444951443,75.464746273656,56.5258039967569,6316
9,165,Kadaura (NP),14903,9015,1,60.491176273233584,Small,54.82255043654292,60.491176273233584,56.52313818755012,6317
23,450,Vijayraghavgarh (NP),8371,5853,1,69.919961772787,Small,50.77807630418798,69.919961772787,56.52064194476768,6318
10,235,Hanspura (CT),7940,5620,1,70.7808564231738,Small,50.40743066875203,70.7808564231738,56.51945839507856,6319
9,150,Kandharpur (CT),11191,7292,1,65.15950317219193,Small,52.81390408450779,65.15950317219193,56.51758381081303,6320
9,200,Villimar Kundi (CT),21082,11548,1,54.77658666160706,Small,57.25481209096148,54.77658666160706,56.51134446215515,6321
28,538,Atmakur (CT),12297,7820,1,63.59274619825974,Small,53.474761426623154,63.59274619825974,56.51015685811413,6322
10,205,Sheohar (NP),28116,14075,1,50.06046379285816,Small,59.27381583721869,50.06046379285816,56.50981022391053,6323
19,340,Hijuli (CT),7917,5604,1,70.78438802576733,Small,50.38708993036772,70.78438802576733,56.5062793589876,6324
22,406,Koni (CT),7065,5132,1,72.63977353149328,Small,49.58873703590565,72.63977353149328,56.50404798458193,6325
8,112,Goredi Chancha (CT),10655,7023,1,65.91271703425622,Small,52.469748652787665,65.91271703425622,56.502639167228224,6326
28,540,Enumamula (CT),13183,8229,1,62.42130015929607,Small,53.96261521882487,62.42130015929607,56.500220700966224,6327
22,413,Antagarh (NP),6777,4968,1,73.30677290836654,Small,49.29692182074519,73.30677290836654,56.49987714703159,6328
3,35,Sarna (CT),5847,4427,1,75.71404138874637,Small,48.26197317479374,75.71404138874637,56.497593638979524,6329
23,455,Pal Chaurai (CT),7061,5128,1,72.62427418212718,Small,49.58476609257399,72.62427418212718,56.49661851943995,6330
8,129,Manoharthana (CT),11292,7333,1,64.93978037548706,Small,52.876904842621705,64.93978037548706,56.495767502481314,6331
33,609,Venkarai (TP),9330,6350,1,68.06002143622723,Small,51.53859776417764,68.06002143622723,56.49502486579251,6332
23,438,Sardarpur (NP),7293,5256,1,72.06910736322502,Small,49.81144270787538,72.06910736322502,56.48874210448027,6333
13,262,Tsudikong (13th Mile Tuli Paper Mill ) (CT),4416,3545,1,80.27626811594203,Small,46.293940133730594,80.27626811594203,56.48863852839402,6334
19,338,Baksa (CT),6432,4767,1,74.11380597014924,Small,48.93057153887667,74.11380597014924,56.48554186825844,6335
20,355,Tenu  (CT),4533,3619,1,79.8367527024046,Small,46.47727852362794,79.8367527024046,56.48512077726093,6336
9,146,Pinahat (NP),18709,10595,1,56.630498690469835,Small,56.41743508352556,56.630498690469835,56.481354165608835,6337
9,132,Chilkana Sultanpur (NP),19501,10909,1,55.940720988667245,Small,56.70817320888701,55.940720988667245,56.47793754282108,6338
23,460,Khand(Bansagar) (NP),10653,7013,1,65.83122125222943,Small,52.468432334485094,65.83122125222943,56.47726900980839,6339
18,309,Forest Vill. Lakhipathar (CT),6129,4589,1,74.87355196606298,Small,48.5922358024,74.87355196606298,56.47663065149889,6340
9,161,Ekdil (NP),11310,7333,1,64.83642793987622,Small,52.888073518071664,64.83642793987622,56.47257984461302,6341
9,152,Khutar (NP),17423,10064,1,57.762727429260174,Small,55.91806471897599,57.762727429260174,56.471463532061236,6342
33,608,Panaimarathupatti (TP),9368,6361,1,67.90136635354398,Small,51.56709855827207,67.90136635354398,56.467378896853646,6343
23,455,Iklehra (CT),7975,5625,1,70.53291536050156,Small,50.43827120357173,70.53291536050156,56.466664450650676,6344
3,48,Bhadson (NP),7260,5232,1,72.06611570247934,Small,49.779643460079505,72.06611570247934,56.46558513279945,6345
19,341,Gangadharpur (CT),7533,5383,1,71.45891411124387,Small,50.03847151430133,71.45891411124387,56.464604293384085,6346
33,608,Neykkarappatti (CT),12090,7703,1,63.71381306865178,Small,53.35571916940711,63.71381306865178,56.46314733918051,6347
14,278,Heingang (CT),6115,4577,1,74.84873262469338,Small,48.576201563778284,74.84873262469338,56.45796088205281,6348
18,325,Gerimari Chapori (CT),11004,7178,1,65.23082515448928,Small,52.69574367921608,65.23082515448928,56.45626812179803,6349
24,481,Dhola (CT),7560,5395,1,71.36243386243386,Small,50.06355832673004,71.36243386243386,56.453220987441185,6350
27,520,Matheran (M Cl),4393,3525,1,80.2412929660824,Small,46.25732859399905,80.2412929660824,56.45251790562405,6351
9,171,Karwi Mafi (CT),9024,6178,1,68.46187943262412,Small,51.30476897273747,68.46187943262412,56.45190211070346,6352
33,624,Ganguvarpatti (TP),11942,7628,1,63.8753977558198,Small,53.26935064081108,63.8753977558198,56.45116477531369,6353
33,610,Kanjikoil (TP),11294,7317,1,64.78661236054542,Small,52.87814668532661,64.78661236054542,56.450686387892254,6354
19,343,Sahebpur (CT),7109,5144,1,72.35898157265439,Small,49.632269649233535,72.35898157265439,56.450283226259785,6355
22,412,Bhakhara (NP),7547,5387,1,71.3793560355108,Small,50.05149069325737,71.3793560355108,56.4498502959334,6356
2,31,Arki (NP),3040,2622,1,86.25,Small,43.676284606641026,86.25,56.44839922464872,6357
19,338,Jagatnagar (CT),5242,4054,1,77.33689431514689,Small,47.49614673593515,77.33689431514689,56.448371009698675,6358
29,577,Elwala (CT),9826,6589,1,67.05678811316915,Small,51.90179534150589,67.05678811316915,56.44829317300486,6359
19,338,Alikhoja (CT),4613,3664,1,79.4277043138955,Small,46.59993465852878,79.4277043138955,56.448265555138796,6360
18,321,Jalah (CT),6468,4778,1,73.87136672850959,Small,48.969706144625405,73.87136672850959,56.44020431979065,6361
28,534,Jallaram (CT),9329,6330,1,67.85293171829778,Small,51.537846176830435,67.85293171829778,56.43237183927064,6362
6,89,Hathin (MC),14421,8756,1,60.71700991609459,Small,54.59200969167707,60.71700991609459,56.42950975900232,6363
27,515,Pandharpur (CT),10346,6843,1,66.1415039628842,Small,52.263389917852685,66.1415039628842,56.42682413136214,6364
19,327,Jitu (CT),5892,4438,1,75.3224711473184,Small,48.31572880095326,75.3224711473184,56.41775150486279,6365
28,537,Narsingi (CT),9449,6387,1,67.59445443962323,Small,51.62746638359796,67.59445443962323,56.41756280040554,6366
19,344,Dwari Geria (CT),7754,5492,1,70.82795976270312,Small,50.241220091854856,70.82795976270312,56.41724199310933,6367
33,605,Valathur (CT),5529,4222,1,76.3610056068005,Small,47.869880542691774,76.3610056068005,56.41721806192439,6368
19,343,Kalikapur (CT),5860,4419,1,75.40955631399318,Small,48.277544948989856,75.40955631399318,56.41714835849085,6369
9,160,Saurikh (NP),12498,7875,1,63.01008161305809,Small,53.58845104273685,63.01008161305809,56.41494021383322,6370
23,440,Gogaon (CT),11054,7187,1,65.01718834810927,Small,52.727532880235884,65.01718834810927,56.41442952059789,6371
9,140,Patala (NP),9500,6412,1,67.49473684210527,Small,51.66521086525611,67.49473684210527,56.41406865831085,6372
33,628,Kuthankuzhi (CT),5118,3972,1,77.60844079718639,Small,47.32829988325194,77.60844079718639,56.41234215743226,6373
24,491,Daheli (CT),10475,6901,1,65.88066825775655,Small,52.35027922614125,65.88066825775655,56.40939593562584,6374
8,110,Kanota (CT),11250,7280,1,64.71111111111111,Small,52.850775216851,64.71111111111111,56.40887598512903,6375
21,381,Ramgarh (CT),4545,3615,1,79.53795379537954,Small,46.49581426764319,79.53795379537954,56.40845612596409,6376
22,410,Bhatgaon (NP),10371,6849,1,66.03991900491756,Small,52.2803132470184,66.03991900491756,56.408194974388145,6377
6,71,Buria (CT),10903,7111,1,65.22058149133267,Small,52.63108657237656,65.22058149133267,56.40793504806339,6378
28,538,Kothur (CT),10519,6922,1,65.80473429033178,Small,52.37967136027136,65.80473429033178,56.40719023928948,6379
30,585,Goa Velha (CT),4322,3473,1,80.35631652012957,Small,46.143089360743744,80.35631652012957,56.40705750855949,6380
8,118,Takhatgarh (M),16729,9738,1,58.21029350230139,Small,55.63303374822998,58.21029350230139,56.4062116744514,6381
14,278,Chingangbam Leikai (CT),4904,3839,1,78.28303425774877,Small,47.028830050177056,78.28303425774877,56.40509131244857,6382
22,404,Pali (NP),5514,4210,1,76.35110627493653,Small,47.85083294636483,76.35110627493653,56.40091494493634,6383
8,128,Atru (CT),11141,7224,1,64.84157616012925,Small,52.78250488395202,64.84157616012925,56.400226266805184,6384
18,323,Marowa (CT),4004,3266,1,81.56843156843156,Small,45.60727791789757,81.56843156843156,56.39562401305776,6385
10,219,Sanrha (CT),11362,7328,1,64.49568737898257,Small,52.92023902019829,64.49568737898257,56.392873527833565,6386
19,336,Darappur (CT),8275,5766,1,69.6797583081571,Small,50.69719868612053,69.6797583081571,56.3919665727315,6387
19,336,Nrisinghapur (CT),11336,7315,1,64.5289343683839,Small,52.90417471104616,64.5289343683839,56.39160260824748,6388
19,338,Jirat (CT),7430,5308,1,71.44010767160161,Small,49.94193719597837,71.44010767160161,56.39138833866534,6389
23,430,Govindgarh (NP),10547,6929,1,65.69640656110742,Small,52.39831150800502,65.69640656110742,56.38774002393574,6390
33,602,Kodivalasa (CT),9024,6158,1,68.24024822695036,Small,51.30476897273747,68.24024822695036,56.38541274900133,6391
33,605,Sevur (CT),11356,7322,1,64.47692849594928,Small,52.916535136800746,64.47692849594928,56.38465314454531,6392
19,343,Mallikpur (CT),19120,10698,1,55.95188284518828,Small,56.56981420331704,55.95188284518828,56.384434795878406,6393
20,361,Seota (CT),6554,4815,1,73.46658529142508,Small,49.06231974089588,73.46658529142508,56.38359940605464,6394
9,191,Hafizpur (CT),8195,5720,1,69.79865771812081,Small,50.629080756299786,69.79865771812081,56.379953844846085,6395
9,150,Richha (NP),20977,11415,1,54.41674214616008,Small,57.21979944114811,54.41674214616008,56.3788822526517,6396
19,337,Anarbaria (CT),5895,4432,1,75.18235793044953,Small,48.31929790056529,75.18235793044953,56.37821590953055,6397
9,150,Iffco Census Village (CT),4014,3270,1,81.46487294469357,Small,45.62476592131549,81.46487294469357,56.376798028328906,6398
9,173,Pratapgarh City (NP),15071,9014,1,59.81023157056599,Small,54.90115622377697,59.81023157056599,56.37387882781367,6399
23,461,Jaithari (NP),8396,5825,1,69.37827536922345,Small,50.798985991503464,69.37827536922345,56.372772804819455,6400
33,610,Appakudal (TP),10610,6954,1,65.54194156456174,Small,52.44007156348489,65.54194156456174,56.370632563807945,6401
33,625,Padandal (CT),8429,5841,1,69.29647645034999,Small,50.82649165810857,69.29647645034999,56.36748709578099,6402
8,120,Uniara (M),12551,7879,1,62.77587443231615,Small,53.618124341094386,62.77587443231615,56.365449368460915,6403
33,607,Arakandanallur (TP),5713,4322,1,75.6520217048836,Small,48.09941618364238,75.6520217048836,56.365197840014744,6404
9,146,Kalwari (CT),13269,8208,1,61.858467103775716,Small,54.00821082613807,61.858467103775716,56.36328770942936,6405
3,39,Rail (CT),7589,5388,1,70.99749637633417,Small,50.090403833259025,70.99749637633417,56.36253159618157,6406
9,169,Kharela (NP),13745,8420,1,61.25863950527465,Small,54.25535206765417,61.25863950527465,56.356338298940315,6407
2,24,Indora (CT),4534,3600,1,79.40008822232024,Small,46.4788250416045,79.40008822232024,56.35520399581922,6408
8,99,8 LLG (LALGARH) (CT),11361,7313,1,64.36933368541501,Small,52.91962184213529,64.36933368541501,56.354535395119214,6409
33,610,Kuruppanaickenpalayam (CT),7484,5328,1,71.1918760021379,Small,49.992713098924455,71.1918760021379,56.35246196988848,6410
33,631,Nagojanahalli (TP),9953,6621,1,66.52265648548178,Small,51.99184370366127,66.52265648548178,56.35108753820741,6411
20,360,Charhi (CT),6842,4971,1,72.65419467991815,Small,49.363852006925626,72.65419467991815,56.35095480882338,6412
28,532,Teegalpahad (CT),12656,7920,1,62.579013906447535,Small,53.67654286309038,62.579013906447535,56.34728417609753,6413
9,174,Manjhanpur (NP),16457,9590,1,58.273075287111865,Small,55.51808296904161,58.273075287111865,56.34458066446268,6414
19,335,Nasaratpur (CT),17044,9834,1,57.69772353907533,Small,55.76384411436278,57.69772353907533,56.34400794177654,6415
20,362,Basukinath (NP),17123,9866,1,57.618407989254216,Small,55.79627135310646,57.618407989254216,56.342912343950786,6416
19,333,Goaljan (CT),4850,3795,1,78.24742268041237,Small,46.95119804995757,78.24742268041237,56.340065439094005,6417
19,343,Chanddandaha (CT),5656,4283,1,75.72489391796321,Small,48.02910988955043,75.72489391796321,56.33784509807427,6418
3,37,Apra (CT),6258,4635,1,74.06519654841802,Small,48.73827973742122,74.06519654841802,56.33635478072026,6419
23,439,Bhicholi Hapsi (CT),8774,6013,1,68.53202644175974,Small,51.10777046432653,68.53202644175974,56.33504725755648,6420
33,602,Perambakkam (CT),6462,4751,1,73.52212937171154,Small,48.96319885767254,73.52212937171154,56.33087801188424,6421
28,540,Kadipikonda (CT),8685,5965,1,68.68163500287852,Small,51.03628149627101,68.68163500287852,56.32988754825326,6422
9,183,Gird Gonda (CT),14391,8694,1,60.41275797373359,Small,54.57740702296681,60.41275797373359,56.32801230819684,6423
28,539,Bibinagar (CT),8320,5769,1,69.3389423076923,Small,50.735226237054675,69.3389423076923,56.31634105824595,6424
18,302,Salpara Molandubi Pt.-I (CT),11709,7463,1,63.73729609701939,Small,53.13118561892982,63.73729609701939,56.31301876235669,6425
33,633,Kaniyur (TP),6180,4585,1,74.19093851132686,Small,48.65033815289736,74.19093851132686,56.31251826042621,6426
9,197,Baragaon (CT),11383,7307,1,64.1922164631468,Small,52.93318722807637,64.1922164631468,56.3108959985975,6427
8,117,Bhavri (CT),15312,9085,1,59.33254963427377,Small,55.01240142397202,59.33254963427377,56.30844588706255,6428
20,368,Jagannathpur (CT),7310,5221,1,71.42270861833106,Small,49.82776803637357,71.42270861833106,56.30625021096081,6429
9,198,Ghosia Bazar (NP),20760,11281,1,54.34007707129095,Small,57.14688123440313,54.34007707129095,56.30483998546947,6430
27,516,Pimpalgaon Najik (CT),5741,4327,1,75.37014457411601,Small,48.13369614027888,75.37014457411601,56.304630670430015,6431
9,133,Bhokarhedi (NP),17829,10131,1,56.82315328958438,Small,56.07959398031406,56.82315328958438,56.30266177309515,6432
17,298,Mawpat (CT),6184,4585,1,74.14294954721863,Small,48.65487490591753,74.14294954721863,56.30129729830786,6433
18,303,Bohari (CT),8264,5735,1,69.3973862536302,Small,50.687871613456096,69.3973862536302,56.300726005508324,6434
9,197,Kakarmatta (CT),7377,5256,1,71.24847498983327,Small,49.891741513501415,71.24847498983327,56.298761556400976,6435
19,337,Jatragachhi (CT),6890,4986,1,72.36574746008708,Small,49.412870542807035,72.36574746008708,56.29873361799105,6436
23,436,Kanad (NP),10458,6854,1,65.53834385159686,Small,52.33889009944227,65.53834385159686,56.29872622508864,6437
8,101,Deshnoke (M),18470,10386,1,56.23172712506768,Small,56.32727855326816,56.23172712506768,56.29861312480801,6438
24,481,Sidsar (CT),11795,7498,1,63.56930902924967,Small,53.18249963784143,63.56930902924967,56.2985424552639,6439
9,138,Kithaur (NP),27933,13814,1,49.454050764328926,Small,59.22802446687312,49.454050764328926,56.295832356109855,6440
9,188,Gola Bazar (NP),13335,8208,1,61.55230596175478,Small,54.04300284357567,61.55230596175478,56.2957937790294,6441
19,327,Badamtam Tea Garden (CT),6102,4536,1,74.33628318584071,Small,48.56127972909958,74.33628318584071,56.29378076612191,6442
33,618,Poravacheri (CT),4422,3520,1,79.60199004975125,Small,46.30345961809241,79.60199004975125,56.293018747590054,6443
33,610,Modakurichi (TP),9907,6578,1,66.39749671949127,Small,51.95936116206147,66.39749671949127,56.2908018292904,6444
8,127,Modak (CT),9204,6222,1,67.60104302477184,Small,51.44325766785987,67.60104302477184,56.29059327493346,6445
1,21,Khore (MC),6931,5007,1,72.24065791372097,Small,49.454470912966116,72.24065791372097,56.29032701319257,6446
19,345,Goasafat (CT),6597,4819,1,73.04835531302108,Small,49.10817187515466,73.04835531302108,56.290226906514576,6447
2,31,Kasauli (CB),3885,3174,1,81.69884169884169,Small,45.39575266816465,81.69884169884169,56.28667937736776,6448
20,354,Sansikhara (CT),4570,3612,1,79.03719912472647,Small,46.53427375713093,79.03719912472647,56.2851513674096,6449
20,354,Nagri Kalan (CT),9410,6324,1,67.20510095642933,Small,51.59846525603257,67.20510095642933,56.28045596615159,6450
27,515,Chitegaon (CT),11507,7354,1,63.90892500217259,Small,53.00915975439031,63.90892500217259,56.27908932872499,6451
3,53,Khanauri (NP),14096,8540,1,60.584562996594784,Small,54.43217088016227,60.584562996594784,56.277888515092016,6452
23,439,Manglaya Sadak (CT),10393,6813,1,65.55373809294719,Small,52.295172068545824,65.55373809294719,56.27274187586623,6453
8,130,Bhalariya (CT),3962,3222,1,81.32256436143362,Small,45.53334831730255,81.32256436143362,56.270113130541866,6454
21,370,Khaliapali (CT),6865,4965,1,72.32337946103424,Small,49.387382814901336,72.32337946103424,56.268181808741204,6455
23,442,Khujner (NP),10785,7003,1,64.93277700509967,Small,52.55478366036278,64.93277700509967,56.26818166378384,6456
3,52,Daper (CT),5936,4434,1,74.6967654986523,Small,48.36789441299659,74.6967654986523,56.2665557386933,6457
19,336,Harindanga (CT),5440,4141,1,76.12132352941177,Small,47.75610008106575,76.12132352941177,56.265667115569556,6458
33,610,Vengampudur (TP),7443,5283,1,70.97944377267231,Small,49.9541946666046,70.97944377267231,56.26176939842492,6459
33,624,Highways (TP),4882,3802,1,77.87791888570258,Small,46.99730586832117,77.87791888570258,56.26148977353559,6460
19,338,Panchghara (CT),8428,5810,1,68.93687707641196,Small,50.82565973619807,68.93687707641196,56.25902493826223,6461
29,574,Haralahalli (CT),4476,3549,1,79.28954423592494,Small,46.38855842186236,79.28954423592494,56.258854166081136,6462
24,471,Ambaliyasan (CT),7072,5078,1,71.80429864253394,Small,49.595680780748296,71.80429864253394,56.25826613928398,6463
19,341,Shashati (CT),6914,4989,1,72.15794041076077,Small,49.43725191716718,72.15794041076077,56.25345846524526,6464
18,316,Kanakpur I (CT),6219,4595,1,73.88647692555074,Small,48.69444679661707,73.88647692555074,56.25205583529717,6465
29,575,Addur (CT),5426,4130,1,76.11500184297826,Small,47.73803279092685,76.11500184297826,56.25112350654227,6466
18,323,Kakaya (CT),5550,4203,1,75.72972972972974,Small,47.89646055835244,75.72972972972974,56.24644130976563,6467
33,611,Sholur (TP),9745,6482,1,66.51616213442792,Small,51.8437530600619,66.51616213442792,56.2454757823717,6468
33,630,Kambainallur (TP),12194,7663,1,62.84238149909792,Small,53.415780420724104,62.84238149909792,56.24376074423625,6469
22,400,Jhagrakhand (NP),7680,5407,1,70.40364583333333,Small,50.17398211310178,70.40364583333333,56.242881229171246,6470
15,286,Tlabung (NT),4554,3595,1,78.94158981115503,Small,46.509683994530505,78.94158981115503,56.23925573951786,6471
3,41,Payal (M Cl),7923,5536,1,69.87252303420422,Small,50.39240190062778,69.87252303420422,56.23643824070071,6472
19,341,Paniara (CT),7787,5463,1,70.15538718376781,Small,50.270997995351564,70.15538718376781,56.236314751876435,6473
21,378,Erei (CT),7890,5518,1,69.93662864385298,Small,50.36313614467881,69.93662864385298,56.23518389443106,6474
19,341,Kanpur (CT),6069,4504,1,74.21321469764376,Small,48.5232580095225,74.21321469764376,56.23024501595887,6475
24,491,Atul (CT),3486,2903,1,83.27596098680436,Small,44.63600823062988,83.27596098680436,56.22799405748223,6476
20,354,Harina (CT),4637,3645,1,78.60685788225146,Small,46.63631702670457,78.60685788225146,56.22747928336864,6477
22,401,Wadrafnagar (NP),6048,4491,1,74.25595238095238,Small,48.498954593752224,74.25595238095238,56.22605392991227,6478
9,134,Sahaspur (NP),24463,12571,1,51.387810162285895,Small,58.29784825637123,51.387810162285895,56.22483682814563,6479
33,609,Athanur (TP),9827,6516,1,66.3071130558665,Small,51.90250891929702,66.3071130558665,56.22389016026786,6480
19,341,Pashchim Khalna (CT),5813,4353,1,74.88388095647687,Small,48.221082763100505,74.88388095647687,56.21992222111341,6481
3,35,Bungal (CT),5257,4023,1,76.5265360471752,Small,47.516181086490256,76.5265360471752,56.21928757469574,6482
19,341,Kantaberia (CT),11507,7329,1,63.6916659424698,Small,53.00915975439031,63.6916659424698,56.21391161081415,6483
6,70,Kanwla (110) (CT),5024,3881,1,77.24920382165605,Small,47.198329195497706,77.24920382165605,56.213591583345206,6484
19,345,Khadalgobra (CT),5344,4074,1,76.23502994011976,Small,47.63126499698788,76.23502994011976,56.21239447992744,6485
28,540,Mamnoor (CT),6319,4644,1,73.49264124070264,Small,48.80629423510327,73.49264124070264,56.212198336783075,6486
23,439,Limbodi (CT),9488,6341,1,66.83178752107925,Small,51.65634807009686,66.83178752107925,56.20897990539157,6487
24,476,Saktasanala (CT),5786,4335,1,74.92222606291047,Small,48.188440256979604,74.92222606291047,56.20857599875886,6488
9,189,Ramkola (NP),14433,8654,1,59.959814314418345,Small,54.59784225569753,59.959814314418345,56.20643387331377,6489
9,200,Renukoot (NP),12409,7746,1,62.422435329196546,Small,53.53833809669256,62.422435329196546,56.203567266443756,6490
33,608,Vanavasi (TP),7130,5097,1,71.4866760168303,Small,49.652951695045815,71.4866760168303,56.203068991581155,6491
22,410,Fingeshwar (NP),9752,6471,1,66.35561936013126,Small,51.84878806721747,66.35561936013126,56.2008374550916,6492
28,532,Ichoda (CT),12358,7721,1,62.477747208286125,Small,53.50945945984977,62.477747208286125,56.199945784380674,6493
4,55,Mauli Jagran (CT),10786,6978,1,64.69497496755054,Small,52.55543379578589,64.69497496755054,56.19729614731528,6494
23,424,Khargapur (NP),14813,8813,1,59.49503814217242,Small,54.78007492366783,59.49503814217242,56.19456388921921,6495
9,179,Kadipur (NP),8010,5571,1,69.5505617977528,Small,50.46897670090155,69.5505617977528,56.19345222995692,6496
20,358,Shah Pur (CT),13513,8242,1,60.99311773847407,Small,54.13598432202761,60.99311773847407,56.19312434696155,6497
33,612,Balasamudram (TP),14179,8534,1,60.18760138232597,Small,54.47333893814002,60.18760138232597,56.1876176713958,6498
23,433,Gandhi Sagar Hydel Col (CT),7178,5119,1,71.31512956255224,Small,49.699997142674555,71.31512956255224,56.184536868637856,6499
33,610,Vaniputhur (TP),12044,7569,1,62.844569910328794,Small,53.32898864782534,62.844569910328794,56.18366302657637,6500
9,170,Tindwari (NP),11113,7130,1,64.15909295419779,Small,52.76485972721105,64.15909295419779,56.18312969530707,6501
9,173,Katra Medniganj (NP),7931,5526,1,69.67595511284831,Small,50.39947827432242,69.67595511284831,56.182421325880185,6502
33,617,Thorapadi (TP),7659,5380,1,70.24415720067894,Small,50.15478303971052,70.24415720067894,56.18159528800105,6503
19,341,Banupur (CT),9626,6401,1,66.49698732599211,Small,51.75760015668773,66.49698732599211,56.179416307479045,6504
8,102,Ratannagar (M),12841,7933,1,61.77867767307842,Small,53.77830133401657,61.77867767307842,56.17841423573512,6505
24,481,Umrala (CT),8044,5584,1,69.418199900547,Small,50.49867670979867,69.418199900547,56.17453366702316,6506
29,573,Mellahalli (CT),6393,4678,1,73.17378382605976,Small,48.88792780511391,73.17378382605976,56.17368461139766,6507
28,554,Mangasamudram (CT),8113,5620,1,69.27153950449895,Small,50.55856633870486,69.27153950449895,56.17245828844308,6508
19,327,Tari (CT),14558,8690,1,59.69226542107432,Small,54.658311413662645,59.69226542107432,56.16849761588614,6509
19,336,Baruihuda (CT),11474,7296,1,63.587240718145374,Small,52.98902149669252,63.587240718145374,56.16848726312838,6510
33,615,Poolambadi (TP),10737,6941,1,64.64561795659868,Small,52.52350606573775,64.64561795659868,56.16013963299603,6511
33,608,Eranapuram (CT),8871,6011,1,67.76011723593733,Small,51.184864289597044,67.76011723593733,56.157440173499126,6512
19,340,Santaldih Thermal Power Project-Town (CT),2507,2217,1,88.43238930993219,Small,42.32493455380655,88.43238930993219,56.15717098064424,6513
9,139,Tikri (NP),14092,8480,1,60.17598637524837,Small,54.430180760039256,60.17598637524837,56.15392244460199,6514
33,605,Karugampattur (CT),6343,4645,1,73.23033265016554,Small,48.83287425076394,73.23033265016554,56.152111770584426,6515
18,323,Pipalibari (CT),4534,3569,1,78.71636524040582,Small,46.4788250416045,78.71636524040582,56.15008710124489,6516
23,431,Goraiya (CT),4408,3490,1,79.17422867513612,Small,46.281227353024775,79.17422867513612,56.14912774965818,6517
1,7,Lakhanpur (MC),3461,2877,1,83.12626408552441,Small,44.58554977623596,83.12626408552441,56.147764069022486,6518
29,575,Navoor (CT),5365,4075,1,75.95526561043803,Small,47.65876319307767,75.95526561043803,56.147713918285774,6519
33,610,Periyakodiveri (TP),12330,7685,1,62.32765612327656,Small,53.493553806970475,62.32765612327656,56.1437845018623,6520
19,328,Sobhaganj (CT),5488,4147,1,75.56486880466473,Small,47.817694057152806,75.56486880466473,56.14184648140638,6521
5,68,Khanjarpur (CT),6435,4695,1,72.96037296037296,Small,48.93384111034145,72.96037296037296,56.1418006653509,6522
19,341,Begari (CT),5505,4157,1,75.51316984559492,Small,47.83937950554153,75.51316984559492,56.14151660755754,6523
19,337,Bandipur (CT),8115,5611,1,69.14356130622305,Small,50.560294665450854,69.14356130622305,56.13527465768251,6524
8,119,Sarwar (M),20372,11017,1,54.07912821519732,Small,57.01458178543993,54.07912821519732,56.133945714367144,6525
28,537,Omerkhan Daira (CT),5349,4063,1,75.95812301364742,Small,47.63782197337616,75.95812301364742,56.13391228545754,6526
33,606,Pudupalayam (TP),11382,7239,1,63.6004217185029,Small,52.93257118856825,63.6004217185029,56.13292634754863,6527
10,233,Anwari (CT),6702,4843,1,72.26201133989854,Small,49.218892467342265,72.26201133989854,56.131828129109145,6528
3,46,Bhisiana (CT),4890,3785,1,77.40286298568508,Small,47.00878561017076,77.40286298568508,56.12700882282505,6529
33,625,Alangulam (CT),4930,3809,1,77.26166328600405,Small,47.065904115612454,77.26166328600405,56.12463186672993,6530
9,197,Lohta (CT),25596,12878,1,50.312548835755585,Small,58.615330126993,50.312548835755585,56.12449573962177,6531
8,104,Neemrana (CT),7143,5085,1,71.18857622847543,Small,49.665724366117594,71.18857622847543,56.12257992482494,6532
22,414,Farasgaon (NP),6306,4617,1,73.21598477640342,Small,48.79185455081048,73.21598477640342,56.119093618488364,6533
9,143,Chharra Rafatpur (NP),21146,11296,1,53.419086352028756,Small,57.27606770217305,53.419086352028756,56.118973297129756,6534
9,202,Soron (NPP),27468,13495,1,49.12989660696083,Small,59.110306096385436,49.12989660696083,56.11618324955805,6535
1,5,Surankote (MC),6743,4862,1,72.10440456769985,Small,49.261656058651326,72.10440456769985,56.11448061136588,6536
23,454,Niwas (NP),8248,5675,1,68.80455868089234,Small,50.67428277890475,68.80455868089234,56.113365549501026,6537
9,142,Aurangabad (NP),26544,13183,1,49.66470765521399,Small,58.87035520205818,49.66470765521399,56.10866093800492,6538
9,156,Bighapur (NP),6501,4725,1,72.68112598061836,Small,49.00538868700411,72.68112598061836,56.10810987508838,6539
19,341,Deulgram (CT),6517,4734,1,72.6407856375633,Small,49.02262417521644,72.6407856375633,56.1080726139205,6540
7,90,Bhor Garh (CT),8627,5870,1,68.04219311464009,Small,50.98929786520379,68.04219311464009,56.10516644003468,6541
27,517,Kudus (CT),7204,5114,1,70.988339811216,Small,49.7253489262841,70.988339811216,56.104246191763664,6542
19,343,Hasimnagar (CT),5267,4008,1,76.09644959179799,Small,47.52950559313307,76.09644959179799,56.09958879273254,6543
9,137,Joya (NP),18377,10224,1,55.63476084235729,Small,56.29188105764003,55.63476084235729,56.09474499305521,6544
9,153,Saidhari (CT),13092,8009,1,61.1747632141766,Small,53.914043695958945,61.1747632141766,56.09225955142424,6545
2,29,Gagret (NP),3847,3124,1,81.20613465037691,Small,45.326840280678,81.20613465037691,56.090628591587674,6546
21,386,Tangi (CT),4471,3520,1,78.72959069559383,Small,46.38072214242773,78.72959069559383,56.08538270837755,6547
22,410,Chhura (NP),6095,4489,1,73.65053322395406,Small,48.553231724256214,73.65053322395406,56.08242217416556,6548
24,476,Paddhari (CT),10547,6821,1,64.67241869725989,Small,52.39831150800502,64.67241869725989,56.08054366478148,6549
33,604,Ayyampettai (CT),6610,4780,1,72.31467473524961,Small,49.121975334009484,72.31467473524961,56.07978515438152,6550
33,612,Chinnakalayamputhur (CT),5162,3941,1,76.3463773731112,Small,47.38831934559799,76.3463773731112,56.07573675385195,6551
11,242,Gyalshing (NP),4013,3229,1,80.46349364565162,Small,45.62301908216428,80.46349364565162,56.07516145121048,6552
8,103,Malsisar (CT),13719,8275,1,60.317807420365924,Small,54.24207529756704,60.317807420365924,56.064794934406706,6553
6,70,Nanhera(104) (CT),6035,4451,1,73.75310687655345,Small,48.483867303766864,73.75310687655345,56.064639175602835,6554
19,335,Sashpur (P) (CT),10100,6598,1,65.32673267326733,Small,52.09464931477634,65.32673267326733,56.06427432232363,6555
23,432,Ratangarh (NP),7994,5525,1,69.11433575181385,Small,50.45495658230171,69.11433575181385,56.05277033315535,6556
19,332,Bamangram (CT),13550,8195,1,60.47970479704797,Small,54.15515812833732,60.47970479704797,56.052522128950514,6557
9,141,Kherli Hafizpur (CT),7932,5492,1,69.2385274836107,Small,50.40036231916901,69.2385274836107,56.05181186850152,6558
33,623,Elumalai (TP),15746,9134,1,58.008383081417506,Small,55.208390072243816,58.008383081417506,56.04838797499592,6559
21,388,Golabandha (CT),6232,4559,1,73.15468549422336,Small,48.70908824007471,73.15468549422336,56.04276741631931,6560
9,200,Kanaudia Chamical & Industries Ltd. (Renukoot) (ITS),3631,2977,1,81.98843293858441,Small,44.921716920324606,81.98843293858441,56.04173172580254,6561
21,396,Gudari (NAC),6931,4949,1,71.40383783003895,Small,49.454470912966116,71.40383783003895,56.03928098808797,6562
27,509,Urjanagar (CT),4748,3684,1,77.59056444818872,Small,46.80217287004296,77.59056444818872,56.03869034348668,6563
6,84,Nagal Chaudhry (CT),8538,5805,1,67.99016163035839,Small,50.91658456383135,67.99016163035839,56.03865768378945,6564
19,345,Benudia (CT),6797,4874,1,71.70810651758129,Small,49.317583844344234,71.70810651758129,56.03474064631534,6565
21,380,Paradipgarh (CT),4790,3709,1,77.4321503131524,Small,46.86392018741002,77.4321503131524,56.03438922513273,6566
18,303,Uttar Athiabari (CT),6091,4476,1,73.48547036611393,Small,48.54862871409007,73.48547036611393,56.02968120969722,6567
23,447,Ghoda Dongri Ryt (CT),9745,6411,1,65.7875833760903,Small,51.8437530600619,65.7875833760903,56.02690215487041,6568
9,189,Kaptanganj (NP),23526,12084,1,51.36444784493751,Small,58.02397516852194,51.36444784493751,56.02611697144661,6569
19,337,Chhekati (CT),4995,3832,1,76.71671671671672,Small,47.15774074043779,76.71671671671672,56.02543353332146,6570
33,622,Nattarasankottai (TP),5860,4342,1,74.09556313993174,Small,48.277544948989856,74.09556313993174,56.022950406272415,6571
10,234,Koath (NP),18890,10375,1,54.923239809422974,Small,56.484949560392685,54.923239809422974,56.01643663510177,6572
9,165,Umri (NP),9248,6160,1,66.60899653979239,Small,51.47669852156208,66.60899653979239,56.01638792703117,6573
9,197,Suzabad (CT),15384,8966,1,58.28133125325014,Small,55.045297006672456,58.28133125325014,56.016107280645755,6574
22,403,Lailunga (NP),8208,5627,1,68.55506822612085,Small,50.64019504263384,68.55506822612085,56.01465699767994,6575
9,146,Dayalbagh (NP),2830,2433,1,85.97173144876325,Small,43.17448204302643,85.97173144876325,56.013656864747475,6576
21,385,Chandapur (CT),5565,4168,1,74.89667565139263,Small,47.91538479148738,74.89667565139263,56.009772049458945,6577
14,275,Kumbi (NP),9546,6306,1,66.05908233815211,Small,51.6990815257953,66.05908233815211,56.007081769502335,6578
3,35,Behrampur (CT),5432,4089,1,75.27614138438881,Small,47.74578161573332,75.27614138438881,56.00488954632996,6579
33,628,Panpoli (TP),9313,6189,1,66.45549232255986,Small,51.525809811315895,66.45549232255986,56.00471456468908,6580
19,329,Baisguri (CT),5021,3844,1,76.55845449113723,Small,47.194141267193885,76.55845449113723,56.00343523437689,6581
8,111,Kanwat (CT),7903,5463,1,69.12564848791598,Small,50.374679662900725,69.12564848791598,55.9999703104053,6582
1,1,Trehgam (CT),15587,9038,1,57.984217617245136,Small,55.13722194702573,57.984217617245136,55.991320648091545,6583
3,51,Ghanauli (CT),4894,3765,1,76.93093583980384,Small,47.01451844166626,76.93093583980384,55.98944366110753,6584
33,602,Theerthagiriyampattu (CT),5412,4074,1,75.27716186252772,Small,47.719918832459,75.27716186252772,55.98709174147962,6585
19,335,Ballavpur (CT),6468,4680,1,72.35621521335807,Small,48.969706144625405,72.35621521335807,55.9856588652452,6586
14,275,Oinam (NP),7161,5062,1,70.68845133361262,Small,49.68337128487404,70.68845133361262,55.984895299495605,6587
33,626,Sundarapandianpattinam (CT),4007,3213,1,80.18467681557276,Small,45.61252889960029,80.18467681557276,55.984173274392035,6588
1,7,Parole (MC),7681,5341,1,69.53521676864992,Small,50.174895044917974,69.53521676864992,55.982991562037554,6589
19,333,Teghari (CT),25058,12576,1,50.18756484954905,Small,58.466365866415785,50.18756484954905,55.98272556135576,6590
9,163,Ahrauli Shekh (CT),7383,5181,1,70.17472572125152,Small,49.897442111893916,70.17472572125152,55.9806271947012,6591
33,632,Chinnathadagam (CT),8407,5720,1,68.0385393124777,Small,50.80816653944951,68.0385393124777,55.977278371357954,6592
12,254,Deomali (NT),6648,4778,1,71.87123947051745,Small,49.162168816285075,71.87123947051745,55.97489001255479,6593
19,341,Kendua (CT),6338,4604,1,72.64121173871884,Small,48.82734504939231,72.64121173871884,55.97150505619027,6594
9,133,Purquazi (NP + OG),29041,13862,1,47.732516097930514,Small,59.500807235223206,47.732516097930514,55.9703198940354,6595
15,283,Darlawn (NT),3769,3058,1,81.13557972937119,Small,45.18323077602398,81.13557972937119,55.96893546202814,6596
9,194,Jafarabad (NP),10792,6897,1,63.90845070422535,Small,52.55933334309842,63.90845070422535,55.9640685514365,6597
19,335,Parashkol (CT) (Part),11212,7095,2,63.28041384231181,Small,52.8270499397712,63.28041384231181,55.96305911053338,6598
21,390,Daringbadi (CT),6995,4965,1,70.97927090779127,Small,49.51891879435475,70.97927090779127,55.957024428385694,6599
23,421,Bilaua (NP),12893,7860,1,60.96331342589002,Small,53.80663986016903,60.96331342589002,55.95364192988532,6600
7,90,Darya Pur Kalan (CT),6310,4584,1,72.64659270998415,Small,48.79630069820072,72.64659270998415,55.95138830173575,6601
9,176,Ramnagar (NP),14255,8455,1,59.31252192213259,Small,54.5108241952073,59.31252192213259,55.95133351328488,6602
7,90,Gheora (CT),6876,4898,1,71.23327515997673,Small,49.39860882953758,71.23327515997673,55.94900872866932,6603
33,610,Vijayapuri (CT),7222,5086,1,70.42370534477985,Small,49.74284662641483,70.42370534477985,55.94710424192433,6604
20,355,Hasir (CT),11195,7081,1,63.251451540866455,Small,52.816409957586565,63.251451540866455,55.94692243257053,6605
8,99,8 PSD-B (CT),11675,7304,1,62.5610278372591,Small,53.110794659977664,62.5610278372591,55.945864613162094,6606
24,486,Karachiya (CT),7103,5021,1,70.68844150359003,Small,49.626349272574295,70.68844150359003,55.944976941879005,6607
33,613,Minampalli-Pachamadevi (CT),9031,6029,1,66.75894142398406,Small,51.31020606667482,66.75894142398406,55.94482667386759,6608
33,610,Chennasamudram (TP),8111,5557,1,68.51189742325238,Small,50.556837585895344,68.51189742325238,55.94335553710245,6609
19,344,Garbeta (CT),5109,3886,1,76.06185163437071,Small,47.31595963730151,76.06185163437071,55.939727236422264,6610
18,300,Padmabil (CT),6874,4893,1,71.18126272912424,Small,49.3965690721828,71.18126272912424,55.931977169265224,6611
18,321,Sanpara (CT),4534,3536,1,77.98853109836789,Small,46.4788250416045,77.98853109836789,55.93173685863351,6612
18,312,Nowsolia Gaon (CT),4312,3398,1,78.80333951762523,Small,46.12684876586041,78.80333951762523,55.92979599138985,6613
23,431,Chandia (NP),15891,9129,1,57.44761185576741,Small,55.272668118383216,57.44761185576741,55.92515123959848,6614
33,608,Dasanaickenpatti (CT),5857,4321,1,73.77497012122247,Small,48.273954530410016,73.77497012122247,55.92425920765375,6615
12,246,Bomdila (NT),8370,5686,1,67.93309438470729,Small,50.77723861849908,67.93309438470729,55.92399534836154,6616
19,327,Lalman (CT),6894,4902,1,71.10530896431679,Small,49.41693999641685,71.10530896431679,55.92345068678683,6617
8,103,Babai (CT),10620,6800,1,64.030131826742,Small,52.446677334260016,64.030131826742,55.92171368200461,6618
19,343,Hanspukuria (CT),3887,3127,1,80.44764599948546,Small,45.39936094492876,80.44764599948546,55.91384646129576,6619
9,184,Hallaur (CT),6999,4957,1,70.82440348621232,Small,49.52292718871158,70.82440348621232,55.9133700779618,6620
33,610,Vellottamparappu (TP),7621,5290,1,69.41346280015746,Small,50.119907682137956,69.41346280015746,55.9079742175438,6621
10,216,Sahebganj (NP),23224,11886,1,51.179813985532206,Small,57.93337538456507,51.179813985532206,55.90730696485521,6622
8,112,Kuchera (M),23468,11970,1,51.005624680415885,Small,58.00666578137367,51.005624680415885,55.90635345108633,6623
23,421,Buzurg (CT),13868,8266,1,59.60484568791462,Small,54.31782290232764,59.60484568791462,55.903929738003725,6624
19,331,Gopalpur (CT),7016,4964,1,70.75256556442417,Small,49.53993735008275,70.75256556442417,55.90372581438518,6625
33,614,Uppiliapuram (TP),7705,5333,1,69.21479558728099,Small,50.19676982970365,69.21479558728099,55.90217755697685,6626
33,610,Kollankoil (TP),9196,6098,1,66.31143975641584,Small,51.437160342631614,66.31143975641584,55.899444166766884,6627
29,563,Kadwad (CT),4403,3450,1,78.35566659096071,Small,46.273270146070566,78.35566659096071,55.89798907953761,6628
23,439,Hukmakhedi (CT),10165,6573,1,64.66305951795376,Small,52.13963141728256,64.66305951795376,55.89665984748392,6629
18,316,Uttar Krishnapur Pt III (CT),5187,3925,1,75.66994409099672,Small,47.4221938474438,75.66994409099672,55.89651892050968,6630
24,476,Maliya (M),15964,9143,1,57.27261338010524,Small,55.30480717446411,57.27261338010524,55.89514903615645,6631
19,338,Shankhanagar (CT),8601,5796,1,67.38751307987442,Small,50.968133620567954,67.38751307987442,55.89394745835989,6632
33,605,Senur (CT),9078,6037,1,66.50143203348755,Small,51.34660350132877,66.50143203348755,55.8930520609764,6633
9,133,Khanupur (CT),6681,4778,1,71.51624008381978,Small,49.19688775739891,71.51624008381978,55.89269345532517,6634
9,143,Harduaganj (NP),13690,8182,1,59.76625273922571,Small,54.22723687779174,59.76625273922571,55.88894163622193,6635
33,608,Perumagoundampatti (CT),7796,5377,1,68.97126731657261,Small,50.27909734455179,68.97126731657261,55.886748336158035,6636
9,163,Gausganj (CT),8700,5844,1,67.17241379310344,Small,51.04838137688779,67.17241379310344,55.88559110175248,6637
9,186,Hariharpur (NP),11285,7100,1,62.91537439078423,Small,52.872556660529746,62.91537439078423,55.88540197960609,6638
29,572,Maragondahalli (CT),8824,5906,1,66.93109700815957,Small,51.14761537683984,66.93109700815957,55.882659866235755,6639
20,352,Rajmahal (NP),22514,11618,1,51.603446744248025,Small,57.71564880714892,51.603446744248025,55.881988188278655,6640
19,335,Konardihi (CT),8488,5734,1,67.55419415645618,Small,50.87540118415597,67.55419415645618,55.87903907584602,6641
19,336,Char Maijdia (CT),5013,3818,1,76.16197885497706,Small,47.18296121582414,76.16197885497706,55.87666650757002,6642
9,166,Baragaon (NP),8585,5781,1,67.33838089691322,Small,50.95507765079942,67.33838089691322,55.87006862463356,6643
19,335,Pangachhiya  (CT),9165,6073,1,66.26295690125478,Small,51.41348300621096,66.26295690125478,55.868325174724106,6644
21,383,Indipur (CT),4656,3601,1,77.34106529209622,Small,46.664986465019425,77.34106529209622,55.86781011314246,6645
27,530,Panhala (M Cl),3121,2618,1,83.88337071451458,Small,43.860629975622516,83.88337071451458,55.867452197290135,6646
19,337,Raigachhi (CT),8245,5604,1,67.96846573681019,Small,50.67173193835415,67.96846573681019,55.86075207789096,6647
33,612,Sriramapuram (TP),10653,6794,1,63.77546231108609,Small,52.468432334485094,63.77546231108609,55.860541327465384,6648
9,197,Asapur (CT),6153,4476,1,72.74500243783521,Small,48.61963806091876,72.74500243783521,55.857247373993694,6649
6,70,Tundla(46) (CT),5658,4193,1,74.10745846588901,Small,48.03158874632291,74.10745846588901,55.85434966219273,6650
27,517,Dandi (CT),8942,5957,1,66.61820621784835,Small,51.24076137895245,66.61820621784835,55.85399483062122,6651
6,80,Satrod Khas (154) (CT),10932,6923,1,63.327844859129165,Small,52.649712574658004,63.327844859129165,55.85315225999935,6652
19,341,Mallik Bagan (CT),8869,5916,1,66.70425076107792,Small,51.183283253464474,66.70425076107792,55.839573505748504,6653
19,335,Gopinathpur (CT),4688,3616,1,77.13310580204778,Small,46.71300846812066,77.13310580204778,55.8390376682988,6654
19,341,Oadipur (CT),5002,3805,1,76.06957217113155,Small,47.167559483946896,76.06957217113155,55.838163290102294,6655
8,123,Kelwa (CT),11712,7278,1,62.14139344262295,Small,53.13298197783551,62.14139344262295,55.83550541727174,6656
10,206,Rajopatti urf Kota Bazar (CT),14631,8559,1,58.49907730161985,Small,54.6933857260142,58.49907730161985,55.83509319869589,6657
21,388,Makundapur (CT),4983,3793,1,76.11880393337347,Small,47.14087655819505,76.11880393337347,55.83425477074857,6658
24,482,Vithal Udyognagar (INA),5035,3823,1,75.92850049652434,Small,47.21366357057703,75.92850049652434,55.82811464836122,6659
19,338,Dudhkalmi (CT),5558,4130,1,74.3073047858942,Small,47.90655983748601,74.3073047858942,55.82678332200846,6660
9,133,Purquazi (NP),27516,13244,1,48.13199592964094,Small,59.12254954020195,48.13199592964094,55.825383457033645,6661
19,341,Deora (CT),6715,4781,1,71.198808637379,Small,49.23247990949036,71.198808637379,55.82237852785695,6662
21,396,Tikarpada (CT),8346,5645,1,67.63719146896717,Small,50.75710408407019,67.63719146896717,55.82113029953929,6663
1,22,Ramgarh (MC),5612,4160,1,74.12687099073413,Small,47.974352171688736,74.12687099073413,55.820107817402345,6664
27,520,Jasai (CT),8234,5587,1,67.852805440855,Small,50.66237090995125,67.852805440855,55.81950126922237,6665
9,155,Pali (NP),18708,10180,1,54.4152234338251,Small,56.41706026400938,54.4152234338251,55.81650921495409,6666
33,608,Arasiramani (TP),14834,8634,1,58.20412565727383,Small,54.79000891301584,58.20412565727383,55.81424393629323,6667
24,486,Petro-Chemical Complex (INA),1951,1783,1,91.38903126601743,Small,40.567337169853914,91.38903126601743,55.813845398702966,6668
9,134,Mandawar (NP),21078,11056,1,52.452794382768765,Small,57.25348147367437,52.452794382768765,55.81327534640268,6669
33,606,Sathiyavijayanagaram (CT),5894,4320,1,73.29487614523244,Small,48.31810840251539,73.29487614523244,55.81113872533051,6670
19,343,Basanti (CT),6625,4729,1,71.3811320754717,Small,49.1378687133357,71.3811320754717,55.8108477219765,6671
23,451,Kundam (CT),4856,3713,1,76.46210873146623,Small,46.959866389425116,76.46210873146623,55.810539092037445,6672
33,633,Sankaramanallur (TP),10283,6599,1,64.17387921812701,Small,52.220561109299545,64.17387921812701,55.806556541947785,6673
9,142,Maina Maujpur (CT),7351,5121,1,69.66399129370153,Small,49.86698523128816,69.66399129370153,55.80608705001217,6674
7,98,Bhati (CT),18864,10231,1,54.23558100084818,Small,56.475291235465995,54.23558100084818,55.803378165080645,6675
9,175,Arail Uparhar (CT),12190,7482,1,61.378178835110745,Small,53.41347985948429,61.378178835110745,55.80288955217223,6676
24,488,Kharach (CT),5436,4054,1,74.57689477557027,Small,47.750942746223025,74.57689477557027,55.798728355027194,6677
9,150,Fatehganj Pashchimi (NP),26607,12928,1,48.58871725485774,Small,58.88697888870896,48.58871725485774,55.797500398553595,6678
21,393,Loisinga (CT),6220,4501,1,72.36334405144694,Small,48.695574147433156,72.36334405144694,55.79590511863729,6679
19,335,Egara (CT),7623,5262,1,69.02794175521448,Small,50.121747557718855,69.02794175521448,55.79360581696754,6680
19,341,Eksara (CT),7500,5197,1,69.29333333333332,Small,50.0076874769326,69.29333333333332,55.79338123385281,6681
6,87,Nuh (MC),16260,9208,1,56.629766297662975,Small,55.43363565803126,56.629766297662975,55.792474849920765,6682
9,157,Kalli Pashchim (CT),12157,7462,1,61.3802747388336,Small,53.39447137691905,61.3802747388336,55.79021238549341,6683
9,155,Beniganj (NP),10173,6540,1,64.28782070185785,Small,52.14514778786108,64.28782070185785,55.78794966206011,6684
19,344,Shilda (CT),5724,4218,1,73.68972746331237,Small,48.11290330085143,73.68972746331237,55.785950549589714,6685
20,355,Jena (CT),8143,5530,1,67.91108927913545,Small,50.58444662051909,67.91108927913545,55.78243941810399,6686
19,336,Anulia (CT),5220,3924,1,75.17241379310344,Small,47.46665909955918,75.17241379310344,55.77838550762246,6687
23,421,Pichhore (NP),12425,7576,1,60.9738430583501,Small,53.54737360863522,60.9738430583501,55.77531444354968,6688
1,21,Maralia (CT),4327,3385,1,78.22972036052693,Small,46.15119557565208,78.22972036052693,55.774753011114534,6689
19,341,Chong Ghurali (CT),4596,3549,1,77.21932114882507,Small,46.57404913190194,77.21932114882507,55.76763073697887,6690
29,556,Gudur (CT),11969,7368,1,61.5590274876765,Small,53.28518659575964,61.5590274876765,55.7673388633347,6691
8,124,Seemalwara (CT),6891,4864,1,70.58482078072849,Small,49.413888127621455,70.58482078072849,55.76516792355356,6692
2,31,Dagshai (CB),2904,2460,1,84.71074380165288,Small,43.35543306717351,84.71074380165288,55.762026287517315,6693
19,336,Majdia (CT),7831,5362,1,68.47145958370578,Small,50.310506188505514,68.47145958370578,55.75879220706559,6694
29,577,Koorgalli (CT),7065,4956,1,70.14861995753715,Small,49.58873703590565,70.14861995753715,55.756701912395094,6695
5,68,Bhagwanpur (CT),7573,5226,1,69.00831902812624,Small,50.075605229537054,69.00831902812624,55.75541936911381,6696
22,408,Gandai (NP),13278,7943,1,59.82075613797259,Small,54.01296536861009,59.82075613797259,55.75530259941884,6697
10,233,Ramgarh (CT),8690,5801,1,66.75489067894131,Small,51.04031710997295,66.75489067894131,55.75468918066346,6698
28,545,Morampudi (CT),15346,8815,1,57.44167861331944,Small,55.02795467986059,57.44167861331944,55.75207185989825,6699
33,609,Padaiveedu (TP),10451,6660,1,63.72595923835039,Small,52.33419507749324,63.72595923835039,55.75172432575039,6700
19,343,Abhirampur (CT),4618,3559,1,77.067994802945,Small,46.6075298999691,77.067994802945,55.74566937086187,6701
8,110,Govindgarh (CT),7735,5307,1,68.61021331609567,Small,50.224017703912935,68.61021331609567,55.73987638756775,6702
33,632,Ettimadai (TP),9352,6125,1,65.4940119760479,Small,51.55511233894748,65.4940119760479,55.7367822300776,6703
20,354,Baliapur (CT),10097,6483,1,64.20719025453104,Small,52.092566235677005,64.20719025453104,55.72695344133321,6704
19,336,Halalpur Krishnapur (CT),5202,3904,1,75.0480584390619,Small,47.44244028361209,75.0480584390619,55.72412573024703,6705
1,19,Ram Nagar (MC),6292,4526,1,71.93261284170374,Small,48.77627079831665,71.93261284170374,55.72317341133278,6706
15,281,Lengpui (NT),3282,2710,1,82.5716026812919,Small,44.213254577843344,82.5716026812919,55.720759008877906,6707
19,332,Kendua (CT),6452,4614,1,71.51270923744575,Small,48.95233994293492,71.51270923744575,55.72045073128817,6708
19,329,Mekliganj (M),9127,6009,1,65.83762463021804,Small,51.384349690233634,65.83762463021804,55.72033217222895,6709
33,608,Kadayampatti (TP),11390,7086,1,62.212467076382794,Small,52.937497990025896,62.212467076382794,55.71998871593296,6710
29,582,Gudibanda (TP),9441,6162,1,65.26850969176994,Small,51.62152720413109,65.26850969176994,55.715621950422744,6711
30,586,Sanvordem (CT),5103,3844,1,75.32823829120126,Small,47.307720726148624,75.32823829120126,55.71387599566441,6712
19,343,Dihi Kalas (CT),11494,7131,1,62.04106490342788,Small,53.001233403542315,62.04106490342788,55.71318285350798,6713
33,625,Pavali (CT),7622,5241,1,68.76147992652847,Small,50.12082768026802,68.76147992652847,55.71302335414615,6714
6,69,Ram Garh (232) (CT),4934,3743,1,75.86137008512364,Small,47.071590461544396,75.86137008512364,55.70852434861817,6715
19,332,Baksinagar (CT),7255,5046,1,69.55203308063405,Small,49.77481278844375,69.55203308063405,55.70797887610084,6716
24,485,Sanjeli (CT),7448,5148,1,69.11922663802363,Small,49.95890337942258,69.11922663802363,55.7070003570029,6717
28,537,Kismatpur (CT),7288,5063,1,69.47036223929747,Small,49.80663389898069,69.47036223929747,55.70575240107573,6718
9,171,Rajapur (NP),13439,7990,1,59.45382840985193,Small,54.09747871630694,59.45382840985193,55.704383624370436,6719
23,447,Dhodaramohar Alias Bhoura (CT),5956,4334,1,72.76695768972465,Small,48.39147837918401,72.76695768972465,55.7041221723462,6720
27,511,Kundalwadi (M Cl),14760,8547,1,57.90650406504065,Small,54.754940672313865,57.90650406504065,55.70040969013189,6721
29,577,Gargeswari (CT),5343,3982,1,74.52741905296651,Small,47.62995286568341,74.52741905296651,55.699192721868336,6722
22,416,Geedam (NP),7440,5141,1,69.0994623655914,Small,49.95136792055235,69.0994623655914,55.695796254064064,6723
22,400,Nai-Ledri (NP),5334,3975,1,74.52193475815523,Small,47.61813262285734,74.52193475815523,55.6892732634467,6724
9,173,Manikpur (NP),15435,8818,1,57.129899578879176,Small,55.06850503360062,57.129899578879176,55.68692339718419,6725
24,472,Vijaynagar (CT),6078,4399,1,72.3757815070747,Small,48.53364803062259,72.3757815070747,55.68628807355822,6726
9,133,Shahpur (NP),20154,10633,1,52.758757566736136,Small,56.93913862342782,52.758757566736136,55.68502430642032,6727
19,343,Usthi (CT),6230,4483,1,71.95826645264847,Small,48.7068376990617,71.95826645264847,55.68226632513773,6728
19,336,Tiorkhali (CT),11148,6960,1,62.43272335844995,Small,52.78690924461489,62.43272335844995,55.6806534787654,6729
21,384,Nuahata (CT),5920,4309,1,72.78716216216216,Small,48.34896996707415,72.78716216216216,55.680427625600544,6730
8,106,Sarmathura (CT),17988,9822,1,54.60306871247498,Small,56.1418528013763,54.60306871247498,55.68021757470591,6731
28,551,Rameswaram (CT),19483,10383,1,53.29261407380793,Small,56.70169763549022,53.29261407380793,55.67897256698553,6732
9,162,Jamuhan (CT),7139,4977,1,69.7156464490825,Small,49.661796790693536,69.7156464490825,55.67795168821023,6733
20,355,Tanr Balidih (CT),7982,5418,1,67.87772488098221,Small,50.44442306813749,67.87772488098221,55.6744136119909,6734
29,566,Matadakurubarahatti (CT),5884,4287,1,72.8585995921142,Small,48.30620231181786,72.8585995921142,55.67192149590676,6735
18,321,Udiana (CT),4644,3563,1,76.7226528854436,Small,46.64689309251488,76.7226528854436,55.66962103039349,6736
18,302,Damara Patpara (CT),4922,3729,1,75.76188541243397,Small,47.054517572438854,75.76188541243397,55.66672792443739,6737
9,146,Deoretha (CT),12335,7491,1,60.729631130928254,Small,53.496396749295194,60.729631130928254,55.66636706378511,6738
20,360,Religara Alias Pachhiari (CT),8239,5547,1,67.32613181211312,Small,50.66662747198563,67.32613181211312,55.66447877402388,6739
9,149,Islamnagar (NP),31022,14154,1,45.62568499774354,Small,59.96354496110674,45.62568499774354,55.662186972097786,6740
21,399,Balimela (NAC),11796,7248,1,61.444557477110884,Small,53.18309410956954,61.444557477110884,55.661533119831944,6741
3,35,Kot (CT),5406,4011,1,74.1953385127636,Small,47.71214136134424,74.1953385127636,55.657100506770036,6742
19,341,Khasjalalsi (CT),5111,3839,1,75.11250244570535,Small,47.31870379141063,75.11250244570535,55.65684338769904,6743
19,343,Uttar Durgapur (CT),5723,4191,1,73.23082299493274,Small,48.111678270586054,73.23082299493274,55.64742168789006,6744
9,146,Rohta (CT),12063,7362,1,61.02959462820194,Small,53.34004186915969,61.02959462820194,55.64690769687236,6745
9,144,Hathras Dehat (CT),11620,7162,1,61.63511187607573,Small,53.077683235153984,61.63511187607573,55.644911827430505,6746
5,65,Banbasa (CT),7990,5414,1,67.75969962453067,Small,50.45144716862341,67.75969962453067,55.643922905395584,6747
23,422,Badoni (NP),10309,6555,1,63.58521680085363,Small,52.2382682012698,63.58521680085363,55.64235278114494,6748
20,354,Egarkunr (CT),11829,7254,1,61.323865077352266,Small,53.20268345902419,61.323865077352266,55.63903794452261,6749
19,337,Sadigachhi (CT),6248,4484,1,71.76696542893725,Small,48.72706661425132,71.76696542893725,55.6390362586571,6750
19,341,Ghosal Chak (CT),5681,4165,1,73.31455729625065,Small,48.06003279765251,73.31455729625065,55.63639014723195,6751
33,632,Samathur (TP),5762,4211,1,73.0822631030892,Small,48.159296586000295,73.0822631030892,55.63618654112696,6752
19,343,Rameswarpur (CT),7200,4999,1,69.43055555555556,Small,49.72145461229462,69.43055555555556,55.634184895272895,6753
9,153,Maigal Ganj (CT),11325,7023,1,62.01324503311258,Small,52.89736717901975,62.01324503311258,55.6321305352476,6754
29,555,Londa (CT),5956,4319,1,72.51511081262592,Small,48.39147837918401,72.51511081262592,55.62856810921658,6755
12,250,Basar (NT),4284,3337,1,77.89449112978525,Small,46.081173982246945,77.89449112978525,55.62516912650844,6756
19,331,Harirampur (CT),5021,3780,1,75.28380800637323,Small,47.194141267193885,75.28380800637323,55.621041288947694,6757
7,97,Ujwa (CT),4856,3682,1,75.82372322899505,Small,46.959866389425116,75.82372322899505,55.61902344129609,6758
9,156,Nawabganj (NP),11545,7118,1,61.654395842356,Small,53.0322778509737,61.654395842356,55.61891324838839,6759
19,337,Hingalganj (CT),8179,5503,1,67.28206382198313,Small,50.61537740902515,67.28206382198313,55.61538333291254,6760
19,341,Kulitapara (CT),5895,4282,1,72.63782866836303,Small,48.31929790056529,72.63782866836303,55.61485713090461,6761
9,142,Bhawan Bahadur Nagar (NP),10188,6488,1,63.68276403612093,Small,52.155479301397534,63.68276403612093,55.61366472181455,6762
23,451,Bargi (CT),6916,4842,1,70.01156737998843,Small,49.439279877197606,70.01156737998843,55.61096612803485,6763
9,149,Sahaswan (NPP),66204,21875,1,33.041810162527945,Growing,65.27935096078419,33.041810162527945,55.60808872130731,6764
21,375,Jhumpura (CT),6064,4375,1,72.14709762532982,Small,48.51747911695292,72.14709762532982,55.60636466946599,6765
8,130,Gogunda (CT),8751,5788,1,66.14101245571935,Small,51.08936550460507,66.14101245571935,55.60485958993935,6766
23,446,Sultanpur (NP),10268,6521,1,63.50798597584729,Small,52.21032510436389,63.50798597584729,55.59962336580891,6767
19,341,Shuvararah (CT),14330,8318,1,58.04605722260992,Small,54.54762082563087,58.04605722260992,55.597151744724584,6768
27,517,Borivali Tarf Rahur (CT),5780,4213,1,72.88927335640139,Small,48.18116568606135,72.88927335640139,55.593597987163356,6769
18,305,Rupahi Town (CT),8052,5431,1,67.44908097367114,Small,50.50564670489237,67.44908097367114,55.58867698552601,6770
1,21,Nihalpur Simbal (CT),3869,3073,1,79.42620832256398,Small,45.36681942140168,79.42620832256398,55.58463609175037,6771
9,173,Antu (NP),8504,5658,1,66.53339604891816,Small,50.88860619827097,66.53339604891816,55.58204315346512,6772
29,563,Aversa (CT),4286,3332,1,77.74148390107327,Small,46.08444635082538,77.74148390107327,55.58155761589974,6773
27,517,Purne (CT),6588,4658,1,70.70431086824529,Small,49.098599693244225,70.70431086824529,55.580313045744546,6774
9,178,Bhulepur (CT),6445,4580,1,71.06283941039565,Small,48.94472868547724,71.06283941039565,55.58016190295275,6775
21,393,Tushura (CT),4823,3655,1,75.78270785817955,Small,46.91205737679659,75.78270785817955,55.57325252121147,6776
9,188,Bargo (CT),7139,4952,1,69.36545734696736,Small,49.661796790693536,69.36545734696736,55.572894957575684,6777
20,354,Bardubhi (CT),4185,3268,1,78.0884109916368,Small,45.917252957891506,78.0884109916368,55.5686003680151,6778
33,602,Vanganur (CT),6584,4653,1,70.67132442284326,Small,49.09434119259031,70.67132442284326,55.567436161666194,6779
9,197,Salarpur (CT),10126,6442,1,63.61840805846336,Small,52.11267679446341,63.61840805846336,55.5643961736634,6780
13,261,Naginimora (TC),8116,5457,1,67.23755544603253,Small,50.561158669115635,67.23755544603253,55.5640777021907,6781
19,341,Rudrapur (CT),6810,4774,1,70.10279001468429,Small,49.33098158735281,70.10279001468429,55.56252411555225,6782
1,17,Batote (MC),4315,3347,1,77.56662804171495,Small,46.131724894741325,77.56662804171495,55.562195838833404,6783
19,341,Bhandardaha (CT),5667,4143,1,73.10746426680782,Small,48.042732771203106,73.10746426680782,55.56215221988452,6784
10,221,Bhuindhara (CT),6614,4668,1,70.57756274569095,Small,49.12621709172921,70.57756274569095,55.56162078791773,6785
23,438,Bagh (CT),9274,6030,1,65.02048738408453,Small,51.49638432904187,65.02048738408453,55.55361524555467,6786
29,575,Sajipanadu (CT),5847,4243,1,72.56712844193603,Small,48.26197317479374,72.56712844193603,55.553519754936424,6787
9,147,Tundla Kham (CT),7079,4915,1,69.4307105523379,Small,49.60261765690984,69.4307105523379,55.55104552553826,6788
3,35,Malikpur (CT),4645,3545,1,76.31862217438106,Small,46.64840265784981,76.31862217438106,55.549468512809185,6789
9,176,Dariyabad (NP),18338,9875,1,53.849929108954086,Small,56.27698360705465,53.849929108954086,55.54886725762448,6790
22,405,Dabhra (NP),7854,5318,1,67.71072065189713,Small,50.331069953089134,67.71072065189713,55.54496516273153,6791
3,42,Badhni Kalan (NP),6786,4757,1,70.10020630710287,Small,49.30622726577105,70.10020630710287,55.54442097817059,6792
19,332,Jagannathpur (CT),13454,7923,1,58.889549576334176,Small,54.10530101018697,58.889549576334176,55.54057558003113,6793
9,148,Jyoti Khuriya (NP),5665,4137,1,73.02736098852604,Small,48.04025785120694,73.02736098852604,55.53638879240266,6794
19,333,Kankuria (CT),36925,15640,1,42.35612728503724,Small,61.18506396775285,42.35612728503724,55.53638296293817,6795
19,345,Kotbar (CT),6083,4371,1,71.85599210915666,Small,48.53941361981223,71.85599210915666,55.53438716661556,6796
23,428,Jabera (CT),6806,4765,1,70.01175433441081,Small,49.32686193046456,70.01175433441081,55.532329651648425,6797
5,67,Umru Khurd (CT),20593,10687,1,51.896275433399694,Small,57.090243590399645,51.896275433399694,55.532053143299656,6798
33,610,Kolappalur (TP),9607,6184,1,64.36973040491308,Small,51.74374613305107,64.36973040491308,55.53154141460968,6799
33,608,Konganapuram (TP),9286,6027,1,64.90415679517554,Small,51.50545148134869,64.90415679517554,55.525063075496746,6800
21,388,Sheragada (CT),6653,4681,1,70.35923643469111,Small,49.16744032351394,70.35923643469111,55.52497915686709,6801
6,82,Sunari Kalan (101) (CT),7506,5133,1,68.38529176658673,Small,50.01329463533608,68.38529176658673,55.52489377471127,6802
33,609,Pattinam (TP),8912,5844,1,65.57450628366249,Small,51.217197224601875,65.57450628366249,55.524389942320056,6803
19,341,Ekabbarpur (CT),5187,3860,1,74.41681125891652,Small,47.4221938474438,74.41681125891652,55.52057907088562,6804
19,338,Tisa (CT),4882,3681,1,75.3994264645637,Small,46.99730586832117,75.3994264645637,55.51794204719393,6805
27,520,Dhatau (CT),5066,3789,1,74.79273588630083,Small,47.25669909271632,74.79273588630083,55.51751013079166,6806
23,462,Rampur Naikin (NP),11936,7253,1,60.76575067024129,Small,53.26582667805536,60.76575067024129,55.51580387571114,6807
7,97,Kair (CT),4074,3192,1,78.35051546391753,Small,45.72878788896666,78.35051546391753,55.51530616145192,6808
22,401,Govindpur (CT),4392,3387,1,77.11748633879782,Small,46.25573244383025,77.11748633879782,55.51425861232052,6809
9,140,Buxer (CT),11499,7057,1,61.370553961214014,Small,53.00428306035765,61.370553961214014,55.51416433061455,6810
33,625,Sundarapandiam (TP),8513,5643,1,66.28685539762715,Small,50.89602310613988,66.28685539762715,55.513272793586054,6811
33,606,Mullipattu (CT),4956,3723,1,75.12106537530266,Small,47.10278321135607,75.12106537530266,55.508267860540045,6812
3,53,Amargarh (CT),7339,5041,1,68.68783212971795,Small,49.85552971161091,68.68783212971795,55.50522043704302,6813
19,341,Dihimandalghat (CT),7910,5336,1,67.45891276864728,Small,50.3808875419219,67.45891276864728,55.50429510993951,6814
19,337,Deara (CT),11994,7274,1,60.64699016174754,Small,53.29981770003707,60.64699016174754,55.5039694385502,6815
24,477,Raval (M),19777,10375,1,52.45992819942358,Small,56.806723774923576,52.45992819942358,55.502685102273574,6816
19,328,Dakshin Khagrabari (CT),7469,5108,1,68.38934261614675,Small,49.978645520011746,68.38934261614675,55.501854648852245,6817
21,384,Jorada (Bada) (CT),4428,3407,1,76.94218608852755,Small,46.31296619759121,76.94218608852755,55.50173216487211,6818
33,623,Sakkimangalam (CT),10854,6759,1,62.27197346600332,Small,52.59950219975419,62.27197346600332,55.50124357962892,6819
24,487,Sagbara (CT),4496,3448,1,76.69039145907473,Small,46.41981626606507,76.69039145907473,55.50098882396796,6820
21,384,Kulad (Part) (CT),4256,3302,1,77.58458646616542,Small,46.0351997598434,77.58458646616542,55.50001577174,6821
9,153,Oel Dhakwa (NP),12958,7693,1,59.36872974224418,Small,53.84190273359418,59.36872974224418,55.49995083618917,6822
33,633,Sembianallur (CT),7586,5168,1,68.12549433166359,Small,50.08763147278158,68.12549433166359,55.498990330446176,6823
19,341,Nalpur (CT),6911,4813,1,69.642598755607,Small,49.43420887709499,69.642598755607,55.49672584064859,6824
9,158,Maharajganj (NP),6673,4685,1,70.20830211299265,Small,49.188486815110785,70.20830211299265,55.49443140447534,6825
21,374,O.C.L. (ITS),2397,2084,1,86.94201084689195,Small,42.010411628192045,86.94201084689195,55.48989139380201,6826
28,552,Banumukkala (CT),14307,8255,1,57.69902844761305,Small,54.53635703802573,57.69902844761305,55.48515846090192,6827
22,403,Pusaur (NP),4744,3594,1,75.75885328836425,Small,46.79626371803009,75.75885328836425,55.485040589130335,6828
28,546,Dwarakatirumala (CT),5543,4058,1,73.209453364604,Small,47.88761174236907,73.209453364604,55.48416422903954,6829
9,140,Niwari (NP),9205,5975,1,64.91037479630636,Small,51.444019460890466,64.91037479630636,55.483926061515234,6830
20,354,Panchet (CT),7296,5013,1,68.70888157894737,Small,49.8143264111864,68.70888157894737,55.48269296151469,6831
7,95,NDMC (Part),2891,2424,1,83.84641992390176,Small,43.323980568503465,83.84641992390176,55.48071237512295,6832
24,468,Antarjal (CT),11256,6933,1,61.59381663113006,Small,52.8545139866586,61.59381663113006,55.476304780000035,6833
6,85,Aakera (292) (CT),7110,4913,1,69.0998593530239,Small,49.63325589292214,69.0998593530239,55.473236930952666,6834
7,97,Jaffar Pur Kalan (CT),6573,4626,1,70.37882245549977,Small,49.08261696414322,70.37882245549977,55.47147861155018,6835
19,333,Jot Kamal (CT),7685,5212,1,67.82042940793754,Small,50.17854558416561,67.82042940793754,55.47111073129719,6836
19,335,Andal(Gram) (CT),6177,4410,1,71.39388052452647,Small,48.646933661009314,71.39388052452647,55.47101772006445,6837
27,517,Kharbav (CT),5250,3887,1,74.03809523809524,Small,47.50683884509442,74.03809523809524,55.466215762994665,6838
28,535,Muthangi (CT),8777,5760,1,65.62606813261934,Small,51.110167553987985,65.62606813261934,55.46493772757739,6839
10,216,Majhauli Khetal (CT),6820,4757,1,69.75073313782991,Small,49.34127015395233,69.75073313782991,55.464109049115606,6840
17,298,Umlyngka (CT),7381,5051,1,68.43246172605339,Small,49.895542427272694,68.43246172605339,55.456618216906904,6841
10,226,Tarapur (CT),7450,5085,1,68.25503355704699,Small,49.96078597963155,68.25503355704699,55.449060252856185,6842
21,375,Balagoda (Bolani) (CT),11708,7124,1,60.847283908438676,Small,53.130586730357244,60.847283908438676,55.44559588378168,6843
9,175,Soraon (CT),10624,6633,1,62.43411144578314,Small,52.449317901263385,62.43411144578314,55.444755964619304,6844
5,66,Kaladhungi (NP),7611,5167,1,67.8885823150703,Small,50.11070105650637,67.8885823150703,55.44406543407554,6845
21,387,Birapratappur (CT),4708,3566,1,75.74341546304163,Small,46.74285607962466,75.74341546304163,55.44302389464974,6846
8,104,Bhoogar (CT),7666,5195,1,67.76676232715889,Small,50.16118857289607,67.76676232715889,55.442860699174915,6847
8,111,Ramgarh (CT),7924,5325,1,67.20090863200404,Small,50.393286837941886,67.20090863200404,55.435573376160534,6848
33,621,Keelamanjakudi (CT),6274,4455,1,71.00733184571246,Small,48.75618352435713,71.00733184571246,55.43152802076372,6849
19,343,Samali (CT),7180,4939,1,68.7883008356546,Small,49.70195053704271,68.7883008356546,55.42785562662628,6850
28,541,Garimellapadu (CT),6296,4466,1,70.93392630241424,Small,48.780726833882845,70.93392630241424,55.426686674442266,6851
24,477,Digvijaygram (CT),6161,4392,1,71.28712871287128,Small,48.62874840417647,71.28712871287128,55.42626249678491,6852
19,343,Sirakol (CT),10250,6452,1,62.94634146341463,Small,52.19802214377614,62.94634146341463,55.422517939667685,6853
33,625,Soolakkarai (CT),4990,3728,1,74.70941883767534,Small,47.15071892575644,74.70941883767534,55.41832889933211,6854
33,607,Manalurpet (TP),8523,5621,1,65.95095623606711,Small,50.90425492506413,65.95095623606711,55.418265318365016,6855
27,527,Medha (CT),4678,3544,1,75.75887131252672,Small,46.69803688742053,75.75887131252672,55.41628721495239,6856
20,354,Bhim Kanari (CT),5170,3832,1,74.11992263056094,Small,47.39917699938121,74.11992263056094,55.41540068873513,6857
23,435,Gogapur (CT),7608,5158,1,67.79705573080967,Small,50.10793671021093,67.79705573080967,55.41467241639055,6858
22,405,Chandrapur (NP),7688,5199,1,67.62486992715921,Small,50.181282242048674,67.62486992715921,55.414358547581834,6859
33,625,Amathur (CT),4708,3561,1,75.63721325403569,Small,46.74285607962466,75.63721325403569,55.41116323194797,6860
8,119,Boraj-Kazipura (CT),8780,5745,1,65.43280182232346,Small,51.11256382455166,65.43280182232346,55.408635223883195,6861
24,472,Sathamba (CT),7213,4951,1,68.63995563565784,Small,49.734103233770526,68.63995563565784,55.40585895433672,6862
19,335,Chelad (CT),7471,5085,1,68.06317762013117,Small,49.980522828478676,68.06317762013117,55.40531926597443,6863
22,405,Saragaon (NP),7216,4949,1,68.58370288248337,Small,49.73701890940105,68.58370288248337,55.39102410132574,6864
23,455,Sirgora (CT),7430,5060,1,68.10228802153432,Small,49.94193719597837,68.10228802153432,55.39004244364515,6865
9,138,Phalauda (NP),19908,10347,1,51.974080771549126,Small,56.853019295769215,51.974080771549126,55.38933773850319,6866
15,284,Biate (NT),2277,1991,1,87.43961352657004,Small,41.65040003705294,87.43961352657004,55.38716408390807,6867
24,468,Mirjhapar (CT),7109,4892,1,68.8141792094528,Small,49.632269649233535,68.8141792094528,55.386842517299314,6868
27,517,Vikramgad (CT),5991,4290,1,71.60741111667501,Small,48.43256042834664,71.60741111667501,55.385015634845146,6869
9,175,Bharatganj (NP),16345,9018,1,55.17283572958092,Small,55.470197110344856,55.17283572958092,55.380988696115665,6870
23,435,Makdon (NP),11678,7085,1,60.66963521150882,Small,53.112596249129865,60.66963521150882,55.37970793784355,6871
19,341,Sankrailjala (CT),8812,5752,1,65.27462551066728,Small,51.138073224462,65.27462551066728,55.37903891032357,6872
9,133,Shahbudinpur (CT),25157,12103,1,48.10987001629765,Small,58.49401613574008,48.10987001629765,55.37877229990735,6873
33,608,Mallamooppampatti (CT),10199,6412,1,62.86890871654084,Small,52.16304608256227,62.86890871654084,55.37480487275583,6874
33,610,Ammapettai (TP),9677,6166,1,63.71809445075953,Small,51.79465250629429,63.71809445075953,55.37168508963386,6875
19,341,Naupala (CT),7856,5273,1,67.12067209775967,Small,50.33285526005813,67.12067209775967,55.36920031136859,6876
5,67,Shaktigarh (NP),6309,4461,1,70.70851165002378,Small,48.795189425599325,70.70851165002378,55.369186092926654,6877
27,526,Maindargi (M Cl),12363,7380,1,59.69424896869692,Small,53.512295962633395,59.69424896869692,55.36688186445245,6878
9,163,Derapur (NP),7533,5107,1,67.79503517854772,Small,50.03847151430133,67.79503517854772,55.365440613575245,6879
22,412,Magarlod (NP),6280,4444,1,70.76433121019107,Small,48.76288567753022,70.76433121019107,55.36331933732848,6880
23,424,Orchha (NP),11511,7004,1,60.846147163582664,Small,53.01159683025717,60.846147163582664,55.36196193025481,6881
7,90,Mukhmel Pur (CT),4931,3684,1,74.71101196511863,Small,47.067326134422224,74.71101196511863,55.36043188363114,6882
9,174,Ajhuwa (NP),16936,9234,1,54.522909777987714,Small,55.71926918589957,54.522909777987714,55.36036136352601,6883
22,412,Aamadi (NP),6600,4616,1,69.93939393939394,Small,49.11135970113712,69.93939393939394,55.35976997261416,6884
23,437,Tonk Khurd (NP),7979,5332,1,66.82541671888707,Small,50.441787215546285,66.82541671888707,55.356876066548516,6885
33,628,Kila Ambur (CT),6233,4417,1,70.86475212578213,Small,48.7102132397942,70.86475212578213,55.35657490559058,6886
33,628,Sundarapandiapuram (TP),8987,5830,1,64.87148102815178,Small,51.27595980856001,64.87148102815178,55.35461617443754,6887
27,497,Khandbara (CT),6511,4567,1,70.14283520196591,Small,49.01616583025989,70.14283520196591,55.3541666417717,6888
19,335,Bilpahari (CT),8565,5623,1,65.65090484530064,Small,50.93872343224849,65.65090484530064,55.352377856164125,6889
19,327,Mangarjung Tea Garden (Nagri) (CT),5644,4090,1,72.46633593196314,Small,48.014218319835585,72.46633593196314,55.34985360347385,6890
23,421,Antari (NP),9949,6286,1,63.1822293697859,Small,51.98902510003154,63.1822293697859,55.346986380957844,6891
33,606,Desur (TP),4597,3485,1,75.81031107243855,Small,46.57557445778861,75.81031107243855,55.34599544218359,6892
27,511,Wajegaon (CT),9772,6202,1,63.467048710601716,Small,51.86315391416774,63.467048710601716,55.34432235309793,6893
19,343,Patharberia (CT),4698,3544,1,75.436355896126,Small,46.72794815365241,75.436355896126,55.340470476394486,6894
29,555,Sulebhavi (CT),8503,5589,1,65.72974244384335,Small,50.88778161296384,65.72974244384335,55.34036986222769,6895
9,175,Bihka Urf Pura Mufti (CT),10749,6653,1,61.89412968648247,Small,52.531338552482374,61.89412968648247,55.340175892682396,6896
23,461,Dola (CT),9273,5963,1,64.30497142240914,Small,51.49562820356416,64.30497142240914,55.33843116921764,6897
19,328,Matialihat (CT),4215,3253,1,77.1767497034401,Small,45.96733185961644,77.1767497034401,55.33015721276354,6898
9,160,Sikanderpur (NP),9209,5929,1,64.38266912802692,Small,51.447065805741296,64.38266912802692,55.32774680242698,6899
19,343,Kriparampur (CT),3778,2983,1,78.95712016940179,Small,45.199951984536334,78.95712016940179,55.32710243999597,6900
9,142,Pahasu (NP),20672,10572,1,51.14164086687306,Small,57.11709326931687,51.14164086687306,55.32445754858372,6901
33,610,P.Mettupalayam (TP),9109,5878,1,64.52958612361401,Small,51.370507340826975,64.52958612361401,55.318230975663084,6902
3,37,Dhin (CT),5961,4260,1,71.46451937594364,Small,48.39736199873909,71.46451937594364,55.31750921190046,6903
10,207,Ghoghardiha (NP),18257,9703,1,53.146738237388405,Small,56.245941255376955,53.146738237388405,55.31618034998039,6904
21,398,Boriguma (CT),9785,6198,1,63.341849770056214,Small,51.87247595803469,63.341849770056214,55.31328810164115,6905
19,332,Alipur (CT),17347,9362,1,53.968985991814144,Small,55.88740988378416,53.968985991814144,55.31188271619315,6906
20,362,Rasikpur (CT),8320,5490,1,65.98557692307693,Small,50.735226237054675,65.98557692307693,55.31033144286135,6907
29,571,Adityapatna (CT),2623,2226,1,84.86465878764773,Small,42.64200786801758,84.86465878764773,55.308803143906616,6908
33,609,Periyamanali (CT),6878,4752,1,69.0898517010759,Small,49.40064799376723,69.0898517010759,55.307409105959835,6909
19,343,Poali (CT),8657,5655,1,65.32286011320319,Small,51.01363904110473,65.32286011320319,55.30640536273427,6910
21,382,Kabatabandha (CT),4080,3167,1,77.62254901960785,Small,45.73910572172989,77.62254901960785,55.30413871109327,6911
9,196,Sakaldiha (CT),7394,5020,1,67.89288612388424,Small,49.90788118860335,67.89288612388424,55.30338266918761,6912
33,632,Koil palayam (CT),5025,3729,1,74.20895522388061,Small,47.19972461600502,74.20895522388061,55.30249379836769,6913
9,178,Jalalpur Dehat (CT),6376,4483,1,70.31053952321204,Small,48.869258048958244,70.31053952321204,55.30164249123438,6914
19,338,Jaykrishnapur (CT),5180,3818,1,73.70656370656371,Small,47.41272546908297,73.70656370656371,55.300876940327186,6915
9,196,Madiya (CT),7891,5272,1,66.81029020402991,Small,50.36402478254812,66.81029020402991,55.29790440899266,6916
28,539,Kondamallapalle (CT),9683,6144,1,63.45140968708045,Small,51.798998763474835,63.45140968708045,55.294722040556515,6917
9,197,Kotwa (CT),20219,10393,2,51.40214649587021,Small,56.96171818834003,51.40214649587021,55.29384668059908,6918
9,190,Gauri Bazar (NP),6468,4530,1,70.03710575139146,Small,48.969706144625405,70.03710575139146,55.28992602665522,6919
9,170,Bisanda Buzurg (NP),11611,7020,1,60.459908707260354,Small,53.07225008620342,60.459908707260354,55.288547672520494,6920
20,361,Hesla (CT),4451,3389,1,76.14019321500787,Small,46.34928916404429,76.14019321500787,55.286560379333366,6921
19,329,Chhota Laukuthi (CT),5480,3986,1,72.73722627737226,Small,47.807465890181795,72.73722627737226,55.286394006338924,6922
22,401,Shivnandanpur Alias Omkarbahara (CT),6567,4581,1,69.75788031064413,Small,49.07621365911485,69.75788031064413,55.28071365457363,6923
19,327,Kharibari (CT),6660,4630,1,69.51951951951952,Small,49.17481378272186,69.51951951951952,55.27822550376115,6924
3,35,Tharial (CT),5081,3757,1,73.94213737453256,Small,47.27742830005466,73.94213737453256,55.27684102239803,6925
9,138,Lawar (NP),22024,10997,1,49.931892480929896,Small,57.56134460199098,49.931892480929896,55.27250896567265,6926
21,395,Mukhiguda (CT),6155,4356,1,70.77173030056865,Small,48.621916756547684,70.77173030056865,55.26686081975397,6927
9,177,Gaddoo Pur (CT),6478,4530,1,69.9289904291448,Small,48.98053822236814,69.9289904291448,55.26507388440113,6928
8,128,Kawai (CT),9487,6042,1,63.687150837988824,Small,51.655608997984004,63.687150837988824,55.26507154998545,6929
33,627,Manthithoppu (CT),6143,4349,1,70.79602799934885,Small,48.60823346296473,70.79602799934885,55.26457182387996,6930
33,625,S.Kodikulam (TP),12713,7486,1,58.88460630850311,Small,53.70805315117557,58.88460630850311,55.26101909837383,6931
32,588,Shiriya (CT),5277,3866,1,73.26132272124313,Small,47.542804830451715,73.26132272124313,55.25836019768914,6932
23,455,Ambada (CT),6282,4423,1,70.4075135307227,Small,48.765118305927416,70.4075135307227,55.257836873365996,6933
20,361,Mandu (CT),10223,6383,1,62.43764061430108,Small,52.179527137707105,62.43764061430108,55.256961180685295,6934
23,424,Lidhora Khas (NP),12974,7594,1,58.53244951441344,Small,53.850555697735246,58.53244951441344,55.2551238427387,6935
21,384,Budhapanka (CT),6129,4339,1,70.79458312938489,Small,48.5922358024,70.79458312938489,55.25294000049546,6936
9,145,Birjapur (CT),8862,5739,1,64.75964793500339,Small,51.17774681826409,64.75964793500339,55.25231715328588,6937
19,337,Itinda (CT),8679,5650,1,65.09966586012213,Small,51.031435692275586,65.09966586012213,55.25190474262955,6938
33,605,Kilmanavur (CT),5145,3789,1,73.64431486880466,Small,47.365190862606255,73.64431486880466,55.24892806446577,6939
33,605,SuPallipattu (CT),4998,3704,1,74.10964385754302,Small,47.16195045686416,74.10964385754302,55.24625847706781,6940
9,192,Amila (NP),5234,3839,1,73.34734428735193,Small,47.48543829982292,73.34734428735193,55.244010096081624,6941
14,278,Luwangsangbam (CT),3458,2770,1,80.1041064198959,Small,44.57947029103826,80.1041064198959,55.236861129695555,6942
9,143,Ashrafpur Jalal (CT),11785,7076,1,60.04242681374629,Small,53.17655214724972,60.04242681374629,55.23631454719869,6943
27,526,Dudhani (M Cl),11214,6824,1,60.852505796326014,Small,52.82830064170716,60.852505796326014,55.235562188092814,6944
23,445,Kothri (NP),10526,6513,1,61.875356260687816,Small,52.38433604426095,61.875356260687816,55.231642109189,6945
33,610,Vadugapatti (TP),9657,6111,1,63.280521901211564,Small,51.780145497115136,63.280521901211564,55.23025841834406,6946
23,442,Talen (NP),10582,6537,1,61.774711774711776,Small,52.42154223302761,61.774711774711776,55.22749309553285,6947
9,197,Jalal Patti (CT),6033,4281,1,70.95972153157632,Small,48.481543298530575,70.95972153157632,55.2249967684443,6948
9,166,Erich (NP),9531,6050,1,63.47707480851956,Small,51.68805471016361,63.47707480851956,55.22476073967039,6949
22,409,Nawagarh (NP),10541,6517,1,61.82525377098948,Small,52.39432135954098,61.82525377098948,55.22360108297553,6950
9,145,Bakalpur Mathura (CT),14455,8190,1,56.65859564164649,Small,54.60852270678935,56.65859564164649,55.22354458724649,6951
33,612,Ayyalur (TP),17100,9218,1,53.906432748538016,Small,55.786845974218735,53.906432748538016,55.222722006514516,6952
18,305,Chota Haibor (CT),6315,4433,1,70.19794140934283,Small,48.80185442125675,70.19794140934283,55.22068051768257,6953
19,343,Chandpur (M) (CT),6777,4679,1,69.0423491220304,Small,49.29692182074519,69.0423491220304,55.22055001113075,6954
18,316,Tupkhana Pt I (CT),4640,3491,1,75.23706896551724,Small,46.64085157955337,75.23706896551724,55.219716795342535,6955
22,410,Tundra (NP),8211,5410,1,65.8872244549994,Small,50.642757378355554,65.8872244549994,55.216097501348706,6956
2,23,Chuari Khas (NP),3770,2964,1,78.62068965517241,Small,45.185090658208686,78.62068965517241,55.2157703572978,6957
19,341,Naul (CT),5865,4187,1,71.38959931798806,Small,48.28352489796342,71.38959931798806,55.21534722397081,6958
19,337,Chandapur Champagachhi (CT),6431,4494,1,69.88026745451718,Small,48.929481342879704,69.88026745451718,55.21471717637094,6959
18,305,Pub - Dhaniram Pather (CT),6280,4412,1,70.2547770700637,Small,48.76288567753022,70.2547770700637,55.21045309529026,6960
9,145,Radhakund (NP),7511,5056,1,67.31460524563973,Small,50.01796384500079,67.31460524563973,55.206956265192474,6961
9,134,Jalalabad (NP),20360,10383,1,50.99705304518663,Small,57.01044999228089,50.99705304518663,55.206430908152605,6962
24,469,Nava Bhildi (CT),4994,3695,1,73.98878654385263,Small,47.15633693986533,73.98878654385263,55.206071821061514,6963
19,333,Dafarpur (CT),16587,9014,1,54.34376318803883,Small,55.57325780705864,54.34376318803883,55.20440942135269,6964
27,520,Vadghar (CT),7341,4968,1,67.6747037188394,Small,49.857440264881504,67.6747037188394,55.202619301068864,6965
5,67,Bandiya (CT),11392,6889,1,60.47226123595506,Small,52.938729149744,60.47226123595506,55.19878877560731,6966
7,90,Bankauli (CT),5339,3890,1,72.86008615845664,Small,47.624701883980684,72.86008615845664,55.19531716632346,6967
19,329,Bhangri Pratham Khanda (CT),4379,3332,1,76.09043160538937,Small,46.234949363629916,76.09043160538937,55.19159403615775,6968
10,226,Gazipur (CT),11299,6845,1,60.58058235242056,Small,52.88125033031481,60.58058235242056,55.19104993694654,6969
3,36,Chachoki (CT),4307,3287,1,76.31762247504064,Small,46.118714342333405,76.31762247504064,55.17838678214557,6970
23,425,Ghuwara (NP),13301,7697,1,57.867829486504775,Small,54.02510124101438,57.867829486504775,55.1779197146615,6971
19,341,Ula (CT),6738,4648,1,68.98189373701396,Small,49.256454926812864,68.98189373701396,55.17408656987318,6972
23,437,Satwas (NP),14108,8025,1,56.882619790189956,Small,54.438137854133274,56.882619790189956,55.17148243495028,6973
33,608,Kondappanaickenpatti (CT),6892,4727,1,68.58676726639582,Small,49.41490556479935,68.58676726639582,55.166464075278284,6974
9,181,Ikauna (NP),14869,8327,1,56.002421144663394,Small,54.806534354143835,56.002421144663394,55.165300391299695,6975
9,184,Shohratgarh (NP),9326,5934,1,63.62856530130817,Small,51.53559093135792,63.62856530130817,55.16348324234299,6976
23,439,Hatod (NP),10425,6443,1,61.80335731414868,Small,52.31672885243336,61.80335731414868,55.16271739094795,6977
23,462,Majhauli (NP),11892,7093,1,59.645139589640095,Small,53.23993003323378,59.645139589640095,55.16149290015568,6978
5,68,Bangherimahabatpur (Must) (CT),8583,5577,1,64.97728067109402,Small,50.953443944155715,64.97728067109402,55.160594962237205,6979
1,1,Drug Mulla (CT),12930,7534,1,58.26759474091261,Small,53.826734307393146,58.26759474091261,55.15899243744899,6980
19,341,Ghoraberia (CT),4612,3465,1,75.13009540329575,Small,46.59841462259862,75.13009540329575,55.157918856807754,6981
19,335,Palashban (CT),4811,3580,1,74.41280399085429,Small,46.894591151736705,74.41280399085429,55.15005500347198,6982
23,432,Diken (NP),7951,5263,1,66.19293170670356,Small,50.417138031165344,66.19293170670356,55.14987613382681,6983
24,487,Selamba (CT),6717,4631,1,68.94446925710884,Small,49.23456795051705,68.94446925710884,55.14753834249458,6984
6,89,Hassan Pur (MC),11569,6947,1,60.04840522084882,Small,53.04683958467733,60.04840522084882,55.14730927552877,6985
19,343,Krishna Chandrapur (CT),8146,5359,1,65.78688927080776,Small,50.587029403337425,65.78688927080776,55.146987363578525,6986
33,605,Jaffrabad (CT),8121,5346,1,65.82933136313261,Small,50.565477091406386,65.82933136313261,55.14463337292425,6987
9,197,Chandpur (CT),6427,4476,1,69.64369067994399,Small,48.92511886327628,69.64369067994399,55.14069040827658,6988
3,37,Khambra (CT),5483,3959,1,72.20499726427138,Small,47.81130320121398,72.20499726427138,55.1294114201312,6989
9,135,Bhojpur Dharampur (NP),31305,13680,1,43.69908960229995,Small,60.027226512271795,43.69908960229995,55.128785439280236,6990
7,92,Tukhmir Pur (CT),5658,4056,1,71.68610816542949,Small,48.03158874632291,71.68610816542949,55.12794457205487,6991
24,481,Songadh (CT),6027,4258,1,70.64874730379957,Small,48.474566658190916,70.64874730379957,55.126820851873504,6992
19,341,Natibpur (CT),7212,4881,1,67.67886855241264,Small,49.73313107244141,67.67886855241264,55.11685231643277,6993
33,608,Papparapatti (CT),9592,6044,1,63.01084236864053,Small,51.73278938002323,63.01084236864053,55.11620527660841,6994
13,271,Peren (TC),5084,3731,1,73.38709677419355,Small,47.281566798691344,73.38709677419355,55.113225791342,6995
33,624,Kuchanur (TP),7024,4783,1,68.09510250569475,Small,49.54792787735244,68.09510250569475,55.11208026585513,6996
19,343,Berandari Bagaria (CT),10748,6570,1,61.127651656122076,Small,52.530686179279776,61.127651656122076,55.109775822332466,6997
23,454,Pindrai (CT),4755,3540,1,74.44794952681389,Small,46.81250191981236,74.44794952681389,55.10313620191282,6998
9,157,Gosainganj (NP),9649,6066,1,62.86661830241476,Small,51.77433428009617,62.86661830241476,55.10201948679174,6999
19,343,Tulshighata (CT),4366,3311,1,75.83600549702244,Small,46.21410450671988,75.83600549702244,55.10067480381065,7000
23,434,Badawada (NP),8700,5616,1,64.55172413793103,Small,51.04838137688779,64.55172413793103,55.09938420520076,7001
28,532,Devapur (CT),9683,6079,1,62.780130124961275,Small,51.798998763474835,62.780130124961275,55.09333817192076,7002
19,332,Aiho (CT),5898,4181,1,70.88843675822312,Small,48.32286518461153,70.88843675822312,55.092536656695,7003
9,165,Kotra (NP),8390,5463,1,65.11323003575686,Small,50.79397334959144,65.11323003575686,55.08975035544106,7004
9,150,Dhaura Tanda (NP),23727,11412,1,48.09710456442028,Small,58.08363270037328,48.09710456442028,55.087674259587374,7005
9,174,Mahmudpur Taluka Madpur Sult (CT),5065,3715,1,73.34649555774926,Small,47.255314964470166,73.34649555774926,55.082669142453895,7006
18,302,Thekashu Pt-I (CT),4384,3319,1,75.70711678832117,Small,46.24295014685526,75.70711678832117,55.082200139295026,7007
27,521,Yewalewadi (CT),7685,5112,1,66.5191932335719,Small,50.17854558416561,66.5191932335719,55.0807398789875,7008
9,144,Purdilnagar (NP),21885,10806,1,49.37628512679918,Small,57.516947226700324,49.37628512679918,55.074748596729975,7009
23,442,Boda (NP),9886,6166,1,62.371029739024884,Small,51.94448200513191,62.371029739024884,55.0724463252998,7010
22,405,Jaijepur (NP),7946,5238,1,65.91995972816511,Small,50.412727259439116,65.91995972816511,55.06489700005692,7011
22,409,Than-Khamharia (NP),8373,5447,1,65.05434133524423,Small,50.77975137543358,65.05434133524423,55.06212836337677,7012
27,516,Samangaon (CT),5156,3763,1,72.98293250581847,Small,47.38016505893929,72.98293250581847,55.060995293003046,7013
19,335,Bamunara (CT),6665,4584,1,68.77719429857464,Small,49.18007579672756,68.77719429857464,55.05921134728168,7014
19,337,Basina (CT),5413,3907,1,72.17808978385368,Small,47.72121423945194,72.17808978385368,55.05827690277246,7015
33,625,V.Pudupatti (TP),8316,5418,1,65.15151515151516,Small,50.73185434818753,65.15151515151516,55.05775258918582,7016
20,358,Chain Pur (CT),8188,5355,1,65.40058622374207,Small,50.62308883647788,65.40058622374207,55.05633805265713,7017
9,153,Lalhapur (CT),10784,6566,1,60.88649851632047,Small,52.554133464661014,60.88649851632047,55.05384298015885,7018
20,360,Konra (CT),8258,5387,1,65.23371276338096,Small,50.6827788857549,65.23371276338096,55.04805904904271,7019
6,76,Badh Malak (68) (CT),6938,4723,1,68.07437301816086,Small,49.46154881712898,68.07437301816086,55.04539607743854,7020
18,304,Bhuragaon (Rev.) Town (CT),9845,6138,1,62.3463687150838,Small,51.91534091873533,62.3463687150838,55.044649257639875,7021
21,386,Kaipadar (CT),4512,3389,1,75.11081560283688,Small,46.44472261228593,75.11081560283688,55.04455050945121,7022
33,605,Vanapadi (CT),5334,3860,1,72.36595425571804,Small,47.61813262285734,72.36595425571804,55.04247911271554,7023
28,532,Thallapalle (CT),9656,6050,1,62.65534382767191,Small,51.77941935828597,62.65534382767191,55.04219669910175,7024
9,140,Abupur (CT),6247,4359,1,69.77749319673443,Small,48.72594431517932,69.77749319673443,55.04140897964585,7025
22,417,Bhopalpattanam (NP),4445,3348,1,75.32058492688414,Small,46.3398317307345,75.32058492688414,55.03405768957939,7026
8,110,Akedadoongar (CT),9062,5769,1,63.661443389980136,Small,51.334234082204965,63.661443389980136,55.03239687453751,7027
22,410,Palari (NP),8567,5532,1,64.57336290416715,Small,50.94036057144966,64.57336290416715,55.030261271264905,7028
9,201,Marehra (NPP),19542,9981,1,51.07460853546208,Small,56.72290084217515,51.07460853546208,55.02841315016123,7029
9,140,Sikri Kalan (CT),7037,4769,1,67.77035668608782,Small,49.56089309679927,67.77035668608782,55.023732173585834,7030
19,335,Mirzapur (CT),7733,5120,1,66.20975042027673,Small,50.222204469064735,66.20975042027673,55.018468254428335,7031
20,354,Muraidih (CT),6360,4414,1,69.40251572327044,Small,48.85164099278133,69.40251572327044,55.016903411928055,7032
9,137,Ujhari (NP),24488,11588,1,47.321136883371445,Small,58.305010929083835,47.321136883371445,55.00984871537011,7033
14,276,Samurou (NP) (Minor part),5861,4144,1,70.7046579082068,Small,48.27874134679816,70.7046579082068,55.00651631522074,7034
18,303,Khaira Bari (CT),10210,6287,1,61.57688540646426,Small,52.170604707869,61.57688540646426,54.992488917447574,7035
15,284,Khawhai (NT),2496,2112,1,84.61538461538461,Small,42.29410951192708,84.61538461538461,54.990492042964334,7036
9,145,Bajna (NP),8991,5722,1,63.64141919697476,Small,51.27908002473445,63.64141919697476,54.98778177640654,7037
8,99,1 GB-A (CT),7297,4893,1,67.05495409072222,Small,49.81528738216923,67.05495409072222,54.98718739473513,7038
19,336,Gangni (CT),5532,3960,1,71.58351409978309,Small,47.87368386145245,71.58351409978309,54.986632932951636,7039
19,338,Namajgram (CT),7252,4869,1,67.14009928295643,Small,49.77191278740868,67.14009928295643,54.982368736073,7040
23,428,Narsinghgarh (CT),6735,4602,1,68.32962138084633,Small,49.25333239507905,68.32962138084633,54.97621909080924,7041
18,322,Chandrapur Baghicha (CT),5106,3720,1,72.85546415981199,Small,47.31184139166902,72.85546415981199,54.97492822211191,7042
27,509,Nandgaon Pode (CT),3836,2974,1,77.52867570385818,Small,45.30676491417684,77.52867570385818,54.973338151081236,7043
22,404,Durena (CT),5892,4154,1,70.50237610319077,Small,48.31572880095326,70.50237610319077,54.9717229916245,7044
24,486,GSFC Complex (INA),2242,1935,1,86.30686886708297,Small,41.54181834965697,86.30686886708297,54.97133350488477,7045
9,178,Ashrafpur Kichhauchha (NP),15838,8603,1,54.31872711200909,Small,55.24924164649983,54.31872711200909,54.970087286152605,7046
3,44,Bariwala (NP),8668,5563,1,64.17858790955238,Small,51.02254301218604,64.17858790955238,54.969356481395934,7047
33,608,Vellakkalpatty (CT),5475,3925,1,71.68949771689498,Small,47.801065701970515,71.68949771689498,54.967595306447855,7048
9,172,Bahuwa (NP),11031,6642,1,60.21212945335872,Small,52.71292774325609,60.21212945335872,54.96268825628688,7049
33,633,Manickapuram (CT),6215,4325,1,69.58970233306516,Small,48.68993558016279,69.58970233306516,54.959865606033496,7050
28,535,Isnapur (CT),8276,5369,1,64.87433542774286,Small,50.698045987001926,64.87433542774286,54.95093281922421,7051
20,354,Rajbhita Alias Rajganj (CT),8820,5630,1,63.832199546485256,Small,51.144436101828404,63.832199546485256,54.95076513522545,7052
23,437,Kantaphod (NP),10405,6359,1,61.11484863046612,Small,52.30326362990857,61.11484863046612,54.94673913007583,7053
27,515,Anantpur (CT),6166,4296,1,69.67239701589361,Small,48.63443636436854,69.67239701589361,54.94582455982605,7054
19,343,Baneshwarpur (CT),4741,3507,1,73.97173592069184,Small,46.79182858407621,73.97173592069184,54.9458007850609,7055
18,317,Mosli Pt I (CT),5087,3704,1,72.81305287988992,Small,47.2857028564558,72.81305287988992,54.94390786348603,7056
19,341,Nabghara (CT),5875,4139,1,70.45106382978723,Small,48.2954695197174,70.45106382978723,54.94214781273835,7057
21,392,Subalaya (CT),5072,3695,1,72.85094637223975,Small,47.26499813005926,72.85094637223975,54.9407826027134,7058
8,103,Islampur (CT),10247,6286,1,61.34478383917244,Small,52.19596955024873,61.34478383917244,54.94061383692585,7059
27,515,Harsul (CT),4979,3642,1,73.1472183169311,Small,47.13524613979837,73.1472183169311,54.93883779293819,7060
19,341,Gabberia (CT),5823,4110,1,70.58217413704277,Small,48.23313412495341,70.58217413704277,54.93784612858021,7061
20,369,Kandra (CT),8157,5307,1,65.06068407502758,Small,50.59649147691029,65.06068407502758,54.935749256345474,7062
19,327,Chongtong Tea Garden (CT),5802,4098,1,70.63081695966909,Small,48.20780230064821,70.63081695966909,54.934706698354475,7063
9,153,Mailani (NP),13416,7635,1,56.909660107334524,Small,54.08546756008202,56.909660107334524,54.93272532425777,7064
20,368,Jhinkpani (CT),13068,7490,1,57.315580042852766,Small,53.901177362736384,57.315580042852766,54.92549816677129,7065
9,176,Zaidpur (NP),34443,14270,1,41.430769677438086,Small,60.697113628373664,41.430769677438086,54.91721044309299,7066
33,607,Ananthapuram (TP),6892,4669,1,67.74521183981427,Small,49.41490556479935,67.74521183981427,54.91399744730382,7067
19,335,Chinchuria (CT),6617,4525,1,68.38446425872752,Small,49.12939672712096,68.38446425872752,54.90591698660293,7068
9,163,Amraudha (NP),10436,6358,1,60.92372556535071,Small,52.32412371896721,60.92372556535071,54.904004272882254,7069
19,332,Sahapur (CT),9906,6119,1,61.77064405410862,Small,51.95865334619043,61.77064405410862,54.90225055856589,7070
33,631,Venkatapuram (CT),7430,4938,1,66.46029609690444,Small,49.94193719597837,66.46029609690444,54.89744486625619,7071
19,335,Piarinagar (CT),3678,2867,1,77.9499728113105,Small,45.01188263505987,77.9499728113105,54.89330968793506,7072
19,343,Masat (CT),5839,4110,1,70.38876519952046,Small,48.252373329713016,70.38876519952046,54.89329089065525,7073
23,432,Khor (CT),5683,4025,1,70.82526834418441,Small,48.06250074972314,70.82526834418441,54.891331028061515,7074
19,343,Naridana (CT),4277,3228,1,75.47346270750526,Small,46.06970865208484,75.47346270750526,54.89083486871097,7075
18,322,Sonapur Gaon (CT),5771,4072,1,70.55969502685842,Small,48.170239660891376,70.55969502685842,54.88707627068149,7076
28,540,Shivunipalle (CT),6242,4324,1,69.27266901634091,Small,48.720330124073016,69.27266901634091,54.88603179175338,7077
9,200,Ghorawal (NP),7291,4864,1,66.71238513235495,Small,49.809519580004746,66.71238513235495,54.880379245709804,7078
19,341,Kusadanga (CT),5434,3886,1,71.5126978284873,Small,47.74836265578319,71.5126978284873,54.87766320759442,7079
21,371,Bundia (CT),4304,3242,1,75.32527881040892,Small,46.113829155276676,75.32527881040892,54.87726405181635,7080
18,316,Irongmara (CT),7685,5059,1,65.8295380611581,Small,50.17854558416561,65.8295380611581,54.87384332726336,7081
12,252,Yingkiong (NT),6540,4477,1,68.45565749235473,Small,49.047326210396704,68.45565749235473,54.86982559498411,7082
22,409,Arjunda (NP),4851,3557,1,73.3250876108019,Small,46.95264351749568,73.3250876108019,54.86437674548755,7083
33,629,Manakudi (CT),4083,3108,1,76.12049963262308,Small,45.74425895091683,76.12049963262308,54.8571311554287,7084
33,633,Iduvai (CT),8006,5212,1,65.10117411941044,Small,50.46547429816357,65.10117411941044,54.85618424453763,7085
9,191,Mahrajganj (NP),6735,4575,1,67.92873051224944,Small,49.25333239507905,67.92873051224944,54.85595183023017,7086
23,441,Pipri (CT),6821,4619,1,67.71734349802082,Small,49.34229818088905,67.71734349802082,54.85481177602858,7087
19,336,Priyanagar (CT),5763,4061,1,70.4667707791081,Small,48.16051332682686,70.4667707791081,54.852390562511225,7088
14,277,Sekmai Bazar (NP),5065,3676,1,72.57650542941757,Small,47.255314964470166,72.57650542941757,54.851672103954385,7089
9,200,Churk Ghurma (NP),6883,4650,1,67.55775098067703,Small,49.40574331168109,67.55775098067703,54.85134561237987,7090
19,335,Haripur (CT),5910,4140,1,70.05076142131979,Small,48.33711620201993,70.05076142131979,54.851209767809884,7091
22,403,Baramkela (NP),5600,3972,1,70.92857142857143,Small,47.959343742768304,70.92857142857143,54.850112048509246,7092
19,338,Bargachhia (CT),4566,3391,1,74.26631625054753,Small,46.52813439518369,74.26631625054753,54.84958895179284,7093
19,341,Jallabad (CT),5381,3851,1,71.56662330421855,Small,47.67964206443327,71.56662330421855,54.84573643636885,7094
9,155,Kursath (NP),5924,4146,1,69.9864956110736,Small,48.353705868477405,69.9864956110736,54.843542791256255,7095
19,328,Telipara Tea Garden (D) (CT),11535,6814,1,59.07238838318162,Small,53.02620152641337,59.07238838318162,54.84005758344384,7096
9,190,Rampur Karkhana (NP),9943,6115,1,61.50055315297194,Small,51.98479506929928,61.50055315297194,54.83952249440108,7097
19,327,Shyamdhan (CT),5192,3745,1,72.13020030816641,Small,47.42894915644932,72.13020030816641,54.83932450196444,7098
19,330,Itahar (CT),6022,4196,1,69.6778478910661,Small,48.46874748456322,69.6778478910661,54.83147760651408,7099
6,85,Rampura (132) (CT),5954,4159,1,69.85220020154517,Small,48.389123548491526,69.85220020154517,54.82804654440761,7100
23,437,Pipalrawan (NP),9652,5979,1,61.945710733526724,Small,51.77651405084458,61.945710733526724,54.82727305564922,7101
10,221,Mathurapur (CT),7627,5018,1,65.79257899567327,Small,50.12542586136277,65.79257899567327,54.82557180165592,7102
19,335,Kendra Khottamdi (CT) (Part),10750,6469,2,60.17674418604651,Small,52.53199086500192,60.17674418604651,54.8254168613153,7103
28,554,Cherlopalle (CT),6143,4258,1,69.3146671007651,Small,48.60823346296473,69.3146671007651,54.82016355430484,7104
9,166,Tondi Fatehpur (NP),11855,6941,1,58.54913538591312,Small,53.218079043114074,58.54913538591312,54.817395945953784,7105
1,14,Mattan (MC),9246,5788,1,62.60004326195111,Small,51.47518193727062,62.60004326195111,54.81264033467476,7106
9,144,Mursan (NP),13637,7665,1,56.20737698907384,Small,54.200036994153024,56.20737698907384,54.80223899262926,7107
22,409,Saja (NP),5257,3774,1,71.78999429332319,Small,47.516181086490256,71.78999429332319,54.798325048540136,7108
9,156,Mohan (NP),15071,8220,1,54.54183531285249,Small,54.90115622377697,54.54183531285249,54.79335995049962,7109
5,64,Dwarahat (NP),2749,2264,1,82.35722080756639,Small,42.97091012642908,82.35722080756639,54.78680333077027,7110
33,633,Chinnakkampalayam (TP),11546,6797,1,58.86887233674,Small,53.03288519395563,58.86887233674,54.783681336790934,7111
3,39,Khothran (CT),5046,3653,1,72.39397542608006,Small,47.22896448770539,72.39397542608006,54.77846776921779,7112
15,282,Bairabi (NT),4320,3237,1,74.93055555555556,Small,46.1398442492854,74.93055555555556,54.77705764116645,7113
22,413,Narharpur (NP),4509,3347,1,74.22931913949878,Small,46.44005940537377,74.22931913949878,54.77683732561127,7114
24,486,Nandesari (INA),3679,2853,1,77.54824680619734,Small,45.0137885151467,77.54824680619734,54.77412600246189,7115
20,354,Sahnidih (CT),6777,4578,1,67.55201416555998,Small,49.29692182074519,67.55201416555998,54.77344952418962,7116
19,341,Halyan (CT),6637,4505,1,67.87705288533976,Small,49.15055753296708,67.87705288533976,54.76850613867889,7117
19,333,Giria (CT),17131,8968,1,52.34954176638842,Small,55.799546778544965,52.34954176638842,54.764545274898,7118
19,333,Barua (P) (CT),8852,5589,1,63.13827383642114,Small,51.169830035151506,63.13827383642114,54.76036317553239,7119
5,67,Sultanpur (NP),9881,6058,1,61.30958405019735,Small,51.94093469070737,61.30958405019735,54.75152949855436,7120
9,152,Katra (NP),32440,13573,1,41.840320591861904,Small,60.27697127010951,41.840320591861904,54.74597606663522,7121
20,354,Dumra (CT),6772,4569,1,67.46898995865328,Small,49.29174678860396,67.46898995865328,54.74491973961875,7122
22,416,Konta (NP),7038,4704,1,66.83716965046888,Small,49.56188942922068,66.83716965046888,54.74447349559513,7123
19,335,Sirsha (CT),4600,3394,1,73.78260869565217,Small,46.580148445820974,73.78260869565217,54.74088652077033,7124
9,145,Pali Khera (CT),8632,5480,1,63.48470806302131,Small,50.99336059965282,63.48470806302131,54.74076483866337,7125
3,54,Handiaya (NP),12507,7181,1,57.41584712560965,Small,53.593498763323254,57.41584712560965,54.74020327200917,7126
8,107,Sapotra (CT),6716,4539,1,67.58487194758786,Small,49.23352400771849,67.58487194758786,54.7389283896793,7127
1,8,Watra Gam (MC),7015,4691,1,66.87099073414112,Small,49.53893789369449,66.87099073414112,54.73855374582847,7128
23,431,Mahura (CT),4664,3430,1,73.54202401372213,Small,46.67702283053396,73.54202401372213,54.736523185490405,7129
33,610,Kuhalur (TP),11753,6865,1,58.410618565472646,Small,53.157486209969164,58.410618565472646,54.733425916620206,7130
10,215,Padri (CT),7566,4964,1,65.60930478456251,Small,50.06912100740486,65.60930478456251,54.73117614055215,7131
18,301,Jhagra Pt.III (CT),8838,5573,1,63.057252772120385,Small,51.15873150239081,63.057252772120385,54.728287883309676,7132
9,146,Patholi (CT),7884,5118,1,64.91628614916286,Small,50.357801951417294,64.91628614916286,54.72534721074096,7133
22,409,Gurur (NP),3775,2905,1,76.95364238410596,Small,45.19438267723924,76.95364238410596,54.72216058929925,7134
9,145,Barsana (NP),11184,6619,1,59.18276108726752,Small,52.80951665082539,59.18276108726752,54.721489981758026,7135
9,140,Faridnagar (NP),12785,7283,1,56.965193586233866,Small,53.74765430527749,56.965193586233866,54.7129160895644,7136
19,343,Benjanhari Acharial (P) (CT),5187,3720,1,71.71775592828224,Small,47.4221938474438,71.71775592828224,54.710862471695336,7137
20,361,Marar (CT),5298,3781,1,71.36655341638354,Small,47.57065140206376,71.36655341638354,54.70942200635969,7138
19,343,Balarampur (CT),5251,3755,1,71.51018853551705,Small,47.508174213228784,71.51018853551705,54.70877850991526,7139
19,335,Alipur (CT),4420,3285,1,74.3212669683258,Small,46.30028789224171,74.3212669683258,54.70658161506694,7140
21,384,F.C.I. Township (CT),1359,1272,1,93.59823399558499,Small,38.03316441029872,93.59823399558499,54.7026852858846,7141
9,151,Barha (CT),10803,6448,1,59.687123947051745,Small,52.566476886161816,59.687123947051745,54.702671004428794,7142
27,505,Isasani (CT),4366,3253,1,74.50755840586349,Small,46.21410450671988,74.50755840586349,54.70214067646296,7143
19,341,Dinga Khola (CT),5271,3764,1,71.40959969645229,Small,47.53482831501012,71.40959969645229,54.69725972944276,7144
2,32,Rajgarh (NP),3083,2472,1,80.18164125851443,Small,43.77475005670225,80.18164125851443,54.6968174172459,7145
27,530,Tamgaon (CT),5223,3737,1,71.54891824621865,Small,47.47068744954244,71.54891824621865,54.694156688545306,7146
27,497,Vadfalya (CT),6093,4205,1,69.01362218939767,Small,48.55093059684054,69.01362218939767,54.689738074607675,7147
10,229,Ekangar Sarai (CT),6672,4505,1,67.52098321342925,Small,49.18743598934478,67.52098321342925,54.68750015657011,7148
33,623,Arumbanur (CT),6148,4233,1,68.85165907612232,Small,48.613938080326676,68.85165907612232,54.68525437906537,7149
9,160,Samdhan (NP),31479,13257,1,42.11379014581149,Small,60.066095382464255,42.11379014581149,54.68040381146842,7150
19,341,Bhandar Gachha (CT),6156,4236,1,68.81091617933723,Small,48.62305582675832,68.81091617933723,54.679413932531986,7151
19,343,Gobindapur (CT),9763,5980,1,61.25166444740346,Small,51.85669292465127,61.25166444740346,54.675184381476925,7152
9,140,Basantpur Saitli (CT),5563,3919,1,70.44760021571095,Small,47.91286450907522,70.44760021571095,54.67328522106594,7153
20,354,Mahlidih (CT),6381,4352,1,68.20247610092463,Small,48.87475431519802,68.20247610092463,54.67307085091599,7154
19,327,Ging Tea Garden (CT),4089,3086,1,75.47077525067255,Small,45.75455406272868,75.47077525067255,54.66942041911184,7155
1,15,Quimoh (MC),13138,7406,1,56.37083269904095,Small,53.93863837989661,56.37083269904095,54.66829667563991,7156
27,509,Padoli (CT),5275,3761,1,71.29857819905213,Small,47.540146999934265,71.29857819905213,54.66767635966963,7157
6,85,Manethi (28) (CT),5070,3647,1,71.93293885601578,Small,47.262232875395526,71.93293885601578,54.663444669581594,7158
9,133,Jalalabad (NP),27921,12290,1,44.01704809999642,Small,59.22501128189278,44.01704809999642,54.662622327323874,7159
3,43,Mudki (NP),10415,6263,1,60.134421507441196,Small,52.30999947303171,60.134421507441196,54.65732608335455,7160
10,224,Puraini (CT),30829,13063,1,42.372441532323464,Small,59.91978143339889,42.372441532323464,54.65557946307626,7161
12,253,Miao (NT),5841,4063,1,69.56000684814244,Small,48.254774523277426,69.56000684814244,54.64634422073692,7162
9,149,Allapur (NP),23985,11140,1,46.445695226183034,Small,58.159471680691965,46.445695226183034,54.64533874433928,7163
9,145,Farah (NP),10412,6257,1,60.09412216673069,Small,52.307979399350344,60.09412216673069,54.64382222956445,7164
33,625,Chatrapatti (CT),6948,4635,1,66.70984455958549,Small,49.471647732665105,66.70984455958549,54.64310678074121,7165
19,335,Harishpur (CT),8980,5613,1,62.50556792873051,Small,51.27049608741386,62.50556792873051,54.64101763980885,7166
3,37,Raipur Rasulpur (CT),3916,2979,1,76.07252298263533,Small,45.45147339136629,76.07252298263533,54.637788268747,7167
19,343,Komarhat (CT),5782,4029,1,69.68177101349015,Small,48.183591381601396,69.68177101349015,54.633045271168015,7168
28,550,Tada Khandrika (CT),6123,4209,1,68.74081332680059,Small,48.585368474542875,68.74081332680059,54.632001930220184,7169
11,241,Mangan (NP),4644,3402,1,73.25581395348837,Small,46.64689309251488,73.25581395348837,54.629569350806925,7170
33,608,Poolampatti (TP),9477,5836,1,61.58066898807639,Small,51.64821398966786,61.58066898807639,54.62795048919041,7171
19,335,Prayagpur (CT),4479,3307,1,73.83344496539405,Small,46.3932559897971,73.83344496539405,54.62531268247618,7172
19,335,Budbud (CT),4558,3348,1,73.45326897762176,Small,46.51583952333157,73.45326897762176,54.59706835961863,7173
20,360,Dari (CT),6405,4348,1,67.88446526151444,Small,48.90107659472174,67.88446526151444,54.59609319475955,7174
9,143,Deosaini (CT),6920,4610,1,66.61849710982659,Small,49.44333403874214,66.61849710982659,54.59588296006747,7175
14,278,Kiyamgei (CT),5336,3781,1,70.85832083958022,Small,47.620761065817774,70.85832083958022,54.5920289979465,7176
8,127,Satalkheri (CT),15617,8321,1,53.281680220272776,Small,55.15070529233762,53.281680220272776,54.58999777071816,7177
23,460,Jaisinghnagar (NP),8233,5249,1,63.755617636341555,Small,50.66151928741861,63.755617636341555,54.58974879209549,7178
19,343,Chak Enayetnagar (CT),6754,4524,1,66.98252887177969,Small,49.273084988227424,66.98252887177969,54.58591815329309,7179
5,68,Landhaura (NP),18370,9296,1,50.60424605334784,Small,56.28920948558375,50.60424605334784,54.58372045591297,7180
19,340,Bandoan (CT),5993,4131,1,68.93041882195895,Small,48.43490072062145,68.93041882195895,54.5835561510227,7181
33,605,Sathkar (CT),8632,5434,1,62.951807228915655,Small,50.99336059965282,62.951807228915655,54.58089458843167,7182
18,314,Dokmoka (TC),5478,3856,1,70.39065352318364,Small,47.80490651579705,70.39065352318364,54.58063061801302,7183
9,145,Chaumuhan (NP),13173,7381,1,56.03127609504289,Small,53.95729411246414,56.03127609504289,54.579488707237765,7184
10,203,Kargahia Purab (CT),9995,6051,1,60.54027013506753,Small,52.021370845121275,60.54027013506753,54.57704063210515,7185
33,608,Sanniyasigundu (CT),7823,5048,1,64.52767480506199,Small,50.30333941656203,64.52767480506199,54.570640033112014,7186
19,336,Ghoralia (CT),5268,3740,1,70.9946848899013,Small,47.53083665240182,70.9946848899013,54.569991123651654,7187
9,201,Raja Ka Rampur (NP),11644,6755,1,58.012710408794234,Small,53.09215108672875,58.012710408794234,54.56831888334839,7188
24,492,Amboli (CT),6137,4201,1,68.45364184454945,Small,48.60138179096258,68.45364184454945,54.55705980703864,7189
9,134,Warhapur (NP),23456,10906,1,46.49556616643929,Small,58.00307918841153,46.49556616643929,54.550825281819854,7190
23,451,Pipariya (CT),5084,3635,1,71.49881982690795,Small,47.281566798691344,71.49881982690795,54.546742707156326,7191
33,612,Keeranur (TP),7200,4738,1,65.80555555555556,Small,49.72145461229462,65.80555555555556,54.5466848952729,7192
9,146,Runkata (CT),15582,8285,1,53.17032473366705,Small,55.13497220021088,53.17032473366705,54.545577960247726,7193
28,533,Soanpet (CT),6820,4547,1,66.67155425219941,Small,49.34127015395233,66.67155425219941,54.54035538342645,7194
33,606,Peranamallur (TP),5801,4021,1,69.31563523530426,Small,48.20659373782982,69.31563523530426,54.53930618707214,7195
15,281,Zawlnuam (NT),3733,2856,1,76.50683096705063,Small,45.11594436255494,76.50683096705063,54.53321034390365,7196
9,189,Fazi Nagar (CT),6216,4237,1,68.16280566280565,Small,48.691063656371504,68.16280566280565,54.53258625830175,7197
23,445,Jawar (NP),8206,5220,1,63.61199122593224,Small,50.638486298537586,63.61199122593224,54.53053777675598,7198
22,401,Kusmi (NP),7448,4855,1,65.18528464017186,Small,49.95890337942258,65.18528464017186,54.526817757647365,7199
19,330,Nachhratpur Katabari (CT),6011,4129,1,68.6907336549659,Small,48.45592827981366,68.6907336549659,54.52636989235933,7200
19,341,Dakshin Santoshpur (CT),10600,6297,1,59.405660377358494,Small,52.43345956437507,59.405660377358494,54.52511980827009,7201
9,175,Sarai Abdulmalik (CT),4815,3482,1,72.31568016614746,Small,46.90041806169916,72.31568016614746,54.52499669303364,7202
19,335,Panuria (CT),8399,5309,1,63.20990594118348,Small,50.8014909694677,63.20990594118348,54.524015460982426,7203
19,337,Khorddabamonia (CT),5856,4047,1,69.10860655737704,Small,48.27275731559937,69.10860655737704,54.52351208813266,7204
33,610,Olagadam (TP),9958,6016,1,60.413737698333,Small,51.99536536583357,60.413737698333,54.5208770655834,7205
19,335,Sahebganj (CT),4715,3424,1,72.61930010604453,Small,46.75327280305817,72.61930010604453,54.51308099395408,7206
23,438,Dahi (NP),8509,5357,1,62.956869197320486,Small,50.892727671052754,62.956869197320486,54.51197012893307,7207
33,623,A.Vellalapatti (TP),8325,5270,1,63.3033033033033,Small,50.73943881947025,63.3033033033033,54.50859816462017,7208
33,605,Valayambattu (CT),10076,6063,1,60.172687574434306,Small,52.07796733073041,60.172687574434306,54.50638340384158,7209
1,15,Yari Pora (MC),12123,6925,1,57.12282438340345,Small,53.37483284048397,57.12282438340345,54.49923030335981,7210
9,134,Sahanpur (NP),21639,10307,1,47.631591108646425,Small,57.43767786770226,47.631591108646425,54.495851839985505,7211
9,140,Banthla (CT),5766,3993,1,69.25078043704474,Small,48.16416228315046,69.25078043704474,54.49014772931874,7212
10,204,Kesaria (NP),18984,9444,1,49.74715549936789,Small,56.519757555566244,49.74715549936789,54.48797693870674,7213
22,401,Pratappur (NP),5635,3923,1,69.61845607808341,Small,48.00302885347312,69.61845607808341,54.487657020856204,7214
23,442,Suthaliya (NP),10596,6282,1,59.28652321630804,Small,52.43081301816523,59.28652321630804,54.48752607760807,7215
20,355,Bandhgora (CT),7859,5041,1,64.14302074055223,Small,50.335532368598514,64.14302074055223,54.47777888018463,7216
20,355,Bhojudih (CT),7005,4624,1,66.00999286224125,Small,49.52893548758233,66.00999286224125,54.47325269998001,7217
9,150,Deoranian (NP),20815,10031,1,48.191208263271676,Small,57.165434662523474,48.191208263271676,54.47316674274793,7218
8,125,Garhi (CT),5180,3675,1,70.94594594594594,Small,47.41272546908297,70.94594594594594,54.47269161214186,7219
6,85,Ghatal Mahaniawas (291) (CT),6005,4115,1,68.52622814321398,Small,48.44892609676925,68.52622814321398,54.472116710702664,7220
9,186,Bagh Nagar Urf Bakhira (CT),8477,5330,1,62.876017459006725,Small,50.86630829161075,62.876017459006725,54.46922104182954,7221
23,433,Nagri (NP),7034,4637,1,65.92266135911288,Small,49.55790324992543,65.92266135911288,54.46733068268166,7222
33,610,Kasipalayam (G) (TP),9093,5611,1,61.70680743429011,Small,51.358180050047565,61.70680743429011,54.46276826532032,7223
20,364,Ray (CT),6977,4605,1,66.00257990540346,Small,49.50085261243581,66.00257990540346,54.4513708003261,7224
22,410,Bilaigarh (NP),5544,3866,1,69.73304473304474,Small,47.88887654275781,69.73304473304474,54.442126999843886,7225
8,112,Mundwa (M),16871,8692,1,51.52036038172011,Small,55.6923044644066,51.52036038172011,54.44072123960065,7226
20,355,Termi (CT),5111,3631,1,71.0428487575817,Small,47.31870379141063,71.0428487575817,54.435947281261946,7227
1,21,Chhatha (CT),4758,3435,1,72.19419924337957,Small,46.81692400239904,72.19419924337957,54.4301065746932,7228
1,17,Banihal (MC),3900,2942,1,75.43589743589743,Small,45.42276959795819,75.43589743589743,54.426707949339956,7229
20,354,Matigara (CT),5685,3937,1,69.25241864555849,Small,48.06496783356084,69.25241864555849,54.42120307716013,7230
19,328,Chakiabhita (CT),5251,3704,1,70.5389449628642,Small,47.508174213228784,70.5389449628642,54.41740543811941,7231
9,202,Sahawar (NP),24067,10979,1,45.61848173848008,Small,58.183404788800495,45.61848173848008,54.41392787370437,7232
19,335,Siduli (CT),8961,5536,1,61.77881932819997,Small,51.255644493054945,61.77881932819997,54.412596943598444,7233
19,345,Amarshi Kasba (CT),6400,4306,1,67.28125,Small,48.89560092821699,67.28125,54.41129564975189,7234
14,278,Lamlai (NP),4601,3344,1,72.67985220604216,Small,46.58167244576967,72.67985220604216,54.41112637385142,7235
3,52,Mubarakpur (CT),5217,3684,1,70.61529614721104,Small,47.46262843421035,70.61529614721104,54.40842874811055,7236
9,197,Gangapur (NP),7561,4880,1,64.54172728475069,Small,50.06448574665288,64.54172728475069,54.40765820808221,7237
28,544,Nakkapalle (CT),7603,4899,1,64.43509141128501,Small,50.10332704348587,64.43509141128501,54.40285635382561,7238
33,633,Sircar Periapalayam (CT),5986,4091,1,68.34279986635482,Small,48.4267062784647,68.34279986635482,54.40153435483173,7239
9,138,Aminagar Urf Bhurbaral (CT),6141,4171,1,67.920534114965,Small,48.60595031603382,67.920534114965,54.400325455713165,7240
9,194,Gaura (CT),5618,3897,1,69.36632253470985,Small,47.981844358017135,69.36632253470985,54.39718781102495,7241
27,530,Wadi Ratnagiri (CT),4693,3393,1,72.29916897506925,Small,46.72048228928672,72.29916897506925,54.394088295021476,7242
19,335,Raipur (CT),5470,3815,1,69.74405850091408,Small,47.794659667235884,69.74405850091408,54.37947931733934,7243
21,388,Kukudakhandi (CT),7361,4776,1,64.88248879228365,Small,49.87651722369817,64.88248879228365,54.37830869427381,7244
9,140,Babugarh (NP),5452,3802,1,69.73587674247982,Small,47.77154936743836,69.73587674247982,54.3608475799508,7245
33,604,Sirukaveripakkam (CT),8032,5091,1,63.3839641434263,Small,50.48820871073637,63.3839641434263,54.356935340543345,7246
27,517,Gotheghar (CT),4232,3126,1,73.86578449905483,Small,45.99555196102422,73.86578449905483,54.3566217224334,7247
21,381,Kanheipur (CT),4611,3341,1,72.4571676425938,Small,46.596894257121356,72.4571676425938,54.35497627276309,7248
21,388,Kullada (CT),5645,3903,1,69.140832595217,Small,48.01546049249605,69.140832595217,54.35307212331233,7249
22,405,Nawagarh (NP),8118,5130,1,63.19290465631929,Small,50.56288635715993,63.19290465631929,54.35189184690773,7250
20,357,Purihasa (CT),7897,5025,1,63.63175889578321,Small,50.36935424631547,63.63175889578321,54.34807564115579,7251
24,476,Ghanteshvar (CT),5874,4022,1,68.47122914538645,Small,48.29427597265702,68.47122914538645,54.34736192447584,7252
23,430,Naigarhi (NP),10404,6150,1,59.1118800461361,Small,52.30258968961336,59.1118800461361,54.34537679657018,7253
27,517,Khardi (CT),5579,3866,1,69.29557268327657,Small,47.933001452520855,69.29557268327657,54.34177282174757,7254
10,236,Bara (CT),5185,3655,1,70.49180327868852,Small,47.41948990072192,70.49180327868852,54.341183914111895,7255
23,451,Bhedaghat (NP),6657,4420,1,66.39627459816734,Small,49.17165467804962,66.39627459816734,54.339040654084926,7256
9,133,Shekhpura (CT),9529,5767,1,60.520516318606354,Small,51.68658315717609,60.520516318606354,54.336763105605165,7257
33,605,Devasthanam (CT),4963,3533,1,71.18678218819262,Small,47.112679150938845,71.18678218819262,54.33491006211498,7258
23,424,Baldeogarh (NP),9079,5563,1,61.27326798105518,Small,51.347375866078316,61.27326798105518,54.32514350057137,7259
9,179,Koeripur (NP),8927,5494,1,61.54363167917553,Small,51.2289891993601,61.54363167917553,54.323381943304724,7260
8,121,Talera (CT),7203,4684,1,65.02846036373732,Small,49.72437555051235,65.02846036373732,54.31560099447984,7261
3,39,Aur (CT),4063,3022,1,74.37853802608909,Small,45.70983234404286,74.37853802608909,54.31044404865672,7262
3,49,Ramdas (M Cl),6398,4282,1,66.92716473898092,Small,48.89340946390654,66.92716473898092,54.303536046428846,7263
19,332,Chaspara (CT),7731,4933,1,63.80804553097917,Small,50.220390765256276,63.80804553097917,54.296687194973146,7264
20,354,Aralgoria (CT),4647,3352,1,72.13255863998278,Small,46.65142081401276,72.13255863998278,54.295762161803765,7265
19,332,Chanchal (CT),5570,3852,1,69.15619389587073,Small,47.921681537655545,69.15619389587073,54.292035245120104,7266
19,335,Bhanowara (CT),8855,5452,1,61.56973461321288,Small,51.17220600865766,61.56973461321288,54.291464590024226,7267
23,461,Deori (CT),5127,3615,1,70.50906963136337,Small,47.340618452170894,70.50906963136337,54.29115380592864,7268
9,167,Mahroni Rural (CT),6509,4335,1,66.60009218005838,Small,49.01401172619247,66.60009218005838,54.28983586235225,7269
20,354,Pondarkanali (CT),6611,4386,1,66.34397216759945,Small,49.12303601399885,66.34397216759945,54.289316860079026,7270
9,132,Kailashpur (CT),11422,6552,1,57.362983715636496,Small,52.95717065512014,57.362983715636496,54.27891457327504,7271
23,466,Omkareshwar (NP),10063,5980,1,59.425618602802345,Small,52.06891465934048,59.425618602802345,54.27592584237904,7272
23,455,Panara (CT),4078,3026,1,74.20304070622853,Small,45.73566813061382,74.20304070622853,54.27587990329823,7273
23,429,Kotar (NP),7520,4827,1,64.18882978723404,Small,50.0263605960375,64.18882978723404,54.275101353396465,7274
22,408,Chhuriya (NP),4509,3271,1,72.54380128631625,Small,46.44005940537377,72.54380128631625,54.27118196965651,7275
9,197,Birbhanpur (CT),8233,5159,1,62.662455969877314,Small,50.66151928741861,62.662455969877314,54.261800292156224,7276
9,191,Ibrahimpur (CT),7853,4980,1,63.41525531643958,Small,50.33017712913526,63.41525531643958,54.25570058532655,7277
22,401,Lakhanpur (NP),6270,4207,1,67.09728867623605,Small,48.751711861054744,67.09728867623605,54.255384905609134,7278
9,156,Achalganj (CT),7748,4929,1,63.61641713990708,Small,50.23579231624616,63.61641713990708,54.249979763344435,7279
19,335,Sankarpur (CT),6399,4271,1,66.74480387560557,Small,48.894505281665836,66.74480387560557,54.249594859847754,7280
9,132,Ambehta (NP),15739,8187,1,52.01728191117606,Small,55.205272036167784,52.01728191117606,54.24887499867026,7281
6,76,Bayyanpur (207) (CT),5406,3757,1,69.49685534591194,Small,47.71214136134424,69.49685534591194,54.247555556714545,7282
22,405,Adbhar (NP),7272,4701,1,64.64521452145215,Small,49.7912235134658,64.64521452145215,54.2474208158617,7283
21,370,Bardol (CT),5441,3775,1,69.38062856092631,Small,47.75738882236063,69.38062856092631,54.24436074393033,7284
9,138,Sewalkhas (NP),24882,11072,1,44.49803070492725,Small,58.41693901931209,44.49803070492725,54.24126652499663,7285
9,191,Azmatgarh (NP),12160,6835,1,56.20888157894737,Small,53.39620155145879,56.20888157894737,54.24000555970535,7286
1,21,Ghomanhasan (MC),3944,2943,1,74.61967545638946,Small,45.501424047891774,74.61967545638946,54.236899470441074,7287
9,142,Bugrasi (NP),14992,7911,1,52.76814300960512,Small,54.86430251027551,52.76814300960512,54.23545466007439,7288
21,397,Raighar (CT),5936,4031,1,67.9076819407008,Small,48.36789441299659,67.9076819407008,54.22983067130785,7289
33,602,Kannapalayam (CT),4704,3373,1,71.70493197278913,Small,46.73689671173993,71.70493197278913,54.22730729005468,7290
33,633,Dhali (TP),5874,3998,1,68.06264896152537,Small,48.29427597265702,68.06264896152537,54.22478786931752,7291
20,360,Cherra (CT),5279,3685,1,69.80488728925933,Small,47.54546165402444,69.80488728925933,54.2232893445949,7292
24,477,Salaya (M),33246,13194,1,39.685977260422305,Small,60.449072974769614,39.685977260422305,54.22014426046542,7293
19,328,Lataguri (CT),4981,3522,1,70.7086930335274,Small,47.13806191407284,70.7086930335274,54.20925124990921,7294
10,204,Pakri Dayal (NP),29582,12294,1,41.559056182813876,Small,59.63023907086643,41.559056182813876,54.20888420445066,7295
24,489,Saputara (NA),2968,2349,1,79.14420485175202,Small,43.5082521506164,79.14420485175202,54.199037960957085,7296
10,230,Saidpura (CT),7392,4746,1,64.20454545454545,Small,49.90598433012916,64.20454545454545,54.19555266745404,7297
22,410,Koora (NP),8857,5424,1,61.23969741447443,Small,51.17378954388768,61.23969741447443,54.1935619050637,7298
19,343,Durganagar (CT),4658,3342,1,71.74753112924002,Small,46.667997493720186,71.74753112924002,54.19185758437613,7299
9,138,Mohiuddinpur (CT),5200,3637,1,69.9423076923077,Small,47.43974413373792,69.9423076923077,54.190513201308846,7300
19,341,Uttar Pirpur (CT),5868,3987,1,67.94478527607362,Small,48.28711042121305,67.94478527607362,54.18441287767122,7301
23,425,Barigarh (NP),8918,5447,1,61.07871720116618,Small,51.22191639418532,61.07871720116618,54.17895663627957,7302
9,186,Ledwa Mahua (CT),13844,7459,1,53.87893672349032,Small,54.305677091564505,53.87893672349032,54.17765498114225,7303
9,143,Sarsaul (CT),9267,5601,1,60.44027193266429,Small,51.49108973782296,60.44027193266429,54.17584439627535,7304
20,354,Topchanchi (CT),6082,4095,1,67.32982571522525,Small,48.53826088113348,67.32982571522525,54.17573033136101,7305
19,338,Chak Banshberia (CT),10357,6070,1,58.60770493386116,Small,52.270841214675414,58.60770493386116,54.171900330431136,7306
28,551,Modameedipalle (CT),11397,6501,1,57.04132666491182,Small,52.9418061037385,57.04132666491182,54.1716622720905,7307
22,406,Mehmand (CT),8231,5131,1,62.337504555947035,Small,50.6598157320267,62.337504555947035,54.163122379202804,7308
9,168,Sarila (NP),9271,5596,1,60.360263186279795,Small,51.494115707982665,60.360263186279795,54.153959951471805,7309
8,110,Baskhoh (CT),11150,6393,1,57.33632286995516,Small,52.78816712546782,57.33632286995516,54.15261384881402,7310
20,354,Mahuda (CT),5196,3628,1,69.82294072363356,Small,47.43434872224936,69.82294072363356,54.15092632266462,7311
33,606,Paiyur (CT),7555,4811,1,63.67968232958305,Small,50.05891938646937,63.67968232958305,54.14514826940347,7312
1,19,Rathian (CT),6365,4229,1,66.44147682639434,Small,48.85715107850233,66.44147682639434,54.13244880286993,7313
29,580,Bhimarayanagudi (NAC),8029,5029,1,62.63544650641425,Small,50.485589267611964,62.63544650641425,54.13054643925264,7314
24,486,Tarsali (CT),4929,3480,1,70.60255629945222,Small,47.06448180838999,70.60255629945222,54.12590415570865,7315
19,336,Jangal (CT),5106,3575,1,70.0156678417548,Small,47.31184139166902,70.0156678417548,54.12298932669476,7316
5,67,Mahua Kheraganj (NP),12584,6952,1,55.24475524475524,Small,53.63653694102645,55.24475524475524,54.11900243214508,7317
9,202,Amanpur (NP),10830,6247,1,57.68236380424746,Small,52.58398024767589,57.68236380424746,54.11349531464736,7318
18,316,Dudhpatil Pt VI (CT),5083,3561,1,70.05705292150304,Small,47.280187570496054,70.05705292150304,54.11324717579815,7319
19,341,Radhapur (CT),4623,3310,1,71.59852909366212,Small,46.61511692411751,71.59852909366212,54.11014057498089,7320
19,338,Kapashanria (CT),5148,3594,1,69.8135198135198,Small,47.36927790637595,69.8135198135198,54.1025504785191,7321
6,71,Badhi Majra (126) (CT),9188,5541,1,60.30692207226818,Small,51.43105771134356,60.30692207226818,54.09381701962094,7322
3,50,Khem Karan (NP),13446,7271,1,54.075561505280376,Small,54.10113020596836,54.075561505280376,54.09345959576196,7323
9,132,Titron (NP),10898,6267,1,57.50596439713709,Small,52.62787018662264,57.50596439713709,54.09129844977697,7324
10,207,Madhubani (CT),7070,4566,1,64.58274398868458,Small,49.593697555130916,64.58274398868458,54.09041148519701,7325
19,336,Char Brahmanagar (CT),5053,3541,1,70.07718187215517,Small,47.238684081411485,70.07718187215517,54.09023341863459,7326
23,457,Garra (CT),5533,3793,1,68.552322429062,Small,47.87495117612769,68.552322429062,54.07816255200798,7327
21,382,Anjira (CT),6561,4314,1,65.75217192501142,Small,49.06980450186475,65.75217192501142,54.07451472880875,7328
22,410,Rawan (CT),5100,3563,1,69.86274509803921,Small,47.303597637894825,69.86274509803921,54.071341875938145,7329
16,290,Lebachhara (CT),5273,3655,1,69.31538023895317,Small,47.537488161708545,69.31538023895317,54.07085578488193,7330
27,505,Nagalwadi (CT),2562,2078,1,81.10850897736144,Small,42.477059515538826,81.10850897736144,54.066494354085606,7331
19,339,Jhanti Pahari (CT),5326,3682,1,69.13255726624108,Small,47.60760898818862,69.13255726624108,54.06509347160436,7332
9,197,Benipur (CT),12470,6884,1,55.20449077786688,Small,53.572723747348974,55.20449077786688,54.06225385650434,7333
19,345,Basantia (CT),5455,3749,1,68.72593950504124,Small,47.77540637683232,68.72593950504124,54.06056631529499,7334
27,517,Mahapoli (CT),5666,3857,1,68.07271443699258,Small,48.041495420386255,68.07271443699258,54.050861125368144,7335
9,192,Atrari (CT),5555,3799,1,68.3888388838884,Small,47.90277431203033,68.3888388838884,54.048593683587754,7336
23,434,Piploda (NP),8294,5127,1,61.81577043646009,Small,50.71327992290513,61.81577043646009,54.04402707697162,7337
33,608,Thedavur (TP),8230,5097,1,61.931956257594166,Small,50.65896379911715,61.931956257594166,54.04086153666026,7338
19,333,Mithipur (CT),15260,7909,1,51.82830930537352,Small,54.98854716807444,51.82830930537352,54.04047580926416,7339
33,625,Ramalingapuram (CT),4505,3233,1,71.76470588235294,Small,46.43383696864223,71.76470588235294,54.033097642755436,7340
29,570,Kudremukh (NAC),2241,1864,1,83.17715305667113,Small,41.53869117647858,83.17715305667113,54.03022974053634,7341
20,354,Sialgudri (CT),5450,3740,1,68.62385321100918,Small,47.76897684879751,68.62385321100918,54.025439757461,7342
22,416,Dornapal (NP),7238,4630,1,63.96794694667035,Small,49.758363569792024,63.96794694667035,54.02123858285552,7343
19,345,Hincha Gerya (CT),4958,3478,1,70.1492537313433,Small,47.105612047915734,70.1492537313433,54.018704552944,7344
1,2,Charar-i-Sharief (MC),11533,6497,1,56.33399809243041,Small,53.02498562944693,56.33399809243041,54.017689368341976,7345
33,624,Markayankottai (TP),6135,4089,1,66.65036674816626,Small,48.59909641185278,66.65036674816626,54.01447751274682,7346
9,144,Mendu (NP),14484,7616,1,52.58215962441315,Small,54.6225766755133,52.58215962441315,54.01045156018325,7347
23,449,Ranipur (Tavanagar) (CT),4561,3260,1,71.47555360666522,Small,46.52045262671226,71.47555360666522,54.00698292069815,7348
33,609,R.Pudupatti (TP),7478,4739,1,63.37255950788981,Small,49.9870894532852,63.37255950788981,54.00273046966658,7349
9,158,Parsadepur (NP),11853,6618,1,55.83396608453556,Small,53.21689596664795,55.83396608453556,54.00201700201423,7350
20,354,Gunghasa (CT),6845,4435,1,64.7918188458729,Small,49.366925724150526,64.7918188458729,53.99439366066724,7351
20,360,Bishnugarh (CT),4847,3414,1,70.4353208170002,Small,46.946859858828596,70.4353208170002,53.99339814628007,7352
10,230,Janpur (CT),10614,6112,1,57.58432259280196,Small,52.44271461853788,57.58432259280196,53.985197010817096,7353
9,143,Jalali (NP),20238,9515,1,47.01551536713114,Small,56.968304660511116,47.01551536713114,53.98246787249712,7354
3,41,Jodhan (CT),3845,2852,1,74.1742522756827,Small,45.323194486087786,74.1742522756827,53.978511822966254,7355
19,335,Murgathaul (CT),7371,4682,1,63.51919685253019,Small,49.88603627733344,63.51919685253019,53.975984449892465,7356
9,156,Ugu (NP),6318,4172,1,66.03355492244381,Small,48.80518454513557,66.03355492244381,53.97369565832804,7357
22,410,Lawan (NP),8984,5415,1,60.27382012466608,Small,51.273618735015866,60.27382012466608,53.97367915191093,7358
18,308,Jonai Bazar (CT),4459,3198,1,71.7201166180758,Small,46.361879267491254,71.7201166180758,53.96935047266662,7359
22,401,Rajpur (NP),4838,3405,1,70.38032244729226,Small,46.93382915999782,70.38032244729226,53.96777714618615,7360
33,604,Mevalurkuppam (CT),3805,2827,1,74.2969776609724,Small,45.24987771020989,74.2969776609724,53.96400769543864,7361
23,429,Madhawgdha (CT),5249,3623,1,69.02267098494951,Small,47.50550322262846,69.02267098494951,53.96065355132478,7362
27,498,Awadhan (CT),4732,3346,1,70.71005917159763,Small,46.77850632748335,70.71005917159763,53.95797218071763,7363
21,384,Danara (CT),4144,3020,1,72.87644787644788,Small,45.848228246220486,72.87644787644788,53.9566941352887,7364
9,150,Mirganj (NP),17542,8642,1,49.264622049937294,Small,55.96579617002201,49.264622049937294,53.95544393399659,7365
19,343,Bilandapur (CT),6330,4173,1,65.92417061611374,Small,48.818489249337645,65.92417061611374,53.95019365937047,7366
9,194,Mahimapur (CT),5280,3637,1,68.88257575757576,Small,47.54678968844492,68.88257575757576,53.947525509184175,7367
27,516,Vilholi (CT),6798,4401,1,64.7396293027361,Small,49.318615349198105,64.7396293027361,53.9449195352595,7368
9,154,Paintepur (NP),13917,7378,1,53.014299058705184,Small,54.342555472037226,53.014299058705184,53.94407854803761,7369
9,152,Allahganj (NP),14755,7681,1,52.05692985428668,Small,54.75256485979789,52.05692985428668,53.94387435814453,7370
19,329,Kamat Phulbari (P) (CT),5339,3667,1,68.68327402135232,Small,47.624701883980684,68.68327402135232,53.94227352519217,7371
9,147,Fariha (NP),6887,4443,1,64.51285029766225,Small,49.409816902115914,64.51285029766225,53.94072692077982,7372
23,429,Majhgawan (CT),8290,5096,1,61.47165259348613,Small,50.709897462578446,61.47165259348613,53.93842400185075,7373
9,162,Kasba Khanpur (CT),11938,6626,1,55.50343441112414,Small,53.26700152907776,55.50343441112414,53.93793139369167,7374
1,15,Devsar (MC),9765,5740,1,58.78136200716846,Small,51.85812921461764,58.78136200716846,53.93509905238288,7375
19,343,Chak Baria (CT),4914,3440,1,70.00407000407,Small,47.043112510788845,70.00407000407,53.931399758773196,7376
9,167,Pali (NP),9267,5525,1,59.62015754828963,Small,51.49108973782296,59.62015754828963,53.92981008096296,7377
19,328,Chalsa Mahabari (CT),4973,3471,1,69.79690327769957,Small,47.12679202697661,69.79690327769957,53.92782540219349,7378
8,119,Baral (CT),6344,4175,1,65.81021437578815,Small,48.833979568086164,65.81021437578815,53.926850010396755,7379
2,33,Jutogh (CB),2062,1736,1,84.19010669253151,Small,40.9551859993402,84.19010669253151,53.92566220729759,7380
19,335,Ichhapur (CT),4795,3375,1,70.38581856100105,Small,46.87123497448852,70.38581856100105,53.92561005044227,7381
6,80,Mayyer (151) (CT),6039,4021,1,66.58387150190428,Small,48.488513004987674,66.58387150190428,53.917120554062656,7382
19,343,Nainan (CT),6772,4382,1,64.70761961015948,Small,49.29174678860396,64.70761961015948,53.91650863507061,7383
33,633,Chengappalli (CT),6587,4292,1,65.15864581751936,Small,49.097535310494,65.15864581751936,53.91586846260161,7384
19,333,Benia Gram (CT),15046,7770,1,51.64163232752891,Small,54.88951459001284,51.64163232752891,53.915149911267655,7385
19,343,Chandpala Anantapathpur (CT),5286,3634,1,68.74763526295877,Small,47.55475261784291,68.74763526295877,53.91261741137767,7386
33,605,Thirumalpur (CT),4803,3377,1,70.31022277743078,Small,46.88292278675459,70.31022277743078,53.91111278395745,7387
3,38,Sham Chaurasi (M Cl),4426,3171,1,71.64482602801627,Small,46.309798769472174,71.64482602801627,53.9103069470354,7388
23,465,Bhavra (NP),10968,6228,1,56.78336980306346,Small,52.67276589525546,56.78336980306346,53.90594706759786,7389
22,409,Devkar  (NP),6358,4176,1,65.68103177099717,Small,48.84943574567625,65.68103177099717,53.89891455327252,7390
3,43,Korianwali (CT),5770,3881,1,67.26169844020798,Small,48.16902460661538,67.26169844020798,53.89682675669316,7391
19,343,Daulatpur (CT),6568,4278,1,65.13398294762484,Small,49.077281282735136,65.13398294762484,53.894291782202046,7392
3,51,Kotla Nihang (CT),4715,3326,1,70.54082714740191,Small,46.75327280305817,70.54082714740191,53.88953910636128,7393
23,428,Bansatar Kheda (CT),5458,3719,1,68.13851227555881,Small,47.77926126601946,68.13851227555881,53.88703656888126,7394
20,354,Karmatanr (CT),6392,4190,1,65.55068836045056,Small,48.88683095898102,65.55068836045056,53.88598817942189,7395
2,33,Seoni (NP),2591,2081,1,80.31648012350445,Small,42.5559615647154,80.31648012350445,53.88411713235212,7396
9,176,Dewa (NP),15662,7967,1,50.868343761971644,Small,55.17088182606902,50.868343761971644,53.88012040683981,7397
33,622,Nerkuppai (TP),7165,4561,1,63.65666434054431,Small,49.68728679906641,63.65666434054431,53.878100061509784,7398
33,610,Athani (TP),8430,5141,1,60.98457888493476,Small,50.82732348133906,60.98457888493476,53.87450010241777,7399
20,354,Dumarkunda (CT),11434,6401,1,55.98215847472451,Small,52.96453369970558,55.98215847472451,53.86982113221125,7400
9,143,Rampur (CT),5499,3737,1,67.95781051100201,Small,47.83173347272556,67.95781051100201,53.869556584208496,7401
33,627,Kanam (TP),3134,2418,1,77.15379706445438,Small,43.88977015326379,77.15379706445438,53.86897822662097,7402
33,613,P.J. Cholapuram (TP),7484,4708,1,62.907536076964185,Small,49.992713098924455,62.907536076964185,53.86715999233637,7403
20,354,Bhamal (CT),4818,3378,1,70.1120797011208,Small,46.90478506904506,70.1120797011208,53.866973458667786,7404
33,633,Rudravathi (TP),6807,4387,1,64.44836198031439,Small,49.32789207159551,64.44836198031439,53.86403304421117,7405
3,48,Ghagga (NP),10162,5883,1,57.89214721511513,Small,52.137561659069,57.89214721511513,53.86393732588284,7406
5,67,Mahua Dabra Haripura (NP),7326,4633,1,63.24051324051324,Small,49.84309841162514,63.24051324051324,53.86232286029157,7407
19,341,Bargachhia (CT),4872,3406,1,69.90968801313629,Small,46.98292971376543,69.90968801313629,53.86095720357669,7408
9,136,Suar (NPP),32158,12551,1,39.0291684806269,Small,60.215745575391125,39.0291684806269,53.859772446961856,7409
1,7,Billawar (MC),4978,3462,1,69.54600241060666,Small,47.133837828570364,69.54600241060666,53.85748720318125,7410
27,509,Sasti (CT),4320,3104,1,71.85185185185186,Small,46.1398442492854,71.85185185185186,53.853446530055336,7411
24,481,Alang (CT),8309,5079,1,61.12648934889878,Small,50.72594963861219,61.12648934889878,53.846111551698165,7412
9,191,Palhni (CT),5189,3571,1,68.81865484679129,Small,47.42489675198154,68.81865484679129,53.843024180424464,7413
3,49,Chogawan (CT),5416,3689,1,68.11299852289513,Small,47.72509902529757,68.11299852289513,53.84146887457683,7414
27,506,Chikhala (CT),4352,3120,1,71.69117647058823,Small,46.191586689136265,71.69117647058823,53.841463623571855,7415
21,384,Tipo (CT),2981,2321,1,77.85977859778598,Small,43.538890718785765,77.85977859778598,53.83515708248582,7416
22,409,Berla (NP),5165,3557,1,68.8673765730881,Small,47.392392936032806,68.8673765730881,53.83488802714939,7417
9,194,Dhanauha (CT),6212,4090,1,65.84030907920155,Small,48.68655026233875,65.84030907920155,53.83267790739758,7418
19,332,Chhatianmor (CT),5582,3772,1,67.57434611250449,Small,47.936770700521485,67.57434611250449,53.82804332411638,7419
20,354,Phulwartanr (CT),5884,3925,1,66.70632222977567,Small,48.30620231181786,66.70632222977567,53.8262382872052,7420
20,354,Panrra (CT),9563,5618,1,58.747255045487826,Small,51.71155765880374,58.747255045487826,53.82226687480896,7421
9,180,Kewalpur (CT),16445,8201,1,49.869261173609,Small,55.51296795368986,49.869261173609,53.8198559196656,7422
33,612,Kurumbapatti (CT),6182,4072,1,65.8686509220317,Small,48.652606896280574,65.8686509220317,53.817420104005905,7423
33,614,Nagamangalam (CT),5785,3873,1,66.94900605012964,Small,48.1872283524166,66.94900605012964,53.815761661730505,7424
3,53,Cheema (NP),11615,6450,1,55.53164012053379,Small,53.07466533876264,55.53164012053379,53.81175777329398,7425
3,37,Chomon (CT),3704,2749,1,74.2170626349892,Small,45.06126794997837,74.2170626349892,53.80800635548162,7426
33,632,K.Madapur (CT),5626,3790,1,67.36580163526484,Small,47.99182150462105,67.36580163526484,53.80401554381419,7427
1,19,Chenani (MC),2620,2092,1,79.8473282442748,Small,42.63398572902683,79.8473282442748,53.79798848360122,7428
9,179,Palpur (CT),5702,3827,1,67.11680112241318,Small,48.08590307740275,67.11680112241318,53.79517249090588,7429
23,430,Nowbasata (CT),4358,3116,1,71.50068838916934,Small,46.20124603740772,71.50068838916934,53.79107874293621,7430
23,419,Jhundpura (NP),9803,5709,1,58.23727430378456,Small,51.88536297985984,58.23727430378456,53.790936377037255,7431
19,333,Mahadeb Nagar (CT),21737,9824,1,45.19482909325114,Small,57.469364177416914,45.19482909325114,53.78700365216718,7432
19,335,Chapui (CT),5358,3649,1,68.10377006345651,Small,47.64960910317094,68.10377006345651,53.7858573912566,7433
18,317,Batarashi (CT),7001,4461,1,63.7194686473361,Small,49.5249305270301,63.7194686473361,53.7832919631219,7434
19,333,Mirzapur (CT),6083,4015,1,66.00361663652802,Small,48.53941361981223,66.00361663652802,53.77867452482697,7435
19,340,Jaypur (CT),10259,5893,1,57.442245832927185,Small,52.204176322088024,57.442245832927185,53.77559717533977,7436
9,140,Muradgram Pur Pursi (CT),5120,3523,1,68.80859375,Small,47.331039213652524,68.80859375,53.77430557455676,7437
9,192,Ratanpura (CT),4405,3139,1,71.25993189557322,Small,46.276454112407365,71.25993189557322,53.77149744735712,7438
33,608,Dalavaipatti (CT),7732,4798,1,62.05380237972064,Small,50.2212976757957,62.05380237972064,53.77104908697318,7439
19,340,Kanki (P) (CT),6884,4402,1,63.94538059267868,Small,49.40676193115218,63.94538059267868,53.76834752961013,7440
19,343,Radhanagar (CT),6675,4302,1,64.4494382022472,Small,49.190587994373345,64.4494382022472,53.7682430567355,7441
19,341,Dhunki (CT),9784,5693,1,58.18683565004088,Small,51.87175931752144,58.18683565004088,53.766282217277265,7442
33,620,Perumagalur (TP),5604,3771,1,67.29122055674517,Small,47.96435012223229,67.29122055674517,53.76241125258615,7443
3,48,Ghanaur (NP),6985,4448,1,63.67931281317109,Small,49.508887773138824,63.67931281317109,53.7600152851485,7444
9,146,Swamibagh (NP),2039,1709,1,83.81559588033349,Small,40.876563790512094,83.81559588033349,53.75827341745851,7445
8,128,Kherliganj (CT),7022,4464,1,63.57163201367132,Small,49.54593109894023,63.57163201367132,53.75364137335955,7446
19,341,Jala Kendua (CT),6658,4290,1,64.43376389306098,Small,49.172707871073506,64.43376389306098,53.75102467766975,7447
21,370,Bhatli (CT),4865,3383,1,69.53751284686537,Small,46.972848841271805,69.53751284686537,53.74224804294987,7448
9,152,Kanth (NP),27137,11230,1,41.382614143051924,Small,59.02529035087195,41.382614143051924,53.73248748852593,7449
10,206,Belsand (NP),20566,9440,1,45.90100165321404,Small,57.08104349603662,45.90100165321404,53.727030943189845,7450
19,337,Dandirhat (P) (CT),6387,4152,1,65.00704556129638,Small,48.881344153493124,65.00704556129638,53.71905457583409,7451
23,442,Machalpur (NP),9476,5548,1,58.547910510764034,Small,51.64747405975567,58.547910510764034,53.71760499505818,7452
33,608,Thevur (TP),8548,5146,1,60.20121665886757,Small,50.92479229620128,60.20121665886757,53.70771960500117,7453
19,329,Nagar Changrabandha (CT),4483,3172,1,70.75619005130494,Small,46.39951452277505,70.75619005130494,53.706517181334014,7454
19,333,Osmanpur (CT),10512,5972,1,56.81126331811264,Small,52.37500357137136,56.81126331811264,53.70588149539374,7455
9,192,Para (CT),6427,4168,1,64.85140812198537,Small,48.92511886327628,64.85140812198537,53.703005640889,7456
8,121,Sumerganj Mandi (CT),3633,2695,1,74.18111753371869,Small,44.92557746858413,74.18111753371869,53.70223948812449,7457
21,389,Rayagada (CT),4662,3268,1,70.0986700986701,Small,46.67401567536938,70.0986700986701,53.70141200235959,7458
9,170,Mataundh (NP),9371,5497,1,58.65969480311599,Small,51.56934369539269,58.65969480311599,53.696449027709676,7459
9,150,Pipalsana Chaudhari (CT),9713,5638,1,58.04591784206733,Small,51.820689735721594,58.04591784206733,53.688258167625314,7460
9,134,Kotwali (CT),11221,6247,1,55.67239996435255,Small,52.83267634271416,55.67239996435255,53.68459342920568,7461
29,572,Kadigenahalli (CT),6587,4241,1,64.38439350235312,Small,49.097535310494,64.38439350235312,53.68359276805174,7462
9,136,Shahabad (NP),38276,13616,1,35.57320514160309,Small,61.437052793353985,35.57320514160309,53.677898497828714,7463
5,61,Dogadda (NPP),2422,1955,1,80.71841453344344,Small,42.083142893453996,80.71841453344344,53.673724385450825,7464
19,329,Dhaliabari (CT),4383,3112,1,71.00159707962582,Small,46.24135072029196,71.00159707962582,53.669424628092116,7465
8,123,Emri (CT),4758,3314,1,69.65111391340899,Small,46.81692400239904,69.65111391340899,53.667180975702024,7466
28,543,Gajapathinagaram (CT),5687,3795,1,66.7311411992263,Small,48.067434049776296,66.7311411992263,53.66654619461129,7467
28,542,Hiramandalam (CT),6603,4244,1,64.27381493260638,Small,49.11454607865639,64.27381493260638,53.662326734841386,7468
9,193,Middha (CT),6523,4205,1,64.46420358730646,Small,49.029076577821336,64.46420358730646,53.65961468066686,7469
20,366,Toto (CT),5237,3564,1,68.05422952071797,Small,47.48945587984477,68.05422952071797,53.658887972106726,7470
6,77,Bhuran (16) (CT),5603,3751,1,66.94627877922541,Small,47.96309886239556,66.94627877922541,53.658052837444515,7471
9,188,Piprayli Bujurg (CT),6270,4081,1,65.08771929824562,Small,48.751711861054744,65.08771929824562,53.652514092212,7472
9,150,Thiriya Nizamat Khan (NP),23184,10126,1,43.676673567977915,Small,57.92128714931787,43.676673567977915,53.64790307491588,7473
19,343,Bhasa (CT),5559,3726,1,67.02644360496492,Small,47.90782122533657,67.02644360496492,53.64340793922507,7474
33,608,Naduvaneri (CT),8485,5098,1,60.082498526812024,Small,50.872922473413354,60.082498526812024,53.63579528943295,7475
28,535,Chegunta (CT),5747,3819,1,66.4520619453628,Small,48.141020094716225,66.4520619453628,53.63433264991019,7476
33,632,Alanthurai (TP),7221,4527,1,62.69214790195263,Small,49.741875676501714,62.69214790195263,53.62695734413698,7477
23,455,Dighawani (CT),5953,3918,1,65.81555518226104,Small,48.38794583655051,65.81555518226104,53.616228640263664,7478
27,520,Owle (CT),4275,3044,1,71.2046783625731,Small,46.06642939753065,71.2046783625731,53.60790408704338,7479
10,232,Sarimpur (CT),8020,4885,1,60.91022443890274,Small,50.477725062485646,60.91022443890274,53.60747487541077,7480
24,478,Amardad (CT),5872,3876,1,66.00817438692098,Small,48.29188826894436,66.00817438692098,53.60677410433735,7481
21,388,Patrapur (CT),6059,3968,1,65.48935467898993,Small,48.511695458285836,65.48935467898993,53.60499322449706,7482
10,234,Chanari (CT),6569,4215,1,64.16501750646978,Small,49.07834874384327,64.16501750646978,53.60434937263122,7483
22,406,Sargaon (NP),7484,4642,1,62.025654730090864,Small,49.992713098924455,62.025654730090864,53.60259558827437,7484
6,75,Sikanderpur (19) (CT),8894,5264,1,59.185968068360694,Small,51.20302063135813,59.185968068360694,53.59790486245889,7485
19,336,Panpara (CT),5349,3610,1,67.48925032716396,Small,47.63782197337616,67.48925032716396,53.5932504795125,7486
9,197,Lahartara  (CT),5124,3494,1,68.18891491022639,Small,47.3365146663893,68.18891491022639,53.59223473954043,7487
8,121,Indragarh (M),7444,4621,1,62.076840408382594,Small,49.9551366621378,62.076840408382594,53.59164778601124,7488
8,130,Semari (CT),4612,3224,1,69.90459670424978,Small,46.59841462259862,69.90459670424978,53.590269247093964,7489
9,153,Suthana Barsola (CT),9936,5698,1,57.347020933977454,Small,51.979856806416834,57.347020933977454,53.59000604468502,7490
9,175,Jasra (CT),5483,3675,1,67.02535108517235,Small,47.81130320121398,67.02535108517235,53.57551756640149,7491
9,149,Wazirganj (NP),21844,9699,1,44.401208569859,Small,57.50379773551862,44.401208569859,53.573020985820726,7492
20,354,Mera (CT),7051,4435,1,62.8988795915473,Small,49.574828885673355,62.8988795915473,53.57204409743554,7493
1,14,Koker Nag (MC),6553,4199,1,64.0775217457653,Small,49.06124983689863,64.0775217457653,53.56613140955863,7494
10,234,Bhardua (CT),5317,3588,1,67.48166259168704,Small,47.59575099163336,67.48166259168704,53.56152447164946,7495
33,608,Avadattur (CT),9869,5661,1,57.36143479582532,Small,51.932413807840874,57.36143479582532,53.56112010423621,7496
9,154,Tambaur-cum-Ahamdabad (NP),26052,10806,1,41.47858129894058,Small,58.739158501962244,41.47858129894058,53.56098534105575,7497
5,67,Kanchal Gosain (CT),4632,3229,1,69.71070811744386,Small,46.628752916666535,69.71070811744386,53.55333947689973,7498
20,352,Berhait Bazar (CT),4732,3282,1,69.35756551141166,Small,46.77850632748335,69.35756551141166,53.55222408266184,7499
18,313,Numaligarh Refinery Township (CT),2318,1878,1,81.0181190681622,Small,41.775493680408076,81.0181190681622,53.54828129673431,7500
19,341,Baniban (CT),6597,4216,1,63.90783689555859,Small,49.10817187515466,63.90783689555859,53.54807138127583,7501
9,151,Barkhera (NP),11964,6480,1,54.16248746238716,Small,53.282256708214895,54.16248746238716,53.546325934466566,7502
9,157,Itaunja (NP),7305,4546,1,62.23134839151266,Small,49.82297041305151,62.23134839151266,53.54548380658985,7503
1,21,Jourian (MC),3934,2846,1,72.34367056431114,Small,45.48362534357484,72.34367056431114,53.54163890979573,7504
19,344,Chaulia (CT),6186,4017,1,64.93695441319107,Small,48.65714218228268,64.93695441319107,53.541085851555195,7505
28,551,Dommara Nandyala (CT),8337,5004,1,60.021590500179926,Small,50.74953870465775,60.021590500179926,53.531154243314404,7506
20,360,Urimari (CT),4948,3392,1,68.55295068714632,Small,47.091456440088706,68.55295068714632,53.52990471420599,7507
9,179,Nihal Garh Chak Jangla (CT),7345,4560,1,62.08304969366917,Small,49.86125981058395,62.08304969366917,53.527796775509515,7508
28,543,Kanapaka (CT),5960,3903,1,65.48657718120805,Small,48.39618566966875,65.48657718120805,53.52330312313053,7509
20,354,Alagdiha (CT),4609,3212,1,69.68973747016707,Small,46.59385253695382,69.68973747016707,53.52261801691779,7510
9,135,Kundarki (NP),29951,11691,1,39.03375513338453,Small,59.71716992408811,39.03375513338453,53.51214548687703,7511
9,144,Garhi Tamana (CT),6269,4050,1,64.60360504067634,Small,48.75059349956026,64.60360504067634,53.50649696189508,7512
8,110,Jamwa Ramgarh (CT),7665,4698,1,61.291585127201564,Small,50.16027385487008,61.291585127201564,53.49966723656952,7513
23,442,Chhapiheda (NP),8501,5066,1,59.59298906011058,Small,50.886132151416476,59.59298906011058,53.4981892240247,7514
27,497,Makranifali (CT),4812,3315,1,68.89027431421447,Small,46.89604833319366,68.89027431421447,53.4943161274999,7515
9,197,Umarha (CT),6429,4124,1,64.14683465546742,Small,48.927300442306596,64.14683465546742,53.49316070625484,7516
9,143,Vijaigarh (NP),7124,4450,1,62.46490735541831,Small,49.647048760575785,62.46490735541831,53.49240633902854,7517
9,179,Kasba Sultanpur (CT),8304,4978,1,59.94701348747592,Small,50.72172894288662,59.94701348747592,53.48931430626341,7518
19,343,Uttarparanij (CT),6810,4303,1,63.18649045521292,Small,49.33098158735281,63.18649045521292,53.487634247710844,7519
33,606,Dusi (CT),5577,3706,1,66.451497220728,Small,47.930487494531455,66.451497220728,53.48679041239042,7520
21,374,Tensa (CT),4469,3131,1,70.06041620049228,Small,46.37758517716122,70.06041620049228,53.482434484160535,7521
8,120,Aligarh (CT),7626,4676,1,61.31654864935746,Small,50.12450646631243,61.31654864935746,53.482119121225935,7522
9,197,Amara Khaira Chak (CT),6577,4192,1,63.73726623080431,Small,49.086882588201966,63.73726623080431,53.48199768098267,7523
10,224,Habibpur (CT),12063,6490,1,53.800878720053056,Small,53.34004186915969,53.800878720053056,53.4782929244277,7524
22,410,Hirmi (CT),5139,3482,1,67.75637283518195,Small,47.3570096222426,67.75637283518195,53.47681858612441,7525
21,375,Daitari (CT),4065,2910,1,71.58671586715867,Small,45.71328261999749,71.58671586715867,53.47531259414585,7526
28,552,Thummalamenta (CT),12373,6597,1,53.31770791238988,Small,53.51796552857915,53.31770791238988,53.457888243722365,7527
23,427,Bhainsa (CT),5144,3480,1,67.65163297045102,Small,47.363827985187456,67.65163297045102,53.45016948076652,7528
21,398,Kurumuli (CT),8504,5053,1,59.41909689557855,Small,50.88860619827097,59.41909689557855,53.44775340746324,7529
18,306,Gutlong Gaon (CT),10900,6033,1,55.34862385321101,Small,52.62915691795402,55.34862385321101,53.44499699853111,7530
33,605,Kasinayagampatti  (CT),4779,3288,1,68.80100439422473,Small,46.847800748048535,68.80100439422473,53.43376184190139,7531
5,59,Devaprayag (NP) (Part),2152,1761,1,81.83085501858736,Small,41.254634582820145,81.83085501858736,53.4275007135503,7532
9,138,Amehra Adipur (CT),5485,3648,1,66.50865998176846,Small,47.81386024253177,66.50865998176846,53.42230016430277,7533
22,400,Katkona (CT),4552,3166,1,69.5518453427065,Small,46.50660420276545,69.5518453427065,53.42017654474776,7534
19,335,Jaluidanga (CT),4571,3175,1,69.45963684095385,Small,46.53580775817311,69.45963684095385,53.41295648300733,7535
28,534,Palakurthy (CT),7380,4547,1,61.612466124661246,Small,49.89459239194829,61.612466124661246,53.40995451176217,7536
10,207,Satghara (CT),8060,4849,1,60.16129032258064,Small,50.5126097792997,60.16129032258064,53.40721394228398,7537
8,111,Bay (CT),5936,3868,1,65.16172506738545,Small,48.36789441299659,65.16172506738545,53.406043609313244,7538
9,197,Maheshpur (CT),5553,3677,1,66.21645957140284,Small,47.900249492656044,66.21645957140284,53.39511251628008,7539
33,623,Samanatham (CT),4477,3122,1,69.73419700692428,Small,46.39012462750514,69.73419700692428,53.393346341330876,7540
9,199,Tilthi (CT),7665,4667,1,60.887149380300066,Small,50.16027385487008,60.887149380300066,53.37833651249907,7541
20,361,Orla (CT),5809,3800,1,65.41573420554312,Small,48.216256413469985,65.41573420554312,53.376099751091914,7542
29,582,Chelur (CT),5911,3849,1,65.11588563694806,Small,48.33830248058765,65.11588563694806,53.37157742749578,7543
28,543,Tummikapalle (CT),4911,3346,1,68.13276318468743,Small,47.0388308260707,68.13276318468743,53.367010533655716,7544
19,335,Banshra (CT),5703,3746,1,65.68472733648957,Small,48.08713261816794,65.68472733648957,53.36641103366442,7545
20,361,Taping (CT),5080,3432,1,67.55905511811024,Small,47.27604825759496,67.55905511811024,53.360950315749534,7546
22,405,Rahaud (NP),6160,3966,1,64.38311688311688,Small,48.62761025831074,64.38311688311688,53.35426224575258,7547
19,332,Jadupur (CT),7585,4624,1,60.96242584047462,Small,50.08670710901087,60.96242584047462,53.34942272844999,7548
9,153,Singahi Bhiraura (NP),19196,8785,1,45.76474265471973,Small,56.59763219041638,45.76474265471973,53.34776532970738,7549
21,388,Badagada (CT),6982,4350,1,62.30306502434833,Small,49.50587566668418,62.30306502434833,53.34503247398342,7550
29,563,Ambikanagara (CT),3556,2608,1,73.3408323959505,Small,44.77539044574988,73.3408323959505,53.34502303081006,7551
14,276,Sugnu (NP),5132,3455,1,67.32268121590023,Small,47.34745276295091,67.32268121590023,53.34002129883571,7552
33,610,Kilampadi (TP),6422,4087,1,63.640610401744,Small,48.91966194467835,63.640610401744,53.33594648179805,7553
19,335,Kunustara (CT),5127,3451,1,67.31031792471231,Small,47.340618452170894,67.31031792471231,53.33152829393332,7554
19,341,Baniara (CT),5476,3626,1,66.21621621621621,Small,47.80234620699303,66.21621621621621,53.32650720975998,7555
6,69,Bir Ghaghar (392) (CT),4943,3355,1,67.87376087396318,Small,47.08436790644528,67.87376087396318,53.32118579670065,7556
33,624,B. Meenakshipuram (TP),7846,4730,1,60.285495794035185,Small,50.323924176660014,60.285495794035185,53.31239566187256,7557
5,66,Nainital (CB),1398,1237,1,88.48354792560801,Small,38.23143404561837,88.48354792560801,53.30706820961526,7558
19,335,Sarpi (CT),5549,3656,1,65.88574517931158,Small,47.8951971251923,65.88574517931158,53.29236154142808,7559
19,344,Amlagora (CT),5165,3463,1,67.04743465634076,Small,47.392392936032806,67.04743465634076,53.28890545212519,7560
9,168,Gohand (NP),7503,4572,1,60.935625749700115,Small,50.01049161655131,60.935625749700115,53.28803185649595,7561
20,352,Tin Pahar (CT),5336,3549,1,66.51049475262369,Small,47.620761065817774,66.51049475262369,53.287681171859546,7562
19,327,Rongmook Ceder Tea Garden (CT),5150,3455,1,67.08737864077669,Small,47.372001279511665,67.08737864077669,53.28661448789117,7563
9,202,Bhargain (NP),21891,9491,1,43.355716961308296,Small,57.51886947598906,43.355716961308296,53.269923721584824,7564
3,35,Shikar (CT),4001,2847,1,71.15721069732567,Small,45.60202300140114,71.15721069732567,53.268579310178495,7565
9,134,Basta (CT),8697,5082,1,58.43394273887548,Small,51.045963070385405,58.43394273887548,53.26235697093242,7566
10,217,Hathua (CT),7156,4408,1,61.59865846841811,Small,49.678473815762125,61.59865846841811,53.25452921155892,7567
10,226,Paria (CT),4922,3332,1,67.69605851279967,Small,47.054517572438854,67.69605851279967,53.24697985454709,7568
33,625,Vadi (CT),4937,3339,1,67.63216528256027,Small,47.07585219715799,67.63216528256027,53.24274612277867,7569
23,437,Loharda (NP),9202,5284,1,57.42229950010868,Small,51.44173383349134,57.42229950010868,53.235903533476545,7570
9,157,Amethi (NP),13530,6915,1,51.108647450110865,Small,54.14480041914125,51.108647450110865,53.233954528432136,7571
23,443,Swroop Nagar (CT),7258,4449,1,61.29787820336181,Small,49.77771159071844,61.29787820336181,53.23376157451145,7572
20,361,Topa  (CT),5028,3384,1,67.30310262529832,Small,47.20390921229208,67.30310262529832,53.23366723619395,7573
29,580,Gogipeth (CT),7544,4575,1,60.644220572640506,Small,50.0487029032241,60.644220572640506,53.22735820404901,7574
2,30,Talai (NP),2372,1887,1,79.5531197301855,Small,41.93691812660924,79.5531197301855,53.22177860768211,7575
9,140,Aurangabad Gadana (CT),6170,3943,1,63.90599675850891,Small,48.63898341314924,63.90599675850891,53.21908741675714,7576
9,165,Nadigaon (NP),7991,4768,1,59.66712551620573,Small,50.45232468670455,59.66712551620573,53.216764935554906,7577
28,548,Vaddeswaram (CT),6275,3992,1,63.61752988047809,Small,48.75730099479792,63.61752988047809,53.21536966050196,7578
22,401,Balrampur (NP),4456,3084,1,69.21005385996409,Small,46.357160627140736,69.21005385996409,53.21302859698774,7579
6,89,Baghola (44) (CT),5413,3573,1,66.00775909846665,Small,47.72121423945194,66.00775909846665,53.207177697156354,7580
21,388,Pathar (CT),6072,3893,1,64.11396574440053,Small,48.526723060603295,64.11396574440053,53.20289586574246,7581
19,335,Parasia (CT),8894,5146,1,57.85923094220823,Small,51.20302063135813,57.85923094220823,53.19988372461315,7582
19,343,Bhangar Raghunathpur (CT),6037,3875,1,64.18751035282425,Small,48.48619053908258,64.18751035282425,53.19658648320508,7583
8,104,Desoola (CT),7306,4461,1,61.05940323022173,Small,49.82393020032959,61.05940323022173,53.194572109297226,7584
9,151,Pakriya Naugwan Mustqil (CT),17472,8174,1,46.783424908424905,Small,55.937758207064235,46.783424908424905,53.19145821747243,7585
18,300,Salakati (CT),4863,3292,1,67.69483857701007,Small,46.96996592828718,67.69483857701007,53.18742772290405,7586
23,426,Kakarhati (NP),8452,4957,1,58.64884051112163,Small,50.845598673652816,58.64884051112163,53.186571224893456,7587
23,439,Lasudiya Mori (CT),10225,5676,1,55.51100244498778,Small,52.18089881218313,55.51100244498778,53.179929902024526,7588
1,20,Marhi (CT),4392,3044,1,69.30783242258653,Small,46.25573244383025,69.30783242258653,53.171362437457134,7589
9,143,Beswan (NP),6278,3984,1,63.45970054157375,Small,48.76065233810486,63.45970054157375,53.170366799145526,7590
33,610,Pallapalayam (TP),7263,4434,1,61.0491532424618,Small,49.782540266621076,61.0491532424618,53.16252415937329,7591
20,349,Sirsia (CT),7181,4397,1,61.231026319454116,Small,49.70292703021929,61.231026319454116,53.16135681698974,7592
9,141,Bilaspur (NP),8980,5170,1,57.57238307349666,Small,51.27049608741386,57.57238307349666,53.1610621832387,7593
21,382,Kalarangiata (CT),5505,3610,1,65.57674841053588,Small,47.83937950554153,65.57674841053588,53.160590177039836,7594
19,341,Hirapur (CT),7177,4395,1,61.237285774000284,Small,49.69902024140719,61.237285774000284,53.16049990118512,7595
1,11,Safa Pora (CT),10471,5765,1,55.056823608060355,Small,52.34760109521835,55.056823608060355,53.16036784907095,7596
9,141,Rabupura (NP),15454,7523,1,48.679953410120355,Small,55.07713156209063,48.679953410120355,53.15797811649954,7597
9,197,Kachnar (CT),5870,3787,1,64.5144804088586,Small,48.28949975198109,64.5144804088586,53.15699394904434,7598
19,341,Alipukur (CT),5552,3631,1,65.39985590778097,Small,47.89898674200235,65.39985590778097,53.149247491735935,7599
18,309,Lido Tikok (CT),5091,3401,1,66.80416421135337,Small,47.29121380820216,66.80416421135337,53.145098929147515,7600
19,343,Uttar Kalas (CT),6474,4070,1,62.86685202347853,Small,48.976207398863906,62.86685202347853,53.14340078624829,7601
19,332,Milki (CT),12581,6541,1,51.99109768698832,Small,53.63486506457645,51.99109768698832,53.141734851300015,7602
19,343,Barkalikapur (CT),4650,3174,1,68.25806451612904,Small,46.655945614085645,68.25806451612904,53.136581284698664,7603
19,343,Uttar Kusum (CT),10716,5849,1,54.5819335572975,Small,52.509778128427854,54.5819335572975,53.131424757088745,7604
19,328,Mechiabasti (CT),9592,5407,1,56.36989157631359,Small,51.73278938002323,56.36989157631359,53.12392003891033,7605
9,184,Itwa (CT),8253,4855,1,58.82709317823822,Small,50.67853211899498,58.82709317823822,53.12310043676795,7606
9,135,Sirsi (NP),26519,10533,1,39.718692258380784,Small,58.86374756401504,39.718692258380784,53.12023097232476,7607
24,475,Kharaghoda (CT),11944,6296,1,52.71265907568654,Small,53.2705249016538,52.71265907568654,53.103165153863614,7608
29,565,Tekkalakote (TP),26224,10448,1,39.84136668700427,Small,58.78530358398126,39.84136668700427,53.10212251488816,7609
19,343,Mohanpur (CT),4845,3268,1,67.45098039215686,Small,46.943966239750466,67.45098039215686,53.09607048547238,7610
9,146,Azizpur (CT),11103,5982,1,53.8773304512294,Small,52.75854711022493,53.8773304512294,53.09418211252627,7611
8,123,Sardargarh (CT),6600,4116,1,62.36363636363637,Small,49.11135970113712,62.36363636363637,53.087042699886894,7612
1,6,Thanamandi (MC),5490,3589,1,65.37340619307832,Small,47.820248769653325,65.37340619307832,53.08619599668083,7613
19,341,Kanaipur (CT),4782,3233,1,67.60769552488497,Small,46.8522006346739,67.60769552488497,53.07884910173722,7614
20,369,Chandil (CT),4839,3262,1,67.4106220293449,Small,46.93527821171003,67.4106220293449,53.07788135700049,7615
20,368,Danguwapasi (CT),4606,3142,1,68.21537125488494,Small,46.58928748152321,68.21537125488494,53.077112613531725,7616
18,309,Borgolai Grant No.II (CT),5241,3464,1,66.09425682121733,Small,47.4948090753233,66.09425682121733,53.074643399091514,7617
19,340,Nabagram (CT),5963,3814,1,63.96109340935771,Small,48.399714065082236,63.96109340935771,53.068127868364876,7618
33,627,Kadambur (TP),4155,2903,1,69.8676293622142,Small,45.86681385958082,69.8676293622142,53.067058510370835,7619
1,14,Qazi Gund (MC),9871,5498,1,55.698510789180425,Small,51.933834674168565,55.698510789180425,53.06323750867212,7620
20,354,Kharkhari (CT),5656,3664,1,64.78076379066479,Small,48.02910988955043,64.78076379066479,53.05460605988474,7621
22,414,Bastar (NP),10048,5564,1,55.37420382165605,Small,52.05845472740121,55.37420382165605,53.053179455677665,7622
33,625,Kullursandai (CT),5383,3530,1,65.57681590191343,Small,47.68224755795621,65.57681590191343,53.050618061143375,7623
21,374,Koida (CT),6763,4181,1,61.8216767706639,Small,49.28242209614236,61.8216767706639,53.044198498498815,7624
28,538,Tangapur (CT),7704,4597,1,59.67030114226376,Small,50.19585974135815,59.67030114226376,53.03819216162983,7625
33,605,Periagaram (CT),4916,3294,1,67.00569568755085,Small,47.045965515602944,67.00569568755085,53.033884567187314,7626
9,187,Jugauli (CT),6286,3958,1,62.965319758192805,Small,48.76958143144725,62.965319758192805,53.02830292947091,7627
23,420,Malanpur (CT),7492,4501,1,60.077415910304325,Small,50.0002042848272,60.077415910304325,53.02336777247034,7628
1,3,Spituk (CT),4047,2839,1,70.15072893501359,Small,45.68216885358842,70.15072893501359,53.02273687801597,7629
20,361,Sanri Alias Tilaiya (CT),6186,3910,1,63.207242159715484,Small,48.65714218228268,63.207242159715484,53.02217217551252,7630
10,224,Nurpur (CT),5595,3628,1,64.84361036639858,Small,47.95308073821132,64.84361036639858,53.02023962666749,7631
9,176,Dhakauli (CT),5682,3670,1,64.58993312214008,Small,48.06126688225513,64.58993312214008,53.019866754220615,7632
19,339,Simlapal (CT),7206,4374,1,60.69941715237302,Small,49.72729527260143,60.69941715237302,53.0189318365329,7633
19,334,Kalipur (CT),4770,3217,1,67.44234800838575,Small,46.83458450047075,67.44234800838575,53.01691355284525,7634
33,602,Srikalikapuram (CT),5044,3355,1,66.5146708961142,Small,47.22618498480086,66.5146708961142,53.01273075819486,7635
19,333,Paranpara (CT),22297,9408,1,42.19401713234964,Small,57.64773259091136,42.19401713234964,53.01161795334284,7636
19,337,Minakhan (CT),3474,2522,1,72.59643062751871,Small,44.61183347849734,72.59643062751871,53.00721262320375,7637
23,421,Ramgarh (CT),8423,4893,1,58.09094146978511,Small,50.821498645625404,58.09094146978511,53.00233149287331,7638
9,150,Sainthal (NP),15332,7396,1,48.23897730237412,Small,55.02155457509376,48.23897730237412,52.986781393277866,7639
9,141,Jahangirpur (NP),11006,5906,1,53.661639105942214,Small,52.69701801789601,53.661639105942214,52.986404344309875,7640
19,333,Fatellapur (CT),7207,4362,1,60.52449007908977,Small,49.728268243221976,60.52449007908977,52.96713479398231,7641
9,143,Ramgarh Panjoopur (CT),18897,8454,1,44.73725988252104,Small,56.487547607481304,44.73725988252104,52.96246128999322,7642
20,364,Irba (CT),5210,3428,1,65.79654510556622,Small,47.45321452922884,65.79654510556622,52.95621370213005,7643
19,340,Par Beliya (CT),5279,3462,1,65.58060238681568,Small,47.54546165402444,65.58060238681568,52.95600387386182,7644
20,360,Masratu (CT),5996,3806,1,63.47565043362241,Small,48.438409695293785,63.47565043362241,52.94958191679237,7645
14,276,Sikhong Sekmai (NP),7390,4438,1,60.05412719891745,Small,49.90408695843567,60.05412719891745,52.9490990305802,7646
14,274,Hill Town (CT),2293,1816,1,79.19755778456171,Small,41.69948290224646,79.19755778456171,52.948905366941034,7647
3,39,Saloh (CT),4481,3057,1,68.2213791564383,Small,46.3963859544714,68.2213791564383,52.94388391506146,7648
1,17,Ramban (MC),3596,2582,1,71.8020022246941,Small,44.85381100840541,71.8020022246941,52.93826837329202,7649
19,343,Panchghara (CT),6340,3964,1,62.5236593059937,Small,48.829557253112974,62.5236593059937,52.93778786897719,7650
8,112,Chenar Village (CT),5579,3603,1,64.58146621258291,Small,47.933001452520855,64.58146621258291,52.92754088053947,7651
9,136,Kemri (NP),28698,10841,1,37.77615164819848,Small,59.417491064702254,37.77615164819848,52.92508923975112,7652
23,424,Tarichar Kalan (NP),7674,4555,1,59.35626791764399,Small,50.16850202498517,59.35626791764399,52.92483179278282,7653
12,246,Rupa (CT),3812,2699,1,70.80272822665268,Small,45.26276360441294,70.80272822665268,52.92475299108486,7654
28,534,Rekurthi (CT),7626,4534,1,59.454497770784165,Small,50.12450646631243,59.454497770784165,52.92350385765395,7655
8,103,Nooan (CT),6049,3825,1,63.233592329310625,Small,48.50011381116728,63.233592329310625,52.92015736661028,7656
9,175,Pura Pandey (CT),4066,2835,1,69.72454500737825,Small,45.71500712160125,69.72454500737825,52.91786848733435,7657
9,191,Satiyava (CT),6225,3906,1,62.746987951807235,Small,48.70120818464176,62.746987951807235,52.914942114791394,7658
9,145,Nandgaon (NP),11517,6062,1,52.635234870191894,Small,53.0152508567765,52.635234870191894,52.901246060801114,7659
10,204,Madhuban (NP),17510,8015,1,45.77384351798972,Small,55.952992723573736,45.77384351798972,52.899247961898524,7660
20,346,Sinduria (CT),5262,3443,1,65.43139490687952,Small,47.52284650447741,65.43139490687952,52.89541102519804,7661
1,14,Pahalgam (MC),9264,5202,1,56.152849740932645,Small,51.488819403026355,56.152849740932645,52.888028504398235,7662
19,341,Chandipur (CT),6488,4019,1,61.94512946979038,Small,48.99135359424715,61.94512946979038,52.87748635691011,7663
9,142,Khanpur (NP),17247,7924,1,45.94422218356816,Small,55.84686932842027,45.94422218356816,52.876075184964634,7664
33,610,Kembainaickenpalayam (TP),11103,5901,1,53.147797892461504,Small,52.75854711022493,53.147797892461504,52.8753223448959,7665
18,310,Barbari (Amc Area) (CT),2884,2168,1,75.17337031900139,Small,43.30698599547983,75.17337031900139,52.8669012925363,7666
33,609,Pudupalayam Agraharam (CT),5704,3649,1,63.972650771388494,Small,48.0883619433944,63.972650771388494,52.85364859179263,7667
20,349,Jamtara (CT),6255,3906,1,62.44604316546762,Small,48.73491768266901,62.44604316546762,52.84825532750858,7668
33,632,Thenkarai (TP),7349,4393,1,59.77684038644714,Small,49.8650772770562,59.77684038644714,52.838606209873475,7669
9,175,Sarai Lahur Urf Lahurpur (CT),4406,3002,1,68.1343622333182,Small,46.278045553634286,68.1343622333182,52.83494055753946,7670
28,533,Ghanpur (CT),5182,3393,1,65.47664994210729,Small,47.41543202478479,65.47664994210729,52.833797399981535,7671
21,376,Jashipur (CT),5101,3353,1,65.73220937071163,Small,47.30497227001455,65.73220937071163,52.833143400223676,7672
33,608,Karukkalvadi (CT),12052,6226,1,51.65947560570859,Small,53.33364475936585,51.65947560570859,52.83139401326867,7673
9,174,Chail (NP),9820,5399,1,54.979633401221996,Small,51.89751234926994,54.979633401221996,52.822148664855554,7674
9,149,Saidpur (NP),15545,7378,1,47.462206497266,Small,55.11830160401858,47.462206497266,52.821473071992806,7675
18,304,Mairabari Town (CT),7177,4309,1,60.0390135153964,Small,49.69902024140719,60.0390135153964,52.80101822360395,7676
6,76,Fazalpur (81) (CT),3692,2618,1,70.9100758396533,Small,45.038517935747535,70.9100758396533,52.79998530691926,7677
23,437,Karnawad (NP),11266,5932,1,52.65400319545536,Small,52.860740843519814,52.65400319545536,52.79871954910047,7678
9,144,Sahpau (NP),8920,5036,1,56.45739910313902,Small,51.22348874525387,56.45739910313902,52.79366185261941,7679
22,411,Tumgaon (NP),7394,4401,1,59.521233432512844,Small,49.90788118860335,59.521233432512844,52.79188686177619,7680
6,83,Ladrawan (CT),6905,4187,1,60.63721940622737,Small,49.42811883265116,60.63721940622737,52.790849004724016,7681
1,15,Mehmood Pora (MC),10910,5795,1,53.11640696608616,Small,52.63558703552936,53.11640696608616,52.7798330146964,7682
9,134,Dhampur Husainpur (CT),6752,4115,1,60.94490521327014,Small,49.271008385980586,60.94490521327014,52.77317743416745,7683
29,567,Amaravathi (CT),2628,2007,1,76.36986301369863,Small,42.655357740193764,76.36986301369863,52.76970932224522,7684
23,460,Sabo (CT),4366,2971,1,68.04855703160788,Small,46.21410450671988,68.04855703160788,52.76444026418628,7685
33,608,Majaragollappatti (CT),4727,3155,1,66.74423524434103,Small,46.77109412328801,66.74423524434103,52.76303645960391,7686
33,633,Morattupalayam (CT),5798,3676,1,63.40117281821318,Small,48.20296679917316,63.40117281821318,52.76242860488516,7687
9,188,Harsewakpur No.2 (CT),8534,4870,1,57.06585423013827,Small,50.91329877919287,57.06585423013827,52.75906541447649,7688
12,246,Dirang (NT),3750,2644,1,70.50666666666666,Small,45.1477989684348,70.50666666666666,52.75545927790435,7689
33,625,Mettamalai (CT),5175,3375,1,65.21739130434783,Small,47.405954506177565,65.21739130434783,52.74938554562864,7690
9,145,Gokul (NP),4916,3247,1,66.04963384865744,Small,47.045965515602944,66.04963384865744,52.74706601551929,7691
2,23,Bakloh (CB),1805,1488,1,82.4376731301939,Small,40.02217074931957,82.4376731301939,52.74682146358187,7692
19,333,Dafahat(CT),15688,7382,1,47.0550739418664,Small,55.18251297374333,47.0550739418664,52.744281264180245,7693
19,335,Raghunathchak (CT),6006,3768,1,62.73726273726273,Small,48.45009361291884,62.73726273726273,52.73624435022201,7694
9,191,Mahul Khas Or Mahul (CT),6246,3878,1,62.08773615113673,Small,48.72482183646763,62.08773615113673,52.73369613086836,7695
19,341,Osmanpur (CT),5289,3426,1,64.77595008508224,Small,47.55873069438128,64.77595008508224,52.72389651159157,7696
22,416,Barsur (NP),6636,4052,1,61.06088004822182,Small,49.14950100780706,61.06088004822182,52.72291471993148,7697
9,202,Patiyali (NP),14366,6955,1,48.41291939301128,Small,54.5652148613778,48.41291939301128,52.719526220867834,7698
19,336,Haringhata Farm (CT),3989,2766,1,69.3406868889446,Small,45.58096386924981,69.3406868889446,52.70888077515824,7699
9,157,Nagram (NP),10648,5671,1,53.25882794891059,Small,52.465140457348014,53.25882794891059,52.70324670481678,7700
1,12,Khrew (MC),9851,5371,1,54.52238351436402,Small,51.919613039328205,54.52238351436402,52.70044418183895,7701
12,251,Boleng (NT),2979,2207,1,74.08526351124539,Small,43.53418579694787,74.08526351124539,52.69950911123712,7702
5,68,Saidpura (CT),5640,3587,1,63.59929078014185,Small,48.009247427735666,63.59929078014185,52.68626043345752,7703
19,341,Baniban Jagadishpur (CT),7402,4377,1,59.132666846798166,Small,49.91546349585516,59.132666846798166,52.680624501138055,7704
10,234,Saraiya (CT),8260,4733,1,57.300242130750604,Small,50.684476872624295,57.300242130750604,52.66920645006219,7705
24,485,Limkheda (CT),3924,2726,1,69.46992864424058,Small,45.465781349885134,69.46992864424058,52.667025538191766,7706
20,368,Barajamda (CT),8629,4880,1,56.55348244292502,Small,50.99092324143919,56.55348244292502,52.65969100188494,7707
33,610,Nerunjipettai (TP),6791,4106,1,60.46237667501104,Small,49.311391626956166,60.46237667501104,52.65668714137263,7708
9,194,Banjarepur (CT),5108,3326,1,65.11354737666406,Small,47.31458715745834,65.11354737666406,52.654275223220054,7709
3,52,Mirpur (CT),5967,3732,1,62.54399195575666,Small,48.40441583242989,62.54399195575666,52.64628866942792,7710
33,608,Kurukkupatti (CT),5037,3289,1,65.29680365296804,Small,47.2164480398359,65.29680365296804,52.64055472377554,7711
6,80,Satrod Khurd (155) (CT),5568,3544,1,63.64942528735632,Small,47.919163517615445,63.64942528735632,52.638242048537705,7712
35,639,Bakultala (CT),2741,2062,1,75.2280189711784,Small,42.9504798549175,75.2280189711784,52.63374158979577,7713
22,407,Sahaspur-Lohara (NP),7017,4199,1,59.84038763004133,Small,49.54093666404758,59.84038763004133,52.630771953845695,7714
21,399,Chitrakonda (CT),6725,4071,1,60.53531598513011,Small,49.24291390298842,60.53531598513011,52.630634527630924,7715
19,343,Ghola Noapara (CT),6210,3839,1,61.81964573268921,Small,48.68429247553999,61.81964573268921,52.624898452684754,7716
23,441,Palsud (NP),10113,5443,1,53.821813507366755,Small,52.1036688475134,53.821813507366755,52.6191122454694,7717
9,149,Usawan (NP),13327,6571,1,49.305920312148274,Small,54.03879481120438,49.305920312148274,52.618932461487546,7718
10,230,Pareo (CT),8435,4789,1,56.77534084173088,Small,50.83148111811011,56.77534084173088,52.61463903519635,7719
6,87,Nagina (51) (CT),11417,5916,1,51.81746518349829,Small,52.95410043671973,51.81746518349829,52.6131098607533,7720
19,328,Mangalbari (CT),5934,3710,1,62.521065048870916,Small,48.365531648238274,62.521065048870916,52.61219166842807,7721
23,425,Satai (NP),10592,5617,1,53.03058912386707,Small,52.42816547278735,53.03058912386707,52.60889256811126,7722
19,328,Jagijhora Barabak (CT),6474,3954,1,61.07506950880445,Small,48.976207398863906,61.07506950880445,52.60586603184606,7723
9,180,Risiya Bazar (NP),13750,6700,1,48.72727272727273,Small,54.25790241344232,48.72727272727273,52.598713507591434,7724
1,10,Khonmoh  (CT),2664,2013,1,75.56306306306307,Small,42.750733855791886,75.56306306306307,52.59443261797324,7725
20,354,Hariharpur (CT),6938,4154,1,59.87316229460939,Small,49.46154881712898,59.87316229460939,52.585032860373104,7726
18,315,Mahur (TC),2121,1681,1,79.25506836397925,Small,41.15292835199249,79.25506836397925,52.58357035558852,7727
9,156,Rasulabad (NP),7928,4573,1,57.6816347124117,Small,50.39682547091028,57.6816347124117,52.5822682433607,7728
9,147,Makhanpur (CT),7012,4185,1,59.68339988590987,Small,49.535938669583054,59.68339988590987,52.580177034481096,7729
28,551,Moragudi (CT),6812,4095,1,60.1145038167939,Small,49.333040508605514,60.1145038167939,52.567479501062024,7730
20,355,Amlabad (CT),4636,3078,1,66.39344262295081,Small,46.63480485726769,66.39344262295081,52.56239618697262,7731
10,216,Dumari urf Damodarpur Shahjahan (CT),6301,3867,1,61.37121091890177,Small,48.78629289952654,61.37121091890177,52.5617683053391,7732
20,349,Dandidih (CT),7769,4501,1,57.93538421933325,Small,50.254771179620036,57.93538421933325,52.558955091533996,7733
19,333,Jagtaj (CT),11261,5838,1,51.842642749311786,Small,52.85762810622499,51.842642749311786,52.553132499151026,7734
19,341,Dhulasimla (CT),5462,3478,1,63.67630904430611,Small,47.784397824195516,63.67630904430611,52.5519711902287,7735
5,68,Padali Gujar (CT),12901,6398,1,49.593054801953336,Small,53.81098948706384,49.593054801953336,52.545609081530685,7736
20,360,Chauparan (CT),5361,3428,1,63.943294161537025,Small,47.6535337478418,63.943294161537025,52.54046187195036,7737
19,333,Bhabki (CT),7772,4497,1,57.86155429747812,Small,50.2574782577221,57.86155429747812,52.538701069648894,7738
28,535,Bonthapalle (CT),6608,3998,1,60.50242130750605,Small,49.11985349262073,60.50242130750605,52.53462383708632,7739
21,386,Balipatapur (CT),6898,4124,1,59.78544505653812,Small,49.42100708989686,59.78544505653812,52.53033847988924,7740
20,354,Madhuban   (CT),4316,2911,1,67.44670991658943,Small,46.13334951787759,67.44670991658943,52.52735763749114,7741
9,132,Gagalhedi Must. (CT),7776,4495,1,57.806069958847736,Small,50.26108607039915,57.806069958847736,52.52458123693373,7742
19,332,Sonatala (CT),10589,5585,1,52.743412975729534,Small,52.42617915759597,52.743412975729534,52.52134930303603,7743
8,117,Reodar (CT),8117,4634,1,57.09005790316619,Small,50.56202256634326,57.09005790316619,52.52043316739014,7744
9,166,Deori Singhpura (CT),5800,3630,1,62.58620689655172,Small,48.205384966692414,62.58620689655172,52.519631545650206,7745
21,388,Pitala (CT),4458,2981,1,66.86855091969494,Small,46.360306740130405,66.86855091969494,52.512779993999764,7746
33,610,Pethampalayam (TP),7152,4228,1,59.11633109619687,Small,49.67455337639442,59.11633109619687,52.50708669233515,7747
9,170,Oran (NP),7212,4253,1,58.97115917914587,Small,49.73313107244141,58.97115917914587,52.50453950445274,7748
19,343,Gaur Daha (CT),5260,3373,1,64.1254752851711,Small,47.52018109747597,64.1254752851711,52.50176935378451,7749
9,159,Kampil (NP),10281,5465,1,53.15630775216419,Small,52.21919717158517,53.15630775216419,52.50033034575887,7750
9,197,Lerhupur (CT),6934,4132,1,59.59042399769253,Small,49.45750517524884,59.59042399769253,52.49738082198194,7751
19,333,Ghorsala (CT),7837,4513,1,57.585810897026924,Small,50.31587646501785,57.585810897026924,52.49685679462057,7752
14,278,Andro (NP),8744,4877,1,55.77538883806038,Small,51.08375439381197,55.77538883806038,52.49124472708649,7753
9,156,Fatehpur Chaurasi (NP),6715,4034,1,60.07446016381236,Small,49.23247990949036,60.07446016381236,52.485073985786954,7754
18,311,Sepon (CT),4234,2863,1,67.61927255550307,Small,45.998864519298536,67.61927255550307,52.48498693015989,7755
7,98,Chandan Hola (CT),6780,4062,1,59.91150442477876,Small,49.30002500793484,59.91150442477876,52.48346883298802,7756
9,166,Kathera (NP),7533,4380,1,58.14416567104739,Small,50.03847151430133,58.14416567104739,52.47017976132514,7757
8,123,Delwara (CT),4429,2960,1,66.8322420410928,Small,46.31454937532371,66.8322420410928,52.469857175054436,7758
20,349,Mahesh Mundi (CT),7389,4318,1,58.43821897415077,Small,49.9031380800449,58.43821897415077,52.46366234827666,7759
8,111,Guhala (CT),6343,3864,1,60.917546902096795,Small,48.83287425076394,60.917546902096795,52.4582760461638,7760
19,339,Ghutgarya (CT),5311,3389,1,63.8109583882508,Small,47.58783450642426,63.8109583882508,52.45477167097222,7761
19,343,Maricha (CT),4842,3161,1,65.28294093349855,Small,46.93962357118172,65.28294093349855,52.44261877987677,7762
23,425,Amanganj (CT),5377,3418,1,63.56704482053189,Small,47.67442817145231,63.56704482053189,52.44221316617618,7763
20,354,Baua Kalan (CT),9489,5144,1,54.21013805458953,Small,51.65708706432657,54.21013805458953,52.42300236140545,7764
27,520,Dadar (CT),5389,3418,1,63.42549638151791,Small,47.690058235284546,63.42549638151791,52.41068967915456,7765
19,343,Raynagar (CT),5593,3512,1,62.79277668514214,Small,47.95057396937806,62.79277668514214,52.40323478410728,7766
9,192,Chakmano Urf Dargah (CT),4837,3152,1,65.16435807318585,Small,46.932379808801926,65.16435807318585,52.401973288117105,7767
19,343,Sangrampur (CT),5664,3544,1,62.57062146892656,Small,48.0390200635881,62.57062146892656,52.39850048518963,7768
33,608,Puthur Agraharam (CT),11173,5748,1,51.44544884990603,Small,52.80261656143648,51.44544884990603,52.39546624797734,7769
18,302,Bhalukdubi (CT),9636,5190,1,53.86052303860524,Small,51.76488076960949,53.86052303860524,52.39357345030821,7770
28,532,Jainoor (CT),6342,3848,1,60.674865972879225,Small,48.83176875919762,60.674865972879225,52.3846979233021,7771
19,333,Dhusaripara (CT),17800,7788,1,43.752808988764045,Small,56.068178755860096,43.752808988764045,52.37356782573128,7772
18,326,Kalaigaon Town Part (CT),5112,3280,1,64.16275430359939,Small,47.32007546588666,64.16275430359939,52.372879117200476,7773
33,608,Rajapalayam (CT),5807,3604,1,62.06302738074737,Small,48.21384199246616,62.06302738074737,52.36859760895052,7774
19,333,Srimantapur (P) (CT),4374,2917,1,66.68952903520805,Small,46.22693944187235,66.68952903520805,52.36571631987306,7775
19,335,Amlajora (CT),5856,3625,1,61.90232240437158,Small,48.27275731559937,61.90232240437158,52.36162684223103,7776
19,333,Charka (CT),8451,4723,1,55.88687729262809,Small,50.84476901547542,55.88687729262809,52.357401498621215,7777
28,543,Chintalavalasa (CT),5921,3652,1,61.6787704779598,Small,48.35015424230053,61.6787704779598,52.3487391129983,7778
19,336,Sonda (P) (CT),4511,2983,1,66.12724451341167,Small,46.44316855449867,66.12724451341167,52.34839134217256,7779
3,35,Baryar (CT),3520,2470,1,70.17045454545455,Small,44.704054231141996,70.17045454545455,52.34397432543576,7780
9,183,Khargupur (NP),10472,5480,1,52.33002291825821,Small,52.34827072384015,52.33002291825821,52.34279638216556,7781
19,333,Krishna Sali (CT),10742,5575,1,51.89908769316701,Small,52.526770665087405,51.89908769316701,52.33846577351129,7782
19,343,Bidyadharpur (CT),4630,3040,1,65.65874730021598,Small,46.625724986681526,65.65874730021598,52.33563168074186,7783
29,577,Kadakola (CT),6436,3879,1,60.27035425730267,Small,48.934930628829825,60.27035425730267,52.33555771737167,7784
21,388,Badakodanda (CT),5137,3285,1,63.94782947245474,Small,47.35428041974217,63.94782947245474,52.33234513555594,7785
22,414,Visrampuree (NP),9641,5171,1,53.635514988071776,Small,51.768518243489645,53.635514988071776,52.328617266864285,7786
1,14,Shangus (MC),7875,4480,1,56.888888888888886,Small,50.34979304608299,56.888888888888886,52.31152179892476,7787
6,87,Pingwan (127) (CT),12612,6203,1,49.18331747542023,Small,53.65212193042521,49.18331747542023,52.31148059392372,7788
22,402,Kotba (NP),6805,4033,1,59.26524614254225,Small,49.32583163798693,59.26524614254225,52.30765598935352,7789
19,335,Nabgram (CT),4626,3032,1,65.54258538694336,Small,46.61966520169756,65.54258538694336,52.2965412572713,7790
9,152,Khudaganj (NP),14737,6863,1,46.569858180090925,Small,54.744005264020736,46.569858180090925,52.29176113884179,7791
10,212,Raghunathpur (CT),6355,3834,1,60.33044846577498,Small,48.84612657420958,60.33044846577498,52.29142314167919,7792
19,340,Dubra (CT),5506,3450,1,62.658917544496916,Small,47.84065303423591,62.658917544496916,52.28613238731421,7793
20,354,Jhinghipahari (CT),4550,2992,1,65.75824175824175,Small,46.50352305784051,65.75824175824175,52.27993866796088,7794
23,424,Badagaon (NP),9282,5013,1,54.00775694893342,Small,51.50243039967081,54.00775694893342,52.25402836444958,7795
9,146,Artauni (CT),6061,3696,1,60.98003629764065,Small,48.51400949418749,60.98003629764065,52.25381753522343,7796
10,221,Dharampur (CT),5291,3344,1,63.20166320166321,Small,47.561381492271984,63.20166320166321,52.25346600508935,7797
9,143,Gabhana (CT),5886,3617,1,61.450900441726134,Small,48.308585147632954,61.450900441726134,52.251279735860905,7798
19,332,Jalalpur (CT),5460,3422,1,62.67399267399267,Small,47.78183001540214,62.67399267399267,52.24947881297929,7799
19,343,Dhola (CT),5804,3577,1,61.629910406616126,Small,48.21021880161504,61.629910406616126,52.23612628311537,7800
9,156,Bhagwant Nagar (NP),6995,4097,1,58.57040743388134,Small,49.51891879435475,58.57040743388134,52.234365386212716,7801
33,608,Thappakuttai (CT),6986,4092,1,58.574291440022904,Small,49.5098915211884,58.574291440022904,52.229211496838744,7802
21,388,Palurgada (CT),5019,3210,1,63.9569635385535,Small,47.191347924899894,63.9569635385535,52.22103260899597,7803
19,340,Lapara (CT),5367,3372,1,62.82839575181666,Small,47.66137645404934,62.82839575181666,52.211482243379535,7804
21,388,Mundamarai (CT),4253,2833,1,66.61180343287091,Small,46.0302560263032,66.61180343287091,52.20472024827352,7805
19,343,Bangsidharpur (M) (P) (CT),5218,3300,1,63.24262169413568,Small,47.46397224675377,63.24262169413568,52.19756708096834,7806
33,605,Damalerimuthur (CT),5250,3314,1,63.12380952380953,Small,47.50683884509442,63.12380952380953,52.191930048708954,7807
9,132,Ramdaspur Urf Nagal (CT),5730,3533,1,61.65794066317627,Small,48.120248991889355,61.65794066317627,52.18155649327542,7808
21,389,R. Udayagiri (CT),4851,3122,1,64.35786435786436,Small,46.95264351749568,64.35786435786436,52.17420976960628,7809
5,58,Kedarnath (NP),612,601,1,98.20261437908496,Small,32.44493016405334,98.20261437908496,52.17223542856282,7810
9,182,Pachperwa (NP),17220,7510,1,43.61207897793264,Small,55.83588307679668,43.61207897793264,52.16874184713746,7811
9,149,Gawan (NP),9568,5092,1,53.219063545150505,Small,51.71522288950252,53.219063545150505,52.166375086196915,7812
20,361,Jai Nagar (CT),5347,3354,1,62.72676267065644,Small,47.635199918480644,62.72676267065644,52.16266874413338,7813
9,176,Tikait Nagar (NP),9456,5048,1,53.384094754653134,Small,51.63265904265516,53.384094754653134,52.158089756254554,7814
21,397,Papadahandi (CT),9390,5021,1,53.47177848775293,Small,51.58354622958586,53.47177848775293,52.15001590703598,7815
9,133,Garhi Pukhta (NP),11748,5849,1,49.78719782090569,Small,53.154502469237286,49.78719782090569,52.14431107473781,7816
19,343,Makhal Tala (CT),11192,5660,1,50.57183702644746,Small,52.81453063672945,50.57183702644746,52.141722553644854,7817
9,136,Maswasi (NP),17737,7627,1,43.00050741388059,Small,56.04331594800562,43.00050741388059,52.130473387768106,7818
33,610,Unjalur (TP),2482,1865,1,75.14101531023368,Small,42.25468065291273,75.14101531023368,52.12058105010901,7819
23,455,Sethiya (CT),3113,2223,1,71.41021522646965,Small,43.842637186441195,71.41021522646965,52.11291059844973,7820
9,149,Gunnaur (NP),23665,9036,1,38.182970631734634,Small,58.06528494480608,38.182970631734634,52.10059065088464,7821
9,199,Bharuhana (CT),6629,3911,1,58.99834062452859,Small,49.1421008714221,58.99834062452859,52.098972797354044,7822
9,199,Garauri (CT),5378,3356,1,62.40238006693938,Small,47.67573200816451,62.40238006693938,52.093726425796966,7823
22,407,Pandatarai (NP),7008,4067,1,58.03367579908676,Small,49.53193770770796,58.03367579908676,52.082459135121596,7824
23,461,Badra (CT),4785,3075,1,64.26332288401254,Small,46.85659776246119,64.26332288401254,52.07861529892659,7825
20,363,Karma Tanr (CT),5868,3574,1,60.906612133606,Small,48.28711042121305,60.906612133606,52.07296093493093,7826
1,9,Sumbal (MC),15041,6835,1,45.442457283425306,Small,54.88718394233397,45.442457283425306,52.05376594466137,7827
28,535,Annaram (CT),6840,3990,1,58.333333333333336,Small,49.36180211338974,58.333333333333336,52.053261479372814,7828
23,434,Dhamnod (NP),8341,4594,1,55.07732885745115,Small,50.75290210315691,55.07732885745115,52.05023012944518,7829
9,197,Kesaripur (CT),5381,3349,1,62.23750232298829,Small,47.67964206443327,62.23750232298829,52.047000141999774,7830
1,9,Hajan (MC),13239,6287,1,47.48848100309691,Small,53.99233902969169,47.48848100309691,52.04118162171326,7831
19,333,Bhasaipaikar (CT),23141,8871,1,38.33455771142128,Small,57.90826901418029,38.33455771142128,52.036155623352585,7832
19,335,Baktarnagar (CT),5112,3221,1,63.008607198748045,Small,47.32007546588666,63.008607198748045,52.026634985745076,7833
2,26,Banjar (NP),1414,1188,1,84.01697312588402,Small,38.311181153607095,84.01697312588402,52.02291874529017,7834
20,355,Bhandra (CT),4606,2980,1,64.69821971341729,Small,46.58928748152321,64.69821971341729,52.02196715109143,7835
23,424,Jeron Khalsa (NP),9426,4992,1,52.95989815404201,Small,51.610377666985116,52.95989815404201,52.01523381310218,7836
6,88,Piala (54) (CT),4291,2824,1,65.81216499650431,Small,46.092620597859245,65.81216499650431,52.008483917452764,7837
22,406,Pathariya (NP),6349,3771,1,59.39518034336116,Small,48.83950354295733,59.39518034336116,52.00620658307848,7838
19,332,Bagbari (CT),8660,4700,1,54.27251732101617,Small,51.01606851825924,54.27251732101617,51.993003159086314,7839
21,382,Kaliapani (CT),5028,3175,1,63.14638027048528,Small,47.20390921229208,63.14638027048528,51.98665052975004,7840
9,180,Jarwal (NP),19289,7927,1,41.095961428793615,Small,56.63152316881642,41.095961428793615,51.97085464680958,7841
6,75,Kabri (18) (CT),7049,4057,1,57.55426301603064,Small,49.57283975341314,57.55426301603064,51.96726673219839,7842
9,197,Gaura Kala (CT),4653,2994,1,64.34558349451966,Small,46.6604674965011,64.34558349451966,51.96600229590666,7843
19,333,Chachanda (CT),14244,6556,1,46.02639707947206,Small,54.505411083602105,46.02639707947206,51.96170688236309,7844
23,439,Ahirkhedi (CT),9357,4950,1,52.90157101635139,Small,51.558860233717006,52.90157101635139,51.961673468507314,7845
28,551,Chennamukkapalle (CT),7065,4062,1,57.49469214437367,Small,49.58873703590565,57.49469214437367,51.96052356844605,7846
9,153,Dhaurehra (NP),24518,9104,1,37.13190309160617,Small,58.313596490558204,37.13190309160617,51.95908847087259,7847
33,633,Vellaravalli (CT),5070,3187,1,62.85996055226825,Small,47.262232875395526,62.85996055226825,51.94155117845734,7848
19,340,Lagda (CT),5694,3471,1,60.95890410958904,Small,48.07605898280665,60.95890410958904,51.940912520841366,7849
19,335,Mahal (CT),4841,3078,1,63.581904565172486,Small,46.93817541717836,63.581904565172486,51.93129416157659,7850
33,610,Elathur (TP),7827,4361,1,55.717388526894084,Small,50.3069237180642,55.717388526894084,51.93006316071316,7851
28,544,"Upper Sileru Project 
Site Camp (CT)",4632,2978,1,64.29188255613127,Small,46.628752916666535,64.29188255613127,51.927691808505955,7852
20,364,Bishrampur (CT),4487,2905,1,64.74258970358814,Small,46.405767475250286,64.74258970358814,51.90681414375164,7853
28,543,Jarjapupeta (CT),5761,3494,1,60.649192848463805,Small,48.15807963402563,60.649192848463805,51.90541359835708,7854
9,132,Malhipur (CT),6720,3906,1,58.12500000000001,Small,49.2376988467978,58.12500000000001,51.903889192758456,7855
19,343,Bayarsing (CT),8346,4554,1,54.56506110711719,Small,50.75710408407019,54.56506110711719,51.89949119098429,7856
9,156,Auras (NP),6466,3798,1,58.73801422827095,Small,48.967537719828805,58.73801422827095,51.898680672361444,7857
19,341,Paschim Panchla (CT),6951,3999,1,57.531290461804055,Small,49.47467457354499,57.531290461804055,51.891659340022706,7858
24,481,Malanka (CT),4765,3033,1,63.65162644281217,Small,46.82723136386714,63.65162644281217,51.87454988755064,7859
28,535,Narsapur (CT),6647,3868,1,58.19166541296825,Small,49.16111403915496,58.19166541296825,51.87027945129894,7860
19,335,Banagram (CT),5635,3431,1,60.88731144631766,Small,48.00302885347312,60.88731144631766,51.86831363132648,7861
19,334,Kashimnagar (CT),9796,5077,1,51.827276439363004,Small,51.88035417395797,51.827276439363004,51.86443085357948,7862
9,183,Katra (NP),8108,4450,1,54.88406512086827,Small,50.55424365735224,54.88406512086827,51.85319009640705,7863
20,348,Karma (CT),5753,3479,1,60.47279680166869,Small,48.14833640809383,60.47279680166869,51.845674526166285,7864
19,335,Majiara (CT),5444,3341,1,61.370315944158705,Small,47.76125362584029,61.370315944158705,51.84397232133581,7865
19,337,Uttar Bagundi (CT),6027,3598,1,59.69802555168408,Small,48.474566658190916,59.69802555168408,51.841604326238865,7866
1,5,Naka Majiari (CT),5033,3153,1,62.64653288297238,Small,47.210877995272746,62.64653288297238,51.84157446158264,7867
19,332,Silampur (CT),12664,6021,1,47.544219835754895,Small,53.68097391022387,47.544219835754895,51.839947687883175,7868
28,535,Chitkul (CT),5596,3407,1,60.88277340957827,Small,47.95433378668,60.88277340957827,51.83286567354948,7869
33,602,Madaharpakkam (CT),4250,2776,1,65.31764705882352,Small,46.025308805120005,65.31764705882352,51.81301028123106,7870
3,46,Kot Fatta (M Cl),7412,4166,1,56.206152185644896,Small,49.92492986572722,56.206152185644896,51.809296561702524,7871
1,1,Sool Koot (CT),3973,2637,1,66.37301787062673,Small,45.5527862894554,66.37301787062673,51.79885576380679,7872
9,142,Kakod (NP),9213,4846,1,52.59958753934657,Small,51.450110827819685,52.59958753934657,51.794953841277746,7873
21,393,Bangomunda (CT),5759,3471,1,60.270880361173816,Small,48.15564509633886,60.270880361173816,51.79021567578934,7874
19,335,Ramnagar (CT),5446,3332,1,61.18251928020566,Small,47.76382897869198,61.18251928020566,51.78943606914608,7875
3,49,Khilchian (CT),4588,2935,1,63.97122929380994,Small,46.561834566242425,63.97122929380994,51.784652984512675,7876
9,201,Nidhauli Kalan (NP),8418,4549,1,54.03896412449512,Small,50.81733508453634,54.03896412449512,51.78382379652397,7877
19,328,Dakshin Odlabari (CT),4997,3125,1,62.5375225135081,Small,47.1605474988248,62.5375225135081,51.77364000322979,7878
1,14,Seer Hamdan (MC),8233,4476,1,54.366573545487675,Small,50.66151928741861,54.366573545487675,51.77303556483933,7879
9,196,Bahadurpur (CT),8515,4582,1,53.81092190252495,Small,50.89767024313778,53.81092190252495,51.77164574095393,7880
9,188,Jangl Hakeem No 2 (CT),8328,4510,1,54.15465898174831,Small,50.74196515479736,54.15465898174831,51.76577330288265,7881
9,157,Mahona (NP),8557,4596,1,53.71041252775506,Small,50.932171050798814,53.71041252775506,51.76564349388568,7882
9,197,Dindaspur (CT),6352,3719,1,58.54848866498741,Small,48.84281584046187,58.54848866498741,51.75451768781953,7883
33,630,Hale-Dharmapuri (CT),4902,3076,1,62.749898000815996,Small,47.02597006411118,62.749898000815996,51.74314844512262,7884
20,349,Akdoni Khurd (CT),6321,3703,1,58.58250276854928,Small,48.80851308838435,58.58250276854928,51.740709992433835,7885
19,333,Hafania (CT),8171,4443,1,54.3752294700771,Small,50.60851568075133,54.3752294700771,51.73852981754906,7886
20,359,Alaudia (CT),4943,3094,1,62.59356665992313,Small,47.08436790644528,62.59356665992313,51.73712753248863,7887
24,468,Kandla (CT),15782,6877,1,43.57495881383855,Small,55.22440382398581,43.57495881383855,51.729570320941626,7888
23,465,Nanpur (CT),5632,3403,1,60.42258522727273,Small,47.9992950602872,60.42258522727273,51.726282110382854,7889
9,151,Gulariya Bhindara (NP),6172,3636,1,58.91121192482177,Small,48.6412558323967,58.91121192482177,51.722242660124216,7890
8,130,Chawand (CT),4252,2764,1,65.00470366886171,Small,46.02860734033432,65.00470366886171,51.72143623889254,7891
18,305,Borpukhuri (CT),8318,4493,1,54.01538831449868,Small,50.733540495283016,54.01538831449868,51.718094841047716,7892
9,176,Subeha (NP),13772,6301,1,45.75225094394423,Small,54.26911292928703,45.75225094394423,51.71405433368419,7893
22,409,Maro (NP),6596,3812,1,57.79260157671315,Small,49.107108944385466,57.79260157671315,51.71275673408377,7894
9,197,Kallipur (CT),6295,3684,1,58.522637013502774,Small,48.77961309041408,58.522637013502774,51.70252026734069,7895
28,538,Vatwarlapalle (CT),4544,2900,1,63.820422535211264,Small,46.49427149220272,63.820422535211264,51.692116805105286,7896
6,70,Majra (60) (CT),4884,3056,1,62.571662571662564,Small,47.00017756604203,62.571662571662564,51.671623067728184,7897
22,406,Malhar (NP),8505,4544,1,53.42739564961787,Small,50.88943068663079,53.42739564961787,51.65082017552691,7898
2,28,Bhota (NP),1453,1196,1,82.31245698554714,Small,38.501848000277285,82.31245698554714,51.64503069585824,7899
9,176,Satrikh (NP),12107,5765,1,47.617081027504746,Small,53.365572111853446,47.617081027504746,51.64102478654883,7900
28,539,Raghunathpur (CT),4008,2633,1,65.6936127744511,Small,45.61427835345404,65.6936127744511,51.63807867975316,7901
19,334,Murarai (CT),5770,3446,1,59.72270363951473,Small,48.16902460661538,59.72270363951473,51.63512831648518,7902
19,335,Mandarbani (CT),4592,2914,1,63.458188153310104,Small,46.567944508459775,63.458188153310104,51.63501760191487,7903
21,388,Surala (CT),8258,4446,1,53.838701864858315,Small,50.6827788857549,53.838701864858315,51.62955577948592,7904
20,354,Jangalpur (CT),7603,4195,1,55.1755885834539,Small,50.10332704348587,55.1755885834539,51.62500550547628,7905
9,159,Baroun (CT),5886,3493,1,59.34420659191302,Small,48.308585147632954,59.34420659191302,51.61927158091697,7906
19,333,Serpur (CT),8900,4674,1,52.516853932584276,Small,51.2077493474755,52.516853932584276,51.600480723008125,7907
28,535,Shankarampet (A) (CT),6227,3634,1,58.358760237674645,Small,48.70346053273767,58.358760237674645,51.60005044421876,7908
9,155,Gopamau (NP),15526,6739,1,43.404611619219374,Small,55.10972560262856,43.404611619219374,51.598191407605796,7909
28,543,Malicherla (CT),5229,3198,1,61.15892139988526,Small,47.47873721404179,61.15892139988526,51.582792469794825,7910
23,436,Badagaon (NP),7217,4031,1,55.8542330608286,Small,49.737990531950075,55.8542330608286,51.572863290613626,7911
9,149,Kunwargaon (NP),8053,4353,1,54.05438966844655,Small,50.50651746738636,54.05438966844655,51.570879127704416,7912
9,135,Rustamnagar Sahaspur (CT),18677,7517,1,40.247363066873696,Small,56.40543091115159,40.247363066873696,51.558010557868215,7913
19,343,Barijpur (CT),5536,3328,1,60.115606936416185,Small,47.87875174657733,60.115606936416185,51.54980830352899,7914
33,633,Kannivadi (TP),4385,2803,1,63.9224629418472,Small,46.24454920871062,63.9224629418472,51.54792332865159,7915
5,64,Almora (CB),1391,1150,1,82.67433501078361,Small,38.19625747587009,82.67433501078361,51.53968073634414,7916
28,537,Navandgi (CT),6711,3819,1,56.90657130084935,Small,49.22830196135586,56.90657130084935,51.53178276320391,7917
10,222,Malhipur (CT),12439,5821,1,46.79636626738484,Small,53.55527014291355,46.79636626738484,51.52759898025493,7918
2,33,Chaupal (NP),1851,1443,1,77.9578606158833,Small,40.1985515855205,77.9578606158833,51.52634429462934,7919
1,14,Arwani (MC),11815,5624,1,47.60050782903089,Small,53.194379508099665,47.60050782903089,51.51621800437903,7920
9,151,Jahanabad (NP),14328,6361,1,44.39558905639308,Small,54.546642083726105,44.39558905639308,51.501326175526195,7921
9,199,Kataka (CT),4926,3047,1,61.85546082013804,Small,47.06021315507588,61.85546082013804,51.49878745459452,7922
21,388,Borigam (CT),4855,3011,1,62.01853759011329,Small,46.95842241006526,62.01853759011329,51.47645696407967,7923
19,333,Debipur (CT),6506,3723,1,57.224100830003074,Small,49.0107793289302,57.224100830003074,51.474775779252056,7924
23,424,Kari (NP),10409,5156,1,49.53405706600058,Small,52.30595874359906,49.53405706600058,51.47438824031951,7925
9,160,Talgram (NP),11665,5559,1,47.6553793399057,Small,53.10478601790298,47.6553793399057,51.469964014503795,7926
28,551,Veparala (CT),6712,3805,1,56.68951132300357,Small,49.229346681765435,56.68951132300357,51.46739607413687,7927
14,278,Lilong (Thoubal) (NP) ( Minor part),2012,1537,1,76.39165009940358,Small,40.783129141669754,76.39165009940358,51.4656854289899,7928
6,75,Kachrauli (1) (CT),5400,3252,1,60.22222222222222,Small,47.70435525498961,60.22222222222222,51.459715345159395,7929
19,343,Purba Ranaghat (CT),5207,3166,1,60.80276550797004,Small,47.44917612673524,60.80276550797004,51.45525294110567,7930
20,352,Borio (CT),6964,3903,1,56.04537622056289,Small,49.4877758081628,56.04537622056289,51.455055931882825,7931
9,146,Kaulakha (CT),5438,3267,1,60.07723427730783,Small,47.75352188775129,60.07723427730783,51.45063560461825,7932
20,354,Panchmahali (CT),4832,2996,1,62.003311258278146,Small,46.92512855623118,62.003311258278146,51.44858336684527,7933
21,389,Kashinagar (NAC),9684,4893,1,50.526641883519204,Small,51.79972287785788,50.526641883519204,51.417798579556276,7934
27,528,Mouje Anjanvel (CT),1621,1293,1,79.76557680444171,Small,39.26862611476197,79.76557680444171,51.41771132166589,7935
20,355,Narra (CT),5390,3240,1,60.1113172541744,Small,47.691359169475525,60.1113172541744,51.41734659488519,7936
8,112,Jhagarwas (CT),5728,3384,1,59.0782122905028,Small,48.117801283056025,59.0782122905028,51.40592458529005,7937
9,137,Beelna (CT),7024,3915,1,55.737471526195904,Small,49.54792787735244,55.737471526195904,51.40479097200547,7938
19,343,Lalpur (CT),4691,2924,1,62.33212534640802,Small,46.717493716585906,62.33212534640802,51.401883205532535,7939
19,333,Khodarampur (CT),7277,4013,1,55.146351518482895,Small,49.79604289770905,55.146351518482895,51.4011354839412,7940
9,201,Sakit (NP),8089,4320,1,53.40585980961799,Small,50.53779312459202,53.40585980961799,51.398213130099805,7941
19,343,Uttar Bishnupur (CT),4703,2926,1,62.215607059323844,Small,46.73540607814173,62.215607059323844,51.37946637249637,7942
1,10,Lasjan (CT),5281,3185,1,60.310547244839995,Small,47.548117471415146,60.310547244839995,51.3768464034426,7943
24,491,Valsad (INA),1162,988,1,85.02581755593803,Small,36.935806539629496,85.02581755593803,51.362809844522054,7944
19,333,Bara Jumla (CT),11074,5332,1,48.14881704894347,Small,52.74020832107743,48.14881704894347,51.36279093943724,7945
24,473,Chhatral INA (INA),2660,1901,1,71.46616541353383,Small,42.740200341627634,71.46616541353383,51.35798986319949,7946
9,175,Chak Babura Alimabad (CT),4876,3001,1,61.54634946677605,Small,46.98868371264115,61.54634946677605,51.35598343888162,7947
20,355,Sijhua (CT),4376,2770,1,63.299817184643516,Small,46.23014450853523,63.299817184643516,51.35104631136771,7948
18,308,Lakhi Nepali (CT),5348,3209,1,60.0037397157816,Small,47.63651106847723,60.0037397157816,51.346679662668535,7949
10,230,Dariapur (CT),4851,2986,1,61.55431869717584,Small,46.95264351749568,61.55431869717584,51.333146071399725,7950
12,257,Anini (NT),2384,1744,1,73.15436241610739,Small,41.972291143533454,73.15436241610739,51.32691252530563,7951
19,335,Ratibati (CT),4508,2827,1,62.710736468500436,Small,46.43850431373055,62.710736468500436,51.32017396016151,7952
19,330,Chopra (CT),5777,3388,1,58.64635624026311,Small,48.177525568805294,58.64635624026311,51.318174770242635,7953
21,388,Gopalpur (NAC),7221,3970,1,54.97853482897106,Small,49.741875676501714,54.97853482897106,51.31287342224252,7954
8,101,Kolayat (CT),9684,4857,1,50.154894671623296,Small,51.79972287785788,50.154894671623296,51.3062744159875,7955
2,27,Rawalsar (NP),1821,1411,1,77.48489840746842,Small,40.0840250487768,77.48489840746842,51.30428705638428,7956
9,135,Umri Kalan (NP),17803,7145,1,40.13368533393248,Small,56.06936050321348,40.13368533393248,51.288657952429176,7957
19,335,Amkula (CT),5445,3239,1,59.48576675849403,Small,47.76254142048836,59.48576675849403,51.27950902189006,7958
24,481,Katpar (CT),8677,4500,1,51.86124236487265,Small,51.02981967988536,51.86124236487265,51.27924648538154,7959
9,172,Kishunpur (NP),7000,3872,1,55.31428571428572,Small,49.52392892940842,55.31428571428572,51.26103596487161,7960
19,343,Bamna (CT),4517,2822,1,62.47509408899712,Small,46.45248773957291,62.47509408899712,51.25926964440017,7961
19,335,Topsi (CT),4329,2733,1,63.13236313236313,Small,46.15443543975975,63.13236313236313,51.24781374754076,7962
8,130,Bichhri (CT),4295,2716,1,63.23632130384168,Small,46.099153142100924,63.23632130384168,51.24030359062314,7963
19,335,Belebathan (CT),4459,2792,1,62.61493608432384,Small,46.361879267491254,62.61493608432384,51.23779631254103,7964
20,361,Balkundra (CT),3915,2533,1,64.69987228607918,Small,45.449682842209036,64.69987228607918,51.224739675370074,7965
10,203,Tola Mansaraut (CT),6451,3642,1,56.45636335451868,Small,48.95125312608092,56.45636335451868,51.202786194612244,7966
9,196,Chaurhat (CT),7971,4224,1,52.99209634926609,Small,50.43475342785897,52.99209634926609,51.201956304281104,7967
19,328,Sisha-Jumrha (CT),4130,2631,1,63.7046004842615,Small,45.824502365611835,63.7046004842615,51.188531801206736,7968
9,176,Siddhaur (NP),12438,5679,1,45.65846599131693,Small,53.5547063995364,45.65846599131693,51.185834277070555,7969
19,343,Alipur (CT),5937,3429,1,57.75644264780192,Small,48.36907549691287,57.75644264780192,51.18528564217958,7970
10,206,Talkhapur Dumra (CT),7970,4219,1,52.936010037641154,Small,50.43387370813927,52.936010037641154,51.18451460698983,7971
28,551,Mangampeta (CT),5175,3105,1,60.0,Small,47.405954506177565,60.0,51.1841681543243,7972
22,409,Parpondi (NP),3741,2441,1,65.2499331729484,Small,45.13095279147537,65.2499331729484,51.166646905917275,7973
8,99,24 AS-C (CT),6648,3707,1,55.76113116726835,Small,49.162168816285075,55.76113116726835,51.14185752158006,7974
9,146,Nainana Jat (CT),12941,5801,1,44.8265203616413,Small,53.83269724541714,44.8265203616413,51.130844180284384,7975
19,332,Krishnapur (CT),16470,6732,1,40.87431693989071,Small,55.523620028734186,40.87431693989071,51.12882910208114,7976
8,110,Bagrana (CT),10790,5156,1,47.784986098239116,Small,52.558033734915256,47.784986098239116,51.12611944391241,7977
18,322,Digaru Gaon (Digarubar Gaon) (CT),3207,2169,1,67.63330215154349,Small,44.05119177152335,67.63330215154349,51.12582488552939,7978
10,222,Laruara (CT),9376,4694,1,50.06399317406144,Small,51.573083994023314,50.06399317406144,51.12035674803475,7979
9,156,Hyderabad (NP),7697,4101,1,53.28049889567363,Small,50.18948581374225,53.28049889567363,51.116789738321664,7980
22,407,Bodla (NP),5689,3311,1,58.20003515556337,Small,48.069899398979516,58.20003515556337,51.10894012595467,7981
9,144,Hasayan (NP),6621,3689,1,55.716659114937315,Small,49.13363399959812,55.716659114937315,51.10854153419987,7982
19,341,Karia (CT),4737,2896,1,61.13573991978045,Small,46.78591070546649,61.13573991978045,51.09085946976067,7983
9,150,Kareli (CT),11554,5378,1,46.54665051064566,Small,53.03774204514886,46.54665051064566,51.0904145847979,7984
8,115,Dhorimanna (CT),6513,3641,1,55.90357746046368,Small,49.018319272849006,55.90357746046368,51.08389672913341,7985
22,401,Premnagar (NP),4954,2990,1,60.355268469923296,Small,47.09995323321582,60.355268469923296,51.076547804228056,7986
9,146,Khandauli (CT),8625,4420,1,51.24637681159421,Small,50.987672112156886,51.24637681159421,51.06528352198808,7987
6,87,Khori Kalan (37) (CT),6007,3432,1,57.13334443149659,Small,48.45126093472534,57.13334443149659,51.05588598375671,7988
19,332,Nazirpur (CT),8778,4467,1,50.88858509911142,Small,51.11096640182578,50.88858509911142,51.044252011011466,7989
33,608,Selathampatti (CT),6659,3688,1,55.383691244931676,Small,49.17376090594842,55.383691244931676,51.036740007643395,7990
33,610,Pasur (TP),3670,2386,1,65.01362397820164,Small,44.996616918585026,65.01362397820164,51.00171903647001,7991
24,473,Palaj (CT),2634,1855,1,70.42520880789674,Small,42.671344112777206,70.42520880789674,50.997503521313064,7992
9,174,Kasiya (CT),8490,4349,1,51.22497055359246,Small,50.87705317138065,51.22497055359246,50.981428386044186,7993
19,334,Ambhua (CT),10477,5006,1,47.78085329769972,Small,52.35161790816045,47.78085329769972,50.98038852502223,7994
19,333,Ramnagar (CT),9528,4698,1,49.30730478589421,Small,51.68584726486875,49.30730478589421,50.97228452117639,7995
10,213,Singhesar Asthan (CT),5298,3120,1,58.89014722536806,Small,47.57065140206376,58.89014722536806,50.96650014905505,7996
10,222,Nurpur (CT),7202,3879,1,53.86003887808942,Small,49.723402039615195,53.86003887808942,50.96439309115746,7997
24,488,Valia - Jhagadia (GNFC Scooter Project Area) (INA),1084,919,1,84.77859778597787,Small,36.44896565338616,84.77859778597787,50.94785529316367,7998
19,336,Harinadibhastsala (CT),4983,2980,1,59.80333132651013,Small,47.14087655819505,59.80333132651013,50.939612988689575,7999
9,198,Gird Baragaon (CT),5241,3090,1,58.9582140812822,Small,47.4948090753233,58.9582140812822,50.93383057711097,8000
2,33,Jubbal (NP),1640,1276,1,77.8048780487805,Small,39.35029484592902,77.8048780487805,50.88666980678446,8001
33,608,Doramangalam (CT),5322,3115,1,58.53062758361518,Small,47.60234124278687,58.53062758361518,50.88082714503536,8002
19,341,Kaijuri (CT),5932,3366,1,56.743088334457184,Small,48.36316808713187,56.743088334457184,50.877144161329454,8003
8,117,Goyli (CT),5728,3283,1,57.31494413407822,Small,48.117801283056025,57.31494413407822,50.876944138362674,8004
33,608,Chennagiri (CT),5338,3114,1,58.336455601348824,Small,47.62338852397377,58.336455601348824,50.83730864718629,8005
8,124,Galiakot (CT),4707,2842,1,60.3781601869556,Small,46.74136671236063,60.3781601869556,50.832404754739116,8006
10,215,Bahadurpur (CT),4406,2706,1,61.416250567408085,Small,46.278045553634286,61.416250567408085,50.81950705776643,8007
20,361,Bongabar (CT),5236,3066,1,58.55614973262032,Small,47.488116942229944,58.55614973262032,50.80852677934705,8008
2,33,Kotkhai (NP),1190,985,1,82.77310924369748,Small,37.10264125644134,82.77310924369748,50.80378165261818,8009
9,198,Lachhiman Patti (CT),5580,3208,1,57.491039426523294,Small,47.934258093638164,57.491039426523294,50.801292493503695,8010
22,407,Pipariya (NP),4859,2900,1,59.683062358509986,Small,46.964196544386,59.683062358509986,50.77985628862319,8011
9,143,Manjoor Garhi (CT),9381,4585,1,48.87538641935828,Small,51.57682229878498,48.87538641935828,50.766391534956966,8012
18,324,Takhlibilar Pathar (CT),6611,3607,1,54.56058085009832,Small,49.12303601399885,54.56058085009832,50.754299464828684,8013
24,471,Baliyasan (CT),3915,2471,1,63.11621966794381,Small,45.449682842209036,63.11621966794381,50.74964388992946,8014
3,46,Sangat (M Cl),2744,1889,1,68.84110787172013,Small,42.9581481834414,68.84110787172013,50.72303608992502,8015
19,337,Nabadiganta Industrial Township (ITS),1095,918,1,83.83561643835617,Small,36.51970402769902,83.83561643835617,50.714477750896165,8016
9,198,Jakhaon (CT),6286,3472,1,55.233853006681514,Small,48.76958143144725,55.233853006681514,50.70886290401752,8017
19,343,Ajodhyanagar (CT),4409,2691,1,61.03424812882739,Small,46.282817711515854,61.03424812882739,50.70824683670931,8018
19,333,Nayabahadurpur (CT),9239,4513,1,48.847277843922505,Small,51.46987130790941,48.847277843922505,50.683093268713336,8019
28,545,Arempudi (CT),5073,2974,1,58.624088310664305,Small,47.26638034859854,58.624088310664305,50.67369273721826,8020
18,302,Gobindapur (CT),11863,5295,1,44.63457809997471,Small,53.22280935407681,44.63457809997471,50.64633997784618,8021
9,151,Kalinagar (NP),11282,5124,1,45.41747917035986,Small,52.87069232827463,45.41747917035986,50.6347283809002,8022
19,343,Swangrampur (CT),5699,3225,1,56.5888752412704,Small,48.082213161118545,56.5888752412704,50.6342117851641,8023
9,175,Mahewa Patti Pashchim Uparhar (CT),6408,3501,1,54.634831460674164,Small,48.90435994354628,54.634831460674164,50.62350139868464,8024
19,338,Purusottampur (CT),3665,2336,1,63.73806275579808,Small,44.987058942815736,63.73806275579808,50.61236008671044,8025
7,94,DMC (U) (Part),2876,1947,1,67.69819193324061,Small,43.28751306179734,67.69819193324061,50.61071672323032,8026
1,1,Heri (CT),6348,3472,1,54.694391934467546,Small,48.83839909603224,54.694391934467546,50.595196947562826,8027
9,191,Chak Sikari (CT),8820,4348,1,49.29705215419501,Small,51.144436101828404,49.29705215419501,50.59022091753838,8028
1,15,Ashmuji Khalsa (MC),5567,3163,1,56.81695706843901,Small,47.917904168463046,56.81695706843901,50.587620038455825,8029
28,538,Chinnachintakunta (CT),5637,3190,1,56.590384956537164,Small,48.00551694494372,56.590384956537164,50.580977348421754,8030
9,149,Gulariya (NP),5539,3150,1,56.869471023650476,Small,47.88255025839883,56.869471023650476,50.57862648797432,8031
19,341,Kamalapur (CT),3348,2179,1,65.0836320191159,Small,44.35283616375772,65.0836320191159,50.57207492036517,8032
19,331,Par Patiram (CT),3225,2118,1,65.67441860465117,Small,44.090429779784444,65.67441860465117,50.56562642724445,8033
29,580,Saidapur (CT),5432,3104,1,57.14285714285714,Small,47.74578161573332,57.14285714285714,50.56490427387047,8034
19,327,Dakshin Bagdogra (CT),2647,1823,1,68.87041934265206,Small,42.70585673764152,68.87041934265206,50.55522551914468,8035
19,340,Saltor (CT),5094,2961,1,58.12720848056537,Small,47.2953441817797,58.12720848056537,50.544903471415395,8036
9,175,Nivi (CT),7125,3750,1,52.63157894736842,Small,49.64803292810758,52.63157894736842,50.54309673388583,8037
10,203,Hat Saraiya (CT),6863,3654,1,53.24202243916655,Small,49.38533978918075,53.24202243916655,50.54234458417648,8038
8,105,Bayana ( Rural ) (CT),5866,3273,1,55.79611319468122,Small,48.28472027608551,55.79611319468122,50.538138151664214,8039
19,340,Raghabpur (P) (CT),5748,3224,1,56.08907446068198,Small,48.142240010477565,56.08907446068198,50.52629034553888,8040
19,335,Mahira (CT),4188,2564,1,61.222540592168095,Small,45.92227697176825,61.222540592168095,50.5123560578882,8041
9,156,Ganj Muradabad (NP),10957,4978,1,45.43214383499133,Small,52.66572986209353,45.43214383499133,50.495654053962866,8042
28,544,Mulakuddu (CT),4513,2702,1,59.87148238422335,Small,46.44627632575997,59.87148238422335,50.47383814329898,8043
1,2,Nagam (CT),7365,3819,1,51.85336048879837,Small,49.880326395837635,51.85336048879837,50.472236623725856,8044
9,156,Nyotini (NP),7577,3882,1,51.2339976243896,Small,50.079307809209304,51.2339976243896,50.42571475376339,8045
22,417,Bhairamgarh (NP),9026,4357,1,48.271659649900286,Small,51.30632285834903,48.271659649900286,50.3959238958144,8046
9,150,Shishgarh (NP),25815,8021,1,31.071082703854348,Small,58.67507328397449,31.071082703854348,50.39387610993845,8047
18,320,Chatibor Gaon (CT),8231,4096,1,49.76309075446483,Small,50.6598157320267,49.76309075446483,50.39079823875814,8048
19,333,Basudebpur (CT),6830,3607,1,52.81112737920937,Small,49.35154364793204,52.81112737920937,50.389418767315235,8049
24,492,Sachin (INA),2680,1824,1,68.05970149253731,Small,42.79271040154531,68.05970149253731,50.37280772884291,8050
9,145,Mahaban (NP),10995,4944,1,44.96589358799454,Small,52.69000628772047,44.96589358799454,50.37277247780269,8051
6,70,Kakar Majra (269)(CT),3246,2107,1,64.91065927295132,Small,44.13593168527874,64.91065927295132,50.36834996158051,8052
9,138,Sindhawali (CT),5335,3028,1,56.7572633552015,Small,47.61944696748426,56.7572633552015,50.36079188379942,8053
9,156,Kursath (NP),6770,3567,1,52.68833087149187,Small,49.28967570597332,52.68833087149187,50.30927225562888,8054
28,532,Kasipet (CT),5133,2935,1,57.17903759984414,Small,47.34881882621351,57.17903759984414,50.2978844583027,8055
9,150,Sirauli (NP),23650,7608,1,32.169133192389005,Small,58.060838750433284,32.169133192389005,50.293327083019996,8056
9,150,Bisharatganj (NP),15975,6159,1,38.55399061032864,Small,55.309637301645424,38.55399061032864,50.28294329425039,8057
1,20,Talwara (CT),5125,2928,1,57.131707317073165,Small,47.33788286183532,57.131707317073165,50.27603019840667,8058
9,198,Hariyawan (CT),6769,3556,1,52.533609100310244,Small,49.28863993524013,52.533609100310244,50.26213068476116,8059
19,333,Mahendrapur (CT),6979,3631,1,52.0275111047428,Small,49.502862265906025,52.0275111047428,50.26025691755705,8060
9,150,Rithora (NP),17186,6407,1,37.280344466426165,Small,55.82202400956585,37.280344466426165,50.25952014662394,8061
9,153,Barwar (NP),14196,5725,1,40.328261482107635,Small,54.48174121264259,40.328261482107635,50.235697293482104,8062
9,149,Usehat (NP),16361,6206,1,37.93166676853493,Small,55.47705799946869,37.93166676853493,50.21344063018856,8063
5,68,Shahpur (CT),5684,3138,1,55.20760028149191,Small,48.06373440013293,55.20760028149191,50.20689416454062,8064
24,492,Bharthana Kosad (CT),5679,3135,1,55.203380876914956,Small,48.05756397673761,55.203380876914956,50.20130904679081,8065
20,354,Barora (CT),3890,2386,1,61.33676092544987,Small,45.4047698813607,61.33676092544987,50.18436719458745,8066
9,150,Hafiz Ganj (CT),9447,4420,1,46.78733989626336,Small,51.62598206022775,46.78733989626336,50.174389411038426,8067
9,197,Parmanandpur (CT),5139,2913,1,56.68417980151781,Small,47.3570096222426,56.68417980151781,50.15516067602516,8068
14,275,Kwakta (NP),8579,4141,1,48.269029024361814,Small,50.95017538863799,48.269029024361814,50.14583147935513,8069
29,579,Kurgunta (CT),6472,3417,1,52.796662546353524,Small,48.97404098372887,52.796662546353524,50.12082745251626,8070
19,330,Hanskunda (CT),5939,3219,1,54.201043946792396,Small,48.37143706815469,54.201043946792396,50.120319131746,8071
18,314,Laharijan Natun Bosti (CT),2508,1712,1,68.2615629984051,Small,42.32773012320229,68.2615629984051,50.10787998576313,8072
19,333,Mamrejpur (CT),9851,4507,1,45.75170033499137,Small,51.919613039328205,45.75170033499137,50.06923922802715,8073
5,57,Nandprayag (NP),1641,1230,1,74.9542961608775,Small,39.3545669665219,74.9542961608775,50.03448572482858,8074
19,332,Jhangra (CT),5022,2843,1,56.610911987256074,Small,47.195537521202745,56.610911987256074,50.020149861018744,8075
19,332,Karari Chandpur (CT),10941,4798,1,43.85339548487342,Small,52.655483013532354,43.85339548487342,50.01485675493467,8076
19,340,Jhalda (P) (CT),9384,4350,1,46.355498721227626,Small,51.579064325468885,46.355498721227626,50.011994644196506,8077
9,136,Ajitpur (CT),15373,5872,1,38.19683861315293,Small,55.040281268424266,38.19683861315293,49.98724847184286,8078
20,354,Suranga (CT),4708,2709,1,57.54035683942226,Small,46.74285607962466,57.54035683942226,49.98210630756394,8079
9,135,Gadhi (CT),9933,4491,1,45.212926608275446,Small,51.977739343041186,45.212926608275446,49.94829552261146,8080
3,49,Mudal (CT),3882,2349,1,60.51004636785162,Small,45.39033676952784,60.51004636785162,49.926249649024975,8081
5,68,Piran Kaliyar (CT),10043,4514,1,44.94672906502041,Small,52.05496461349035,44.94672906502041,49.922493948949366,8082
19,337,Balihati (CT),3637,2239,1,61.56172669782788,Small,44.933292195144745,61.56172669782788,49.92182254594968,8083
11,242,Nayabazar Notified Bazar Area,1235,978,1,79.19028340080972,Small,37.36272121385233,79.19028340080972,49.91098986993954,8084
20,354,Marma (CT),4640,2669,1,57.52155172413793,Small,46.64085157955337,57.52155172413793,49.90506162292874,8085
9,142,Bahalimpura (CT),4921,2782,1,56.533224954277586,Small,47.05309295369626,56.533224954277586,49.897132553870655,8086
20,354,Nandkharki (CT),4427,2579,1,58.25615540998419,Small,46.31138266236119,58.25615540998419,49.89481448664809,8087
33,628,Courtalam (TP),2089,1473,1,70.51220679751077,Small,41.04637077305042,70.51220679751077,49.88612158038852,8088
9,134,Sadruddin Nagar (CT),3506,2175,1,62.036508841985174,Small,44.67611520718881,62.036508841985174,49.884233297627716,8089
9,182,Ganwaria Tulsipur (Dehat) (CT),5748,3099,1,53.914405010438415,Small,48.142240010477565,53.914405010438415,49.873889510465816,8090
1,11,Wail (CT),8335,3979,1,47.73845230953809,Small,50.747856400286885,47.73845230953809,49.84503517306224,8091
9,142,Chhatari (NP),11373,4843,1,42.583311351446405,Small,52.92702439637967,42.583311351446405,49.82391048289969,8092
9,197,Chhitauni (CT),6195,3252,1,52.493946731234864,Small,48.667335864385606,52.493946731234864,49.81531912444038,8093
9,151,Nyoria Husainpur (NP),21812,6914,1,31.698147808545755,Small,57.49351755851785,31.698147808545755,49.75490663352622,8094
28,538,Boyapalle (CT),9247,4229,1,45.73375148696875,Small,51.475940270413986,45.73375148696875,49.75328363538041,8095
28,544,Bowluvada (CT),5001,2790,1,55.788842231553694,Small,47.16615764771308,55.788842231553694,49.75296302286526,8096
20,349,Paratdih (CT),8854,4112,1,46.44228597244183,Small,51.17141410693063,46.44228597244183,49.75267566658398,8097
21,396,Kalyanasingpur (CT),4660,2652,1,56.90987124463519,Small,46.67100723013392,56.90987124463519,49.74266643448429,8098
5,67,Kela Khera (NP),10929,4689,1,42.904199835300574,Small,52.647788039384615,42.904199835300574,49.7247115781594,8099
9,194,Sadatmasaura (CT),4800,2705,1,56.35416666666667,Small,46.87854213961392,56.35416666666667,49.721229497729745,8100
8,119,Badlya (CT),5111,2827,1,55.31207200156525,Small,47.31870379141063,55.31207200156525,49.71671425445701,8101
20,348,Bekobar (CT),7184,3565,1,49.624164810690424,Small,49.705855694173465,49.624164810690424,49.68134842912855,8102
9,143,Gangiri (CT),5576,2993,1,53.67647058823529,Small,47.92923017749782,53.67647058823529,49.65340230071906,8103
1,14,Aishmuquam (MC),6519,3329,1,51.06611443472925,Small,49.02477563580591,51.06611443472925,49.63717727548291,8104
23,427,Kapuria (CT),1902,1354,1,71.1882229232387,Small,40.38905436391342,71.1882229232387,49.628804931711,8105
19,333,Anup Nagar (CT),12940,5150,1,39.799072642967545,Small,53.832155369611414,39.799072642967545,49.622230551618244,8106
9,188,Lahsari (CT),5051,2784,1,55.117798455751334,Small,47.235908428995934,55.117798455751334,49.60047543702255,8107
9,150,Fatehganj Purvi (NP),9480,4245,1,44.778481012658226,Small,51.650433311086154,44.778481012658226,49.588847621557775,8108
21,375,Jajanga (CT),7482,3633,1,48.55653568564555,Small,49.99083905141563,48.55653568564555,49.5605480416846,8109
9,146,Nainana-Brahman (CT),4500,2559,1,56.86666666666667,Small,46.42605115043785,56.86666666666667,49.558235805306495,8110
1,2,Beerwah (MC),8192,3852,1,47.021484375,Small,50.62651341754282,47.021484375,49.54500470477997,8111
23,438,Mandav (NP),10657,4542,1,42.61987426104908,Small,52.471064724056674,42.61987426104908,49.51570758515439,8112
9,143,Kauriaganj (NP),12244,4919,1,40.174779483828814,Small,53.44447393758175,40.174779483828814,49.46356560145586,8113
9,175,Shaha Urf Pipalgaon (CT),8342,3875,1,46.45169024214816,Small,50.7537427007889,46.45169024214816,49.46312696319667,8114
20,351,Sarauni (CT),4970,2723,1,54.7887323943662,Small,47.12256114555939,54.7887323943662,49.42241252020143,8115
1,15,Frisal (MC),5132,2779,1,54.150428682774745,Small,47.34745276295091,54.150428682774745,49.38834553889806,8116
21,388,Suvani (CT),7993,3747,1,46.878518703865886,Small,50.45407939351624,46.878518703865886,49.38141118662113,8117
2,30,Naina Devi (M Cl),1204,937,1,77.82392026578073,Small,37.184593441450865,77.82392026578073,49.37639148874982,8118
33,610,Nallampatti (TP),3874,2272,1,58.64739287558079,Small,45.37587389100861,58.64739287558079,49.35732958638026,8119
19,343,Patdaha (CT),4993,2716,1,54.39615461646304,Small,47.15493285822355,54.39615461646304,49.3272993856954,8120
9,149,Faizganj (NP),12334,4879,1,39.55732122587968,Small,53.49582825302506,39.55732122587968,49.31427614488144,8121
9,199,Anurudhpur Purab Patti (CT),4568,2548,1,55.779334500875656,Small,46.531204748006964,55.779334500875656,49.30564367386757,8122
19,333,Jaykrishnapur (CT),12599,4921,1,39.058655448845144,Small,53.64489034968106,39.058655448845144,49.26901987943029,8123
12,254,Longding,4234,2409,1,56.896551724137936,Small,45.998864519298536,56.896551724137936,49.26817068075035,8124
27,527,Songirwadi (Rural) (CT),791,667,1,84.3236409608091,Small,34.24155539589115,84.3236409608091,49.26618106536653,8125
24,479,Dungarpur (CT),5039,2723,1,54.038499702321886,Small,47.21923140392736,54.038499702321886,49.26501189344572,8126
9,145,Isapur Banger (CT),6280,3160,1,50.318471337579616,Small,48.76288567753022,50.318471337579616,49.22956137554504,8127
19,335,Nimsa (CT),3459,2074,1,59.95952587453021,Small,44.58149737176819,59.95952587453021,49.19490592259679,8128
1,1,Kral Pora (CT),6518,3228,1,49.52439398588524,Small,49.02369998801848,49.52439398588524,49.1739081873785,8129
9,149,Rudayan (NP),7620,3578,1,46.95538057742782,Small,50.118987563297004,46.95538057742782,49.16990546753624,8130
24,477,GSFC (Motikhavdi Sikka) (INA),467,432,1,92.50535331905782,Small,30.552229846309274,92.50535331905782,49.13816688813384,8131
20,352,Berhait Santali (CT),9753,4168,1,42.735568543012405,Small,51.84950705893762,42.735568543012405,49.115325504160054,8132
5,59,Kirtinagar (NP),1517,1109,1,73.10481212920237,Small,38.80392154120884,73.10481212920237,49.0941887176069,8133
18,302,Nidanpur Pt-II (CT),7954,3658,1,45.989439275836055,Small,50.41978316317747,45.989439275836055,49.09067999697504,8134
1,1,Dara Pora (CT),8464,3803,1,44.93147448015123,Small,50.85554692320344,44.93147448015123,49.07832519028777,8135
20,355,Bursera (CT),4070,2316,1,56.90417690417691,Small,45.72190089039071,56.90417690417691,49.07658369452656,8136
9,202,Bilram (NP),12429,4802,1,38.63544935232118,Small,53.54963066875651,38.63544935232118,49.0753762738259,8137
1,10,Now Gam  (CT),2490,1615,1,64.85943775100401,Small,42.27723856777637,64.85943775100401,49.05189832274466,8138
14,276,Heirok (NP),2974,1842,1,61.936785474108945,Small,43.522409663640936,61.936785474108945,49.046722406781335,8139
10,234,Telkap (CT),4504,2475,1,54.951154529307274,Small,46.43228049638275,54.951154529307274,48.9879427062601,8140
1,2,Magam (MC),5470,2830,1,51.736745886654475,Small,47.794659667235884,51.736745886654475,48.977285533061455,8141
20,349,Pertodih (CT),5293,2766,1,52.257698847534485,Small,47.564031288538665,52.257698847534485,48.972131556237414,8142
9,196,Dulhipur (CT),8243,3709,1,44.99575397306806,Small,50.67003086236368,44.99575397306806,48.967747795574994,8143
33,608,Tirumalaigiri (CT),4107,2314,1,56.34282931580229,Small,45.785349023963114,56.34282931580229,48.95259311151487,8144
19,341,Mahishrekha (CT),2017,1370,1,67.92265741199802,Small,40.800526039047135,67.92265741199802,48.9371654509324,8145
8,127,Kumbhkot (CT),6602,3196,1,48.409572856710085,Small,49.11348411367574,48.409572856710085,48.90231073658604,8146
6,83,Faizabad (87) (CT),1309,979,1,74.78991596638656,Small,37.770486295792196,74.78991596638656,48.87631519697051,8147
19,333,Kakramari (CT),9423,3991,1,42.35381513318476,Small,51.608145630765655,42.35381513318476,48.83184648149138,8148
9,150,Padarathpur (CT),8852,3835,1,43.32354270221419,Small,51.169830035151506,43.32354270221419,48.8159438352703,8149
9,202,Sujavalpur (CT),9835,4087,1,41.5556685307575,Small,51.90821492916133,41.5556685307575,48.80245100964018,8150
9,197,Harpalpur (CT),7710,3501,1,45.40856031128405,Small,50.20131850063976,45.40856031128405,48.76349104383304,8151
19,333,Uttar Mahammadpur (CT),8264,3647,1,44.131171345595355,Small,50.687871613456096,44.131171345595355,48.72086153309787,8152
18,304,Nakhula Grant (CT),3806,2161,1,56.7787703625854,Small,45.25172000254582,56.7787703625854,48.70983511055769,8153
5,68,Nagala Imarti (CT),5774,2879,1,49.861447869761,Small,48.17388356107018,49.861447869761,48.68015285367742,8154
19,333,Donalia (CT),6081,2979,1,48.98865318204243,Small,48.5371079529375,48.98865318204243,48.67257152166897,8155
9,149,Sakhanu (NP),10627,4235,1,39.85132210407453,Small,52.45129767422239,39.85132210407453,48.67130500317803,8156
18,319,Chalantapara Pt IV (CT),5744,2859,1,49.77367688022284,Small,48.137359073627415,49.77367688022284,48.62825441560604,8157
10,221,Bhagirathpur (CT),5323,2714,1,50.98628592898742,Small,47.60365855015175,50.98628592898742,48.618446763802446,8158
20,355,Lalpania (CT),3659,2088,1,57.064771795572554,Small,44.97557214952452,57.064771795572554,48.602332043338926,8159
28,534,Ratnapur (CT),3154,1875,1,59.44831959416614,Small,43.934366079302855,59.44831959416614,48.58855213376184,8160
1,2,Ichgam (CT),7461,3379,1,45.28883527677255,Small,49.9711312565161,45.28883527677255,48.56644246259303,8161
19,340,Begun Kodar (CT),6347,3034,1,47.80211123365369,Small,48.837294475137405,47.80211123365369,48.52673950269229,8162
20,349,Telodih (CT),6970,3224,1,46.25538020086083,Small,49.49381428649487,46.25538020086083,48.52228406080465,8163
19,333,Madna (CT),6312,3015,1,47.76615969581749,Small,48.79852271524602,47.76615969581749,48.488813809417465,8164
9,159,Amethi Jadid (CT),5642,2779,1,49.25558312655087,Small,48.011733314233275,49.25558312655087,48.38488825792855,8165
19,340,Hutmura (CT),5878,2844,1,48.383804014971076,Small,48.29904894254441,48.383804014971076,48.3244754642724,8166
19,333,Sibnagar (CT),6812,3126,1,45.889606576629475,Small,49.333040508605514,45.889606576629475,48.3000103290127,8167
9,149,Mundiya (NP),6384,2988,1,46.804511278195484,Small,48.878050008406476,46.804511278195484,48.25598838934317,8168
9,135,Barwara Mazra (CT),9455,3817,1,40.370174510840826,Small,51.63191746958449,40.370174510840826,48.25339458196139,8169
19,333,Ramakantapur (CT),6347,2967,1,46.74649440680636,Small,48.837294475137405,46.74649440680636,48.21005445463809,8170
9,202,Mohanpur (NP),4919,2499,1,50.80300874161415,Small,47.05024284768818,50.80300874161415,48.17607261586597,8171
10,206,Mohanpur (CT),5815,2789,1,47.96216680997421,Small,48.223494692870226,47.96216680997421,48.145096328001415,8172
10,224,Shahjangi (CT),3866,2106,1,54.474909467149516,Small,45.36138112276827,54.474909467149516,48.09543962608264,8173
9,150,Shahi (NP),16950,5112,1,30.159292035398227,Small,55.72506342609634,30.159292035398227,48.0553320088869,8174
12,248,Sagalee (NT),1315,946,1,71.93916349809885,Small,37.80253213557733,71.93916349809885,48.043521544333785,8175
1,2,Chadura (MC),6482,2966,1,45.75748225856217,Small,48.98486637293684,45.75748225856217,48.01665113862444,8176
8,130,Newa Talai (CT),2525,1544,1,61.148514851485146,Small,42.37508508269946,61.148514851485146,48.00711401333516,8177
5,61,Devaprayag (NP) (Part),716,585,1,81.70391061452514,Small,33.543894489915246,81.70391061452514,47.99189932729821,8178
10,222,Mansur Chak (CT),5359,2602,1,48.55383467064751,Small,47.65091756212358,48.55383467064751,47.92179269468076,8179
19,344,Naba Kola (CT),6169,2853,1,46.24736586156589,Small,48.637846927329335,46.24736586156589,47.9207026076003,8180
9,182,Bishunipur (CT),4302,2241,1,52.09205020920502,Small,46.110570472255056,52.09205020920502,47.905014393340046,8181
1,2,Khansahib (MC),2630,1580,1,60.07604562737643,Small,42.66069058131491,60.07604562737643,47.88529709513337,8182
19,340,Chekya (CT),5995,2790,1,46.538782318598834,Small,48.43724023214817,46.538782318598834,47.86770285808336,8183
33,608,Kalparapatti (CT),5046,2486,1,49.266745937376136,Small,47.22896448770539,49.266745937376136,47.840298922606614,8184
9,199,Pipara Dand (CT),5420,2605,1,48.06273062730627,Small,47.73027539440977,48.06273062730627,47.830011964278725,8185
19,333,Arjunpur (CT),6042,2785,1,46.09400860642172,Small,48.49199526231472,46.09400860642172,47.772599265546816,8186
9,150,Shergarh (NP),16247,4783,1,29.43928109804887,Small,55.42802706229273,29.43928109804887,47.631403273019565,8187
24,491,Sarigam (INA),925,704,1,76.10810810810811,Small,35.33772823922403,76.10810810810811,47.56884219988925,8188
28,552,Ramapuram (CT),6614,2890,1,43.695192016933774,Small,49.12621709172921,43.695192016933774,47.49690956929057,8189
20,353,Raghunandanpur (CT),8335,3312,1,39.73605278944211,Small,50.747856400286885,39.73605278944211,47.44431531703345,8190
9,143,Pilkhana (NP),11518,3942,1,34.22469178676854,Small,53.01585967613151,34.22469178676854,47.37850930932262,8191
19,337,Bankra (CT),6897,2935,1,42.55473394229375,Small,49.41999053763932,42.55473394229375,47.36041355903564,8192
9,149,Kachhla (NP),9471,3537,1,37.345581248020274,Small,51.64377323865741,37.345581248020274,47.35431564146627,8193
9,135,Narauli (NP),18346,4788,1,26.09833206148479,Small,56.280042075504745,26.09833206148479,47.22552907129876,8194
23,439,Sinhasa (CT),5050,2378,1,47.089108910891085,Small,47.234520190698554,47.089108910891085,47.190896806756314,8195
18,302,Asudubi (CT),7356,3004,1,40.83741163675911,Small,49.87175284703801,40.83741163675911,47.16145048395433,8196
2,33,Narkanda (NP),901,677,1,75.13873473917869,Small,35.15357711332358,75.13873473917869,47.14912440108011,8197
19,333,Khanpur (CT),5510,2499,1,45.35390199637024,Small,47.845744837499254,45.35390199637024,47.09819198516055,8198
12,260,Hawai (NT),982,722,1,73.5234215885947,Small,35.75663021873866,73.5234215885947,47.08666762969547,8199
10,238,Tola Pairamatihana (CT),5858,2570,1,43.87162854216456,Small,48.27515154086548,43.87162854216456,46.9540946412552,8200
9,150,Saidpur Khajuria (CT),9439,3383,1,35.84066108697955,Small,51.62004162299295,35.84066108697955,46.88622746218893,8201
10,238,Tola Chain (CT),6072,2606,1,42.918313570487484,Small,48.526723060603295,42.918313570487484,46.84420021356855,8202
20,352,Patra (CT),9536,3350,1,35.13003355704698,Small,51.691732242229826,35.13003355704698,46.72322263667497,8203
21,388,Venkatraipur (CT),4401,2094,1,47.58009543285617,Small,46.27008473346238,47.58009543285617,46.663087943280516,8204
9,175,Baswar (CT),5552,2413,1,43.461815561959654,Small,47.89898674200235,43.461815561959654,46.56783538798954,8205
19,333,Khidirpur (CT),5526,2396,1,43.35866811436844,Small,47.86607516008794,43.35866811436844,46.513853046372084,8206
19,340,Shankara (CT),11171,3532,1,31.61758123713186,Small,52.80136126997401,31.61758123713186,46.44622726012136,8207
19,333,Kohetpur (CT),5379,2332,1,43.353783231083845,Small,47.67703560250535,43.353783231083845,46.38005989107889,8208
9,197,Sarai Mohana (CT),4824,2177,1,45.12852404643449,Small,46.9135109337997,45.12852404643449,46.37801486759013,8209
1,19,Kud (MC),1565,986,1,63.00319488817892,Small,39.02223289000034,63.00319488817892,46.21652148945391,8210
1,8,Kunzer (MC),1890,1130,1,59.78835978835979,Small,40.344693526035925,59.78835978835979,46.17779340473308,8211
18,301,Anand Nagar (CT),2050,1198,1,58.4390243902439,Small,40.91427570887031,58.4390243902439,46.171700313282386,8212
19,334,Barua Gopalpur (CT),6614,2597,1,39.2651950408225,Small,49.12621709172921,39.2651950408225,46.167910476457195,8213
10,238,Tola Baliadih (CT),5400,2276,1,42.148148148148145,Small,47.70435525498961,42.148148148148145,46.03749312293717,8214
12,256,Koloriang (NT),2345,1307,1,55.73560767590619,Small,41.85667037028942,55.73560767590619,46.02035156197445,8215
9,167,Banguwan Kalan (CT),2706,1433,1,52.956393200295636,Small,42.86039089315546,52.956393200295636,45.88919158529751,8216
19,340,Murulia (CT),5929,2371,1,39.989880249620505,Small,48.35962125114476,39.989880249620505,45.84869895068748,8217
10,236,Paharpur (CT),1894,1110,1,58.60612460401268,Small,40.359511673623096,58.60612460401268,45.83349555273996,8218
6,87,Salamba (154) (CT),5727,2313,1,40.38763750654793,Small,48.11657710818404,40.38763750654793,45.7978952276932,8219
21,388,Arjyapalli (CT),8001,2783,1,34.78315210598675,Small,50.46109383344726,34.78315210598675,45.75771131520911,8220
9,140,Pavi Sadakpur (CT),757,544,1,71.86261558784676,Small,33.93385272786938,71.86261558784676,45.312481585862585,8221
19,333,Chakmeghoan (CT),5360,2132,1,39.776119402985074,Small,47.65222577698351,39.776119402985074,45.289393864783975,8222
1,1,Nowangabra (CT),5634,2183,1,38.74689385871494,Small,48.00178447662017,38.74689385871494,45.2253172912486,8223
9,196,Satpokhari (CT),13757,3268,1,23.755179181507597,Small,54.26147134006371,23.755179181507597,45.10958369249688,8224
19,333,Ichhlampur (CT),6015,2194,1,36.47547797173733,Small,48.46059252058178,36.47547797173733,44.86505815592844,8225
19,332,Birodhi (CT),3838,1667,1,43.43408025013027,Small,45.31041925805127,43.43408025013027,44.74751755567497,8226
9,183,Pure Tiwari (CT),4609,1827,1,39.6398351052289,Small,46.59385253695382,39.6398351052289,44.507647307436336,8227
9,150,Parsona (CT),6946,2275,1,32.75266340339764,Small,49.46962911269252,32.75266340339764,44.45453939990406,8228
9,142,Hasangarh (CT),6541,2166,1,33.11420272129644,Small,49.048398240626774,33.11420272129644,44.268139584827665,8229
24,473,Kalol INA (INA),535,396,1,74.01869158878505,Small,31.503611923776916,74.01869158878505,44.25813582327935,8230
8,121,Budhpura (CT),5070,1888,1,37.238658777120314,Small,47.262232875395526,37.238658777120314,44.25516064591296,8231
24,484,Kalol (INA),448,342,1,76.33928571428571,Small,30.261586223560933,76.33928571428571,44.08489607077836,8232
5,56,Gangotri (NP),110,109,1,99.0909090909091,Small,20.46140919479546,99.0909090909091,44.05025916362955,8233
9,150,Faridpur (NP),7673,2274,1,29.636387332203835,Small,50.16758826047331,29.636387332203835,44.00822798199246,8234
10,224,Colgong (CT),1797,946,1,52.64329437952142,Small,39.99103779813521,52.64329437952142,43.78671477255107,8235
21,388,Agastinuagan (CT),6411,2040,1,31.82030884417408,Small,48.90764175582192,31.82030884417408,43.78144188232756,8236
9,135,Got (CT),6599,2029,1,30.747082891347173,Small,49.11029725348168,30.747082891347173,43.601332944841324,8237
9,136,Saijni Nankar (CT),8572,2203,1,25.69995333644424,Small,50.94445174812269,25.69995333644424,43.37110222461915,8238
24,486,Por-Ramangamdi (INA),311,246,1,79.09967845659163,Small,27.708830466095907,79.09967845659163,43.12608486324462,8239
1,20,Purana Daroorh (MC),675,442,1,65.48148148148148,Small,33.13096816679255,65.48148148148148,42.83612216119923,8240
20,353,Sagarmpur (CT),6184,1794,1,29.010349288486413,Small,48.65487490591753,29.010349288486413,42.76151722068819,8241
24,476,Lodhika (INA),671,409,1,60.95380029806259,Small,33.08934973166381,60.95380029806259,41.44868490158344,8242
20,353,Kumarpur (CT),7153,1581,1,22.10261428771145,Small,49.67553369172925,22.10261428771145,41.40365787052391,8243
24,486,Vaghodia (INA),248,179,1,72.17741935483872,Small,26.127117155155243,72.17741935483872,39.942207815060286,8244
24,488,Panoli (INA),836,410,1,49.04306220095694,Small,34.62909519438757,49.04306220095694,38.953285296358374,8245
24,482,Vasna Borsad (INA),166,116,1,69.87951807228916,Small,23.325836134201044,69.87951807228916,37.291940715627476,8246
7,93,Shakar Pur Baramad (CT),1178,374,1,31.748726655348047,Small,37.03162611046522,31.748726655348047,35.44675627393006,8247
1,15,Anantnag (M Cl + OG) (Part),394,156,1,39.59390862944163,Small,29.363000849917388,39.59390862944163,32.432273183774655,8248
24,492,Magdalla (INA),18,15,1,83.33333333333334,Small,8.083379157915394,83.33333333333334,30.658365410540778,8249
24,488,Valia (Naldhari) (INA),5,5,1,100.0,Small,0.0,100.0,30.0,8250
27,499,Pachora (Rural) (CT),211,81,1,38.388625592417064,Small,24.99901009105654,38.388625592417064,29.01589474146469,8251
