State,state_name,urban_market,population,literate_population,census_records,source_names,Name,geography_merged,literacy_rate
1,Jammu and Kashmir,Achhabal,17556,10525,1,Achhabal (MC),Achhabal,False,59.95101389838232
1,Jammu and Kashmir,Aishmuquam,6519,3329,1,Aishmuquam (MC),Aishmuquam,False,51.06611443472925
1,Jammu and Kashmir,Akhnoor,20756,17322,1,Akhnoor (MC),Akhnoor,False,83.45538639429563
1,Jammu and Kashmir,Anantnag (M Cl + OG),150592,92484,2,Anantnag (M Cl + OG) (Part),Anantnag (M Cl + OG),True,61.41362090947726
1,Jammu and Kashmir,Anantnag (M Cl),109433,69445,1,Anantnag (M Cl),Anantnag (M Cl),False,63.458920069814404
1,Jammu and Kashmir,Arnia,8948,6412,1,Arnia (MC),Arnia,False,71.65847116674117
1,Jammu and Kashmir,Arwani,11815,5624,1,Arwani (MC),Arwani,False,47.60050782903089
1,Jammu and Kashmir,Ashmuji Khalsa,5567,3163,1,Ashmuji Khalsa (MC),Ashmuji Khalsa,False,56.81695706843901
1,Jammu and Kashmir,Awantipora,12647,8778,1,Awantipora (MC),Awantipora,False,69.40776468727762
1,Jammu and Kashmir,Badami Bagh (CB),22214,17940,1,Badami Bagh (CB),Badami Bagh (CB),False,80.75988115602773
1,Jammu and Kashmir,Badgam,15338,10225,1,Badgam (MC),Badgam,False,66.6644934150476
1,Jammu and Kashmir,Bandipore,37081,24670,1,Bandipore (MC),Bandipore,False,66.53002885574823
1,Jammu and Kashmir,Banihal,3900,2942,1,Banihal (MC),Banihal,False,75.43589743589743
1,Jammu and Kashmir,Baramula (M Cl + OG),71434,49797,1,Baramula (M Cl + OG),Baramula (M Cl + OG),False,69.71050200184786
1,Jammu and Kashmir,Baramula (M Cl),58053,41085,1,Baramula (M Cl),Baramula (M Cl),False,70.77153635471035
1,Jammu and Kashmir,Bari Brahamana,15453,12580,1,Bari Brahamana (MC),Bari Brahamana,False,81.4081408140814
1,Jammu and Kashmir,Bashohli,5433,4277,1,Bashohli (MC),Bashohli,False,78.72262101969446
1,Jammu and Kashmir,Batote,4315,3347,1,Batote (MC),Batote,False,77.56662804171495
1,Jammu and Kashmir,Beerwah,8192,3852,1,Beerwah (MC),Beerwah,False,47.021484375
1,Jammu and Kashmir,Bhaderwah,11084,8467,1,Bhaderwah (MC),Bhaderwah,False,76.38939011187297
1,Jammu and Kashmir,Bhalwal (CT),14174,9854,1,Bhalwal (CT),Bhalwal (CT),False,69.52165937632284
1,Jammu and Kashmir,Bhore (CT),6360,5074,1,Bhore (CT),Bhore (CT),False,79.77987421383648
1,Jammu and Kashmir,Bijbehara,22789,14556,1,Bijbehara (MC),Bijbehara,False,63.872921146167
1,Jammu and Kashmir,Billawar,4978,3462,1,Billawar (MC),Billawar,False,69.54600241060666
1,Jammu and Kashmir,Birpur (CT),7177,5223,1,Birpur (CT),Birpur (CT),False,72.77413961265152
1,Jammu and Kashmir,Bishna,10719,8350,1,Bishna (MC),Bishna,False,77.89905774792425
1,Jammu and Kashmir,Chadura,6482,2966,1,Chadura (MC),Chadura,False,45.75748225856217
1,Jammu and Kashmir,Chak Kalu (CT),4725,4127,1,Chak  Kalu (CT),Chak Kalu (CT),False,87.34391534391534
1,Jammu and Kashmir,Chak Ratnu (CT),5228,4316,1,Chak Ratnu (CT),Chak Ratnu (CT),False,82.55547054322876
1,Jammu and Kashmir,Charar-i-Sharief,11533,6497,1,Charar-i-Sharief (MC),Charar-i-Sharief,False,56.33399809243041
1,Jammu and Kashmir,Chenani,2620,2092,1,Chenani (MC),Chenani,False,79.8473282442748
1,Jammu and Kashmir,Chhatha (CT),4758,3435,1,Chhatha (CT),Chhatha (CT),False,72.19419924337957
1,Jammu and Kashmir,Chuglamsar (CT),10754,7801,1,Chuglamsar (CT),Chuglamsar (CT),False,72.54045006509206
1,Jammu and Kashmir,Dara Pora (CT),8464,3803,1,Dara Pora (CT),Dara Pora (CT),False,44.93147448015123
1,Jammu and Kashmir,Devsar,9765,5740,1,Devsar (MC),Devsar,False,58.78136200716846
1,Jammu and Kashmir,Dhande Kalan (CT),4887,3985,1,Dhande Kalan (CT),Dhande Kalan (CT),False,81.5428688356865
1,Jammu and Kashmir,Doda,21605,16066,1,Doda (MC),Doda,False,74.36241610738254
1,Jammu and Kashmir,Drug Mulla (CT),12930,7534,1,Drug Mulla (CT),Drug Mulla (CT),False,58.26759474091261
1,Jammu and Kashmir,Duru Verinag,22968,13668,1,Duru Verinag (MC),Duru Verinag,False,59.50888192267503
1,Jammu and Kashmir,Frisal,5132,2779,1,Frisal (MC),Frisal,False,54.150428682774745
1,Jammu and Kashmir,Ganderbal,28233,16052,1,Ganderbal (MC),Ganderbal,False,56.855452838876495
1,Jammu and Kashmir,Ghomanhasan,3944,2943,1,Ghomanhasan (MC),Ghomanhasan,False,74.61967545638946
1,Jammu and Kashmir,Gorah Salathian (CT),4629,3846,1,Gorah Salathian (CT),Gorah Salathian (CT),False,83.08489954633829
1,Jammu and Kashmir,Gulmarg,1965,1950,1,Gulmarg (MC),Gulmarg,False,99.23664122137404
1,Jammu and Kashmir,Hajan,13239,6287,1,Hajan (MC),Hajan,False,47.48848100309691
1,Jammu and Kashmir,Handwara,13600,9010,1,Handwara (MC),Handwara,False,66.25
1,Jammu and Kashmir,Heri (CT),6348,3472,1,Heri (CT),Heri (CT),False,54.694391934467546
1,Jammu and Kashmir,Hiranagar,8294,6524,1,Hiranagar (MC),Hiranagar,False,78.65927176272004
1,Jammu and Kashmir,Ichgam (CT),7461,3379,1,Ichgam (CT),Ichgam (CT),False,45.28883527677255
1,Jammu and Kashmir,Jammu,1078395,876288,2,Jammu (M Corp. + OG) | Jammu (M Corp.),Jammu,True,81.25853699247493
1,Jammu and Kashmir,Jammu Cantt. (CB),28396,21738,1,Jammu Cantt. (CB),Jammu Cantt. (CB),False,76.55303563882237
1,Jammu and Kashmir,Jourian,3934,2846,1,Jourian (MC),Jourian,False,72.34367056431114
1,Jammu and Kashmir,Kargil,16338,12340,1,Kargil (MC),Kargil,False,75.52944056800098
1,Jammu and Kashmir,Kathua (M Cl + OG),59866,46359,1,Kathua (M Cl + OG),Kathua (M Cl + OG),False,77.43794474325995
1,Jammu and Kashmir,Kathua (M Cl),51991,41081,1,Kathua (M Cl),Kathua (M Cl),False,79.01559885364775
1,Jammu and Kashmir,Katra,9008,6841,1,Katra (MC),Katra,False,75.9436056838366
1,Jammu and Kashmir,Khansahib,2630,1580,1,Khansahib (MC),Khansahib,False,60.07604562737643
1,Jammu and Kashmir,Khonmoh (CT),2664,2013,1,Khonmoh  (CT),Khonmoh (CT),False,75.56306306306307
1,Jammu and Kashmir,Khore,6931,5007,1,Khore (MC),Khore,False,72.24065791372097
1,Jammu and Kashmir,Khrew,9851,5371,1,Khrew (MC),Khrew,False,54.52238351436402
1,Jammu and Kashmir,Kishtwar,14865,11394,1,Kishtwar (MC),Kishtwar,False,76.64984863773967
1,Jammu and Kashmir,Koker Nag,6553,4199,1,Koker Nag (MC),Koker Nag,False,64.0775217457653
1,Jammu and Kashmir,Kral Pora (CT),20407,13623,2,Kral Pora (CT),Kral Pora (CT),True,66.75650512079189
1,Jammu and Kashmir,Kud,1565,986,1,Kud (MC),Kud,False,63.00319488817892
1,Jammu and Kashmir,Kulgam,23584,14009,1,Kulgam (MC),Kulgam,False,59.40044097693351
1,Jammu and Kashmir,Kunzer,1890,1130,1,Kunzer (MC),Kunzer,False,59.78835978835979
1,Jammu and Kashmir,Kupwara,21771,17049,1,Kupwara (MC),Kupwara,False,78.31059666528868
1,Jammu and Kashmir,Lakhanpur,3461,2877,1,Lakhanpur (MC),Lakhanpur,False,83.12626408552441
1,Jammu and Kashmir,Lasjan (CT),5281,3185,1,Lasjan (CT),Lasjan (CT),False,60.310547244839995
1,Jammu and Kashmir,Leh Ladakh,30870,26341,1,Leh Ladakh (MC),Leh Ladakh,False,85.32879818594104
1,Jammu and Kashmir,Magam,5470,2830,1,Magam (MC),Magam,False,51.736745886654475
1,Jammu and Kashmir,Maralia (CT),4327,3385,1,Maralia (CT),Maralia (CT),False,78.22972036052693
1,Jammu and Kashmir,Marhi (CT),4392,3044,1,Marhi (CT),Marhi (CT),False,69.30783242258653
1,Jammu and Kashmir,Mattan,9246,5788,1,Mattan (MC),Mattan,False,62.60004326195111
1,Jammu and Kashmir,Mehmood Pora,10910,5795,1,Mehmood Pora (MC),Mehmood Pora,False,53.11640696608616
1,Jammu and Kashmir,Nagam (CT),7365,3819,1,Nagam (CT),Nagam (CT),False,51.85336048879837
1,Jammu and Kashmir,Nagrota (CT),13836,11389,1,Nagrota (CT),Nagrota (CT),False,82.31425267418328
1,Jammu and Kashmir,Naka Majiari (CT),5033,3153,1,Naka Majiari (CT),Naka Majiari (CT),False,62.64653288297238
1,Jammu and Kashmir,Nihalpur Simbal (CT),3869,3073,1,Nihalpur Simbal (CT),Nihalpur Simbal (CT),False,79.42620832256398
1,Jammu and Kashmir,Now Gam (CT),2490,1615,1,Now Gam  (CT),Now Gam (CT),False,64.85943775100401
1,Jammu and Kashmir,Nowangabra (CT),5634,2183,1,Nowangabra (CT),Nowangabra (CT),False,38.74689385871494
1,Jammu and Kashmir,Nowshehra,10408,9211,1,Nowshehra (MC),Nowshehra,False,88.49923136049192
1,Jammu and Kashmir,Pahalgam,9264,5202,1,Pahalgam (MC),Pahalgam,False,56.152849740932645
1,Jammu and Kashmir,Pampora,21680,12910,1,Pampora (MC),Pampora,False,59.547970479704794
1,Jammu and Kashmir,Parole,7681,5341,1,Parole (MC),Parole,False,69.53521676864992
1,Jammu and Kashmir,Pattan,19538,12988,1,Pattan (MC),Pattan,False,66.47558603746545
1,Jammu and Kashmir,Pulwama,18440,11329,1,Pulwama (MC),Pulwama,False,61.43709327548807
1,Jammu and Kashmir,Punch (M Cl),26854,22168,1,Punch (M Cl),Punch (M Cl),False,82.55008564832055
1,Jammu and Kashmir,Purana Daroorh,675,442,1,Purana Daroorh (MC),Purana Daroorh,False,65.48148148148148
1,Jammu and Kashmir,Qazi Gund,9871,5498,1,Qazi Gund (MC),Qazi Gund,False,55.698510789180425
1,Jammu and Kashmir,Quimoh,13138,7406,1,Quimoh (MC),Quimoh,False,56.37083269904095
1,Jammu and Kashmir,R.S. Pora,15197,11864,1,R.S. Pora (MC),R.S. Pora,False,78.06803974468644
1,Jammu and Kashmir,Raipur Domana (CT),20238,15852,1,Raipur Domana (CT),Raipur Domana (CT),False,78.32789801363771
1,Jammu and Kashmir,Rajauri,29486,24190,1,Rajauri (MC),Rajauri,False,82.0389337312623
1,Jammu and Kashmir,Rakh Gadi Garh (CT),7588,6552,1,Rakh Gadi Garh (CT),Rakh Gadi Garh (CT),False,86.34686346863468
1,Jammu and Kashmir,Ram Nagar,6292,4526,1,Ram Nagar (MC),Ram Nagar,False,71.93261284170374
1,Jammu and Kashmir,Ramban,3596,2582,1,Ramban (MC),Ramban,False,71.8020022246941
1,Jammu and Kashmir,Ramgarh,5612,4160,1,Ramgarh (MC),Ramgarh,False,74.12687099073413
1,Jammu and Kashmir,Rathian (CT),6365,4229,1,Rathian (CT),Rathian (CT),False,66.44147682639434
1,Jammu and Kashmir,Reasi,7796,5959,1,Reasi (MC),Reasi,False,76.43663417136993
1,Jammu and Kashmir,Rehambal (CT),7351,5785,1,Rehambal (CT),Rehambal (CT),False,78.6967759488505
1,Jammu and Kashmir,Safa Pora (CT),10471,5765,1,Safa Pora (CT),Safa Pora (CT),False,55.056823608060355
1,Jammu and Kashmir,Samba,12700,10252,1,Samba (MC),Samba,False,80.7244094488189
1,Jammu and Kashmir,Seer Hamdan,8233,4476,1,Seer Hamdan (MC),Seer Hamdan,False,54.366573545487675
1,Jammu and Kashmir,Shangus,7875,4480,1,Shangus (MC),Shangus,False,56.888888888888886
1,Jammu and Kashmir,Shupiyan,16360,11244,1,Shupiyan (MC),Shupiyan,False,68.72860635696821
1,Jammu and Kashmir,Sool Koot (CT),3973,2637,1,Sool Koot (CT),Sool Koot (CT),False,66.37301787062673
1,Jammu and Kashmir,Sopore (M Cl + OG),71292,43892,1,Sopore (M Cl + OG),Sopore (M Cl + OG),False,61.56651517701845
1,Jammu and Kashmir,Sopore (M Cl),61098,37297,1,Sopore (M Cl),Sopore (M Cl),False,61.04455137647713
1,Jammu and Kashmir,Spituk (CT),4047,2839,1,Spituk (CT),Spituk (CT),False,70.15072893501359
1,Jammu and Kashmir,Srinagar,2386989,1438713,4,Srinagar (M Corp. + OG) (Part) | Srinagar (M Corp.),Srinagar,True,60.27313070986084
1,Jammu and Kashmir,Sumbal,15041,6835,1,Sumbal (MC),Sumbal,False,45.442457283425306
1,Jammu and Kashmir,Sunderbani,6930,5909,1,Sunderbani (MC),Sunderbani,False,85.26695526695526
1,Jammu and Kashmir,Surankote,6743,4862,1,Surankote (MC),Surankote,False,72.10440456769985
1,Jammu and Kashmir,Talwara (CT),5125,2928,1,Talwara (CT),Talwara (CT),False,57.131707317073165
1,Jammu and Kashmir,Tangdhar (CT),9904,6702,1,Tangdhar (CT),Tangdhar (CT),False,67.66962843295639
1,Jammu and Kashmir,Thanamandi,5490,3589,1,Thanamandi (MC),Thanamandi,False,65.37340619307832
1,Jammu and Kashmir,Tral,17844,10391,1,Tral (MC),Tral,False,58.232459089890156
1,Jammu and Kashmir,Trehgam (CT),15587,9038,1,Trehgam (CT),Trehgam (CT),False,57.984217617245136
1,Jammu and Kashmir,Udhampur (M Cl + OG),84015,67854,1,Udhampur (M Cl + OG),Udhampur (M Cl + OG),False,80.76414925906089
1,Jammu and Kashmir,Udhampur (M Cl),35507,29025,1,Udhampur (M Cl),Udhampur (M Cl),False,81.74444475737178
1,Jammu and Kashmir,Uri,9366,7508,1,Uri (MC),Uri,False,80.162289130899
1,Jammu and Kashmir,Vijay Pur,8044,6332,1,Vijay Pur (MC),Vijay Pur,False,78.71705619094978
1,Jammu and Kashmir,Wail (CT),8335,3979,1,Wail (CT),Wail (CT),False,47.73845230953809
1,Jammu and Kashmir,Watra Gam,7015,4691,1,Watra Gam (MC),Watra Gam,False,66.87099073414112
1,Jammu and Kashmir,Yari Pora,12123,6925,1,Yari Pora (MC),Yari Pora,False,57.12282438340345
2,Himachal Pradesh,Arki (NP),3040,2622,1,Arki (NP),Arki (NP),False,86.25
2,Himachal Pradesh,Baddi (M Cl + OG),29911,22469,1,Baddi (M Cl + OG),Baddi (M Cl + OG),False,75.11952124636422
2,Himachal Pradesh,Baddi (M Cl),25639,19954,1,Baddi (M Cl),Baddi (M Cl),False,77.82674831311674
2,Himachal Pradesh,Bakloh (CB),1805,1488,1,Bakloh (CB),Bakloh (CB),False,82.4376731301939
2,Himachal Pradesh,Banjar (NP),1414,1188,1,Banjar (NP),Banjar (NP),False,84.01697312588402
2,Himachal Pradesh,Bhota (NP),1453,1196,1,Bhota (NP),Bhota (NP),False,82.31245698554714
2,Himachal Pradesh,Bhuntar (NP),4475,3611,1,Bhuntar (NP),Bhuntar (NP),False,80.6927374301676
2,Himachal Pradesh,Bilaspur (M Cl),13654,11509,1,Bilaspur (M Cl),Bilaspur (M Cl),False,84.29031785557346
2,Himachal Pradesh,Chamba (M Cl),19933,16580,1,Chamba (M Cl),Chamba (M Cl),False,83.17864847238248
2,Himachal Pradesh,Chaupal (NP),1851,1443,1,Chaupal (NP),Chaupal (NP),False,77.9578606158833
2,Himachal Pradesh,Chuari Khas (NP),3770,2964,1,Chuari Khas (NP),Chuari Khas (NP),False,78.62068965517241
2,Himachal Pradesh,Dagshai (CB),2904,2460,1,Dagshai (CB),Dagshai (CB),False,84.71074380165288
2,Himachal Pradesh,Dalhousie (CB),3549,3155,1,Dalhousie (CB),Dalhousie (CB),False,88.89828120597352
2,Himachal Pradesh,Dalhousie (M Cl),7051,5972,1,Dalhousie (M Cl),Dalhousie (M Cl),False,84.69720607006099
2,Himachal Pradesh,Daulatpur (NP),3763,3151,1,Daulatpur (NP),Daulatpur (NP),False,83.73638054743554
2,Himachal Pradesh,Dera Gopipur (NP),4816,3862,1,Dera Gopipur (NP),Dera Gopipur (NP),False,80.19102990033223
2,Himachal Pradesh,Dharmsala (M Cl + OG),30764,24413,1,Dharmsala (M Cl + OG),Dharmsala (M Cl + OG),False,79.35574047588089
2,Himachal Pradesh,Dharmsala (M Cl),22579,17867,1,Dharmsala (M Cl),Dharmsala (M Cl),False,79.13105097657115
2,Himachal Pradesh,Gagret (NP),3847,3124,1,Gagret (NP),Gagret (NP),False,81.20613465037691
2,Himachal Pradesh,Ghumarwin (M Cl),7899,6471,1,Ghumarwin (M Cl),Ghumarwin (M Cl),False,81.92176224838587
2,Himachal Pradesh,Hamirpur (M Cl),17604,14880,1,Hamirpur (M Cl),Hamirpur (M Cl),False,84.52624403544648
2,Himachal Pradesh,Indora (CT),4534,3600,1,Indora (CT),Indora (CT),False,79.40008822232024
2,Himachal Pradesh,Jawalamukhi (NP),5361,4427,1,Jawalamukhi (NP),Jawalamukhi (NP),False,82.5778772617049
2,Himachal Pradesh,Jhakhri (CT),4655,3748,1,Jhakhri (CT),Jhakhri (CT),False,80.515574650913
2,Himachal Pradesh,Jogindarnagar (NP),5335,4220,1,Jogindarnagar (NP),Jogindarnagar (NP),False,79.10028116213684
2,Himachal Pradesh,Jubbal (NP),1640,1276,1,Jubbal (NP),Jubbal (NP),False,77.8048780487805
2,Himachal Pradesh,Jutogh (CB),2062,1736,1,Jutogh (CB),Jutogh (CB),False,84.19010669253151
2,Himachal Pradesh,Kangra (M Cl),9528,8129,1,Kangra (M Cl),Kangra (M Cl),False,85.31696053736356
2,Himachal Pradesh,Kasauli (CB),3885,3174,1,Kasauli (CB),Kasauli (CB),False,81.69884169884169
2,Himachal Pradesh,Kotkhai (NP),1190,985,1,Kotkhai (NP),Kotkhai (NP),False,82.77310924369748
2,Himachal Pradesh,Kullu (M Cl),18536,15194,1,Kullu (M Cl),Kullu (M Cl),False,81.97022011221407
2,Himachal Pradesh,Manali (M Cl),8096,6019,1,Manali (M Cl),Manali (M Cl),False,74.3453557312253
2,Himachal Pradesh,Mandi (M Cl),26422,22671,1,Mandi (M Cl),Mandi (M Cl),False,85.80349708576188
2,Himachal Pradesh,Mehatpur Basdehra (NP),9218,7003,1,Mehatpur Basdehra (NP),Mehatpur Basdehra (NP),False,75.97092644825342
2,Himachal Pradesh,Nadaun (NP),4430,3726,1,Nadaun (NP),Nadaun (NP),False,84.10835214446952
2,Himachal Pradesh,Nagrota Bagwan (M Cl),5900,4853,1,Nagrota Bagwan (M Cl),Nagrota Bagwan (M Cl),False,82.25423728813558
2,Himachal Pradesh,Nahan (M Cl),28899,23740,1,Nahan (M Cl),Nahan (M Cl),False,82.14817121699713
2,Himachal Pradesh,Naina Devi (M Cl),1204,937,1,Naina Devi (M Cl),Naina Devi (M Cl),False,77.82392026578073
2,Himachal Pradesh,Nalagarh (M Cl),10708,8474,1,Nalagarh (M Cl),Nalagarh (M Cl),False,79.13709376167351
2,Himachal Pradesh,Narkanda (NP),901,677,1,Narkanda (NP),Narkanda (NP),False,75.13873473917869
2,Himachal Pradesh,Nurpur (M Cl),9807,8096,1,Nurpur (M Cl),Nurpur (M Cl),False,82.55327827062303
2,Himachal Pradesh,Palampur (M Cl),3543,3004,1,Palampur (M Cl),Palampur (M Cl),False,84.78690375388089
2,Himachal Pradesh,Paonta Sahib (M Cl),25183,19997,1,Paonta Sahib (M Cl),Paonta Sahib (M Cl),False,79.40674264384704
2,Himachal Pradesh,Parwanoo (M Cl),8758,6973,1,Parwanoo (M Cl),Parwanoo (M Cl),False,79.61863439141356
2,Himachal Pradesh,Rajgarh (NP),3083,2472,1,Rajgarh (NP),Rajgarh (NP),False,80.18164125851443
2,Himachal Pradesh,Rampur (M Cl),5655,4822,1,Rampur (M Cl),Rampur (M Cl),False,85.26967285587975
2,Himachal Pradesh,Rawalsar (NP),1821,1411,1,Rawalsar (NP),Rawalsar (NP),False,77.48489840746842
2,Himachal Pradesh,Rohru (M Cl),6875,5464,1,Rohru (M Cl),Rohru (M Cl),False,79.47636363636363
2,Himachal Pradesh,Sabathu (CB),3685,3093,1,Sabathu (CB),Sabathu (CB),False,83.9348710990502
2,Himachal Pradesh,Santokhgarh (NP),9363,7000,1,Santokhgarh (NP),Santokhgarh (NP),False,74.76236249065471
2,Himachal Pradesh,Sarkaghat (NP),4715,3836,1,Sarkaghat (NP),Sarkaghat (NP),False,81.35737009544009
2,Himachal Pradesh,Seoni (NP),2591,2081,1,Seoni (NP),Seoni (NP),False,80.31648012350445
2,Himachal Pradesh,Shamshi (CT),8870,6919,1,Shamshi (CT),Shamshi (CT),False,78.00450958286359
2,Himachal Pradesh,Shimla,169578,146062,1,Shimla (M Corp.),Shimla,False,86.1326351295569
2,Himachal Pradesh,Solan (M Cl),39256,33239,1,Solan (M Cl),Solan (M Cl),False,84.67240676584471
2,Himachal Pradesh,Sundarnagar (M Cl),24344,20021,1,Sundarnagar (M Cl),Sundarnagar (M Cl),False,82.24203089056851
2,Himachal Pradesh,Talai (NP),2372,1887,1,Talai (NP),Talai (NP),False,79.5531197301855
2,Himachal Pradesh,Theog (M Cl),4353,3636,1,Theog (M Cl),Theog (M Cl),False,83.52860096485183
2,Himachal Pradesh,Tira Sujanpur (NP),7943,6570,1,Tira Sujanpur (NP),Tira Sujanpur (NP),False,82.71433967014981
2,Himachal Pradesh,Una (M Cl),18722,14456,1,Una (M Cl),Una (M Cl),False,77.21397286614678
2,Himachal Pradesh,Yol (CB),12028,9814,1,Yol (CB),Yol (CB),False,81.59294978383771
3,Punjab,Abohar (M Cl),145302,101643,1,Abohar (M Cl),Abohar (M Cl),False,69.95292563075526
3,Punjab,Adampur (M Cl),20922,16496,1,Adampur (M Cl),Adampur (M Cl),False,78.84523468119683
3,Punjab,Ahmedgarh (M Cl),31302,23127,1,Ahmedgarh (M Cl),Ahmedgarh (M Cl),False,73.88345792601112
3,Punjab,Ajnala (NP),21107,15378,1,Ajnala (NP),Ajnala (NP),False,72.8573459042024
3,Punjab,Akalgarh (CT),7678,6147,1,Akalgarh (CT),Akalgarh (CT),False,80.0599114352696
3,Punjab,Alawalpur (M Cl),7815,5909,1,Alawalpur (M Cl),Alawalpur (M Cl),False,75.61100447856685
3,Punjab,Alhoran (CT),10218,6989,1,Alhoran (CT),Alhoran (CT),False,68.3989038950871
3,Punjab,Amargarh (CT),7339,5041,1,Amargarh (CT),Amargarh (CT),False,68.68783212971795
3,Punjab,Amloh (M Cl),14696,11307,1,Amloh (M Cl),Amloh (M Cl),False,76.9393032117583
3,Punjab,Amritsar,2291610,1726720,3,Amritsar (M Corp. + OG) (Part) | Amritsar (M Corp.),Amritsar,True,75.34964500940387
3,Punjab,Amritsar Cantt. (CB),10410,8455,1,Amritsar Cantt. (CB),Amritsar Cantt. (CB),False,81.21998078770413
3,Punjab,Anandpur Sahib (M Cl),16282,11961,1,Anandpur Sahib (M Cl),Anandpur Sahib (M Cl),False,73.46149121729518
3,Punjab,Apra (CT),6258,4635,1,Apra (CT),Apra (CT),False,74.06519654841802
3,Punjab,Aur (CT),4063,3022,1,Aur (CT),Aur (CT),False,74.37853802608909
3,Punjab,Baba Bakala (CT),8946,6419,1,Baba Bakala (CT),Baba Bakala (CT),False,71.75273865414711
3,Punjab,Baddowal (CT),6825,5246,1,Baddowal (CT),Baddowal (CT),False,76.86446886446886
3,Punjab,Badhni Kalan (NP),6786,4757,1,Badhni Kalan (NP),Badhni Kalan (NP),False,70.10020630710287
3,Punjab,Bagha Purana (M Cl),25206,17084,1,Bagha Purana (M Cl),Bagha Purana (M Cl),False,67.7775132904864
3,Punjab,Balachaur (M Cl),21631,15555,1,Balachaur (M Cl),Balachaur (M Cl),False,71.91068374092737
3,Punjab,Balongi (CT),15982,11157,1,Balongi (CT),Balongi (CT),False,69.80978600926042
3,Punjab,Banga (M Cl),20906,15880,1,Banga (M Cl),Banga (M Cl),False,75.95905481679901
3,Punjab,Banur (M Cl),18775,12505,1,Banur (M Cl),Banur (M Cl),False,66.60452729693742
3,Punjab,Bareta (M Cl),17432,11073,1,Bareta (M Cl),Bareta (M Cl),False,63.52111060119321
3,Punjab,Bariwala (NP),8668,5563,1,Bariwala (NP),Bariwala (NP),False,64.17858790955238
3,Punjab,Barnala (M Cl),116449,80889,1,Barnala (M Cl),Barnala (M Cl),False,69.46302673273279
3,Punjab,Baryar (CT),3520,2470,1,Baryar (CT),Baryar (CT),False,70.17045454545455
3,Punjab,Bassi Pathana (M Cl),20288,16032,1,Bassi Pathana (M Cl),Bassi Pathana (M Cl),False,79.02208201892745
3,Punjab,Batala (M Cl + OG),158621,120935,1,Batala (M Cl + OG),Batala (M Cl + OG),False,76.2414812666671
3,Punjab,Batala (M Cl),156619,119734,1,Batala (M Cl),Batala (M Cl),False,76.44921752788615
3,Punjab,Bathinda,285788,207197,1,Bathinda (M Corp.),Bathinda,False,72.5002449368063
3,Punjab,Begowal (NP),10116,6816,1,Begowal (NP),Begowal (NP),False,67.37841043890866
3,Punjab,Behrampur (CT),5432,4089,1,Behrampur (CT),Behrampur (CT),False,75.27614138438881
3,Punjab,Bhadaur (M Cl),18561,10671,1,Bhadaur (M Cl),Bhadaur (M Cl),False,57.49151446581542
3,Punjab,Bhadson (NP),7260,5232,1,Bhadson (NP),Bhadson (NP),False,72.06611570247934
3,Punjab,Bhagta Bhai Ka (NP),14467,9089,1,Bhagta Bhai Ka (NP),Bhagta Bhai Ka (NP),False,62.82574134236538
3,Punjab,Bhamian Kalan (CT),13174,8677,1,Bhamian Kalan (CT),Bhamian Kalan (CT),False,65.86458175193563
3,Punjab,Bhankharpur (CT),10768,7856,1,Bhankharpur (CT),Bhankharpur (CT),False,72.95690936106983
3,Punjab,Bhattian (CT),11066,7323,1,Bhattian (CT),Bhattian (CT),False,66.1756732333273
3,Punjab,Bhawanigarh (M Cl),22320,15433,1,Bhawanigarh (M Cl),Bhawanigarh (M Cl),False,69.14426523297492
3,Punjab,Bhikhi (NP),17825,11051,1,Bhikhi (NP),Bhikhi (NP),False,61.99719495091164
3,Punjab,Bhikhiwind (CT),20526,13360,1,Bhikhiwind (CT),Bhikhiwind (CT),False,65.08818084380785
3,Punjab,Bhisiana (CT),4890,3785,1,Bhisiana (CT),Bhisiana (CT),False,77.40286298568508
3,Punjab,Bhogpur (NP),17549,13794,1,Bhogpur (NP),Bhogpur (NP),False,78.60276938856914
3,Punjab,Bhucho Mandi (M Cl),14961,10098,1,Bhucho Mandi (M Cl),Bhucho Mandi (M Cl),False,67.4954882695007
3,Punjab,Bhulath (NP),10548,7677,1,Bhulath (NP),Bhulath (NP),False,72.7815699658703
3,Punjab,Budha Theh (CT),10979,8355,1,Budha Theh (CT),Budha Theh (CT),False,76.09982694234448
3,Punjab,Budhlada (M Cl),26172,18680,1,Budhlada (M Cl),Budhlada (M Cl),False,71.37398746752255
3,Punjab,Bungal (CT),5257,4023,1,Bungal (CT),Bungal (CT),False,76.5265360471752
3,Punjab,Chachoki (CT),4307,3287,1,Chachoki (CT),Chachoki (CT),False,76.31762247504064
3,Punjab,Chamkaur Sahib (NP),13920,9799,1,Chamkaur Sahib (NP),Chamkaur Sahib (NP),False,70.39511494252874
3,Punjab,Cheema (NP),11615,6450,1,Cheema (NP),Cheema (NP),False,55.53164012053379
3,Punjab,Chogawan (CT),5416,3689,1,Chogawan (CT),Chogawan (CT),False,68.11299852289513
3,Punjab,Chohal (CT),7304,5700,1,Chohal (CT),Chohal (CT),False,78.039430449069
3,Punjab,Chomon (CT),3704,2749,1,Chomon (CT),Chomon (CT),False,74.2170626349892
3,Punjab,Daper (CT),5936,4434,1,Daper (CT),Daper (CT),False,74.6967654986523
3,Punjab,Dasua (M Cl),25192,19409,1,Dasua (M Cl),Dasua (M Cl),False,77.04429977770721
3,Punjab,Daulatpur (CT),12988,10866,1,Daulatpur (CT),Daulatpur (CT),False,83.66184170003079
3,Punjab,Dera Baba Nanak (M Cl),6394,5068,1,Dera Baba Nanak (M Cl),Dera Baba Nanak (M Cl),False,79.26180794494839
3,Punjab,Dera Bassi (M Cl),26295,20771,1,Dera Bassi (M Cl),Dera Bassi (M Cl),False,78.99220384103441
3,Punjab,Dhaki (CT),4203,3447,1,Dhaki (CT),Dhaki (CT),False,82.01284796573876
3,Punjab,Dhanaula (M Cl),19920,12477,1,Dhanaula (M Cl),Dhanaula (M Cl),False,62.6355421686747
3,Punjab,Dharamkot (M Cl),19057,12614,1,Dharamkot (M Cl),Dharamkot (M Cl),False,66.19090098126674
3,Punjab,Dhariwal (M Cl),16772,13156,1,Dhariwal (M Cl),Dhariwal (M Cl),False,78.44025757214405
3,Punjab,Dhilwan (NP),8157,5834,1,Dhilwan (NP),Dhilwan (NP),False,71.52139266887336
3,Punjab,Dhin (CT),5961,4260,1,Dhin (CT),Dhin (CT),False,71.46451937594364
3,Punjab,Dhuri (M Cl),55225,40067,1,Dhuri (M Cl),Dhuri (M Cl),False,72.55228610230874
3,Punjab,Dina Nagar (M Cl),23976,19209,1,Dina Nagar (M Cl),Dina Nagar (M Cl),False,80.11761761761763
3,Punjab,Dirba (NP),16952,10041,1,Dirba (NP),Dirba (NP),False,59.231949032562525
3,Punjab,Doraha (M Cl),25424,18622,1,Doraha (M Cl),Doraha (M Cl),False,73.24575204531152
3,Punjab,Faridkot (M Cl + OG),87695,63497,1,Faridkot (M Cl + OG),Faridkot (M Cl + OG),False,72.40663663834881
3,Punjab,Faridkot (M Cl),85435,62323,1,Faridkot (M Cl),Faridkot (M Cl),False,72.9478550945163
3,Punjab,Fateh Nangal (CT),7721,5747,1,Fateh Nangal (CT),Fateh Nangal (CT),False,74.43336355394379
3,Punjab,Fatehgarh Churian (M Cl),13070,10015,1,Fatehgarh Churian (M Cl),Fatehgarh Churian (M Cl),False,76.62586074980872
3,Punjab,Fazilka (M Cl),76492,54111,1,Fazilka (M Cl),Fazilka (M Cl),False,70.74073105684255
3,Punjab,Firozpur (M Cl),110313,78040,1,Firozpur (M Cl),Firozpur (M Cl),False,70.7441552672849
3,Punjab,Firozpur Cantt (CB),53199,40915,1,Firozpur Cantt (CB),Firozpur Cantt (CB),False,76.90934040113537
3,Punjab,Gardhiwala (M Cl),7593,5839,1,Gardhiwala (M Cl),Gardhiwala (M Cl),False,76.89977610957462
3,Punjab,Garhshankar (M Cl),16955,13038,1,Garhshankar (M Cl),Garhshankar (M Cl),False,76.8976703037452
3,Punjab,Ghagga (NP),10162,5883,1,Ghagga (NP),Ghagga (NP),False,57.89214721511513
3,Punjab,Ghanauli (CT),4894,3765,1,Ghanauli (CT),Ghanauli (CT),False,76.93093583980384
3,Punjab,Ghanaur (NP),6985,4448,1,Ghanaur (NP),Ghanaur (NP),False,63.67931281317109
3,Punjab,Ghoh (CT),6883,5174,1,Ghoh (CT),Ghoh (CT),False,75.17071044602645
3,Punjab,Gidderbaha (M Cl),45370,30124,1,Gidderbaha (M Cl),Gidderbaha (M Cl),False,66.39629711262948
3,Punjab,Gill (CT),28884,21379,1,Gill (CT),Gill (CT),False,74.0167566819
3,Punjab,Gobindgarh (M Cl + OG),82266,59251,1,Gobindgarh (M Cl + OG),Gobindgarh (M Cl + OG),False,72.02367928427297
3,Punjab,Gobindgarh (M Cl),73130,53562,1,Gobindgarh (M Cl),Gobindgarh (M Cl),False,73.24217147545467
3,Punjab,Goniana (M Cl),15208,10883,1,Goniana (M Cl),Goniana (M Cl),False,71.56102051551815
3,Punjab,Goraya (NP),16462,12388,1,Goraya (NP),Goraya (NP),False,75.25209573563359
3,Punjab,Gurdaspur (M Cl + OG),77928,63490,1,Gurdaspur (M Cl + OG),Gurdaspur (M Cl + OG),False,81.47264141258597
3,Punjab,Gurdaspur (M Cl),75549,61565,1,Gurdaspur (M Cl),Gurdaspur (M Cl),False,81.49015870494645
3,Punjab,Guru Har Sahai (M Cl),17192,11053,1,Guru Har Sahai  (M Cl),Guru Har Sahai (M Cl),False,64.2915309446254
3,Punjab,Halwara (CT),9761,7439,1,Halwara (CT),Halwara (CT),False,76.2114537444934
3,Punjab,Handiaya (NP),12507,7181,1,Handiaya (NP),Handiaya (NP),False,57.41584712560965
3,Punjab,Hariana (M Cl),8928,6945,1,Hariana (M Cl),Hariana (M Cl),False,77.78897849462365
3,Punjab,Hazipur (CT),6091,4887,1,Hazipur (CT),Hazipur (CT),False,80.2331308487933
3,Punjab,Hoshiarpur (M Cl),168653,133367,1,Hoshiarpur (M Cl),Hoshiarpur (M Cl),False,79.07775135929987
3,Punjab,Hussainpur (CT),15575,13617,1,Hussainpur (CT),Hussainpur (CT),False,87.42857142857143
3,Punjab,Jagraon (M Cl),65240,47538,1,Jagraon (M Cl),Jagraon (M Cl),False,72.86633966891478
3,Punjab,Jaitu (M Cl + OG),37377,24917,1,Jaitu (M Cl + OG),Jaitu (M Cl + OG),False,66.66399122454986
3,Punjab,Jaitu (M Cl),37004,24655,1,Jaitu (M Cl),Jaitu (M Cl),False,66.62793211544698
3,Punjab,Jalalabad (M Cl + OG),39525,28117,1,Jalalabad (M Cl + OG),Jalalabad (M Cl + OG),False,71.13725490196079
3,Punjab,Jalalabad (M Cl),38965,27698,1,Jalalabad (M Cl),Jalalabad (M Cl),False,71.0843064288464
3,Punjab,Jalandhar,1731815,1338303,3,Jalandhar (M Corp. + OG) (Part) | Jalandhar (M Corp.),Jalandhar,True,77.27748056230025
3,Punjab,Jalandhar Cantt. (CB),47845,38763,1,Jalandhar Cantt. (CB),Jalandhar Cantt. (CB),False,81.01787020587314
3,Punjab,Jandiala (CT),8487,6243,1,Jandiala (CT),Jandiala (CT),False,73.55956168257335
3,Punjab,Jandiala (M Cl),29232,20456,1,Jandiala (M Cl),Jandiala (M Cl),False,69.97810618500274
3,Punjab,Jodhan (CT),3845,2852,1,Jodhan (CT),Jodhan (CT),False,74.1742522756827
3,Punjab,Jugial (CT),15210,12462,1,Jugial (CT),Jugial (CT),False,81.93293885601578
3,Punjab,Kapurthala (M Cl),98916,75653,1,Kapurthala (M Cl),Kapurthala (M Cl),False,76.4820655910065
3,Punjab,Kartarpur (M Cl),25662,19287,1,Kartarpur (M Cl),Kartarpur (M Cl),False,75.15782090250175
3,Punjab,Kathanian (CT),10679,8431,1,Kathanian (CT),Kathanian (CT),False,78.9493398258264
3,Punjab,Khamanon (NP),10135,7728,1,Khamanon (NP),Khamanon (NP),False,76.25061667488899
3,Punjab,Khambra (CT),5483,3959,1,Khambra (CT),Khambra (CT),False,72.20499726427138
3,Punjab,Khanauri (NP),14096,8540,1,Khanauri (NP),Khanauri (NP),False,60.584562996594784
3,Punjab,Khanna (M Cl),128137,95385,1,Khanna (M Cl),Khanna (M Cl),False,74.43985734019057
3,Punjab,Kharar (M Cl),74460,58362,1,Kharar (M Cl),Kharar (M Cl),False,78.38033843674455
3,Punjab,Khem Karan (NP),13446,7271,1,Khem Karan (NP),Khem Karan (NP),False,54.075561505280376
3,Punjab,Khilchian (CT),4588,2935,1,Khilchian (CT),Khilchian (CT),False,63.97122929380994
3,Punjab,Khothran (CT),5046,3653,1,Khothran (CT),Khothran (CT),False,72.39397542608006
3,Punjab,Korianwali (CT),5770,3881,1,Korianwali (CT),Korianwali (CT),False,67.26169844020798
3,Punjab,Kot (CT),5406,4011,1,Kot (CT),Kot (CT),False,74.1953385127636
3,Punjab,Kot Fatta (M Cl),7412,4166,1,Kot Fatta (M Cl),Kot Fatta (M Cl),False,56.206152185644896
3,Punjab,Kot Ise Khan (CT),12800,8509,1,Kot Ise Khan (CT),Kot Ise Khan (CT),False,66.4765625
3,Punjab,Kot Kapura (M Cl),91979,63072,1,Kot Kapura (M Cl),Kot Kapura (M Cl),False,68.57217408321465
3,Punjab,Kotla Nihang (CT),4715,3326,1,Kotla Nihang (CT),Kotla Nihang (CT),False,70.54082714740191
3,Punjab,Kurali (M Cl),31060,23834,1,Kurali (M Cl),Kurali (M Cl),False,76.73535093367676
3,Punjab,Lalru (CT),21394,15465,1,Lalru (CT),Lalru (CT),False,72.28662241750024
3,Punjab,Lehragaga (M Cl),22588,15052,1,Lehragaga (M Cl),Lehragaga (M Cl),False,66.63715247033824
3,Punjab,Lohian Khass (NP),10362,7474,1,Lohian Khass (NP),Lohian Khass (NP),False,72.12893263848677
3,Punjab,Longowal (M Cl),23851,14346,1,Longowal (M Cl),Longowal (M Cl),False,60.14842144983439
3,Punjab,Ludhiana,1618879,1230545,1,Ludhiana (M Corp.),Ludhiana,False,76.01216644356991
3,Punjab,Machhiwara (M Cl),24916,15881,1,Machhiwara (M Cl),Machhiwara (M Cl),False,63.738160218333604
3,Punjab,Mahilpur (NP),11360,8986,1,Mahilpur (NP),Mahilpur (NP),False,79.10211267605634
3,Punjab,Majitha (M Cl),14503,9900,1,Majitha (M Cl),Majitha (M Cl),False,68.26173895056196
3,Punjab,Makhu (NP),14658,9263,1,Makhu (NP),Makhu (NP),False,63.19416018556419
3,Punjab,Malerkotla (M Cl),135424,81937,1,Malerkotla (M Cl),Malerkotla (M Cl),False,60.504046550094515
3,Punjab,Malikpur (CT),4645,3545,1,Malikpur (CT),Malikpur (CT),False,76.31862217438106
3,Punjab,Mallanwala Khass (NP),16183,9693,1,Mallanwala Khass (NP),Mallanwala Khass (NP),False,59.89618735710314
3,Punjab,Maloud (NP),7567,5425,1,Maloud (NP),Maloud (NP),False,71.69287696577243
3,Punjab,Malout (M Cl),81406,55394,1,Malout (M Cl),Malout (M Cl),False,68.04658133307127
3,Punjab,Mamun (CT),32689,27548,1,Mamun (CT),Mamun (CT),False,84.27299703264094
3,Punjab,Mansa (M Cl),82956,57260,1,Mansa (M Cl),Mansa (M Cl),False,69.02454313129851
3,Punjab,Manwal (CT),6496,5083,1,Manwal (CT),Manwal (CT),False,78.2481527093596
3,Punjab,Maur (M Cl),31849,20123,1,Maur (M Cl),Maur (M Cl),False,63.182517504474234
3,Punjab,Mehna (CT),27733,22498,1,Mehna (CT),Mehna (CT),False,81.12357119676919
3,Punjab,Mirpur (CT),5967,3732,1,Mirpur (CT),Mirpur (CT),False,62.54399195575666
3,Punjab,Moga (M Cl + OG),163397,116922,1,Moga (M Cl + OG),Moga (M Cl + OG),False,71.55700533057524
3,Punjab,Moga (M Cl),150411,108255,1,Moga (M Cl),Moga (M Cl),False,71.97279454295231
3,Punjab,Moonak (NP),18141,10704,1,Moonak (NP),Moonak (NP),False,59.00446502397884
3,Punjab,Morinda (M Cl),24022,17856,1,Morinda (M Cl),Morinda (M Cl),False,74.3318624594122
3,Punjab,Mubarakpur (CT),5217,3684,1,Mubarakpur (CT),Mubarakpur (CT),False,70.61529614721104
3,Punjab,Mudal (CT),3882,2349,1,Mudal (CT),Mudal (CT),False,60.51004636785162
3,Punjab,Mudki (NP),10415,6263,1,Mudki (NP),Mudki (NP),False,60.134421507441196
3,Punjab,Mukerian (M Cl),29841,23601,1,Mukerian (M Cl),Mukerian (M Cl),False,79.08917261485875
3,Punjab,Muktsar (M Cl),116747,78606,1,Muktsar (M Cl),Muktsar (M Cl),False,67.3302097698442
3,Punjab,Mullanpur Dakha (NP),16356,11475,1,Mullanpur Dakha (NP),Mullanpur Dakha (NP),False,70.15774027879678
3,Punjab,Mullanpur Garib Dass (CT),6165,4904,1,Mullanpur Garib Dass (CT),Mullanpur Garib Dass (CT),False,79.54582319545823
3,Punjab,Nabha (M Cl),67972,52478,1,Nabha (M Cl),Nabha (M Cl),False,77.20531983758018
3,Punjab,Nakodar (M Cl),36973,27836,1,Nakodar (M Cl),Nakodar (M Cl),False,75.28737186595625
3,Punjab,Nangal (M Cl + OG),48497,39804,1,Nangal (M Cl + OG),Nangal (M Cl + OG),False,82.07517990803555
3,Punjab,Nangal (M Cl),41172,33880,1,Nangal (M Cl),Nangal (M Cl),False,82.28893422714467
3,Punjab,Nangli (CT),20440,12898,1,Nangli (CT),Nangli (CT),False,63.10176125244619
3,Punjab,Narot Mehra (CT),8885,6647,1,Narot Mehra (CT),Narot Mehra (CT),False,74.81148002250984
3,Punjab,Nawanshahr (M Cl),46024,35169,1,Nawanshahr (M Cl),Nawanshahr (M Cl),False,76.4144794020511
3,Punjab,Naya Gaon (NP),50869,36215,1,Naya Gaon (NP),Naya Gaon (NP),False,71.19267137156224
3,Punjab,Nehon (CT),9439,7398,1,Nehon (CT),Nehon (CT),False,78.37694671045662
3,Punjab,Nilpur (CT),8391,6053,1,Nilpur (CT),Nilpur (CT),False,72.13681325229413
3,Punjab,Nurmahal (M Cl),14560,10542,1,Nurmahal (M Cl),Nurmahal (M Cl),False,72.40384615384615
3,Punjab,Partap Singhwala (CT),10843,7708,1,Partap Singhwala (CT),Partap Singhwala (CT),False,71.08733745273447
3,Punjab,Pathankot (M Cl + OG),156306,124240,1,Pathankot (M Cl + OG),Pathankot (M Cl + OG),False,79.48511253566721
3,Punjab,Pathankot (M Cl),148937,118533,1,Pathankot (M Cl),Pathankot (M Cl),False,79.58599944943164
3,Punjab,Patiala,852438,659575,2,Patiala (M Corp. + OG) | Patiala (M Corp.),Patiala,True,77.37512874836645
3,Punjab,Patran (M Cl),27963,19568,1,Patran (M Cl),Patran (M Cl),False,69.97818545935701
3,Punjab,Patti (M Cl),40976,28290,1,Patti (M Cl),Patti (M Cl),False,69.04041390082
3,Punjab,Payal (M Cl),7923,5536,1,Payal (M Cl),Payal (M Cl),False,69.87252303420422
3,Punjab,Phagwara (M Cl),97864,76223,1,Phagwara (M Cl),Phagwara (M Cl),False,77.88665903703098
3,Punjab,Phagwara Sharki (CT),20102,14885,1,Phagwara Sharki (CT),Phagwara Sharki (CT),False,74.04735847179386
3,Punjab,Phillaur (M Cl),24688,18197,1,Phillaur (M Cl),Phillaur (M Cl),False,73.70787427090085
3,Punjab,Qadian (M Cl + OG),23632,18076,1,Qadian (M Cl + OG),Qadian (M Cl + OG),False,76.48950575490859
3,Punjab,Qadian (M Cl),21899,16893,1,Qadian (M Cl),Qadian (M Cl),False,77.14050869902735
3,Punjab,Rahon (M Cl),15676,11140,1,Rahon (M Cl),Rahon (M Cl),False,71.06404695075274
3,Punjab,Raikot (M Cl),28734,20226,1,Raikot (M Cl),Raikot (M Cl),False,70.39047817916058
3,Punjab,Rail (CT),7589,5388,1,Rail (CT),Rail (CT),False,70.99749637633417
3,Punjab,Raipur Rasulpur (CT),3916,2979,1,Raipur Rasulpur (CT),Raipur Rasulpur (CT),False,76.07252298263533
3,Punjab,Raja Sansi (NP),14298,9442,1,Raja Sansi (NP),Raja Sansi (NP),False,66.03720800111904
3,Punjab,Rajpura (M Cl),92301,71192,1,Rajpura (M Cl),Rajpura (M Cl),False,77.13025861041592
3,Punjab,Rakri (CT),5722,4617,1,Rakri (CT),Rakri (CT),False,80.68857042991961
3,Punjab,Raman (M Cl),22553,14797,1,Raman (M Cl),Raman (M Cl),False,65.60989668780208
3,Punjab,Ramdas (M Cl),6398,4282,1,Ramdas (M Cl),Ramdas (M Cl),False,66.92716473898092
3,Punjab,Rampura Phul (M Cl + OG),51023,35220,1,Rampura Phul (M Cl + OG),Rampura Phul (M Cl + OG),False,69.02769339317562
3,Punjab,Rampura Phul (M Cl),48450,33691,1,Rampura Phul (M Cl),Rampura Phul (M Cl),False,69.53766769865841
3,Punjab,Rayya (NP),14506,11029,1,Rayya (NP),Rayya (NP),False,76.03060802426582
3,Punjab,Rupnagar (M Cl),56038,43900,1,Rupnagar (M Cl),Rupnagar (M Cl),False,78.33969806202934
3,Punjab,Rurki Kasba (CT),10509,7639,1,Rurki Kasba (CT),Rurki Kasba (CT),False,72.69007517366067
3,Punjab,S.A.S. Nagar (Mohali) (M Cl + OG),166864,139675,1,S.A.S. Nagar (Mohali) (M Cl + OG),S.A.S. Nagar (Mohali) (M Cl + OG),False,83.70589222360725
3,Punjab,S.A.S. Nagar (Mohali) (M Cl),146213,121742,1,S.A.S. Nagar (Mohali) (M Cl),S.A.S. Nagar (Mohali) (M Cl),False,83.2634581056404
3,Punjab,Sahnewal (NP),22484,17007,1,Sahnewal  (NP),Sahnewal (NP),False,75.64045543497599
3,Punjab,Saloh (CT),4481,3057,1,Saloh (CT),Saloh (CT),False,68.2213791564383
3,Punjab,Samana (M Cl),54072,37897,1,Samana (M Cl),Samana (M Cl),False,70.08618138777926
3,Punjab,Samrala (M Cl),19678,14790,1,Samrala (M Cl),Samrala (M Cl),False,75.16007724362231
3,Punjab,Sanaur (M Cl),21201,14582,1,Sanaur (M Cl),Sanaur (M Cl),False,68.77977453893685
3,Punjab,Sangat (M Cl),2744,1889,1,Sangat (M Cl),Sangat (M Cl),False,68.84110787172013
3,Punjab,Sangrur (M Cl),88043,66010,1,Sangrur (M Cl),Sangrur (M Cl),False,74.97472825778313
3,Punjab,Sansarpur (CT),4657,3766,1,Sansarpur (CT),Sansarpur (CT),False,80.86751127335194
3,Punjab,Sarai Khas (CT),7044,5434,1,Sarai Khas (CT),Sarai Khas (CT),False,77.14366837024417
3,Punjab,Sardulgarh (NP),19219,12252,1,Sardulgarh (NP),Sardulgarh (NP),False,63.74941464176076
3,Punjab,Sarna (CT),5847,4427,1,Sarna (CT),Sarna (CT),False,75.71404138874637
3,Punjab,Satyewala (CT),8724,6294,1,Satyewala (CT),Satyewala (CT),False,72.14580467675378
3,Punjab,Shahkot (NP),14488,10815,1,Shahkot (NP),Shahkot (NP),False,74.64798453892877
3,Punjab,Sham Chaurasi (M Cl),4426,3171,1,Sham Chaurasi (M Cl),Sham Chaurasi (M Cl),False,71.64482602801627
3,Punjab,Shikar (CT),4001,2847,1,Shikar (CT),Shikar (CT),False,71.15721069732567
3,Punjab,Sirhind Fatehgarh Sahib (M Cl),58097,43375,1,Sirhind Fatehgarh Sahib (M Cl),Sirhind Fatehgarh Sahib (M Cl),False,74.65962097870802
3,Punjab,Sohana (CT),9306,6697,1,Sohana (CT),Sohana (CT),False,71.96432409198367
3,Punjab,Sri Hargobindpur (M Cl),8241,5988,1,Sri Hargobindpur (M Cl),Sri Hargobindpur (M Cl),False,72.66108481980342
3,Punjab,Sufipind (CT),9406,7500,1,Sufipind (CT),Sufipind (CT),False,79.73633850733574
3,Punjab,Sujanpur (M Cl),28270,22001,1,Sujanpur (M Cl),Sujanpur (M Cl),False,77.82454899186416
3,Punjab,Sultanpur (M Cl),16877,11799,1,Sultanpur (M Cl),Sultanpur (M Cl),False,69.91171416720981
3,Punjab,Sunam Udham Singh Wala (M Cl + OG),69069,46472,1,Sunam Udham Singh Wala (M Cl + OG),Sunam Udham Singh Wala (M Cl + OG),False,67.28344119648467
3,Punjab,Sunam Udham Singh Wala (M Cl),55455,38527,1,Sunam Udham Singh Wala (M Cl),Sunam Udham Singh Wala (M Cl),False,69.47434857091336
3,Punjab,Talwandi Bhai (M Cl),17285,11869,1,Talwandi Bhai (M Cl),Talwandi Bhai (M Cl),False,68.66647382123229
3,Punjab,Talwandi Sabo (NP),20589,11931,1,Talwandi Sabo (NP),Talwandi Sabo (NP),False,57.94841905872068
3,Punjab,Talwara (CT),19485,16045,1,Talwara (CT),Talwara (CT),False,82.345393892738
3,Punjab,Tapa (M Cl),23248,14207,1,Tapa (M Cl),Tapa (M Cl),False,61.11063317274604
3,Punjab,Tarn Taran (M Cl),66847,47128,1,Tarn Taran (M Cl),Tarn Taran (M Cl),False,70.50129399973073
3,Punjab,Tharial (CT),5081,3757,1,Tharial (CT),Tharial (CT),False,73.94213737453256
3,Punjab,Tharike (CT),12294,8955,1,Tharike (CT),Tharike (CT),False,72.84040995607613
3,Punjab,Tibri (CT),11845,9861,1,Tibri (CT),Tibri (CT),False,83.25031658927817
3,Punjab,Urmar Tanda (M Cl),23419,18259,1,Urmar Tanda (M Cl),Urmar Tanda (M Cl),False,77.96660830949229
3,Punjab,Zira (M Cl + OG),37498,25549,1,Zira (M Cl + OG),Zira (M Cl + OG),False,68.13430049602646
3,Punjab,Zira (M Cl),36732,24986,1,Zira (M Cl),Zira (M Cl),False,68.0224327561799
3,Punjab,Zirakpur (M Cl),95553,73715,1,Zirakpur (M Cl),Zirakpur (M Cl),False,77.14566784925644
4,Chandigarh,Behlana (CT),8281,6400,1,Behlana (CT),Behlana (CT),False,77.28535201062674
4,Chandigarh,Chandigarh,1932189,1486605,2,Chandigarh (M Corp. + OG) | Chandigarh (M Corp.),Chandigarh,True,76.93890193971707
4,Chandigarh,Daria (CT),14470,10183,1,Daria (CT),Daria (CT),False,70.37318590186594
4,Chandigarh,Khuda Alisher (CT),6831,5176,1,Khuda Alisher (CT),Khuda Alisher (CT),False,75.77221490264968
4,Chandigarh,"Mani Majra (R), Basti Kishangarh, Basti Bhagwanpura (CT)",15489,9919,1,"Mani Majra (R), Basti Kishangarh, Basti Bhagwanpura (CT)","Mani Majra (R), Basti Kishangarh, Basti Bhagwanpura (CT)",False,64.03899541610176
4,Chandigarh,Mauli Jagran (CT),10786,6978,1,Mauli Jagran (CT),Mauli Jagran (CT),False,64.69497496755054
5,Uttarakhand,Almora (CB),1391,1150,1,Almora (CB),Almora (CB),False,82.67433501078361
5,Uttarakhand,Almora (NPP),34122,29462,1,Almora (NPP),Almora (NPP),False,86.34312173964011
5,Uttarakhand,Badrinathpuri (NP),2438,2265,1,Badrinathpuri (NP),Badrinathpuri (NP),False,92.90401968826907
5,Uttarakhand,Bageshwar (NPP),9079,7317,1,Bageshwar (NPP),Bageshwar (NPP),False,80.59257627492015
5,Uttarakhand,Bahadarabad (CT),10096,7107,1,Bahadarabad (CT),Bahadarabad (CT),False,70.39421553090332
5,Uttarakhand,Bajpur (NPP),25524,18165,1,Bajpur (NPP),Bajpur (NPP),False,71.16831217677479
5,Uttarakhand,Banbasa (CT),7990,5414,1,Banbasa (CT),Banbasa (CT),False,67.75969962453067
5,Uttarakhand,Bandiya (CT),11392,6889,1,Bandiya (CT),Bandiya (CT),False,60.47226123595506
5,Uttarakhand,Bangherimahabatpur (Must) (CT),8583,5577,1,Bangherimahabatpur (Must) (CT),Bangherimahabatpur (Must) (CT),False,64.97728067109402
5,Uttarakhand,Barkot (NP),6720,5017,1,Barkot (NP),Barkot (NP),False,74.65773809523809
5,Uttarakhand,Bhagwanpur (CT),7573,5226,1,Bhagwanpur (CT),Bhagwanpur (CT),False,69.00831902812624
5,Uttarakhand,Bharat Heavy Electricals Limited Ranipur (ITS),46948,37633,1,Bharat Heavy Electricals Limited Ranipur (ITS),Bharat Heavy Electricals Limited Ranipur (ITS),False,80.15889920763398
5,Uttarakhand,Bhimtal (NP),7722,6435,1,Bhimtal (NP),Bhimtal (NP),False,83.33333333333334
5,Uttarakhand,Bhowali (NPP),6309,5250,1,Bhowali (NPP),Bhowali (NPP),False,83.21445553970518
5,Uttarakhand,Central Hope Town (CT),16880,12357,1,Central Hope Town (CT),Central Hope Town (CT),False,73.20497630331754
5,Uttarakhand,Chakrata (CB),5117,4293,1,Chakrata (CB),Chakrata (CB),False,83.8968145397694
5,Uttarakhand,Chamba (NP),7771,6020,1,Chamba (NP),Chamba (NP),False,77.46750739930512
5,Uttarakhand,Chamoli Gopeshwar (NPP),21447,17688,1,Chamoli Gopeshwar (NPP),Chamoli Gopeshwar (NPP),False,82.47307315708491
5,Uttarakhand,Champawat (NP),4801,3894,1,Champawat (NP),Champawat (NP),False,81.10810247865028
5,Uttarakhand,Clement Town (CB),22557,17844,1,Clement Town (CB),Clement Town (CB),False,79.10626413086847
5,Uttarakhand,Dehradun (CB),52716,43618,1,Dehradun (CB),Dehradun (CB),False,82.74148266181047
5,Uttarakhand,Dehradun (M.Corp + OG),574840,454528,1,Dehradun (M.Corp + OG),Dehradun (M.Corp + OG),False,79.07035001043768
5,Uttarakhand,Dehradun (M.Corp),569578,449950,1,Dehradun (M.Corp),Dehradun (M.Corp),False,78.99708205021963
5,Uttarakhand,Devaprayag (NP),2868,2346,2,Devaprayag (NP) (Part),Devaprayag (NP),True,81.79916317991632
5,Uttarakhand,Dhaluwala (CT),18016,13837,1,Dhaluwala (CT),Dhaluwala (CT),False,76.80395204262878
5,Uttarakhand,Dhandera (CT),23276,16311,1,Dhandera (CT),Dhandera (CT),False,70.07647362089706
5,Uttarakhand,Dharchula (NP),7039,5453,1,Dharchula (NP),Dharchula (NP),False,77.46839039636312
5,Uttarakhand,Didihat (NP),6522,5137,1,Didihat (NP),Didihat (NP),False,78.7641827660227
5,Uttarakhand,Dineshpur (NP),11343,7616,1,Dineshpur (NP),Dineshpur (NP),False,67.14273119985894
5,Uttarakhand,Dogadda (NPP),2422,1955,1,Dogadda (NPP),Dogadda (NPP),False,80.71841453344344
5,Uttarakhand,Doiwala (NP),8709,7000,1,Doiwala (NP),Doiwala (NP),False,80.3766218854059
5,Uttarakhand,Dwarahat (NP),2749,2264,1,Dwarahat (NP),Dwarahat (NP),False,82.35722080756639
5,Uttarakhand,Fatehpur Range (Dhamua Dunga Area) (CT),12791,9587,1,Fatehpur Range (Dhamua Dunga Area) (CT),Fatehpur Range (Dhamua Dunga Area) (CT),False,74.95113751856775
5,Uttarakhand,Gadarpur (NPP),19301,13246,1,Gadarpur (NPP),Gadarpur (NPP),False,68.62856846795503
5,Uttarakhand,Gangotri (NP),110,109,1,Gangotri (NP),Gangotri (NP),False,99.0909090909091
5,Uttarakhand,Gochar (NP),8864,7005,1,Gochar (NP),Gochar (NP),False,79.02752707581227
5,Uttarakhand,Gumaniwala (CT),6953,5300,1,Gumaniwala (CT),Gumaniwala (CT),False,76.226089457788
5,Uttarakhand,Haldwani Talli (CT),8159,6413,1,Haldwani Talli (CT),Haldwani Talli (CT),False,78.60031866650324
5,Uttarakhand,Haldwani-cum-Kathgodam (NPP + OG),201461,146632,1,Haldwani-cum-Kathgodam (NPP + OG),Haldwani-cum-Kathgodam (NPP + OG),False,72.78431061098675
5,Uttarakhand,Haldwani-cum-Kathgodam (NPP),156078,109634,1,Haldwani-cum-Kathgodam (NPP),Haldwani-cum-Kathgodam (NPP),False,70.24308358641193
5,Uttarakhand,Hardwar (NPP + OG),231338,170483,1,Hardwar (NPP + OG),Hardwar (NPP + OG),False,73.69433469641822
5,Uttarakhand,Hardwar (NPP),228832,168576,1,Hardwar (NPP),Hardwar (NPP),False,73.66801845895678
5,Uttarakhand,Haripur Kalan (CT),10367,7774,1,Haripur Kalan (CT),Haripur Kalan (CT),False,74.98794250988713
5,Uttarakhand,Herbertpur (NP),9782,7650,1,Herbertpur (NP),Herbertpur (NP),False,78.20486608055613
5,Uttarakhand,Jagjeetpur (CT),15043,11180,1,Jagjeetpur (CT),Jagjeetpur (CT),False,74.3202818586718
5,Uttarakhand,Jaspur (NPP),50523,33675,1,Jaspur (NPP),Jaspur (NPP),False,66.65281159076063
5,Uttarakhand,Jhabrera (NP),11186,7499,1,Jhabrera (NP),Jhabrera (NP),False,67.0391560879671
5,Uttarakhand,Jiwangarh (CT),11870,7783,1,Jiwangarh (CT),Jiwangarh (CT),False,65.56866048862679
5,Uttarakhand,Jonk (CT),4669,3725,1,Jonk (CT),Jonk (CT),False,79.7815378025273
5,Uttarakhand,Joshimath (NPP),16709,13332,1,Joshimath  (NPP),Joshimath (NPP),False,79.78933508887425
5,Uttarakhand,Kaladhungi (NP),7611,5167,1,Kaladhungi (NP),Kaladhungi (NP),False,67.8885823150703
5,Uttarakhand,Kanchal Gosain (CT),4632,3229,1,Kanchal Gosain (CT),Kanchal Gosain (CT),False,69.71070811744386
5,Uttarakhand,Karnaprayag (NP),8297,6733,1,Karnaprayag (NP),Karnaprayag (NP),False,81.14981318548872
5,Uttarakhand,Kashipur (NPP),121623,88049,1,Kashipur (NPP),Kashipur (NPP),False,72.39502396750615
5,Uttarakhand,Kashirampur (CT),10837,8614,1,Kashirampur (CT),Kashirampur (CT),False,79.4869428808711
5,Uttarakhand,Kedarnath (NP),612,601,1,Kedarnath (NP),Kedarnath (NP),False,98.20261437908496
5,Uttarakhand,Kela Khera (NP),10929,4689,1,Kela Khera (NP),Kela Khera (NP),False,42.904199835300574
5,Uttarakhand,Khanjarpur (CT),6435,4695,1,Khanjarpur (CT),Khanjarpur (CT),False,72.96037296037296
5,Uttarakhand,Kharak mafi (CT),8404,6331,1,Kharak mafi (CT),Kharak mafi (CT),False,75.33317467872442
5,Uttarakhand,Khatima (NPP),15093,11003,1,Khatima (NPP),Khatima (NPP),False,72.90134499436826
5,Uttarakhand,Khatyari (CT),5166,4261,1,Khatyari (CT),Khatyari (CT),False,82.48161053039101
5,Uttarakhand,Kichha (NPP),41965,24624,1,Kichha (NPP),Kichha (NPP),False,58.67746931967115
5,Uttarakhand,Kirtinagar (NP),1517,1109,1,Kirtinagar (NP),Kirtinagar (NP),False,73.10481212920237
5,Uttarakhand,Kotdwara (NPP + OG),33035,25024,1,Kotdwara (NPP + OG),Kotdwara (NPP + OG),False,75.74996216134403
5,Uttarakhand,Kotdwara (NPP),28859,21635,1,Kotdwara (NPP),Kotdwara (NPP),False,74.96794760733219
5,Uttarakhand,Laksar (NP),21760,16014,1,Laksar (NP),Laksar (NP),False,73.59375
5,Uttarakhand,Lalkuan (NP),7644,5506,1,Lalkuan (NP),Lalkuan (NP),False,72.03035060177918
5,Uttarakhand,Landaur (CB),3539,3030,1,Landaur (CB),Landaur (CB),False,85.61740604690591
5,Uttarakhand,Landhaura (NP),18370,9296,1,Landhaura (NP),Landhaura (NP),False,50.60424605334784
5,Uttarakhand,Lansdowne (CB),5667,4940,1,Lansdowne (CB),Lansdowne (CB),False,87.17134286218457
5,Uttarakhand,Lohaghat (NP),7926,6466,1,Lohaghat (NP),Lohaghat (NP),False,81.57961140550088
5,Uttarakhand,Maholiya (CT),10965,8471,1,Maholiya (CT),Maholiya (CT),False,77.25490196078432
5,Uttarakhand,Mahua Dabra Haripura (NP),7326,4633,1,Mahua Dabra Haripura (NP),Mahua Dabra Haripura (NP),False,63.24051324051324
5,Uttarakhand,Mahua Kheraganj (NP),12584,6952,1,Mahua Kheraganj (NP),Mahua Kheraganj (NP),False,55.24475524475524
5,Uttarakhand,Manglaur (NPP),52971,26411,1,Manglaur (NPP),Manglaur (NPP),False,49.85935700666403
5,Uttarakhand,Maohanpur Mohammadpur (CT),14394,10793,1,Maohanpur Mohammadpur (CT),Maohanpur Mohammadpur (CT),False,74.98263165207726
5,Uttarakhand,Mehu Wala Mafi (CT),13475,8879,1,Mehu Wala Mafi (CT),Mehu Wala Mafi (CT),False,65.89239332096474
5,Uttarakhand,Mukhani (CT),22475,18450,1,Mukhani (CT),Mukhani (CT),False,82.09121245828699
5,Uttarakhand,Muni Ki Reti (NP),10620,8039,1,Muni Ki Reti (NP),Muni Ki Reti (NP),False,75.69679849340866
5,Uttarakhand,Mussoorie (NPP),30118,24615,1,Mussoorie (NPP),Mussoorie (NPP),False,81.72853443123714
5,Uttarakhand,Nagala Imarti (CT),5774,2879,1,Nagala Imarti (CT),Nagala Imarti (CT),False,49.861447869761
5,Uttarakhand,Nagla (CT),22258,16635,1,Nagla (CT),Nagla (CT),False,74.73717315122653
5,Uttarakhand,Nainital (CB),1398,1237,1,Nainital (CB),Nainital (CB),False,88.48354792560801
5,Uttarakhand,Nainital (NPP),41377,34786,1,Nainital (NPP),Nainital (NPP),False,84.07086062305146
5,Uttarakhand,Nandprayag (NP),1641,1230,1,Nandprayag (NP),Nandprayag (NP),False,74.9542961608775
5,Uttarakhand,Narendranagar (NPP),6049,4956,1,Narendranagar (NPP),Narendranagar (NPP),False,81.93089766903621
5,Uttarakhand,Natthan Pur (CT),13905,11524,1,Natthan Pur (CT),Natthan Pur (CT),False,82.87666307083784
5,Uttarakhand,Natthuwa Wala (CT),9206,7274,1,Natthuwa Wala (CT),Natthuwa Wala (CT),False,79.01368672604822
5,Uttarakhand,Padali Gujar (CT),12901,6398,1,Padali Gujar (CT),Padali Gujar (CT),False,49.593054801953336
5,Uttarakhand,Padampur Sukhran (CT),9802,8047,1,Padampur Sukhran (CT),Padampur Sukhran (CT),False,82.09549071618038
5,Uttarakhand,Pauri (NPP),25440,20901,1,Pauri (NPP),Pauri (NPP),False,82.15801886792453
5,Uttarakhand,Piran Kaliyar (CT),10043,4514,1,Piran Kaliyar (CT),Piran Kaliyar (CT),False,44.94672906502041
5,Uttarakhand,Pithoragarh (NPP),56044,45704,1,Pithoragarh (NPP),Pithoragarh (NPP),False,81.55021054885448
5,Uttarakhand,Pratitnagar (CT),9564,7281,1,Pratitnagar (CT),Pratitnagar (CT),False,76.12923462986198
5,Uttarakhand,Raipur (CT),32900,27125,1,Raipur (CT),Raipur (CT),False,82.4468085106383
5,Uttarakhand,Ramnagar (NPP),54787,39067,1,Ramnagar (NPP),Ramnagar (NPP),False,71.30706189424498
5,Uttarakhand,Ranikhet (CB),18886,16271,1,Ranikhet (CB),Ranikhet (CB),False,86.1537646934237
5,Uttarakhand,Rawali Mahdood (CT),17467,12005,1,Rawali Mahdood (CT),Rawali Mahdood (CT),False,68.72960439686265
5,Uttarakhand,Rishikesh (CT),8033,6425,1,Rishikesh (CT),Rishikesh (CT),False,79.98257189094983
5,Uttarakhand,Rishikesh (NPP),70499,53500,1,Rishikesh (NPP),Rishikesh (NPP),False,75.88760124257081
5,Uttarakhand,Roorkee (CB),14689,13076,1,Roorkee (CB),Roorkee (CB),False,89.01899380488801
5,Uttarakhand,Roorkee (NPP),118200,95048,1,Roorkee (NPP),Roorkee (NPP),False,80.41285956006769
5,Uttarakhand,Rudraprayag (NPP),9313,7388,1,Rudraprayag (NPP),Rudraprayag (NPP),False,79.32996886073231
5,Uttarakhand,Rudrapur (NPP + OG),154554,96993,1,Rudrapur (NPP + OG),Rudrapur (NPP + OG),False,62.75670639388174
5,Uttarakhand,Rudrapur (NPP),140857,86153,1,Rudrapur (NPP),Rudrapur (NPP),False,61.163449455831085
5,Uttarakhand,Saidpura (CT),5640,3587,1,Saidpura (CT),Saidpura (CT),False,63.59929078014185
5,Uttarakhand,Salempur Rajputan (CT),10340,8153,1,Salempur Rajputan (CT),Salempur Rajputan (CT),False,78.84912959381045
5,Uttarakhand,Shafipur (CT),11135,9378,1,Shafipur (CT),Shafipur (CT),False,84.22092501122587
5,Uttarakhand,Shahpur (CT),5684,3138,1,Shahpur (CT),Shahpur (CT),False,55.20760028149191
5,Uttarakhand,Shaktigarh (NP),6309,4461,1,Shaktigarh (NP),Shaktigarh (NP),False,70.70851165002378
5,Uttarakhand,Sitarganj (NPP),29965,19047,1,Sitarganj (NPP),Sitarganj (NPP),False,63.56415818454864
5,Uttarakhand,Srinagar (NPP),20115,16540,1,Srinagar (NPP),Srinagar (NPP),False,82.22719363658962
5,Uttarakhand,Sultanpur (NP),9881,6058,1,Sultanpur (NP),Sultanpur (NP),False,61.30958405019735
5,Uttarakhand,Sunhaira (CT),13248,9337,1,Sunhaira (CT),Sunhaira (CT),False,70.47856280193237
5,Uttarakhand,Tanakpur (NPP),17626,12042,1,Tanakpur (NPP),Tanakpur (NPP),False,68.31952797004426
5,Uttarakhand,Tehri (NPP),24014,19496,1,Tehri (NPP),Tehri (NPP),False,81.18597484800533
5,Uttarakhand,Umru Khurd (CT),20593,10687,1,Umru Khurd (CT),Umru Khurd (CT),False,51.896275433399694
5,Uttarakhand,Uttarkashi (NPP),17475,14091,1,Uttarkashi (NPP),Uttarkashi (NPP),False,80.63519313304721
5,Uttarakhand,Vikasnagar (NPP),13927,10921,1,Vikasnagar (NPP),Vikasnagar (NPP),False,78.41602642349393
5,Uttarakhand,Virbhadra IDPL (ITS),8580,6618,1,Virbhadra IDPL (ITS),Virbhadra IDPL (ITS),False,77.13286713286713
6,Haryana,Aakera (292) (CT),7110,4913,1,Aakera (292) (CT),Aakera (292) (CT),False,69.0998593530239
6,Haryana,Adampur (CT),25531,17354,1,Adampur (CT),Adampur (CT),False,67.97226900630606
6,Haryana,Ambala (M Cl),195153,152546,1,Ambala (M Cl),Ambala (M Cl),False,78.16738661460495
6,Haryana,Ambala Cantt. (CB),55370,44754,1,Ambala Cantt. (CB),Ambala Cantt. (CB),False,80.82716272349649
6,Haryana,Ambala Sadar (M Cl + OG),104974,83740,1,Ambala Sadar (M Cl + OG),Ambala Sadar (M Cl + OG),False,79.77213405224151
6,Haryana,Ambala Sadar (M Cl),103093,82283,1,Ambala Sadar (M Cl),Ambala Sadar (M Cl),False,79.81434238988098
6,Haryana,Asan Khurd (CT),6873,5633,1,Asan Khurd (CT),Asan Khurd (CT),False,81.95838789466026
6,Haryana,Assandh,27125,18192,1,Assandh (MC),Assandh,False,67.06728110599079
6,Haryana,Ateli,7619,5604,1,Ateli (MC),Ateli,False,73.55295970599816
6,Haryana,Babiyal (CT),26412,20722,1,Babiyal (CT),Babiyal (CT),False,78.4567620778434
6,Haryana,Badh Malak (68) (CT),6938,4723,1,Badh Malak (68) (CT),Badh Malak (68) (CT),False,68.07437301816086
6,Haryana,Badhi Majra (126) (CT),9188,5541,1,Badhi Majra (126) (CT),Badhi Majra (126) (CT),False,60.30692207226818
6,Haryana,Badshahpur (87) (CT),15593,10811,1,Badshahpur (87) (CT),Badshahpur (87) (CT),False,69.33239274033221
6,Haryana,Baghola (44) (CT),5413,3573,1,Baghola (44) (CT),Baghola (44) (CT),False,66.00775909846665
6,Haryana,Bahadurgarh (M Cl),170767,127189,1,Bahadurgarh (M Cl),Bahadurgarh (M Cl),False,74.48101799528011
6,Haryana,Barara (203) (CT),21545,16308,1,Barara (203) (CT),Barara (203) (CT),False,75.6927361336737
6,Haryana,Barwala,43384,27527,1,Barwala (MC),Barwala,False,63.449658860409365
6,Haryana,Bawal,16776,11341,1,Bawal (MC),Bawal,False,67.60252742012398
6,Haryana,Bawani khera,20289,12992,1,Bawani khera (MC),Bawani khera,False,64.0346986051555
6,Haryana,Bayyanpur (207) (CT),5406,3757,1,Bayyanpur (207) (CT),Bayyanpur (207) (CT),False,69.49685534591194
6,Haryana,Beri,15934,11450,1,Beri (MC),Beri,False,71.85891803690222
6,Haryana,Bhakali (165) (CT),9970,6875,1,Bhakali (165) (CT),Bhakali (165) (CT),False,68.95687061183551
6,Haryana,Bhiwani (M Cl),196057,143446,1,Bhiwani (M Cl),Bhiwani (M Cl),False,73.1654569844484
6,Haryana,Bhondsi (168) (CT),17410,13445,1,Bhondsi (168) (CT),Bhondsi (168) (CT),False,77.22573233773693
6,Haryana,Bhuran (16) (CT),5603,3751,1,Bhuran (16) (CT),Bhuran (16) (CT),False,66.94627877922541
6,Haryana,Bilaspur (CT),11733,8295,1,Bilaspur (CT),Bilaspur (CT),False,70.69803119406801
6,Haryana,Bir Ghaghar (392) (CT),4943,3355,1,Bir Ghaghar (392) (CT),Bir Ghaghar (392) (CT),False,67.87376087396318
6,Haryana,Boh(27) (CT),8482,6601,1,Boh(27) (CT),Boh(27) (CT),False,77.8236265031832
6,Haryana,Buria (CT),10903,7111,1,Buria (CT),Buria (CT),False,65.22058149133267
6,Haryana,Chandi Mandir (391) (CT),9051,6919,1,Chandi Mandir (391) (CT),Chandi Mandir (391) (CT),False,76.44459175781681
6,Haryana,Charkhi Dadri,56337,41475,1,Charkhi Dadri (MC),Charkhi Dadri,False,73.61946855530114
6,Haryana,Cheeka,38952,25477,1,Cheeka (MC),Cheeka,False,65.40614089135346
6,Haryana,Chhachhrauli (CT),10533,7989,1,Chhachhrauli (CT),Chhachhrauli (CT),False,75.84733694104244
6,Haryana,Dharuhera,30344,21554,1,Dharuhera (MC),Dharuhera,False,71.03216451357764
6,Haryana,Ellenabad,36623,24171,1,Ellenabad (MC),Ellenabad,False,65.99950850558393
6,Haryana,Faizabad (87) (CT),1309,979,1,Faizabad (87) (CT),Faizabad (87) (CT),False,74.78991596638656
6,Haryana,Farakhpur (CT),9569,7327,1,Farakhpur (CT),Farakhpur (CT),False,76.57017452189362
6,Haryana,Faridabad,1414050,1028092,1,Faridabad (M Corp.),Faridabad,False,72.70549131926029
6,Haryana,Farrukhnagar,13513,9278,1,Farrukhnagar (MC),Farrukhnagar,False,68.65980907274476
6,Haryana,Fatehabad (M Cl),70777,51236,1,Fatehabad (M Cl),Fatehabad (M Cl),False,72.39074840696837
6,Haryana,Fazalpur (81) (CT),3692,2618,1,Fazalpur (81) (CT),Fazalpur (81) (CT),False,70.9100758396533
6,Haryana,Ferozepur jhirka,24750,14140,1,Ferozepur jhirka (MC),Ferozepur jhirka,False,57.131313131313135
6,Haryana,Ganaur,35603,26024,1,Ganaur (MC),Ganaur,False,73.09496390753588
6,Haryana,Gangwa (166) (CT),25847,17841,1,Gangwa (166) (CT),Gangwa (166) (CT),False,69.0254188106937
6,Haryana,Garhi Harsaru (46) (CT),7894,5813,1,Garhi Harsaru (46) (CT),Garhi Harsaru (46) (CT),False,73.63820623258171
6,Haryana,Gharaunda,37816,26608,1,Gharaunda (MC),Gharaunda,False,70.36175163951766
6,Haryana,Ghatal Mahaniawas (291) (CT),6005,4115,1,Ghatal Mahaniawas (291) (CT),Ghatal Mahaniawas (291) (CT),False,68.52622814321398
6,Haryana,Gohana,65708,46862,1,Gohana (MC),Gohana,False,71.31856090582578
6,Haryana,Gurgaon,1763488,1346279,2,Gurgaon (M Corp. + OG) | Gurgaon (M Corp.),Gurgaon,True,76.34182937451233
6,Haryana,HMT Pinjore (CT),3873,3419,1,HMT Pinjore (CT),HMT Pinjore (CT),False,88.27782081074102
6,Haryana,Hailey Mandi,20906,15361,1,Hailey Mandi (MC),Hailey Mandi,False,73.47651391944896
6,Haryana,Hansi (M Cl),86770,62310,1,Hansi (M Cl),Hansi (M Cl),False,71.81053359456033
6,Haryana,Hassan Pur,11569,6947,1,Hassan Pur (MC),Hassan Pur,False,60.04840522084882
6,Haryana,Hathin,14421,8756,1,Hathin (MC),Hathin,False,60.71700991609459
6,Haryana,Hisar (M Cl + OG),307024,230648,1,Hisar (M Cl + OG),Hisar (M Cl + OG),False,75.12376882588984
6,Haryana,Hisar (M Cl),301383,226280,1,Hisar (M Cl),Hisar (M Cl),False,75.08054535259122
6,Haryana,Hodal,50143,31967,1,Hodal (MC),Hodal,False,63.75167022316176
6,Haryana,Indri,17487,11415,1,Indri (MC),Indri,False,65.27706296105679
6,Haryana,Ismailabad (317)(CT),13726,9774,1,Ismailabad (317)(CT),Ismailabad (317)(CT),False,71.20792656272768
6,Haryana,Jagadhri (M Cl),124894,94468,1,Jagadhri (M Cl),Jagadhri (M Cl),False,75.63854148317773
6,Haryana,Jandli (113) (CT),14397,11252,1,Jandli (Part) (113) (CT),Jandli (113) (CT),False,78.15517121622561
6,Haryana,Jhajjar,48424,35831,1,Jhajjar (MC),Jhajjar,False,73.9943003469354
6,Haryana,Jhakal Mandi (CT),7788,5900,1,Jhakal Mandi (CT),Jhakal Mandi (CT),False,75.75757575757575
6,Haryana,Jind (M Cl),167592,122019,1,Jind (M Cl),Jind (M Cl),False,72.8071745668051
6,Haryana,Julana,18755,12261,1,Julana (MC),Julana,False,65.37456678219141
6,Haryana,Kabri (18) (CT),7049,4057,1,Kabri (18) (CT),Kabri (18) (CT),False,57.55426301603064
6,Haryana,Kachrauli (1) (CT),5400,3252,1,Kachrauli (1) (CT),Kachrauli (1) (CT),False,60.22222222222222
6,Haryana,Kaithal (M Cl),144915,100944,1,Kaithal (M Cl),Kaithal (M Cl),False,69.65738536383397
6,Haryana,Kakar Majra (269)(CT),3246,2107,1,Kakar Majra (269)(CT),Kakar Majra (269)(CT),False,64.91065927295132
6,Haryana,Kalanaur,23319,15962,1,Kalanaur (MC),Kalanaur,False,68.45061966636649
6,Haryana,Kalanwali,22095,14836,1,Kalanwali (MC),Kalanwali,False,67.14641321565965
6,Haryana,Kalayat,18660,12182,1,Kalayat (MC),Kalayat,False,65.28403001071811
6,Haryana,Kalka,32255,26036,1,Kalka (MC),Kalka,False,80.7192683304914
6,Haryana,Kalka (MC + OG),34134,27522,1,Kalka (MC + OG),Kalka (MC + OG),False,80.62928458428547
6,Haryana,Kanina,12989,9472,1,Kanina (MC),Kanina,False,72.9232427438602
6,Haryana,Kansepur (CT),18909,13015,1,Kansepur (CT),Kansepur (CT),False,68.82965783489342
6,Haryana,Kanwla (110) (CT),5024,3881,1,Kanwla (110) (CT),Kanwla (110) (CT),False,77.24920382165605
6,Haryana,Kardhan (CT),18662,14429,1,Kardhan (CT),Kardhan (CT),False,77.3175436716322
6,Haryana,Karnal (M Cl + OG),302140,225567,1,Karnal (M Cl + OG),Karnal (M Cl + OG),False,74.65645065201562
6,Haryana,Karnal (M Cl),286827,215199,1,Karnal (M Cl),Karnal (M Cl),False,75.02745557426603
6,Haryana,Kharkhoda,25051,17351,1,Kharkhoda (MC),Kharkhoda,False,69.26270408366932
6,Haryana,Kheri Nangal (131) (CT),18195,12214,1,Kheri Nangal (131) (CT),Kheri Nangal (131) (CT),False,67.12833195932949
6,Haryana,Khori Kalan (37) (CT),6007,3432,1,Khori Kalan (37) (CT),Khori Kalan (37) (CT),False,57.13334443149659
6,Haryana,Kundli (55) (CT),21633,14297,1,Kundli (55) (CT),Kundli (55) (CT),False,66.08884574492673
6,Haryana,Ladrawan (CT),6905,4187,1,Ladrawan (CT),Ladrawan (CT),False,60.63721940622737
6,Haryana,Ladwa,28887,20906,1,Ladwa (MC),Ladwa,False,72.37165506975455
6,Haryana,Loharu,13937,8911,1,Loharu (MC),Loharu,False,63.93771973882472
6,Haryana,Maham,20484,14664,1,Maham (MC),Maham,False,71.5875805506737
6,Haryana,Mahendragarh,29128,21177,1,Mahendragarh (MC),Mahendragarh,False,72.70324086789344
6,Haryana,Maheshari (293) (CT),9180,6582,1,Maheshari (293) (CT),Maheshari (293) (CT),False,71.69934640522875
6,Haryana,Majra (60) (CT),4884,3056,1,Majra (60) (CT),Majra (60) (CT),False,62.571662571662564
6,Haryana,Mandi Dabwali,52873,37386,1,Mandi Dabwali (MC),Mandi Dabwali,False,70.70905755300437
6,Haryana,Manesar (154) (CT),23448,18105,1,Manesar (154) (CT),Manesar (154) (CT),False,77.21340839303991
6,Haryana,Manethi (28) (CT),5070,3647,1,Manethi (28) (CT),Manethi (28) (CT),False,71.93293885601578
6,Haryana,Mayyer (151) (CT),6039,4021,1,Mayyer (151) (CT),Mayyer (151) (CT),False,66.58387150190428
6,Haryana,Mustafabad (CT),9042,6924,1,Mustafabad (CT),Mustafabad (CT),False,76.57597876575979
6,Haryana,Nagal Chaudhry (CT),8538,5805,1,Nagal Chaudhry (CT),Nagal Chaudhry (CT),False,67.99016163035839
6,Haryana,Nagina (51) (CT),11417,5916,1,Nagina (51) (CT),Nagina (51) (CT),False,51.81746518349829
6,Haryana,Nanhera(104) (CT),6035,4451,1,Nanhera(104) (CT),Nanhera(104) (CT),False,73.75310687655345
6,Haryana,Naraingarh,22832,17512,1,Naraingarh (MC),Naraingarh,False,76.69936930623686
6,Haryana,Narnaul (M Cl),74581,54755,1,Narnaul (M Cl),Narnaul (M Cl),False,73.41682197878816
6,Haryana,Narnaund,17242,11147,1,Narnaund (MC),Narnaund,False,64.65027259018676
6,Haryana,Narwana (M Cl),62090,41693,1,Narwana (M Cl),Narwana (M Cl),False,67.14929940409084
6,Haryana,Nilokheri,17938,13295,1,Nilokheri (MC),Nilokheri,False,74.11640093655926
6,Haryana,Nissing,17438,11130,1,Nissing (MC),Nissing,False,63.826126849409334
6,Haryana,Nuh,16260,9208,1,Nuh (MC),Nuh,False,56.629766297662975
6,Haryana,Palwal (M Cl + OG),131926,93241,1,Palwal (M Cl + OG),Palwal (M Cl + OG),False,70.67674302260359
6,Haryana,Palwal (M Cl),128730,91296,1,Palwal (M Cl),Palwal (M Cl),False,70.9205313446749
6,Haryana,Palwal (Rural) (73) (CT),23072,13327,1,Palwal (Rural) (Part) (73) (CT),Palwal (Rural) (73) (CT),False,57.762656033287094
6,Haryana,Panchkula (M Cl),211355,162031,1,Panchkula (M Cl),Panchkula (M Cl),False,76.66296042203875
6,Haryana,Panipat (M Cl + OG),295970,213996,1,Panipat (M Cl + OG),Panipat (M Cl + OG),False,72.30327398047099
6,Haryana,Panipat (M Cl),294292,213121,1,Panipat (M Cl),Panipat (M Cl),False,72.4182104848246
6,Haryana,Panipat Taraf Ansar (CT),42877,29693,1,Panipat Taraf Ansar (CT),Panipat Taraf Ansar (CT),False,69.25158010121977
6,Haryana,Panipat Taraf Makhdum Zadgan (CT),67998,40931,1,Panipat Taraf Makhdum Zadgan (CT),Panipat Taraf Makhdum Zadgan (CT),False,60.194417482867145
6,Haryana,Panipat Taraf Rajputan (CT),28803,17412,1,Panipat Taraf Rajputan (CT),Panipat Taraf Rajputan (CT),False,60.45203624622435
6,Haryana,Pataudi,20418,13039,1,Pataudi (MC),Pataudi,False,63.86031932608483
6,Haryana,Pehowa,38853,28168,1,Pehowa (MC),Pehowa,False,72.49890613337452
6,Haryana,Piala (54) (CT),4291,2824,1,Piala (54) (CT),Piala (54) (CT),False,65.81216499650431
6,Haryana,Pingwan (127) (CT),12612,6203,1,Pingwan (127) (CT),Pingwan (127) (CT),False,49.18331747542023
6,Haryana,Pinjore,35912,28437,1,Pinjore (MC),Pinjore,False,79.1852305635999
6,Haryana,Punahana,24734,13212,1,Punahana (MC),Punahana,False,53.416349963612845
6,Haryana,Pundri,18872,12761,1,Pundri (MC),Pundri,False,67.6186943620178
6,Haryana,Pundri (MC + OG),33484,22703,1,Pundri (MC + OG),Pundri (MC + OG),False,67.80253255286107
6,Haryana,Radaur (CT),13690,10380,1,Radaur (CT),Radaur (CT),False,75.82176771365961
6,Haryana,Raipur Rani (CT),9028,6465,1,Raipur Rani (CT),Raipur Rani (CT),False,71.61054497120071
6,Haryana,Ram Garh (232) (CT),4934,3743,1,Ram Garh (232) (CT),Ram Garh (232) (CT),False,75.86137008512364
6,Haryana,Rampura (132) (CT),5954,4159,1,Rampura (132) (CT),Rampura (132) (CT),False,69.85220020154517
6,Haryana,Rania,25123,15299,1,Rania (MC),Rania,False,60.89638976236914
6,Haryana,Ratia,37152,23667,1,Ratia (MC),Ratia,False,63.703165374677006
6,Haryana,Rewari (M Cl),143021,109309,1,Rewari (M Cl),Rewari (M Cl),False,76.42863635410184
6,Haryana,Rohtak (M Cl),374292,284569,1,Rohtak (M Cl),Rohtak (M Cl),False,76.02860867985423
6,Haryana,Sadaura (CT),14818,10714,1,Sadaura (CT),Sadaura (CT),False,72.3039546497503
6,Haryana,Safidon,34728,24387,1,Safidon (MC),Safidon,False,70.22287491361438
6,Haryana,Saha (93) (CT),8100,5831,1,Saha (93) (CT),Saha (93) (CT),False,71.98765432098766
6,Haryana,Salamba (154) (CT),5727,2313,1,Salamba (154) (CT),Salamba (154) (CT),False,40.38763750654793
6,Haryana,Samalkha,38675,28449,1,Samalkha (MC),Samalkha,False,73.55914673561732
6,Haryana,Samalkha (MC + OG),39710,29167,1,Samalkha (MC + OG),Samalkha (MC + OG),False,73.45001259128682
6,Haryana,Sampla,20563,14587,1,Sampla (MC),Sampla,False,70.93809269075524
6,Haryana,Sasauli (CT),22479,17954,1,Sasauli (CT),Sasauli (CT),False,79.87010098313982
6,Haryana,Satrod Kalan(153) (CT),11932,8577,1,Satrod Kalan(153) (CT),Satrod Kalan(153) (CT),False,71.88233322158901
6,Haryana,Satrod Khas (154) (CT),10932,6923,1,Satrod Khas (154) (CT),Satrod Khas (154) (CT),False,63.327844859129165
6,Haryana,Satrod Khurd (155) (CT),5568,3544,1,Satrod Khurd (155) (CT),Satrod Khurd (155) (CT),False,63.64942528735632
6,Haryana,Sec. 11&12 Part II (CT),8876,7551,1,Sec. 11&12 Part II (CT),Sec. 11&12 Part II (CT),False,85.07210455159981
6,Haryana,Shahbad,42607,32048,1,Shahbad (MC),Shahbad,False,75.21768723449198
6,Haryana,Sikanderpur (19) (CT),8894,5264,1,Sikanderpur (19) (CT),Sikanderpur (19) (CT),False,59.185968068360694
6,Haryana,Sirsa (M Cl),182534,131570,1,Sirsa (M Cl),Sirsa (M Cl),False,72.0797221339586
6,Haryana,Siwani,19143,12190,1,Siwani (MC),Siwani,False,63.678629263960715
6,Haryana,Sohna,36552,24606,1,Sohna (MC),Sohna,False,67.3177938279711
6,Haryana,Sonipat (M Cl + OG),289333,217543,1,Sonipat (M Cl + OG),Sonipat (M Cl + OG),False,75.18775943290257
6,Haryana,Sonipat (M Cl),278149,210112,1,Sonipat (M Cl),Sonipat (M Cl),False,75.53936918701847
6,Haryana,Sunari Kalan (101) (CT),7506,5133,1,Sunari Kalan (101) (CT),Sunari Kalan (101) (CT),False,68.38529176658673
6,Haryana,Taoru,22599,15724,1,Taoru (MC),Taoru,False,69.57829992477544
6,Haryana,Taraori,25944,17558,1,Taraori (MC),Taraori,False,67.67653407338884
6,Haryana,Thanesar (M Cl),155152,118326,1,Thanesar (M Cl),Thanesar (M Cl),False,76.26456636073013
6,Haryana,Tilpat (CT),20514,14801,1,Tilpat  (CT),Tilpat (CT),False,72.15072633323584
6,Haryana,Tohana (M Cl),63871,42244,1,Tohana (M Cl),Tohana (M Cl),False,66.1395625557765
6,Haryana,Tosham (CT),15559,10695,1,Tosham (CT),Tosham (CT),False,68.73835079375282
6,Haryana,Tundla(46) (CT),5658,4193,1,Tundla(46) (CT),Tundla(46) (CT),False,74.10745846588901
6,Haryana,Uchana,16815,10932,1,Uchana (MC),Uchana,False,65.01338090990187
6,Haryana,Ugra Kheri(19) (CT),24440,14485,1,Ugra Kheri(19) (CT),Ugra Kheri(19) (CT),False,59.26759410801964
6,Haryana,Uklana Mandi (CT),13219,9623,1,Uklana Mandi (CT),Uklana Mandi (CT),False,72.7967319767002
6,Haryana,Uncha Siwana (CT),8922,6365,1,Uncha Siwana (CT),Uncha Siwana (CT),False,71.34050661286707
6,Haryana,Yamunanagar (M Cl + OG),217071,164926,1,Yamunanagar (M Cl + OG),Yamunanagar (M Cl + OG),False,75.97790584647419
6,Haryana,Yamunanagar (M Cl),216677,164672,1,Yamunanagar (M Cl),Yamunanagar (M Cl),False,75.9988369785441
7,Delhi,Aali (CT),27169,19143,1,Aali (CT),Aali (CT),False,70.4589789834002
7,Delhi,Ali Pur (CT),20332,15285,1,Ali Pur (CT),Ali Pur (CT),False,75.17706079087154
7,Delhi,Asola (CT),13275,9411,1,Asola (CT),Asola (CT),False,70.89265536723164
7,Delhi,Aya Nagar (CT),33123,25201,1,Aya Nagar (CT),Aya Nagar (CT),False,76.08308426169127
7,Delhi,Babar Pur (CT),37058,28754,1,Babar Pur (CT),Babar Pur (CT),False,77.59188299422527
7,Delhi,Bakhtawar Pur (CT),12716,9209,1,Bakhtawar Pur (CT),Bakhtawar Pur (CT),False,72.4205725070777
7,Delhi,Bakkar Wala (CT),18122,10990,1,Bakkar Wala (CT),Bakkar Wala (CT),False,60.644520472354046
7,Delhi,Bankauli (CT),5339,3890,1,Bankauli (CT),Bankauli (CT),False,72.86008615845664
7,Delhi,Bankner (CT),14788,10360,1,Bankner (CT),Bankner (CT),False,70.0568028130917
7,Delhi,Bapraula (CT),52744,37010,1,Bapraula (CT),Bapraula (CT),False,70.16911876232368
7,Delhi,Baqiabad (CT),14429,9452,1,Baqiabad (CT),Baqiabad (CT),False,65.50696513964932
7,Delhi,Barwala (CT),8948,6616,1,Barwala (CT),Barwala (CT),False,73.93831023692445
7,Delhi,Bawana (CT),73680,44079,1,Bawana (CT),Bawana (CT),False,59.824918566775246
7,Delhi,Begum Pur (CT),53682,37244,1,Begum Pur (CT),Begum Pur (CT),False,69.37893521105771
7,Delhi,Bhalswa Jahangir Pur (CT),197148,131338,1,Bhalswa Jahangir Pur (CT),Bhalswa Jahangir Pur (CT),False,66.61898675107027
7,Delhi,Bhati (CT),18864,10231,1,Bhati (CT),Bhati (CT),False,54.23558100084818
7,Delhi,Bhor Garh (CT),8627,5870,1,Bhor Garh (CT),Bhor Garh (CT),False,68.04219311464009
7,Delhi,Burari (CT),146190,113616,1,Burari  (CT),Burari (CT),False,77.71803816950545
7,Delhi,Chandan Hola (CT),6780,4062,1,Chandan Hola (CT),Chandan Hola (CT),False,59.91150442477876
7,Delhi,Chattar Pur (CT),46776,34753,1,Chattar Pur (CT),Chattar Pur (CT),False,74.29664785360013
7,Delhi,Chhawala (CT),14662,11913,1,Chhawala (CT),Chhawala (CT),False,81.25085254399127
7,Delhi,Chilla Saroda Bangar (CT),83217,63796,1,Chilla Saroda Bangar (CT),Chilla Saroda Bangar (CT),False,76.66222045976183
7,Delhi,Chilla Saroda Khadar (CT),11743,10008,1,Chilla Saroda Khadar (CT),Chilla Saroda Khadar (CT),False,85.22524056884953
7,Delhi,DMC (U),11034555,8580694,25,DMC (U) (Part),DMC (U),True,77.76203027670803
7,Delhi,Dallo Pura (CT),154791,112619,1,Dallo Pura (CT),Dallo Pura (CT),False,72.75552196187117
7,Delhi,Darya Pur Kalan (CT),6310,4584,1,Darya Pur Kalan (CT),Darya Pur Kalan (CT),False,72.64659270998415
7,Delhi,Dayal Pur (CT),20589,16021,1,Dayal Pur (CT),Dayal Pur (CT),False,77.81339550245276
7,Delhi,Delhi Cantonment (CB),110351,87721,2,Delhi Cantonment (CB) (Part),Delhi Cantonment (CB),True,79.49270962655527
7,Delhi,Deoli (CT),169122,123173,1,Deoli (CT),Deoli (CT),False,72.83085583188468
7,Delhi,Dera Mandi (CT),16725,11063,1,Dera Mandi (CT),Dera Mandi (CT),False,66.14648729446935
7,Delhi,Dindar Pur (CT),35856,27470,1,Dindar Pur (CT),Dindar Pur (CT),False,76.6120035698349
7,Delhi,Fateh Pur Beri (CT),8861,6310,1,Fateh Pur Beri (CT),Fateh Pur Beri (CT),False,71.21092427491253
7,Delhi,Gharoli (CT),92540,71495,1,Gharoli (CT),Gharoli (CT),False,77.25848281824076
7,Delhi,Gharonda Neemka Bangar alias Patpar Ganj (CT),37876,28647,1,Gharonda Neemka Bangar alias Patpar Ganj (CT),Gharonda Neemka Bangar alias Patpar Ganj (CT),False,75.63364663639244
7,Delhi,Gheora (CT),6876,4898,1,Gheora (CT),Gheora (CT),False,71.23327515997673
7,Delhi,Ghitorni (CT),14893,11056,1,Ghitorni (CT),Ghitorni (CT),False,74.23621835761767
7,Delhi,Gokal Pur (CT),121870,90070,1,Gokal Pur (CT),Gokal Pur (CT),False,73.90662181012554
7,Delhi,Hastsal (CT),176877,127763,1,Hastsal (CT),Hastsal (CT),False,72.23268146791273
7,Delhi,Ibrahim Pur (CT),10614,7732,1,Ibrahim Pur (CT),Ibrahim Pur (CT),False,72.84718296589409
7,Delhi,Jaffar Pur Kalan (CT),6573,4626,1,Jaffar Pur Kalan (CT),Jaffar Pur Kalan (CT),False,70.37882245549977
7,Delhi,Jaffrabad (CT),54601,40573,1,Jaffrabad (CT),Jaffrabad (CT),False,74.30816285416017
7,Delhi,Jait Pur (CT),59330,41303,1,Jait Pur (CT),Jait Pur (CT),False,69.61570874768246
7,Delhi,Jharoda Kalan (CT),19578,14923,1,Jharoda Kalan (CT),Jharoda Kalan (CT),False,76.2233118806824
7,Delhi,Jharoda Majra Burari (CT),22878,17087,1,Jharoda Majra Burari  (CT),Jharoda Majra Burari (CT),False,74.68747268117842
7,Delhi,Jiwan Pur alias Johri Pur (CT),43054,31611,1,Jiwan Pur alias Johri Pur (CT),Jiwan Pur alias Johri Pur (CT),False,73.42174943094719
7,Delhi,Jona Pur (CT),10635,7088,1,Jona Pur (CT),Jona Pur (CT),False,66.64786083685942
7,Delhi,Kair (CT),4074,3192,1,Kair (CT),Kair (CT),False,78.35051546391753
7,Delhi,Kamal Pur Majra Burari (CT),43086,31992,1,Kamal Pur Majra Burari (CT),Kamal Pur Majra Burari (CT),False,74.25149700598801
7,Delhi,Kanjhawala (CT),10331,7434,1,Kanjhawala (CT),Kanjhawala (CT),False,71.95818410608848
7,Delhi,Kapas Hera (CT),74073,54435,1,Kapas Hera (CT),Kapas Hera (CT),False,73.48831558057591
7,Delhi,Karala (CT),35730,26860,1,Karala (CT),Karala (CT),False,75.1749230338651
7,Delhi,Karawal Nagar (CT),224281,161750,1,Karawal Nagar (CT),Karawal Nagar (CT),False,72.11935027933708
7,Delhi,Khajoori Khas (CT),76640,50084,1,Khajoori Khas (CT),Khajoori Khas (CT),False,65.34968684759916
7,Delhi,Khan Pur Dhani (CT),6994,6058,1,Khan Pur Dhani (CT),Khan Pur Dhani (CT),False,86.61710037174721
7,Delhi,Khera (CT),7220,5436,1,Khera (CT),Khera (CT),False,75.29085872576178
7,Delhi,Khera Kalan (CT),8252,6261,1,Khera Kalan (CT),Khera Kalan (CT),False,75.87251575375666
7,Delhi,Khera Khurd (CT),9777,7477,1,Khera Khurd (CT),Khera Khurd (CT),False,76.47540145238825
7,Delhi,Kirari Suleman Nagar (CT),283211,193459,1,Kirari Suleman Nagar (CT),Kirari Suleman Nagar (CT),False,68.3091405347956
7,Delhi,Kondli (CT),38207,30472,1,Kondli (CT),Kondli (CT),False,79.75501871384824
7,Delhi,Kotla Mahigiran (CT),7376,6243,1,Kotla Mahigiran (CT),Kotla Mahigiran (CT),False,84.63937093275487
7,Delhi,Kusum Pur (CT),17028,10719,1,Kusum Pur (CT),Kusum Pur (CT),False,62.94926004228329
7,Delhi,Lad Pur (CT),5529,4305,1,Lad Pur (CT),Lad Pur (CT),False,77.86218122626153
7,Delhi,Libas Pur (CT),44375,32473,1,Libas Pur (CT),Libas Pur (CT),False,73.17859154929577
7,Delhi,Maidan Garhi (CT),11111,8379,1,Maidan Garhi (CT),Maidan Garhi (CT),False,75.41175411754118
7,Delhi,Malik Pur Kohi alias Rang Puri (CT),23726,17946,1,Malik Pur Kohi alias Rang Puri (CT),Malik Pur Kohi alias Rang Puri (CT),False,75.63853999831409
7,Delhi,Mandoli (CT),120417,84890,1,Mandoli (CT),Mandoli (CT),False,70.49669066660023
7,Delhi,Mir Pur Turk (CT),19098,12710,1,Mir Pur Turk (CT),Mir Pur Turk (CT),False,66.5514713582574
7,Delhi,Mithe Pur (CT),69837,53052,1,Mithe Pur (CT),Mithe Pur (CT),False,75.96546243395335
7,Delhi,Mitraon (CT),6512,4960,1,Mitraon (CT),Mitraon (CT),False,76.16707616707616
7,Delhi,Mohammad Pur Majri (CT),17462,13076,1,Mohammad Pur Majri (CT),Mohammad Pur Majri (CT),False,74.8826022219677
7,Delhi,Molar Band (CT),91402,69381,1,Molar Band (CT),Molar Band (CT),False,75.90752937572482
7,Delhi,Moradabad Pahari (CT),21502,17784,1,Moradabad Pahari (CT),Moradabad Pahari (CT),False,82.70858524788392
7,Delhi,Mubarak Pur Dabas (CT),12043,8420,1,Mubarak Pur Dabas (CT),Mubarak Pur Dabas (CT),False,69.91613385369094
7,Delhi,Mukand Pur (CT),57135,38932,1,Mukand Pur (CT),Mukand Pur (CT),False,68.14036930077886
7,Delhi,Mukhmel Pur (CT),4931,3684,1,Mukhmel Pur (CT),Mukhmel Pur (CT),False,74.71101196511863
7,Delhi,Mundka (CT),54541,40102,1,Mundka (CT),Mundka (CT),False,73.52633798426872
7,Delhi,Mustafabad (CT),127167,80718,1,Mustafabad (CT),Mustafabad (CT),False,63.47401448488995
7,Delhi,NDMC,257803,211785,7,NDMC (Part),NDMC,True,82.14993619158815
7,Delhi,Nangli Sakrawati (CT),37706,27935,1,Nangli Sakrawati (CT),Nangli Sakrawati (CT),False,74.086352304673
7,Delhi,Nangloi Jat (CT),205596,146273,1,Nangloi Jat (CT),Nangloi Jat (CT),False,71.14583941321816
7,Delhi,Neb Sarai (CT),15640,11892,1,Neb Sarai (CT),Neb Sarai (CT),False,76.03580562659846
7,Delhi,Nilothi (CT),43371,30629,1,Nilothi (CT),Nilothi (CT),False,70.62092181411542
7,Delhi,Nithari (CT),50464,35252,1,Nithari (CT),Nithari (CT),False,69.85573874445149
7,Delhi,Pehlad Pur Bangar (CT),22968,15236,1,Pehlad Pur Bangar (CT),Pehlad Pur Bangar (CT),False,66.3357715081853
7,Delhi,Pooth Kalan (CT),96002,72228,1,Pooth Kalan (CT),Pooth Kalan (CT),False,75.23593258473782
7,Delhi,Pooth Khurd (CT),10654,7629,1,Pooth Khurd (CT),Pooth Khurd (CT),False,71.60690820349164
7,Delhi,Pul Pehlad (CT),69657,50671,1,Pul Pehlad (CT),Pul Pehlad (CT),False,72.74358643065307
7,Delhi,Qadi Pur (CT),18369,12572,1,Qadi Pur (CT),Qadi Pur (CT),False,68.44139582993087
7,Delhi,Quammruddin Nagar (CT),25126,18947,1,Quammruddin Nagar (CT),Quammruddin Nagar (CT),False,75.40794396242936
7,Delhi,Qutab Garh (CT),7639,5517,1,Qutab Garh (CT),Qutab Garh (CT),False,72.2214949600733
7,Delhi,Raj Pur Khurd (CT),11161,8798,1,Raj Pur Khurd (CT),Raj Pur Khurd (CT),False,78.82806200161276
7,Delhi,Raja Pur Khurd (CT),19312,13566,1,Raja Pur Khurd (CT),Raja Pur Khurd (CT),False,70.24647887323944
7,Delhi,Rajokri (CT),19148,13898,1,Rajokri (CT),Rajokri (CT),False,72.58199289743054
7,Delhi,Rani Khera (CT),16402,11587,1,Rani Khera (CT),Rani Khera (CT),False,70.64382392391173
7,Delhi,Roshan Pura alias Dichaon Khurd (CT),57217,44879,1,Roshan Pura alias Dichaon Khurd (CT),Roshan Pura alias Dichaon Khurd (CT),False,78.43647866892707
7,Delhi,Sadat Pur Gujran (CT),97641,68977,1,Sadat Pur Gujran (CT),Sadat Pur Gujran (CT),False,70.64347968578774
7,Delhi,Sahibabad Daulat Pur (CT),54773,34004,1,Sahibabad Daulat Pur (CT),Sahibabad Daulat Pur (CT),False,62.08168258083362
7,Delhi,Saidabad (CT),10168,8258,1,Saidabad (CT),Saidabad (CT),False,81.21557828481511
7,Delhi,Saidul Azaib (CT),17914,13704,1,Saidul Azaib (CT),Saidul Azaib (CT),False,76.49882773249972
7,Delhi,Sambhalka (CT),17076,11980,1,Sambhalka (CT),Sambhalka (CT),False,70.15694542047318
7,Delhi,Shafi Pur Ranhola (CT),31944,22058,1,Shafi Pur Ranhola (CT),Shafi Pur Ranhola (CT),False,69.05209115952917
7,Delhi,Shakar Pur Baramad (CT),1178,374,1,Shakar Pur Baramad (CT),Shakar Pur Baramad (CT),False,31.748726655348047
7,Delhi,Siras Pur (CT),30445,21678,1,Siras Pur (CT),Siras Pur (CT),False,71.20381014944984
7,Delhi,Sultan Pur (CT),15160,11410,1,Sultan Pur (CT),Sultan Pur (CT),False,75.26385224274406
7,Delhi,Sultan Pur Majra (CT),181554,124546,1,Sultan Pur Majra (CT),Sultan Pur Majra (CT),False,68.59997576478624
7,Delhi,Taj Pul (CT),68796,51718,1,Taj Pul (CT),Taj Pul (CT),False,75.17588231873947
7,Delhi,Tigri (CT),46974,32513,1,Tigri (CT),Tigri (CT),False,69.21488482990591
7,Delhi,Tikri Kalan (CT),16313,11229,1,Tikri Kalan (CT),Tikri Kalan (CT),False,68.83467173419972
7,Delhi,Tikri Khurd (CT),13772,8967,1,Tikri Khurd (CT),Tikri Khurd (CT),False,65.11036886436247
7,Delhi,Tilang Pur Kotla (CT),13614,10084,1,Tilang Pur Kotla (CT),Tilang Pur Kotla (CT),False,74.07080946084913
7,Delhi,Tukhmir Pur (CT),5658,4056,1,Tukhmir Pur (CT),Tukhmir Pur (CT),False,71.68610816542949
7,Delhi,Ujwa (CT),4856,3682,1,Ujwa (CT),Ujwa (CT),False,75.82372322899505
7,Delhi,Ziauddin Pur (CT),68993,49193,1,Ziauddin Pur (CT),Ziauddin Pur (CT),False,71.30143637760352
8,Rajasthan,1 GB-A (CT),7297,4893,1,1 GB-A (CT),1 GB-A (CT),False,67.05495409072222
8,Rajasthan,24 AS-C (CT),6648,3707,1,24 AS-C (CT),24 AS-C (CT),False,55.76113116726835
8,Rajasthan,3 STR (CT),11667,8037,1,3 STR (CT),3 STR (CT),False,68.88660323990743
8,Rajasthan,3 e Village (CT),12134,8329,1,3 e Village (CT),3 e Village (CT),False,68.64183286632603
8,Rajasthan,8 LLG (LALGARH) (CT),11361,7313,1,8 LLG (LALGARH) (CT),8 LLG (LALGARH) (CT),False,64.36933368541501
8,Rajasthan,8 PSD-B (CT),11675,7304,1,8 PSD-B (CT),8 PSD-B (CT),False,62.5610278372591
8,Rajasthan,Abu Road,52363,37677,1,Abu Road (M),Abu Road,False,71.95347860130245
8,Rajasthan,Abu Road (M + OG),55599,39587,1,Abu Road (M + OG),Abu Road (M + OG),False,71.20092087987194
8,Rajasthan,Ahore (CT),16867,10508,1,Ahore (CT),Ahore (CT),False,62.29916404814134
8,Rajasthan,Ajeetgarh (CT),15414,10475,1,Ajeetgarh (CT),Ajeetgarh (CT),False,67.95770079148826
8,Rajasthan,Ajmer,542321,416511,1,Ajmer (M Corp.),Ajmer,False,76.80156217443175
8,Rajasthan,Akedadoongar (CT),9062,5769,1,Akedadoongar (CT),Akedadoongar (CT),False,63.661443389980136
8,Rajasthan,Aklera,26240,16246,1,Aklera (M),Aklera,False,61.91310975609756
8,Rajasthan,Aligarh (CT),7626,4676,1,Aligarh (CT),Aligarh (CT),False,61.31654864935746
8,Rajasthan,Alwar (M Cl + OG),322568,244812,1,Alwar (M Cl + OG),Alwar (M Cl + OG),False,75.89469507204683
8,Rajasthan,Alwar (M Cl),315379,240423,1,Alwar (M Cl),Alwar (M Cl),False,76.23304024681416
8,Rajasthan,Amet,17335,12101,1,Amet (M),Amet,False,69.80674935102394
8,Rajasthan,Antah,32377,21992,1,Antah (M),Antah,False,67.92476140470087
8,Rajasthan,Anupgarh,30877,20787,1,Anupgarh (M),Anupgarh,False,67.32195485312693
8,Rajasthan,Asind,16611,10161,1,Asind (M),Asind,False,61.1703088314972
8,Rajasthan,Atru (CT),11141,7224,1,Atru (CT),Atru (CT),False,64.84157616012925
8,Rajasthan,Babai (CT),10620,6800,1,Babai (CT),Babai (CT),False,64.030131826742
8,Rajasthan,Badlya (CT),5111,2827,1,Badlya (CT),Badlya (CT),False,55.31207200156525
8,Rajasthan,Baggar,14238,9984,1,Baggar (M),Baggar,False,70.12220817530552
8,Rajasthan,Bagrana (CT),10790,5156,1,Bagrana (CT),Bagrana (CT),False,47.784986098239116
8,Rajasthan,Bagru,31229,18957,1,Bagru (M),Bagru,False,60.70319254539051
8,Rajasthan,Bakani (CT),9812,6925,1,Bakani (CT),Bakani (CT),False,70.5768446799837
8,Rajasthan,Bali,19880,12779,1,Bali (M),Bali,False,64.28068410462777
8,Rajasthan,Balotra,74496,47965,1,Balotra (M),Balotra,False,64.3860073024055
8,Rajasthan,Banasthali (CT),12835,11119,1,Banasthali (CT),Banasthali (CT),False,86.63030775223997
8,Rajasthan,Bandikui,44664,33061,1,Bandikui (M),Bandikui,False,74.02158337811213
8,Rajasthan,Banswara,99969,75169,1,Banswara (M),Banswara,False,75.19230961598096
8,Rajasthan,Banswara (M + OG),101017,75972,1,Banswara (M + OG),Banswara (M + OG),False,75.20714335210906
8,Rajasthan,Baral (CT),6344,4175,1,Baral (CT),Baral (CT),False,65.81021437578815
8,Rajasthan,Baran,117992,82495,1,Baran (M),Baran,False,69.91575700047461
8,Rajasthan,Bargaon (Rural) (CT),9193,7229,1,Bargaon (Rural) (CT),Bargaon (Rural) (CT),False,78.63591863374306
8,Rajasthan,Bari,62721,37230,1,Bari (M),Bari,False,59.35810972401588
8,Rajasthan,Bari Sadri,15713,11094,1,Bari Sadri (M),Bari Sadri,False,70.60395850569591
8,Rajasthan,Barmer,96225,66289,1,Barmer (M),Barmer,False,68.88958170953494
8,Rajasthan,Baskhoh (CT),11150,6393,1,Baskhoh (CT),Baskhoh (CT),False,57.33632286995516
8,Rajasthan,Basni Belima (CT),29187,18086,1,Basni Belima (CT),Basni Belima (CT),False,61.96594374207696
8,Rajasthan,Bassi (CT),26029,16851,1,Bassi (CT),Bassi (CT),False,64.73932920972761
8,Rajasthan,Bay (CT),5936,3868,1,Bay (CT),Bay (CT),False,65.16172506738545
8,Rajasthan,Bayana,38502,27314,1,Bayana (M),Bayana,False,70.94176925873981
8,Rajasthan,Bayana ( Rural ) (CT),5866,3273,1,Bayana ( Rural ) (CT),Bayana ( Rural ) (CT),False,55.79611319468122
8,Rajasthan,Beawar (M Cl + OG),151152,111576,1,Beawar (M Cl + OG),Beawar (M Cl + OG),False,73.81708478882186
8,Rajasthan,Beawar (M Cl),145504,107524,1,Beawar (M Cl),Beawar (M Cl),False,73.89762480756544
8,Rajasthan,Bedla (CT),5766,4607,1,Bedla (CT),Bedla (CT),False,79.89941033645508
8,Rajasthan,Beejoliya Kalan (CT),14140,9722,1,Beejoliya Kalan (CT),Beejoliya Kalan (CT),False,68.75530410183876
8,Rajasthan,Begun,20705,14459,1,Begun (M),Begun,False,69.83337358126056
8,Rajasthan,Behror,29531,21656,1,Behror (M),Behror,False,73.33310758186312
8,Rajasthan,Beriyawali (CT),11831,7734,1,Beriyawali (CT),Beriyawali (CT),False,65.37063646352802
8,Rajasthan,Bhadra,40662,26735,1,Bhadra (M),Bhadra,False,65.74934828586888
8,Rajasthan,Bhalariya (CT),3962,3222,1,Bhalariya (CT),Bhalariya (CT),False,81.32256436143362
8,Rajasthan,Bharatpur (M Cl + OG),252838,178503,1,Bharatpur (M Cl + OG),Bharatpur (M Cl + OG),False,70.59975161961414
8,Rajasthan,Bharatpur (M Cl),252342,178252,1,Bharatpur (M Cl),Bharatpur (M Cl),False,70.63905334823374
8,Rajasthan,Bhavri (CT),15312,9085,1,Bhavri (CT),Bhavri (CT),False,59.33254963427377
8,Rajasthan,Bhawani Mandi,42283,30008,1,Bhawani Mandi (M),Bhawani Mandi,False,70.96942033441336
8,Rajasthan,Bhilwara (M Cl),359483,257030,1,Bhilwara (M Cl),Bhilwara (M Cl),False,71.49990402884143
8,Rajasthan,Bhim (CT),11568,7725,1,Bhim (CT),Bhim (CT),False,66.77904564315352
8,Rajasthan,Bhinder,17878,12213,1,Bhinder (M),Bhinder,False,68.31301040384831
8,Rajasthan,Bhinmal,47932,27847,1,Bhinmal (M),Bhinmal,False,58.09688725694734
8,Rajasthan,Bhiwadi,104921,70120,1,Bhiwadi (M),Bhiwadi,False,66.83123492913717
8,Rajasthan,Bhoogar (CT),7666,5195,1,Bhoogar (CT),Bhoogar (CT),False,67.76676232715889
8,Rajasthan,Bhusawar,19946,13263,1,Bhusawar (M),Bhusawar,False,66.49453524516193
8,Rajasthan,Bhuwana (CT),17665,13321,1,Bhuwana (CT),Bhuwana (CT),False,75.4090008491367
8,Rajasthan,Bichhri (CT),4295,2716,1,Bichhri (CT),Bichhri (CT),False,63.23632130384168
8,Rajasthan,Bidasar,35683,19255,1,Bidasar (M),Bidasar,False,53.96127007258358
8,Rajasthan,Bikaner,644406,444264,1,Bikaner (M Corp.),Bikaner,False,68.94162996620143
8,Rajasthan,Bilara,39590,24797,1,Bilara (M),Bilara,False,62.63450366254104
8,Rajasthan,Bissau,23227,14390,1,Bissau (M),Bissau,False,61.95376070951909
8,Rajasthan,Boraj-Kazipura (CT),8780,5745,1,Boraj-Kazipura (CT),Boraj-Kazipura (CT),False,65.43280182232346
8,Rajasthan,Borawar (CT),24975,15596,1,Borawar (CT),Borawar (CT),False,62.446446446446444
8,Rajasthan,Budhpura (CT),5070,1888,1,Budhpura (CT),Budhpura (CT),False,37.238658777120314
8,Rajasthan,Bundi,103286,74602,1,Bundi (M),Bundi,False,72.22856921557617
8,Rajasthan,Bundi (M + OG),104919,74903,2,Bundi (M + OG) (Part),Bundi (M + OG),True,71.39126373678742
8,Rajasthan,Chaksu,33432,20532,1,Chaksu (M),Chaksu,False,61.41421392677674
8,Rajasthan,Chawand (CT),4252,2764,1,Chawand (CT),Chawand (CT),False,65.00470366886171
8,Rajasthan,Chechat (CT),11690,7971,1,Chechat (CT),Chechat (CT),False,68.18648417450812
8,Rajasthan,Chenar Village (CT),5579,3603,1,Chenar Village (CT),Chenar Village (CT),False,64.58146621258291
8,Rajasthan,Chhabra,32285,20131,1,Chhabra (M),Chhabra,False,62.354034381291626
8,Rajasthan,Chhapar,19744,11499,1,Chhapar (M),Chhapar,False,58.24047811993517
8,Rajasthan,Chhipabarod (CT),18837,13017,1,Chhipabarod (CT),Chhipabarod (CT),False,69.10336040770824
8,Rajasthan,Chhoti Sadri,18360,13482,1,Chhoti Sadri (M),Chhoti Sadri,False,73.4313725490196
8,Rajasthan,Chirawa,43953,30428,1,Chirawa (M),Chirawa,False,69.22849407321458
8,Rajasthan,Chittaurgarh,116406,85849,1,Chittaurgarh (M),Chittaurgarh,False,73.74963489854474
8,Rajasthan,Chomu,64417,43997,1,Chomu (M),Chomu,False,68.30029340081035
8,Rajasthan,Churu (M Cl + OG),120157,76781,1,Churu (M Cl + OG),Churu (M Cl + OG),False,63.900563429513056
8,Rajasthan,Churu (M Cl),119856,76564,1,Churu (M Cl),Churu (M Cl),False,63.87998932051796
8,Rajasthan,Danta (CT),15594,9980,1,Danta (CT),Danta (CT),False,63.99897396434526
8,Rajasthan,Dausa,85960,61450,1,Dausa (M),Dausa,False,71.48673801768264
8,Rajasthan,Deeg,44999,29245,1,Deeg (M),Deeg,False,64.99033311851375
8,Rajasthan,Delwara (CT),4429,2960,1,Delwara (CT),Delwara (CT),False,66.8322420410928
8,Rajasthan,Deogarh,17604,11746,1,Deogarh (M),Deogarh,False,66.72347193819587
8,Rajasthan,Deoli,22065,16935,1,Deoli (M),Deoli,False,76.75050985723996
8,Rajasthan,Deshnoke,18470,10386,1,Deshnoke (M),Deshnoke,False,56.23172712506768
8,Rajasthan,Desoola (CT),7306,4461,1,Desoola (CT),Desoola (CT),False,61.05940323022173
8,Rajasthan,Dhariawad (CT),11368,8274,1,Dhariawad (CT),Dhariawad (CT),False,72.78325123152709
8,Rajasthan,Dhaulpur,125989,81973,1,Dhaulpur (M),Dhaulpur,False,65.06361666494695
8,Rajasthan,Dhaulpur (M + OG),133075,86625,1,Dhaulpur (M + OG),Dhaulpur (M + OG),False,65.09487131316926
8,Rajasthan,Dhorimanna (CT),6513,3641,1,Dhorimanna (CT),Dhorimanna (CT),False,55.90357746046368
8,Rajasthan,Didwana,53328,33974,1,Didwana (M),Didwana,False,63.70762076207621
8,Rajasthan,Didwana (M + OG),53749,34133,1,Didwana (M + OG),Didwana (M + OG),False,63.5044372918566
8,Rajasthan,Diwakari (CT),11188,7494,1,Diwakari (CT),Diwakari (CT),False,66.98248122988917
8,Rajasthan,Dungargarh,53294,31965,1,Dungargarh (M),Dungargarh,False,59.97860922430293
8,Rajasthan,Dungarpur,47706,37657,1,Dungarpur (M),Dungarpur,False,78.93556366075546
8,Rajasthan,Emri (CT),4758,3314,1,Emri (CT),Emri (CT),False,69.65111391340899
8,Rajasthan,Falna,24839,16125,1,Falna (M),Falna,False,64.91807238616691
8,Rajasthan,Fatehnagar,22812,15078,1,Fatehnagar (M),Fatehnagar,False,66.09679116254603
8,Rajasthan,Fatehpur,92595,59205,1,Fatehpur (M),Fatehpur,False,63.93973756682326
8,Rajasthan,Gajsinghpur,9995,6743,1,Gajsinghpur (M),Gajsinghpur,False,67.46373186593296
8,Rajasthan,Galiakot (CT),4707,2842,1,Galiakot (CT),Galiakot (CT),False,60.3781601869556
8,Rajasthan,Ganganagar (M Cl + OG),237780,173610,1,Ganganagar (M Cl + OG),Ganganagar (M Cl + OG),False,73.01286903860712
8,Rajasthan,Ganganagar (M Cl),224532,164692,1,Ganganagar (M Cl),Ganganagar (M Cl),False,73.34901038604742
8,Rajasthan,Gangapur,18777,12481,1,Gangapur (M),Gangapur,False,66.46961708473133
8,Rajasthan,Gangapur City,119090,81271,1,Gangapur City (M),Gangapur City,False,68.24334536904861
8,Rajasthan,Garhi (CT),5180,3675,1,Garhi (CT),Garhi (CT),False,70.94594594594594
8,Rajasthan,Gogunda (CT),8751,5788,1,Gogunda (CT),Gogunda (CT),False,66.14101245571935
8,Rajasthan,Goredi Chancha (CT),10655,7023,1,Goredi Chancha (CT),Goredi Chancha (CT),False,65.91271703425622
8,Rajasthan,Gothan (CT),17700,10291,1,Gothan (CT),Gothan (CT),False,58.14124293785311
8,Rajasthan,Gothra (CT),16933,13059,1,Gothra (CT),Gothra (CT),False,77.12159688182838
8,Rajasthan,Govindgarh (CT),19287,13006,2,Govindgarh (CT),Govindgarh (CT),True,67.43402291699073
8,Rajasthan,Goyli (CT),5728,3283,1,Goyli (CT),Goyli (CT),False,57.31494413407822
8,Rajasthan,Guhala (CT),6343,3864,1,Guhala (CT),Guhala (CT),False,60.917546902096795
8,Rajasthan,Gulabpura,27215,19295,1,Gulabpura (M),Gulabpura,False,70.89840161675546
8,Rajasthan,Hameer Garh (CT),11678,7808,1,Hameer Garh (CT),Hameer Garh (CT),False,66.86076382942284
8,Rajasthan,Hanumangarh (M Cl),150958,102149,1,Hanumangarh (M Cl),Hanumangarh (M Cl),False,67.66716570171836
8,Rajasthan,Hindaun,105452,67600,1,Hindaun (M),Hindaun,False,64.10499563782575
8,Rajasthan,Indragarh,7444,4621,1,Indragarh (M),Indragarh,False,62.076840408382594
8,Rajasthan,Islampur (CT),10247,6286,1,Islampur (CT),Islampur (CT),False,61.34478383917244
8,Rajasthan,Jahazpur,20586,13442,1,Jahazpur (M),Jahazpur,False,65.29680365296804
8,Rajasthan,Jaipur,3046163,2215535,3,Jaipur (M Corp.) (Part),Jaipur,True,72.73199103265321
8,Rajasthan,Jaisalmer,65471,44075,1,Jaisalmer (M),Jaisalmer,False,67.31988208519802
8,Rajasthan,Jaitaran,22621,14521,1,Jaitaran (M),Jaitaran,False,64.19256443128066
8,Rajasthan,Jalor,54081,34625,1,Jalor (M),Jalor,False,64.02433386956602
8,Rajasthan,Jamwa Ramgarh (CT),7665,4698,1,Jamwa Ramgarh (CT),Jamwa Ramgarh (CT),False,61.291585127201564
8,Rajasthan,Jhagarwas (CT),5728,3384,1,Jhagarwas (CT),Jhagarwas (CT),False,59.0782122905028
8,Rajasthan,Jhalawar,66919,48145,1,Jhalawar (M),Jhalawar,False,71.9451874654433
8,Rajasthan,Jhalrapatan,37506,26957,1,Jhalrapatan (M),Jhalrapatan,False,71.87383351997015
8,Rajasthan,Jhunjhunun (M Cl),118473,74880,1,Jhunjhunun (M Cl),Jhunjhunun (M Cl),False,63.20427439163354
8,Rajasthan,Jobner,11354,7963,1,Jobner (M),Jobner,False,70.13387352474899
8,Rajasthan,Jodhpur,2089947,1469228,2,Jodhpur (M Corp. + OG) | Jodhpur (M Corp.),Jodhpur,True,70.29977315214214
8,Rajasthan,Kaithoon,24260,15271,1,Kaithoon (M),Kaithoon,False,62.9472382522671
8,Rajasthan,Kaman,38040,23943,1,Kaman (M),Kaman,False,62.94164037854889
8,Rajasthan,Kanor,13239,9025,1,Kanor (M),Kanor,False,68.16980134451242
8,Rajasthan,Kanota (CT),11250,7280,1,Kanota (CT),Kanota (CT),False,64.71111111111111
8,Rajasthan,Kanwat (CT),7903,5463,1,Kanwat (CT),Kanwat (CT),False,69.12564848791598
8,Rajasthan,Kapasan,20869,14077,1,Kapasan (M),Kapasan,False,67.45411854904404
8,Rajasthan,Kaprain,20748,13221,1,Kaprain (M),Kaprain,False,63.721804511278194
8,Rajasthan,Karanpur,21297,14144,1,Karanpur (M),Karanpur,False,66.41310982767526
8,Rajasthan,Karauli,82960,48078,1,Karauli (M),Karauli,False,57.95323047251687
8,Rajasthan,Kasba Bonli (CT),15300,9520,1,Kasba Bonli (CT),Kasba Bonli (CT),False,62.22222222222222
8,Rajasthan,Kawai (CT),9487,6042,1,Kawai (CT),Kawai (CT),False,63.687150837988824
8,Rajasthan,Kekri,41890,28689,1,Kekri (M),Kekri,False,68.4865122941036
8,Rajasthan,Kelwa (CT),11712,7278,1,Kelwa (CT),Kelwa (CT),False,62.14139344262295
8,Rajasthan,Keshoraipatan,24627,16987,1,Keshoraipatan (M),Keshoraipatan,False,68.97713891257563
8,Rajasthan,Kesrisinghpur,14010,9328,1,Kesrisinghpur (M),Kesrisinghpur,False,66.58101356174161
8,Rajasthan,Khairabad (CT),11993,8221,1,Khairabad (CT),Khairabad (CT),False,68.54831985324773
8,Rajasthan,Khairthal,38298,27317,1,Khairthal (M),Khairthal,False,71.32748446394068
8,Rajasthan,Khandela,22756,13200,1,Khandela (M),Khandela,False,58.006679557039895
8,Rajasthan,Khandela (M + OG),29044,16933,1,Khandela (M + OG),Khandela (M + OG),False,58.30119818206858
8,Rajasthan,Khanpur (CT),13848,10186,1,Khanpur (CT),Khanpur (CT),False,73.55574812247256
8,Rajasthan,Kherli,17634,13728,1,Kherli (M),Kherli,False,77.84960871044572
8,Rajasthan,Kherliganj (CT),7022,4464,1,Kherliganj (CT),Kherliganj (CT),False,63.57163201367132
8,Rajasthan,Kherwara Chhaoni (CT),7581,5487,1,Kherwara Chhaoni (CT),Kherwara Chhaoni (CT),False,72.37831420656904
8,Rajasthan,Khetri,18209,12792,1,Khetri (M),Khetri,False,70.25097479268494
8,Rajasthan,Kishangarh (CT),12429,9076,1,Kishangarh (CT),Kishangarh (CT),False,73.02276932979322
8,Rajasthan,Kishangarh (M Cl),154886,104952,1,Kishangarh (M Cl),Kishangarh (M Cl),False,67.7608047208915
8,Rajasthan,Kishangarh Renwal,29201,19062,1,Kishangarh Renwal (M),Kishangarh Renwal,False,65.27858634978254
8,Rajasthan,Kolayat (CT),9684,4857,1,Kolayat (CT),Kolayat (CT),False,50.154894671623296
8,Rajasthan,Kolvi @ Mandi Rajendrapur (CT),8584,6347,1,Kolvi @ Mandi Rajendrapur (CT),Kolvi @ Mandi Rajendrapur (CT),False,73.93988816402609
8,Rajasthan,Kota,1001694,728664,1,Kota (M Corp.),Kota,False,72.74317306482818
8,Rajasthan,Kotputli,49202,34142,1,Kotputli (M),Kotputli,False,69.39148815088816
8,Rajasthan,Kuchaman City,61969,40569,1,Kuchaman City (M),Kuchaman City,False,65.46660426987687
8,Rajasthan,Kuchera,23468,11970,1,Kuchera (M),Kuchera,False,51.005624680415885
8,Rajasthan,Kumbhkot (CT),6602,3196,1,Kumbhkot (CT),Kumbhkot (CT),False,48.409572856710085
8,Rajasthan,Kumher,23540,15202,1,Kumher (M),Kumher,False,64.57943925233644
8,Rajasthan,Kuri Bhagtasani (CT),38429,27441,1,Kuri Bhagtasani (CT),Kuri Bhagtasani (CT),False,71.40701033073981
8,Rajasthan,Kushalgarh,10666,8072,1,Kushalgarh (M),Kushalgarh,False,75.67972998312395
8,Rajasthan,Lachhmangarh,53392,33441,1,Lachhmangarh (M),Lachhmangarh,False,62.63297872340425
8,Rajasthan,Ladnu,65575,39401,1,Ladnu (M),Ladnu,False,60.08539839878002
8,Rajasthan,Lakheri,29572,19777,1,Lakheri (M),Lakheri,False,66.8774516434465
8,Rajasthan,Lalsot,34363,22632,1,Lalsot (M),Lalsot,False,65.86153711841224
8,Rajasthan,Losal,28504,16406,1,Losal (M),Losal,False,57.556834128543365
8,Rajasthan,Mahu Kalan (CT),10971,7525,1,Mahu Kalan (CT),Mahu Kalan (CT),False,68.58991887703947
8,Rajasthan,Mahwa (CT),24846,15655,1,Mahwa (CT),Mahwa (CT),False,63.00813008130082
8,Rajasthan,Makrana,93094,48682,1,Makrana (M),Makrana,False,52.293380883837834
8,Rajasthan,Makrana (M + OG),94487,49441,2,Makrana (M + OG) (Part),Makrana (M + OG),True,52.32571676526929
8,Rajasthan,Makrana Village (CT),21808,12309,1,Makrana Village (CT),Makrana Village (CT),False,56.44258987527513
8,Rajasthan,Malpura,29295,19537,1,Malpura (M),Malpura,False,66.6905615292712
8,Rajasthan,Malpura (M + OG),36028,24233,1,Malpura (M + OG),Malpura (M + OG),False,67.26157433107583
8,Rajasthan,Malsisar (CT),13719,8275,1,Malsisar (CT),Malsisar (CT),False,60.317807420365924
8,Rajasthan,Mandalgarh,13844,8761,1,Mandalgarh (M),Mandalgarh,False,63.283733025137245
8,Rajasthan,Mandawa,23335,14695,1,Mandawa (M),Mandawa,False,62.97407328047997
8,Rajasthan,Mandawar (CT),11960,8470,1,Mandawar (CT),Mandawar (CT),False,70.81939799331104
8,Rajasthan,Mangrol,25073,16519,1,Mangrol (M),Mangrol,False,65.88361983009612
8,Rajasthan,Manoharpur (CT),20287,12370,1,Manoharpur (CT),Manoharpur (CT),False,60.975008626213835
8,Rajasthan,Manoharthana (CT),11292,7333,1,Manoharthana (CT),Manoharthana (CT),False,64.93978037548706
8,Rajasthan,Marwar Junction (CT),12004,8295,1,Marwar Junction (CT),Marwar Junction (CT),False,69.10196601132955
8,Rajasthan,Mavli (CT),9199,6707,1,Mavli (CT),Mavli (CT),False,72.91009892379606
8,Rajasthan,Merta City,46070,29095,1,Merta City (M),Merta City,False,63.1538962448448
8,Rajasthan,Merta Road (CT),16905,10633,1,Merta Road (CT),Merta Road (CT),False,62.89855072463768
8,Rajasthan,Modak (CT),9204,6222,1,Modak (CT),Modak (CT),False,67.60104302477184
8,Rajasthan,Mount Abu,22943,16321,1,Mount Abu (M),Mount Abu,False,71.13716602013686
8,Rajasthan,Mukandgarh,18469,11532,1,Mukandgarh (M),Mukandgarh,False,62.439763928745464
8,Rajasthan,Mundwa,16871,8692,1,Mundwa (M),Mundwa,False,51.52036038172011
8,Rajasthan,Nadbai,26411,18772,1,Nadbai (M),Nadbai,False,71.07644542046874
8,Rajasthan,Nagar,25572,16079,1,Nagar (M),Nagar,False,62.877365868919135
8,Rajasthan,Nagaur,102872,62945,1,Nagaur (M),Nagaur,False,61.18768955595303
8,Rajasthan,Nagaur (M + OG),105218,64243,1,Nagaur (M + OG),Nagaur (M + OG),False,61.057043471649344
8,Rajasthan,Nainwa,19485,12750,1,Nainwa (M),Nainwa,False,65.43494996150885
8,Rajasthan,Nandri (CT),20827,14433,1,Nandri (CT),Nandri (CT),False,69.29946703797954
8,Rajasthan,Nasirabad (CB),50804,39049,1,Nasirabad (CB),Nasirabad (CB),False,76.86205810566096
8,Rajasthan,Nathdwara,42016,32233,1,Nathdwara (M),Nathdwara,False,76.71601294744859
8,Rajasthan,Nawa,22088,14799,1,Nawa (M),Nawa,False,67.00018109380659
8,Rajasthan,Nawalgarh,63948,40977,1,Nawalgarh (M),Nawalgarh,False,64.07862638393695
8,Rajasthan,Neem-Ka-Thana,36231,26016,1,Neem-Ka-Thana (M),Neem-Ka-Thana,False,71.80591206425436
8,Rajasthan,Neemrana (CT),7143,5085,1,Neemrana (CT),Neemrana (CT),False,71.18857622847543
8,Rajasthan,Newa Talai (CT),2525,1544,1,Newa Talai (CT),Newa Talai (CT),False,61.148514851485146
8,Rajasthan,Nimbahera,61949,44557,1,Nimbahera (M),Nimbahera,False,71.92529338649535
8,Rajasthan,Niwai,37765,26336,1,Niwai (M),Niwai,False,69.73652853170925
8,Rajasthan,Nohar,49835,32795,1,Nohar (M),Nohar,False,65.80716364001205
8,Rajasthan,Nokha,62699,40391,1,Nokha (M),Nokha,False,64.42048517520216
8,Rajasthan,Nooan (CT),6049,3825,1,Nooan (CT),Nooan (CT),False,63.233592329310625
8,Rajasthan,Padampur,18420,12534,1,Padampur (M),Padampur,False,68.04560260586318
8,Rajasthan,Pali (M Cl),230075,153880,1,Pali (M Cl),Pali (M Cl),False,66.88253830272737
8,Rajasthan,Parbatsar,15172,9935,1,Parbatsar (M),Parbatsar,False,65.48246770366465
8,Rajasthan,Partapur (CT),10758,7694,1,Partapur (CT),Partapur (CT),False,71.51886967837888
8,Rajasthan,Phalodi,49766,30763,1,Phalodi (M),Phalodi,False,61.815295583329984
8,Rajasthan,Phalodi (M + OG),49914,30804,1,Phalodi (M + OG),Phalodi (M + OG),False,61.71414833513643
8,Rajasthan,Phulera,23284,17714,1,Phulera (M),Phulera,False,76.07799347191204
8,Rajasthan,Phulera (M + OG),26091,19973,1,Phulera (M + OG),Phulera (M + OG),False,76.55130121497834
8,Rajasthan,Pilani,29741,21332,1,Pilani (M),Pilani,False,71.7259002723513
8,Rajasthan,Pilibanga,37288,22735,1,Pilibanga (M),Pilibanga,False,60.97135807766574
8,Rajasthan,Pindwara,24487,16015,1,Pindwara (M),Pindwara,False,65.40205006738269
8,Rajasthan,Pipar City,36810,22302,1,Pipar City (M),Pipar City,False,60.586797066014675
8,Rajasthan,Pirawa,12807,8779,1,Pirawa (M),Pirawa,False,68.54845006636995
8,Rajasthan,Pokaran,23554,15289,1,Pokaran (M),Pokaran,False,64.91041861254988
8,Rajasthan,Pratapgarh,42079,31687,1,Pratapgarh (M),Pratapgarh,False,75.30359561776659
8,Rajasthan,Pushkar,21626,14721,1,Pushkar (M),Pushkar,False,68.07084065476741
8,Rajasthan,Raisinghnagar,28330,20423,1,Raisinghnagar (M),Raisinghnagar,False,72.08965760677727
8,Rajasthan,Rajakhera,33666,18715,1,Rajakhera (M),Rajakhera,False,55.590209707122916
8,Rajasthan,Rajaldesar,27419,15089,1,Rajaldesar (M),Rajaldesar,False,55.031182756482735
8,Rajasthan,Rajgarh,85824,55353,2,Rajgarh (M),Rajgarh,True,64.4959451901566
8,Rajasthan,Rajsamand,67798,50261,1,Rajsamand (M),Rajsamand,False,74.13345526416708
8,Rajasthan,Ramganj Mandi,41328,28961,1,Ramganj Mandi (M),Ramganj Mandi,False,70.07597754548975
8,Rajasthan,Ramgarh,33024,20408,1,Ramgarh (M),Ramgarh,False,61.79748062015504
8,Rajasthan,Ramgarh (CT),21453,14365,2,Ramgarh (CT),Ramgarh (CT),True,66.96033188831399
8,Rajasthan,Rani,13880,9718,1,Rani (M),Rani,False,70.01440922190201
8,Rajasthan,Ratangarh,71124,46276,1,Ratangarh (M),Ratangarh,False,65.06383218041731
8,Rajasthan,Ratannagar,12841,7933,1,Ratannagar (M),Ratannagar,False,61.77867767307842
8,Rajasthan,Rawatbhata,37699,28385,1,Rawatbhata (M),Rawatbhata,False,75.29377437067296
8,Rajasthan,Rawatsar,35102,21022,1,Rawatsar (M),Rawatsar,False,59.88832545154123
8,Rajasthan,Reengus,26139,17499,1,Reengus (M),Reengus,False,66.94594284402616
8,Rajasthan,Reodar (CT),8117,4634,1,Reodar (CT),Reodar (CT),False,57.09005790316619
8,Rajasthan,Rishabhdeo (CT),9171,6891,1,Rishabhdeo (CT),Rishabhdeo (CT),False,75.1390251880929
8,Rajasthan,Sadri,27390,14892,1,Sadri (M),Sadri,False,54.37020810514787
8,Rajasthan,Sadulshahar,24980,16137,1,Sadulshahar (M),Sadulshahar,False,64.59967974379504
8,Rajasthan,Sagwara,29439,20377,1,Sagwara (M),Sagwara,False,69.2177044057203
8,Rajasthan,Salumbar,16425,12469,1,Salumbar (M),Salumbar,False,75.91476407914764
8,Rajasthan,Sambhar,22327,15366,1,Sambhar (M),Sambhar,False,68.82250190352488
8,Rajasthan,Sanchore,32875,18927,1,Sanchore (M),Sanchore,False,57.57262357414449
8,Rajasthan,Sangaria,36619,26041,1,Sangaria (M),Sangaria,False,71.11335645429968
8,Rajasthan,Sangariya (CT),22853,13199,1,Sangariya (CT),Sangariya (CT),False,57.75609329190916
8,Rajasthan,Sangod,21846,14974,1,Sangod (M),Sangod,False,68.54344044676371
8,Rajasthan,Santpur (Rural) (CT),9186,6745,1,Santpur (Rural) (CT),Santpur (Rural) (CT),False,73.42695406052688
8,Rajasthan,Sapotra (CT),6716,4539,1,Sapotra (CT),Sapotra (CT),False,67.58487194758786
8,Rajasthan,Sardargarh (CT),6600,4116,1,Sardargarh (CT),Sardargarh (CT),False,62.36363636363637
8,Rajasthan,Sardarshahar,95911,60658,1,Sardarshahar (M),Sardarshahar,False,63.24404917058523
8,Rajasthan,Sarmathura (CT),17988,9822,1,Sarmathura (CT),Sarmathura (CT),False,54.60306871247498
8,Rajasthan,Sarwar,20372,11017,1,Sarwar (M),Sarwar,False,54.07912821519732
8,Rajasthan,Satalkheri (CT),15617,8321,1,Satalkheri (CT),Satalkheri (CT),False,53.281680220272776
8,Rajasthan,Sawa (CT),11923,8425,1,Sawa (CT),Sawa (CT),False,70.66174620481422
8,Rajasthan,Sawai Madhopur,121106,83800,1,Sawai Madhopur (M),Sawai Madhopur,False,69.19558073092993
8,Rajasthan,Seemalwara (CT),6891,4864,1,Seemalwara (CT),Seemalwara (CT),False,70.58482078072849
8,Rajasthan,Semari (CT),4612,3224,1,Semari (CT),Semari (CT),False,69.90459670424978
8,Rajasthan,Shahjahanpur (CT),9837,7254,1,Shahjahanpur (CT),Shahjahanpur (CT),False,73.74199451052151
8,Rajasthan,Shahpura,64215,42607,2,Shahpura (M),Shahpura,True,66.35054115082146
8,Rajasthan,Sheoganj,27198,20113,1,Sheoganj (M),Sheoganj,False,73.95029046253401
8,Rajasthan,Sheoganj (M + OG),28053,20605,1,Sheoganj (M + OG),Sheoganj (M + OG),False,73.45025487470146
8,Rajasthan,Shrimadhopur,31366,22992,1,Shrimadhopur (M),Shrimadhopur,False,73.30230185551234
8,Rajasthan,Sikar (M Cl + OG),244497,159407,1,Sikar (M Cl + OG),Sikar (M Cl + OG),False,65.19793698900192
8,Rajasthan,Sikar (M Cl),237532,154491,1,Sikar (M Cl),Sikar (M Cl),False,65.04007881043397
8,Rajasthan,Singhana (CT),11372,7864,1,Singhana (CT),Singhana (CT),False,69.15230390432642
8,Rajasthan,Sirohi,39229,27522,1,Sirohi (M),Sirohi,False,70.15728160289582
8,Rajasthan,Sojat,43023,28271,1,Sojat (M),Sojat,False,65.71136368918951
8,Rajasthan,Sojat Road (CT),12472,8382,1,Sojat Road (CT),Sojat Road (CT),False,67.20654265554843
8,Rajasthan,Sujangarh,101523,63383,1,Sujangarh (M),Sujangarh,False,62.43215823015474
8,Rajasthan,Suket (CT),22319,13412,1,Suket (CT),Suket (CT),False,60.09229804202697
8,Rajasthan,Sumerganj Mandi (CT),3633,2695,1,Sumerganj Mandi (CT),Sumerganj Mandi (CT),False,74.18111753371869
8,Rajasthan,Sumerpur,37093,25304,1,Sumerpur (M),Sumerpur,False,68.21772302051599
8,Rajasthan,Surajgarh,21666,14987,1,Surajgarh (M),Surajgarh,False,69.1728976276193
8,Rajasthan,Suratgarh,70536,46540,1,Suratgarh (M),Suratgarh,False,65.98049223091755
8,Rajasthan,Takhatgarh,16729,9738,1,Takhatgarh (M),Takhatgarh,False,58.21029350230139
8,Rajasthan,Talera (CT),7203,4684,1,Talera (CT),Talera (CT),False,65.02846036373732
8,Rajasthan,Tapookra (CT),9471,6488,1,Tapookra (CT),Tapookra (CT),False,68.50385386970753
8,Rajasthan,Taranagar,32640,19757,1,Taranagar (M),Taranagar,False,60.53002450980392
8,Rajasthan,Tijara,24747,16839,1,Tijara (M),Tijara,False,68.04461146805674
8,Rajasthan,Todabhim,22977,14209,1,Todabhim (M),Todabhim,False,61.84010097053575
8,Rajasthan,Todaraisingh,23559,14715,1,Todaraisingh (M),Todaraisingh,False,62.46020629058958
8,Rajasthan,Tonk (M Cl),165294,97064,1,Tonk (M Cl),Tonk (M Cl),False,58.72203467760475
8,Rajasthan,Udaipur (M Cl),451100,361498,1,Udaipur (M Cl),Udaipur (M Cl),False,80.13699844823763
8,Rajasthan,Udaipurwati,29236,18511,1,Udaipurwati (M),Udaipurwati,False,63.31577507182925
8,Rajasthan,Udpura (CT),10051,6752,1,Udpura (CT),Udpura (CT),False,67.17739528405133
8,Rajasthan,Uniara,12551,7879,1,Uniara (M),Uniara,False,62.77587443231615
8,Rajasthan,Utarlai (CT),4603,3762,1,Utarlai (CT),Utarlai (CT),False,81.7293069737128
8,Rajasthan,Vidyavihar,15644,13194,1,Vidyavihar (M),Vidyavihar,False,84.33904372283304
8,Rajasthan,Vijainagar,50549,34531,2,Vijainagar (M),Vijainagar,True,68.31193495420285
8,Rajasthan,Viratnagar,20568,11892,1,Viratnagar (M),Viratnagar,False,57.81796966161027
8,Rajasthan,Weir,19385,11871,1,Weir (M),Weir,False,61.23807067320093
9,Uttar Pradesh,Abupur (CT),6247,4359,1,Abupur (CT),Abupur (CT),False,69.77749319673443
9,Uttar Pradesh,Achalganj (CT),7748,4929,1,Achalganj (CT),Achalganj (CT),False,63.61641713990708
9,Uttar Pradesh,Achhalda (NP),9431,7210,1,Achhalda (NP),Achhalda (NP),False,76.45000530166473
9,Uttar Pradesh,Achhnera (NPP),22781,13372,1,Achhnera (NPP),Achhnera (NPP),False,58.698037838549666
9,Uttar Pradesh,Adari (NP),13717,9256,1,Adari (NP),Adari (NP),False,67.47831158416562
9,Uttar Pradesh,Afzalgarh (NPP),29101,15973,1,Afzalgarh (NPP),Afzalgarh (NPP),False,54.88814817360228
9,Uttar Pradesh,Agarwal Mandi (Tatiri) (NP),13873,10036,1,Agarwal Mandi (Tatiri) (NP),Agarwal Mandi (Tatiri) (NP),False,72.34195920132632
9,Uttar Pradesh,Agra,1585704,1014872,1,Agra (M Corp.),Agra,False,64.00135208084232
9,Uttar Pradesh,Agra (CB),53053,37796,1,Agra (CB),Agra (CB),False,71.24196558158822
9,Uttar Pradesh,Ahrauli Shekh (CT),7383,5181,1,Ahrauli Shekh (CT),Ahrauli Shekh (CT),False,70.17472572125152
9,Uttar Pradesh,Ahraura (NPP),24967,15037,1,Ahraura (NPP),Ahraura (NPP),False,60.22750030039652
9,Uttar Pradesh,Ailam (NP),12110,8093,1,Ailam (NP),Ailam (NP),False,66.82906688687036
9,Uttar Pradesh,Air Force Area (CT),4581,3744,1,Air Force Area (CT),Air Force Area (CT),False,81.72888015717092
9,Uttar Pradesh,Ajhuwa (NP),16936,9234,1,Ajhuwa (NP),Ajhuwa (NP),False,54.522909777987714
9,Uttar Pradesh,Ajitpur (CT),15373,5872,1,Ajitpur (CT),Ajitpur (CT),False,38.19683861315293
9,Uttar Pradesh,Akbarpur (NP),20445,13407,1,Akbarpur (NP),Akbarpur (NP),False,65.57593543653705
9,Uttar Pradesh,Akbarpur (NPP),111447,72049,1,Akbarpur (NPP),Akbarpur (NPP),False,64.64866707941891
9,Uttar Pradesh,Alhaipur (CT),9064,7200,1,Alhaipur (CT),Alhaipur (CT),False,79.4351279788173
9,Uttar Pradesh,Aliganj (NPP),28396,17320,1,Aliganj (NPP),Aliganj (NPP),False,60.99450626848852
9,Uttar Pradesh,Aligarh,874408,517228,1,Aligarh (M Corp.),Aligarh,False,59.151791840879774
9,Uttar Pradesh,Allahabad,2280929,1733174,2,Allahabad (M Corp. + OG) | Allahabad (M Corp.),Allahabad,True,75.98544277353658
9,Uttar Pradesh,Allahabad (CB),26944,18892,1,Allahabad (CB),Allahabad (CB),False,70.11579572446556
9,Uttar Pradesh,Allahganj (NP),14755,7681,1,Allahganj (NP),Allahganj (NP),False,52.05692985428668
9,Uttar Pradesh,Allapur (NP),23985,11140,1,Allapur (NP),Allapur (NP),False,46.445695226183034
9,Uttar Pradesh,Almaspur (CT),13318,9090,1,Almaspur (CT),Almaspur (CT),False,68.25349151524253
9,Uttar Pradesh,Amanpur (NP),10830,6247,1,Amanpur (NP),Amanpur (NP),False,57.68236380424746
9,Uttar Pradesh,Amara Khaira Chak (CT),6577,4192,1,Amara Khaira Chak (CT),Amara Khaira Chak (CT),False,63.73726623080431
9,Uttar Pradesh,Ambehta (NP),15739,8187,1,Ambehta (NP),Ambehta (NP),False,52.01728191117606
9,Uttar Pradesh,Amehra Adipur (CT),5485,3648,1,Amehra Adipur (CT),Amehra Adipur (CT),False,66.50865998176846
9,Uttar Pradesh,Amethi (NP),27379,16403,2,Amethi (NP),Amethi (NP),True,59.91088060192118
9,Uttar Pradesh,Amethi Jadid (CT),5642,2779,1,Amethi Jadid (CT),Amethi Jadid (CT),False,49.25558312655087
9,Uttar Pradesh,Amila (NP),5234,3839,1,Amila (NP),Amila (NP),False,73.34734428735193
9,Uttar Pradesh,Amilo (CT),30339,18301,1,Amilo (CT),Amilo (CT),False,60.321698144302715
9,Uttar Pradesh,Aminagar Sarai (NP),11174,7383,1,Aminagar Sarai (NP),Aminagar Sarai (NP),False,66.07302666905316
9,Uttar Pradesh,Aminagar Urf Bhurbaral (CT),6141,4171,1,Aminagar Urf Bhurbaral (CT),Aminagar Urf Bhurbaral (CT),False,67.920534114965
9,Uttar Pradesh,Amraudha (NP),10436,6358,1,Amraudha (NP),Amraudha (NP),False,60.92372556535071
9,Uttar Pradesh,Amroha (NPP),198471,106102,1,Amroha (NPP),Amroha (NPP),False,53.45969940192774
9,Uttar Pradesh,Anandnagar (NP),10113,7885,1,Anandnagar (NP),Anandnagar (NP),False,77.96895085533471
9,Uttar Pradesh,Anpara (CT),17978,13356,1,Anpara (CT),Anpara (CT),False,74.2907998665035
9,Uttar Pradesh,Antu (NP),8504,5658,1,Antu (NP),Antu (NP),False,66.53339604891816
9,Uttar Pradesh,Anupshahr (NPP),29087,17501,1,Anupshahr (NPP),Anupshahr (NPP),False,60.167772544435664
9,Uttar Pradesh,Anurudhpur Purab Patti (CT),4568,2548,1,Anurudhpur Purab Patti (CT),Anurudhpur Purab Patti (CT),False,55.779334500875656
9,Uttar Pradesh,Aonla (NPP),55629,26902,1,Aonla (NPP),Aonla (NPP),False,48.35966851821891
9,Uttar Pradesh,Arail Uparhar (CT),12190,7482,1,Arail Uparhar (CT),Arail Uparhar (CT),False,61.378178835110745
9,Uttar Pradesh,Armapur Estate (CT),15463,12507,1,Armapur Estate (CT),Armapur Estate (CT),False,80.88339908167885
9,Uttar Pradesh,Artauni (CT),6061,3696,1,Artauni (CT),Artauni (CT),False,60.98003629764065
9,Uttar Pradesh,Asapur (CT),6153,4476,1,Asapur (CT),Asapur (CT),False,72.74500243783521
9,Uttar Pradesh,Ashrafpur Jalal (CT),11785,7076,1,Ashrafpur Jalal (CT),Ashrafpur Jalal (CT),False,60.04242681374629
9,Uttar Pradesh,Ashrafpur Kichhauchha (NP),15838,8603,1,Ashrafpur Kichhauchha (NP),Ashrafpur Kichhauchha (NP),False,54.31872711200909
9,Uttar Pradesh,Atarra (NPP),47419,32215,1,Atarra (NPP),Atarra (NPP),False,67.93690292920559
9,Uttar Pradesh,Atasu (NP),11568,8426,1,Atasu (NP),Atasu (NP),False,72.83886583679114
9,Uttar Pradesh,Atrari (CT),5555,3799,1,Atrari (CT),Atrari (CT),False,68.3888388838884
9,Uttar Pradesh,Atrauli (NPP),50412,23961,1,Atrauli (NPP),Atrauli (NPP),False,47.530349916686504
9,Uttar Pradesh,Atrauliya (NP),9374,6477,1,Atrauliya (NP),Atrauliya (NP),False,69.09537017281843
9,Uttar Pradesh,Auraiya (NPP),87736,67241,1,Auraiya (NPP),Auraiya (NPP),False,76.64014771587489
9,Uttar Pradesh,Aurangabad (NP),26544,13183,1,Aurangabad (NP),Aurangabad (NP),False,49.66470765521399
9,Uttar Pradesh,Aurangabad Bangar (CT),15792,10015,1,Aurangabad Bangar (CT),Aurangabad Bangar (CT),False,63.418186423505574
9,Uttar Pradesh,Aurangabad Gadana (CT),6170,3943,1,Aurangabad Gadana (CT),Aurangabad Gadana (CT),False,63.90599675850891
9,Uttar Pradesh,Auras (NP),6466,3798,1,Auras (NP),Auras (NP),False,58.73801422827095
9,Uttar Pradesh,Awagarh (NP),10983,7779,1,Awagarh (NP),Awagarh (NP),False,70.82764272056815
9,Uttar Pradesh,Ayodhya (NPP),55890,39007,1,Ayodhya (NPP),Ayodhya (NPP),False,69.7924494542852
9,Uttar Pradesh,Azamgarh (NPP),110983,83208,1,Azamgarh (NPP),Azamgarh (NPP),False,74.9736446122379
9,Uttar Pradesh,Azizpur (CT),11103,5982,1,Azizpur (CT),Azizpur (CT),False,53.8773304512294
9,Uttar Pradesh,Azmatgarh (NP),12160,6835,1,Azmatgarh (NP),Azmatgarh (NP),False,56.20888157894737
9,Uttar Pradesh,Babarpur Ajitmal (NP),29284,21426,1,Babarpur Ajitmal (NP),Babarpur Ajitmal (NP),False,73.16623412102172
9,Uttar Pradesh,Baberu (NP),15156,10492,1,Baberu (NP),Baberu (NP),False,69.22670889416732
9,Uttar Pradesh,Babina (CB),27852,20352,1,Babina (CB),Babina (CB),False,73.07195174493752
9,Uttar Pradesh,Babrala (NP),18108,11039,1,Babrala (NP),Babrala (NP),False,60.962005743317874
9,Uttar Pradesh,Babugarh (NP),5452,3802,1,Babugarh (NP),Babugarh (NP),False,69.73587674247982
9,Uttar Pradesh,Bachhraon (NPP),31101,15254,1,Bachhraon (NPP),Bachhraon (NPP),False,49.046654448410024
9,Uttar Pradesh,Bachhrawan (NP),12521,9114,1,Bachhrawan (NP),Bachhrawan (NP),False,72.78971328168676
9,Uttar Pradesh,Bad (CT),14559,9640,1,Bad (CT),Bad (CT),False,66.21333882821622
9,Uttar Pradesh,Bagh Nagar Urf Bakhira (CT),8477,5330,1,Bagh Nagar Urf Bakhira (CT),Bagh Nagar Urf Bakhira (CT),False,62.876017459006725
9,Uttar Pradesh,Baghpat (NPP),50310,25510,1,Baghpat (NPP),Baghpat (NPP),False,50.70562512422978
9,Uttar Pradesh,Bah (NPP),16211,10950,1,Bah (NPP),Bah (NPP),False,67.54672753068904
9,Uttar Pradesh,Bahadurganj (NP),19992,11852,1,Bahadurganj (NP),Bahadurganj (NP),False,59.28371348539416
9,Uttar Pradesh,Bahadurpur (CT),8515,4582,1,Bahadurpur (CT),Bahadurpur (CT),False,53.81092190252495
9,Uttar Pradesh,Bahalimpura (CT),4921,2782,1,Bahalimpura (CT),Bahalimpura (CT),False,56.533224954277586
9,Uttar Pradesh,Baheri (NPP),68413,32325,1,Baheri (NPP),Baheri (NPP),False,47.249791706254655
9,Uttar Pradesh,Bahjoi (NPP),37037,20004,1,Bahjoi (NPP),Bahjoi (NPP),False,54.01085401085402
9,Uttar Pradesh,Bahraich (NPP),186223,119564,1,Bahraich (NPP),Bahraich (NPP),False,64.2047437749365
9,Uttar Pradesh,Bahsuma (NP),11753,7606,1,Bahsuma (NP),Bahsuma (NP),False,64.71539181485578
9,Uttar Pradesh,Bahuwa (NP),11031,6642,1,Bahuwa (NP),Bahuwa (NP),False,60.21212945335872
9,Uttar Pradesh,Bajna (NP),8991,5722,1,Bajna (NP),Bajna (NP),False,63.64141919697476
9,Uttar Pradesh,Bakalpur Mathura (CT),14455,8190,1,Bakalpur Mathura (CT),Bakalpur Mathura (CT),False,56.65859564164649
9,Uttar Pradesh,Bakewar (NP),14965,10482,1,Bakewar (NP),Bakewar (NP),False,70.04343468092216
9,Uttar Pradesh,Bakshi Ka Talab (NP),49166,31293,1,Bakshi Ka Talab (NP),Bakshi Ka Talab (NP),False,63.64764267990074
9,Uttar Pradesh,Baldeo (NP),11813,8264,1,Baldeo (NP),Baldeo (NP),False,69.95682722424448
9,Uttar Pradesh,Ballia (NPP),104424,77331,1,Ballia (NPP),Ballia (NPP),False,74.0548149850609
9,Uttar Pradesh,Balrampur (NPP + OG),82488,48597,1,Balrampur (NPP + OG),Balrampur (NPP + OG),False,58.91402385801571
9,Uttar Pradesh,Balrampur (NPP),81054,47964,1,Balrampur (NPP),Balrampur (NPP),False,59.17536457176698
9,Uttar Pradesh,Banat (NP),20728,12449,1,Banat (NP),Banat (NP),False,60.05885758394442
9,Uttar Pradesh,Banda (NPP + OG),160473,116330,1,Banda (NPP + OG),Banda (NPP + OG),False,72.49194568556703
9,Uttar Pradesh,Banda (NPP),154428,111432,1,Banda (NPP),Banda (NPP),False,72.15789882663766
9,Uttar Pradesh,Bangarmau (NPP),44204,26353,1,Bangarmau (NPP),Bangarmau (NPP),False,59.616776762283955
9,Uttar Pradesh,Banguwan Kalan (CT),2706,1433,1,Banguwan Kalan (CT),Banguwan Kalan (CT),False,52.956393200295636
9,Uttar Pradesh,Banjarepur (CT),5108,3326,1,Banjarepur (CT),Banjarepur (CT),False,65.11354737666406
9,Uttar Pradesh,Banki (NP),21317,13008,1,Banki (NP),Banki (NP),False,61.0217197541868
9,Uttar Pradesh,Bansdih (NP),21201,12996,1,Bansdih (NP),Bansdih (NP),False,61.29899533040894
9,Uttar Pradesh,Bansgaon (NP),15313,10056,1,Bansgaon (NP),Bansgaon (NP),False,65.66969241820675
9,Uttar Pradesh,Bansi (NPP),41057,23847,1,Bansi (NPP),Bansi (NPP),False,58.08266556251066
9,Uttar Pradesh,Banthla (CT),5766,3993,1,Banthla (CT),Banthla (CT),False,69.25078043704474
9,Uttar Pradesh,Baragaon (CT),11383,7307,1,Baragaon (CT),Baragaon (CT),False,64.1922164631468
9,Uttar Pradesh,Baragaon (NP),8585,5781,1,Baragaon (NP),Baragaon (NP),False,67.33838089691322
9,Uttar Pradesh,Barahatir Jagdishpur (CT),15367,9648,1,Barahatir Jagdishpur (CT),Barahatir Jagdishpur (CT),False,62.783887551246174
9,Uttar Pradesh,Baraut (NPP),103764,68690,1,Baraut (NPP),Baraut (NPP),False,66.19829613353379
9,Uttar Pradesh,Bareilly,1808465,1087923,2,Bareilly (M Corp. + OG) | Bareilly (M Corp.),Bareilly,True,60.15726043910167
9,Uttar Pradesh,Bareilly (CB),30003,23620,1,Bareilly (CB),Bareilly (CB),False,78.7254607872546
9,Uttar Pradesh,Barel (CT),27207,20095,1,Barel (CT),Barel (CT),False,73.85966846767376
9,Uttar Pradesh,Bargo (CT),7139,4952,1,Bargo (CT),Bargo (CT),False,69.36545734696736
9,Uttar Pradesh,Barha (CT),10803,6448,1,Barha (CT),Barha (CT),False,59.687123947051745
9,Uttar Pradesh,Barhalganj (NP),21290,14079,1,Barhalganj (NP),Barhalganj (NP),False,66.12963832785346
9,Uttar Pradesh,Barhani Bazar (NP),14492,9283,1,Barhani Bazar (NP),Barhani Bazar (NP),False,64.05603091360751
9,Uttar Pradesh,Barkhera (NP),11964,6480,1,Barkhera (NP),Barkhera (NP),False,54.16248746238716
9,Uttar Pradesh,Baroun (CT),5886,3493,1,Baroun (CT),Baroun (CT),False,59.34420659191302
9,Uttar Pradesh,Barsana (NP),11184,6619,1,Barsana (NP),Barsana (NP),False,59.18276108726752
9,Uttar Pradesh,Barua Sagar (NPP),25028,15596,1,Barua Sagar (NPP),Barua Sagar (NPP),False,62.31420808694262
9,Uttar Pradesh,Barwar (NP),14196,5725,1,Barwar (NP),Barwar (NP),False,40.328261482107635
9,Uttar Pradesh,Barwara Mazra (CT),9455,3817,1,Barwara Mazra (CT),Barwara Mazra (CT),False,40.370174510840826
9,Uttar Pradesh,Basantpur Saitli (CT),5563,3919,1,Basantpur Saitli (CT),Basantpur Saitli (CT),False,70.44760021571095
9,Uttar Pradesh,Basta (CT),8697,5082,1,Basta (CT),Basta (CT),False,58.43394273887548
9,Uttar Pradesh,Basti (NPP),114657,84389,1,Basti (NPP),Basti (NPP),False,73.60126289716284
9,Uttar Pradesh,Baswar (CT),5552,2413,1,Baswar (CT),Baswar (CT),False,43.461815561959654
9,Uttar Pradesh,Beelna (CT),7024,3915,1,Beelna (CT),Beelna (CT),False,55.737471526195904
9,Uttar Pradesh,Begumabad Budhana (CT),19898,13461,1,Begumabad Budhana (CT),Begumabad Budhana (CT),False,67.65001507689215
9,Uttar Pradesh,Behat (NP),20474,12169,1,Behat (NP),Behat (NP),False,59.43635830809808
9,Uttar Pradesh,Bela Pratapgarh (NPP),76133,56788,1,Bela Pratapgarh (NPP),Bela Pratapgarh (NPP),False,74.5905192229388
9,Uttar Pradesh,Belthara Road (NP),20404,15378,1,Belthara Road (NP),Belthara Road (NP),False,75.367574985297
9,Uttar Pradesh,Beniganj (NP),10173,6540,1,Beniganj (NP),Beniganj (NP),False,64.28782070185785
9,Uttar Pradesh,Benipur (CT),12470,6884,1,Benipur (CT),Benipur (CT),False,55.20449077786688
9,Uttar Pradesh,Beswan (NP),6278,3984,1,Beswan (NP),Beswan (NP),False,63.45970054157375
9,Uttar Pradesh,Bewar (NP),23729,16639,1,Bewar (NP),Bewar (NP),False,70.12094904968605
9,Uttar Pradesh,Bhabnan Bazar (NP),14282,9701,1,Bhabnan Bazar (NP),Bhabnan Bazar (NP),False,67.92466041170704
9,Uttar Pradesh,Bhadarsa (NP),13154,8887,1,Bhadarsa (NP),Bhadarsa (NP),False,67.56119811464193
9,Uttar Pradesh,Bhadohi (NPP),94620,58470,1,Bhadohi (NPP),Bhadohi (NPP),False,61.79454660748256
9,Uttar Pradesh,Bhagawanpur (CT),7269,5996,1,Bhagawanpur (CT),Bhagawanpur (CT),False,82.48727472829826
9,Uttar Pradesh,Bhagipur (CT),12414,8211,1,Bhagipur (CT),Bhagipur (CT),False,66.14306428226196
9,Uttar Pradesh,Bhagwant Nagar (NP),6995,4097,1,Bhagwant Nagar (NP),Bhagwant Nagar (NP),False,58.57040743388134
9,Uttar Pradesh,Bharatganj (NP),16345,9018,1,Bharatganj (NP),Bharatganj (NP),False,55.17283572958092
9,Uttar Pradesh,Bhargain (NP),21891,9491,1,Bhargain (NP),Bhargain (NP),False,43.355716961308296
9,Uttar Pradesh,Bharthana (NPP),44120,33391,1,Bharthana (NPP),Bharthana (NPP),False,75.68223028105167
9,Uttar Pradesh,Bharuhana (CT),6629,3911,1,Bharuhana (CT),Bharuhana (CT),False,58.99834062452859
9,Uttar Pradesh,Bharwari (NP),17260,11465,1,Bharwari (NP),Bharwari (NP),False,66.42526071842411
9,Uttar Pradesh,Bhatni Bazar (NP),15352,10698,1,Bhatni Bazar (NP),Bhatni Bazar (NP),False,69.68473163105784
9,Uttar Pradesh,Bhatpar Rani (NP),14839,10393,1,Bhatpar Rani (NP),Bhatpar Rani (NP),False,70.03841229193341
9,Uttar Pradesh,Bhawan Bahadur Nagar (NP),10188,6488,1,Bhawan Bahadur Nagar (NP),Bhawan Bahadur Nagar (NP),False,63.68276403612093
9,Uttar Pradesh,Bhinga (NP),23780,12607,1,Bhinga (NP),Bhinga (NP),False,53.01513877207738
9,Uttar Pradesh,Bhogaon (NP),30874,18345,1,Bhogaon (NP),Bhogaon (NP),False,59.41892854829306
9,Uttar Pradesh,Bhojpur Dharampur (NP),31305,13680,1,Bhojpur Dharampur (NP),Bhojpur Dharampur (NP),False,43.69908960229995
9,Uttar Pradesh,Bhokarhedi (NP),17829,10131,1,Bhokarhedi (NP),Bhokarhedi (NP),False,56.82315328958438
9,Uttar Pradesh,Bhulepur (CT),6445,4580,1,Bhulepur (CT),Bhulepur (CT),False,71.06283941039565
9,Uttar Pradesh,Bidhuna (NP),32252,25243,1,Bidhuna (NP),Bidhuna (NP),False,78.26801438670469
9,Uttar Pradesh,Bighapur (NP),6501,4725,1,Bighapur (NP),Bighapur (NP),False,72.68112598061836
9,Uttar Pradesh,Bihka Urf Pura Mufti (CT),10749,6653,1,Bihka Urf Pura Mufti (CT),Bihka Urf Pura Mufti (CT),False,61.89412968648247
9,Uttar Pradesh,Bijnor (NPP),93297,61592,1,Bijnor (NPP),Bijnor (NPP),False,66.01712809629463
9,Uttar Pradesh,Bijpur (CT),9420,7295,1,Bijpur (CT),Bijpur (CT),False,77.4416135881104
9,Uttar Pradesh,Bikapur (NP),14453,8952,1,Bikapur (NP),Bikapur (NP),False,61.93869784819761
9,Uttar Pradesh,Bilari (NPP),37567,18804,1,Bilari (NPP),Bilari (NPP),False,50.05456916975005
9,Uttar Pradesh,Bilariaganj (NP),13096,9558,1,Bilariaganj (NP),Bilariaganj (NP),False,72.98411728772145
9,Uttar Pradesh,Bilaspur (NP),8980,5170,1,Bilaspur (NP),Bilaspur (NP),False,57.57238307349666
9,Uttar Pradesh,Bilaspur (NPP),43908,22143,1,Bilaspur (NPP),Bilaspur (NPP),False,50.43044547690626
9,Uttar Pradesh,Bilgram (NPP),29768,17663,1,Bilgram (NPP),Bilgram (NPP),False,59.33552808384843
9,Uttar Pradesh,Bilhaur (NPP),20493,12171,1,Bilhaur (NPP),Bilhaur (NPP),False,59.39101156492461
9,Uttar Pradesh,Bilram (NP),12429,4802,1,Bilram (NP),Bilram (NP),False,38.63544935232118
9,Uttar Pradesh,Bilsanda (NP),16036,9806,1,Bilsanda (NP),Bilsanda (NP),False,61.14991269643303
9,Uttar Pradesh,Bilsi (NPP),26604,14334,1,Bilsi (NPP),Bilsi (NPP),False,53.87911592241769
9,Uttar Pradesh,Bindki (NPP),36926,25154,1,Bindki (NPP),Bindki (NPP),False,68.12002383144667
9,Uttar Pradesh,Birbhanpur (CT),8233,5159,1,Birbhanpur (CT),Birbhanpur (CT),False,62.662455969877314
9,Uttar Pradesh,Birjapur (CT),8862,5739,1,Birjapur (CT),Birjapur (CT),False,64.75964793500339
9,Uttar Pradesh,Bisalpur (NPP),73551,39029,1,Bisalpur (NPP),Bisalpur (NPP),False,53.06386045057171
9,Uttar Pradesh,Bisanda Buzurg (NP),11611,7020,1,Bisanda Buzurg (NP),Bisanda Buzurg (NP),False,60.459908707260354
9,Uttar Pradesh,Bisauli (NPP),32780,17781,1,Bisauli (NPP),Bisauli (NPP),False,54.24344112263575
9,Uttar Pradesh,Bisharatganj (NP),15975,6159,1,Bisharatganj (NP),Bisharatganj (NP),False,38.55399061032864
9,Uttar Pradesh,Bishunipur (CT),4302,2241,1,Bishunipur (CT),Bishunipur (CT),False,52.09205020920502
9,Uttar Pradesh,Bisokhar (CT),14332,9568,1,Bisokhar (CT),Bisokhar (CT),False,66.75969857661178
9,Uttar Pradesh,Biswan (NPP),55780,34273,1,Biswan (NPP),Biswan (NPP),False,61.44316959483685
9,Uttar Pradesh,Bithoor (NP),11300,8031,1,Bithoor (NP),Bithoor (NP),False,71.070796460177
9,Uttar Pradesh,Budaun (NPP),159285,98249,1,Budaun (NPP),Budaun (NPP),False,61.68126314467778
9,Uttar Pradesh,Budhana (NP + OG),53722,28681,1,Budhana (NP + OG),Budhana (NP + OG),False,53.38781132496928
9,Uttar Pradesh,Budhana (NP),39867,23022,1,Budhana (NP),Budhana (NP),False,57.747008804274216
9,Uttar Pradesh,Bugrasi (NP),14992,7911,1,Bugrasi (NP),Bugrasi (NP),False,52.76814300960512
9,Uttar Pradesh,Bulandshahr (NPP + OG),230024,153406,1,Bulandshahr (NPP + OG),Bulandshahr (NPP + OG),False,66.69130177720587
9,Uttar Pradesh,Bulandshahr (NPP),222519,149312,1,Bulandshahr (NPP),Bulandshahr (NPP),False,67.10078689909625
9,Uttar Pradesh,Buxer (CT),11499,7057,1,Buxer (CT),Buxer (CT),False,61.370553961214014
9,Uttar Pradesh,Chail (NP),9820,5399,1,Chail (NP),Chail (NP),False,54.979633401221996
9,Uttar Pradesh,Chak Babura Alimabad (CT),4876,3001,1,Chak Babura Alimabad (CT),Chak Babura Alimabad (CT),False,61.54634946677605
9,Uttar Pradesh,Chak Imam Ali (CT),4641,3835,1,Chak Imam Ali (CT),Chak Imam Ali (CT),False,82.6330532212885
9,Uttar Pradesh,Chak Sikari (CT),8820,4348,1,Chak Sikari (CT),Chak Sikari (CT),False,49.29705215419501
9,Uttar Pradesh,Chakeri (CT),7526,5745,1,Chakeri (CT),Chakeri (CT),False,76.33537071485517
9,Uttar Pradesh,Chakia (NP),17356,11321,1,Chakia (NP),Chakia (NP),False,65.22816317123761
9,Uttar Pradesh,Chakmano Urf Dargah (CT),4837,3152,1,Chakmano Urf Dargah (CT),Chakmano Urf Dargah (CT),False,65.16435807318585
9,Uttar Pradesh,Chandauli (NP),23020,16202,1,Chandauli (NP),Chandauli (NP),False,70.38227628149436
9,Uttar Pradesh,Chandausi (NPP),114383,70813,1,Chandausi (NPP),Chandausi (NPP),False,61.90867524020178
9,Uttar Pradesh,Chandpur (CT),6427,4476,1,Chandpur (CT),Chandpur (CT),False,69.64369067994399
9,Uttar Pradesh,Chandpur (NPP),83441,49845,1,Chandpur (NPP),Chandpur (NPP),False,59.736820028523155
9,Uttar Pradesh,Charkhari (NPP),27760,17865,1,Charkhari (NPP),Charkhari (NPP),False,64.35518731988472
9,Uttar Pradesh,Charthawal (NP),20653,11765,1,Charthawal (NP),Charthawal (NP),False,56.96508981745993
9,Uttar Pradesh,Chaumuhan (NP),13173,7381,1,Chaumuhan (NP),Chaumuhan (NP),False,56.03127609504289
9,Uttar Pradesh,Chaurhat (CT),7971,4224,1,Chaurhat (CT),Chaurhat (CT),False,52.99209634926609
9,Uttar Pradesh,Chhapraula (CT),15154,10728,1,Chhapraula (CT),Chhapraula (CT),False,70.79318991685363
9,Uttar Pradesh,Chhaprauli (NP),18970,11774,1,Chhaprauli (NP),Chhaprauli (NP),False,62.066420664206646
9,Uttar Pradesh,Chharra Rafatpur (NP),21146,11296,1,Chharra Rafatpur (NP),Chharra Rafatpur (NP),False,53.419086352028756
9,Uttar Pradesh,Chhata (NP),23537,13573,1,Chhata (NP),Chhata (NP),False,57.666652504567274
9,Uttar Pradesh,Chhatari (NP),11373,4843,1,Chhatari (NP),Chhatari (NP),False,42.583311351446405
9,Uttar Pradesh,Chhibramau (NPP),60986,41846,1,Chhibramau (NPP),Chhibramau (NPP),False,68.61574787656184
9,Uttar Pradesh,Chhitauni (CT),6195,3252,1,Chhitauni (CT),Chhitauni (CT),False,52.493946731234864
9,Uttar Pradesh,Chhitpur (CT),12156,8645,1,Chhitpur (CT),Chhitpur (CT),False,71.11714379730174
9,Uttar Pradesh,Chhutmalpur (CT),14274,9738,1,Chhutmalpur (CT),Chhutmalpur (CT),False,68.2219419924338
9,Uttar Pradesh,Chilkana Sultanpur (NP),19501,10909,1,Chilkana Sultanpur (NP),Chilkana Sultanpur (NP),False,55.940720988667245
9,Uttar Pradesh,Chipyana Buzurg (CT),17400,12678,1,Chipyana Buzurg (CT),Chipyana Buzurg (CT),False,72.86206896551725
9,Uttar Pradesh,Chirgaon (NPP),16724,12472,1,Chirgaon (NPP),Chirgaon (NPP),False,74.57546041616838
9,Uttar Pradesh,Chitbara Gaon (NP),21879,14145,1,Chitbara Gaon (NP),Chitbara Gaon (NP),False,64.65103523927054
9,Uttar Pradesh,Chitrakoot Dham (Karwi) (NPP),57402,39132,1,Chitrakoot Dham (Karwi) (NPP),Chitrakoot Dham (Karwi) (NPP),False,68.17184070241456
9,Uttar Pradesh,Chopan (NP),14302,10576,1,Chopan (NP),Chopan (NP),False,73.94769962243043
9,Uttar Pradesh,Choubepur Kalan (CT),10785,7928,1,Choubepur Kalan (CT),Choubepur Kalan (CT),False,73.50950394065833
9,Uttar Pradesh,Chunar (NPP),37185,24674,1,Chunar (NPP),Chunar (NPP),False,66.3547129218771
9,Uttar Pradesh,Churk Ghurma (NP),6883,4650,1,Churk Ghurma (NP),Churk Ghurma (NP),False,67.55775098067703
9,Uttar Pradesh,Colonelganj (NPP),29435,16811,1,Colonelganj (NPP),Colonelganj (NPP),False,57.11228129777476
9,Uttar Pradesh,Dadri (NPP),91189,56740,1,Dadri (NPP),Dadri (NPP),False,62.22241717751045
9,Uttar Pradesh,Dahilamau (CT),6016,4587,1,Dahilamau (CT),Dahilamau (CT),False,76.2466755319149
9,Uttar Pradesh,Dalmau (NP),9983,6854,1,Dalmau (NP),Dalmau (NP),False,68.65671641791045
9,Uttar Pradesh,Dankaur (NP),13520,8935,1,Dankaur (NP),Dankaur (NP),False,66.08727810650888
9,Uttar Pradesh,Dariyabad (NP),18338,9875,1,Dariyabad (NP),Dariyabad (NP),False,53.849929108954086
9,Uttar Pradesh,Dasna (NP),34914,18747,1,Dasna (NP),Dasna (NP),False,53.69479291974566
9,Uttar Pradesh,Dataganj (NP),26244,14405,1,Dataganj (NP),Dataganj (NP),False,54.88873647309861
9,Uttar Pradesh,Daurala (NP),19776,13713,1,Daurala (NP),Daurala (NP),False,69.34162621359224
9,Uttar Pradesh,Dayalbagh (NP),2830,2433,1,Dayalbagh (NP),Dayalbagh (NP),False,85.97173144876325
9,Uttar Pradesh,Dehtora (CT),16020,11298,1,Dehtora (CT),Dehtora (CT),False,70.52434456928839
9,Uttar Pradesh,Deoband (NPP),97037,63827,1,Deoband (NPP),Deoband (NPP),False,65.7759411358554
9,Uttar Pradesh,Deoranian (NP),20815,10031,1,Deoranian (NP),Deoranian (NP),False,48.191208263271676
9,Uttar Pradesh,Deoretha (CT),12335,7491,1,Deoretha (CT),Deoretha (CT),False,60.729631130928254
9,Uttar Pradesh,Deori Singhpura (CT),5800,3630,1,Deori Singhpura (CT),Deori Singhpura (CT),False,62.58620689655172
9,Uttar Pradesh,Deoria (NPP),129479,99562,1,Deoria (NPP),Deoria (NPP),False,76.8943226314692
9,Uttar Pradesh,Deosaini (CT),6920,4610,1,Deosaini (CT),Deosaini (CT),False,66.61849710982659
9,Uttar Pradesh,Derapur (NP),7533,5107,1,Derapur (NP),Derapur (NP),False,67.79503517854772
9,Uttar Pradesh,Devinagar (CT),5982,4575,1,Devinagar (CT),Devinagar (CT),False,76.47943831494484
9,Uttar Pradesh,Dewa (NP),15662,7967,1,Dewa (NP),Dewa (NP),False,50.868343761971644
9,Uttar Pradesh,Dhakauli (CT),5682,3670,1,Dhakauli (CT),Dhakauli (CT),False,64.58993312214008
9,Uttar Pradesh,Dhampur (NPP),50997,35307,1,Dhampur (NPP),Dhampur (NPP),False,69.23348432260721
9,Uttar Pradesh,Dhampur Husainpur (CT),6752,4115,1,Dhampur Husainpur (CT),Dhampur Husainpur (CT),False,60.94490521327014
9,Uttar Pradesh,Dhanauha (CT),6212,4090,1,Dhanauha (CT),Dhanauha (CT),False,65.84030907920155
9,Uttar Pradesh,Dhanauli (CT),28990,15486,1,Dhanauli (CT),Dhanauli (CT),False,53.418420144877544
9,Uttar Pradesh,Dhanaura (NPP),30007,19913,1,Dhanaura (NPP),Dhanaura (NPP),False,66.36118239077548
9,Uttar Pradesh,Dhanipur (CT),20511,14052,1,Dhanipur (CT),Dhanipur (CT),False,68.50958022524499
9,Uttar Pradesh,Dhaura Tanda (NP),23727,11412,1,Dhaura Tanda (NP),Dhaura Tanda (NP),False,48.09710456442028
9,Uttar Pradesh,Dhaurehra (NP),24518,9104,1,Dhaurehra (NP),Dhaurehra (NP),False,37.13190309160617
9,Uttar Pradesh,Dhaurra Mafi (CT),13241,8818,1,Dhaurra Mafi (CT),Dhaurra Mafi (CT),False,66.59617853636432
9,Uttar Pradesh,Dibai (NPP),39818,23603,1,Dibai (NPP),Dibai (NPP),False,59.27721131146717
9,Uttar Pradesh,Dibiyapur (NP),27237,21774,1,Dibiyapur (NP),Dibiyapur (NP),False,79.94272496971033
9,Uttar Pradesh,Dildarnagar Fatehpur Bazar (NP),12855,9857,1,Dildarnagar Fatehpur Bazar (NP),Dildarnagar Fatehpur Bazar (NP),False,76.67833527810191
9,Uttar Pradesh,Dindaspur (CT),6352,3719,1,Dindaspur (CT),Dindaspur (CT),False,58.54848866498741
9,Uttar Pradesh,Doghat (NP),14166,9049,1,Doghat (NP),Doghat (NP),False,63.878300155301424
9,Uttar Pradesh,Dohrighat (NP),11799,7769,1,Dohrighat (NP),Dohrighat (NP),False,65.84456309856768
9,Uttar Pradesh,Domariyaganj (NP),30698,17573,1,Domariyaganj (NP),Domariyaganj (NP),False,57.24477164636133
9,Uttar Pradesh,Dostpur (NP),14011,9155,1,Dostpur (NP),Dostpur (NP),False,65.34151737920205
9,Uttar Pradesh,Dudhi (NP),12560,9135,1,Dudhi (NP),Dudhi (NP),False,72.73089171974523
9,Uttar Pradesh,Dulhipur (CT),8243,3709,1,Dulhipur (CT),Dulhipur (CT),False,44.99575397306806
9,Uttar Pradesh,Ekdil (NP),11310,7333,1,Ekdil (NP),Ekdil (NP),False,64.83642793987622
9,Uttar Pradesh,Erich (NP),9531,6050,1,Erich (NP),Erich (NP),False,63.47707480851956
9,Uttar Pradesh,Etah (NPP),118517,87629,1,Etah (NPP),Etah (NPP),False,73.93791607954977
9,Uttar Pradesh,Etawah (NPP),256838,185041,1,Etawah (NPP),Etawah (NPP),False,72.04580319111658
9,Uttar Pradesh,Etmadpur (NPP),21897,14161,1,Etmadpur (NPP),Etmadpur (NPP),False,64.67095949216788
9,Uttar Pradesh,Faizabad (CB),12391,9783,1,Faizabad (CB),Faizabad (CB),False,78.95246549915261
9,Uttar Pradesh,Faizabad (NPP),165228,123895,1,Faizabad (NPP),Faizabad (NPP),False,74.98426416830077
9,Uttar Pradesh,Faizganj (NP),12334,4879,1,Faizganj (NP),Faizganj (NP),False,39.55732122587968
9,Uttar Pradesh,Farah (NP),10412,6257,1,Farah (NP),Farah (NP),False,60.09412216673069
9,Uttar Pradesh,Faridnagar (NP),12785,7283,1,Faridnagar (NP),Faridnagar (NP),False,56.965193586233866
9,Uttar Pradesh,Faridpur (NP),7673,2274,1,Faridpur (NP),Faridpur (NP),False,29.636387332203835
9,Uttar Pradesh,Faridpur (NPP),78249,34533,1,Faridpur (NPP),Faridpur (NPP),False,44.13219338266304
9,Uttar Pradesh,Fariha (NP),6887,4443,1,Fariha (NP),Fariha (NP),False,64.51285029766225
9,Uttar Pradesh,Farrukhabad-cum-Fatehgarh (NPP),276581,177793,1,Farrukhabad-cum-Fatehgarh (NPP),Farrukhabad-cum-Fatehgarh (NPP),False,64.28243444054364
9,Uttar Pradesh,Fatehabad (NP),23278,13858,1,Fatehabad (NP),Fatehabad (NP),False,59.53260589397714
9,Uttar Pradesh,Fatehganj Pashchimi (NP),26607,12928,1,Fatehganj Pashchimi (NP),Fatehganj Pashchimi (NP),False,48.58871725485774
9,Uttar Pradesh,Fatehganj Purvi (NP),9480,4245,1,Fatehganj Purvi (NP),Fatehganj Purvi (NP),False,44.778481012658226
9,Uttar Pradesh,Fatehgarh (CB),14793,11478,1,Fatehgarh (CB),Fatehgarh (CB),False,77.59075238288379
9,Uttar Pradesh,Fatehpur (NP),35582,20956,1,Fatehpur (NP),Fatehpur (NP),False,58.894946883255585
9,Uttar Pradesh,Fatehpur (NPP),193193,129988,1,Fatehpur (NPP),Fatehpur (NPP),False,67.2840113254621
9,Uttar Pradesh,Fatehpur Chaurasi (NP),6715,4034,1,Fatehpur Chaurasi (NP),Fatehpur Chaurasi (NP),False,60.07446016381236
9,Uttar Pradesh,Fatehpur Sikri (NPP),32905,17236,1,Fatehpur Sikri (NPP),Fatehpur Sikri (NPP),False,52.38109709770552
9,Uttar Pradesh,Fazi Nagar (CT),6216,4237,1,Fazi Nagar (CT),Fazi Nagar (CT),False,68.16280566280565
9,Uttar Pradesh,Firozabad (NPP),604214,342252,1,Firozabad (NPP),Firozabad (NPP),False,56.64416911888834
9,Uttar Pradesh,Gabhana (CT),5886,3617,1,Gabhana (CT),Gabhana (CT),False,61.450900441726134
9,Uttar Pradesh,Gaddoo Pur (CT),6478,4530,1,Gaddoo Pur (CT),Gaddoo Pur (CT),False,69.9289904291448
9,Uttar Pradesh,Gadhi (CT),9933,4491,1,Gadhi (CT),Gadhi (CT),False,45.212926608275446
9,Uttar Pradesh,Gagalhedi Must. (CT),7776,4495,1,Gagalhedi Must. (CT),Gagalhedi Must. (CT),False,57.806069958847736
9,Uttar Pradesh,Gajraula (NP),55048,35005,1,Gajraula (NP),Gajraula (NP),False,63.58995785496294
9,Uttar Pradesh,Gangaghat (NPP),84072,58760,1,Gangaghat (NPP),Gangaghat (NPP),False,69.89247311827957
9,Uttar Pradesh,Gangapur (NP),7561,4880,1,Gangapur (NP),Gangapur (NP),False,64.54172728475069
9,Uttar Pradesh,Gangiri (CT),5576,2993,1,Gangiri (CT),Gangiri (CT),False,53.67647058823529
9,Uttar Pradesh,Gangoh (NPP),59279,31949,1,Gangoh (NPP),Gangoh (NPP),False,53.8959834005297
9,Uttar Pradesh,Ganj Dundawara (NPP),45385,23245,1,Ganj Dundawara (NPP),Ganj Dundawara (NPP),False,51.21736256472402
9,Uttar Pradesh,Ganj Muradabad (NP),10957,4978,1,Ganj Muradabad (NP),Ganj Muradabad (NP),False,45.43214383499133
9,Uttar Pradesh,Ganwaria Tulsipur (Dehat) (CT),5748,3099,1,Ganwaria Tulsipur (Dehat) (CT),Ganwaria Tulsipur (Dehat) (CT),False,53.914405010438415
9,Uttar Pradesh,Garauri (CT),5378,3356,1,Garauri (CT),Garauri (CT),False,62.40238006693938
9,Uttar Pradesh,Garautha (NP),10807,7703,1,Garautha (NP),Garautha (NP),False,71.2778754510965
9,Uttar Pradesh,Garhi Pukhta (NP),11748,5849,1,Garhi Pukhta (NP),Garhi Pukhta (NP),False,49.78719782090569
9,Uttar Pradesh,Garhi Tamana (CT),6269,4050,1,Garhi Tamana (CT),Garhi Tamana (CT),False,64.60360504067634
9,Uttar Pradesh,Garhmukhteshwar (NPP),46077,24857,1,Garhmukhteshwar (NPP),Garhmukhteshwar (NPP),False,53.946654513097634
9,Uttar Pradesh,Gaura (CT),5618,3897,1,Gaura (CT),Gaura (CT),False,69.36632253470985
9,Uttar Pradesh,Gaura Barhaj (NPP),36459,22901,1,Gaura Barhaj (NPP),Gaura Barhaj (NPP),False,62.81302284758221
9,Uttar Pradesh,Gaura Kala (CT),4653,2994,1,Gaura Kala (CT),Gaura Kala (CT),False,64.34558349451966
9,Uttar Pradesh,Gauri Bazar (NP),6468,4530,1,Gauri Bazar (NP),Gauri Bazar (NP),False,70.03710575139146
9,Uttar Pradesh,Gausganj (CT),8700,5844,1,Gausganj (CT),Gausganj (CT),False,67.17241379310344
9,Uttar Pradesh,Gawan (NP),9568,5092,1,Gawan (NP),Gawan (NP),False,53.219063545150505
9,Uttar Pradesh,Ghatampur (NPP),40623,26714,1,Ghatampur (NPP),Ghatampur (NPP),False,65.76077591512197
9,Uttar Pradesh,Ghaziabad,1648643,1220667,1,Ghaziabad (M Corp.),Ghaziabad,False,74.04071105751822
9,Uttar Pradesh,Ghazipur (NPP + OG),121020,88656,1,Ghazipur (NPP + OG),Ghazipur (NPP + OG),False,73.25731284085275
9,Uttar Pradesh,Ghazipur (NPP),110587,81641,1,Ghazipur (NPP),Ghazipur (NPP),False,73.82513315308309
9,Uttar Pradesh,Ghiraur (NP),15911,9854,1,Ghiraur (NP),Ghiraur (NP),False,61.931996731820746
9,Uttar Pradesh,Ghorawal (NP),7291,4864,1,Ghorawal (NP),Ghorawal (NP),False,66.71238513235495
9,Uttar Pradesh,Ghosi (NP),39165,25803,1,Ghosi (NP),Ghosi (NP),False,65.88280352355419
9,Uttar Pradesh,Ghosia Bazar (NP),20760,11281,1,Ghosia Bazar (NP),Ghosia Bazar (NP),False,54.34007707129095
9,Uttar Pradesh,Ghughuli (NP),11271,7370,1,Ghughuli (NP),Ghughuli (NP),False,65.3890515482211
9,Uttar Pradesh,Gird Baragaon (CT),5241,3090,1,Gird Baragaon (CT),Gird Baragaon (CT),False,58.9582140812822
9,Uttar Pradesh,Gird Gonda (CT),14391,8694,1,Gird Gonda (CT),Gird Gonda (CT),False,60.41275797373359
9,Uttar Pradesh,Gohand (NP),7503,4572,1,Gohand (NP),Gohand (NP),False,60.935625749700115
9,Uttar Pradesh,Gokul (NP),4916,3247,1,Gokul (NP),Gokul (NP),False,66.04963384865744
9,Uttar Pradesh,Gola Bazar (NP),13335,8208,1,Gola Bazar (NP),Gola Bazar (NP),False,61.55230596175478
9,Uttar Pradesh,Gola Gokaran Nath (NPP),60172,43736,1,Gola Gokaran Nath (NPP),Gola Gokaran Nath (NPP),False,72.68496975337366
9,Uttar Pradesh,Gonda (NPP),114046,80859,1,Gonda (NPP),Gonda (NPP),False,70.90033845991968
9,Uttar Pradesh,Gopamau (NP),15526,6739,1,Gopamau (NP),Gopamau (NP),False,43.404611619219374
9,Uttar Pradesh,Gopiganj (NPP),19058,13004,1,Gopiganj (NPP),Gopiganj (NPP),False,68.23381257214818
9,Uttar Pradesh,Gorakhpur,673446,506694,1,Gorakhpur (M Corp.),Gorakhpur,False,75.23899466326922
9,Uttar Pradesh,Gosainganj (NP),22580,15578,2,Gosainganj (NP),Gosainganj (NP),True,68.99025686448185
9,Uttar Pradesh,Got (CT),6599,2029,1,Got (CT),Got (CT),False,30.747082891347173
9,Uttar Pradesh,Govardhan (NP),22576,14459,1,Govardhan (NP),Govardhan (NP),False,64.04588944011338
9,Uttar Pradesh,Greater Noida (CT),102054,75431,1,Greater Noida (CT),Greater Noida (CT),False,73.91283046230427
9,Uttar Pradesh,Gulaothi (NPP),50823,30948,1,Gulaothi (NPP),Gulaothi (NPP),False,60.893689864824985
9,Uttar Pradesh,Gulariya (NP),5539,3150,1,Gulariya (NP),Gulariya (NP),False,56.869471023650476
9,Uttar Pradesh,Gulariya Bhindara (NP),6172,3636,1,Gulariya Bhindara (NP),Gulariya Bhindara (NP),False,58.91121192482177
9,Uttar Pradesh,Gunnaur (NP),23665,9036,1,Gunnaur (NP),Gunnaur (NP),False,38.182970631734634
9,Uttar Pradesh,Gursahaiganj (NPP),46060,26100,1,Gursahaiganj (NPP),Gursahaiganj (NPP),False,56.66521927920104
9,Uttar Pradesh,Gursarai (NPP),26869,19745,1,Gursarai (NPP),Gursarai (NPP),False,73.48617365737466
9,Uttar Pradesh,Gyanpur (NP),12808,9315,1,Gyanpur (NP),Gyanpur (NP),False,72.72798251093067
9,Uttar Pradesh,Hafiz Ganj (CT),9447,4420,1,Hafiz Ganj (CT),Hafiz Ganj (CT),False,46.78733989626336
9,Uttar Pradesh,Hafizpur (CT),8195,5720,1,Hafizpur (CT),Hafizpur (CT),False,69.79865771812081
9,Uttar Pradesh,Haidergarh (NP),17200,10902,1,Haidergarh (NP),Haidergarh (NP),False,63.383720930232556
9,Uttar Pradesh,Haldaur (NPP),19567,13212,1,Haldaur (NPP),Haldaur (NPP),False,67.52184800940358
9,Uttar Pradesh,Hallaur (CT),6999,4957,1,Hallaur (CT),Hallaur (CT),False,70.82440348621232
9,Uttar Pradesh,Hamirpur (NPP),35475,26121,1,Hamirpur (NPP),Hamirpur (NPP),False,73.63213530655392
9,Uttar Pradesh,Handia (NP),21798,13325,1,Handia (NP),Handia (NP),False,61.12946141847876
9,Uttar Pradesh,Hapur (NPP),262983,166740,1,Hapur (NPP),Hapur (NPP),False,63.403337858340656
9,Uttar Pradesh,Haqiqatpur Urf Khudawas (CT),15324,9844,1,Haqiqatpur Urf Khudawas (CT),Haqiqatpur Urf Khudawas (CT),False,64.23910206212477
9,Uttar Pradesh,Hardoi (NPP + OG),197029,141826,1,Hardoi (NPP + OG),Hardoi (NPP + OG),False,71.98229702226577
9,Uttar Pradesh,Hardoi (NPP),126851,96372,1,Hardoi (NPP),Hardoi (NPP),False,75.97259777218942
9,Uttar Pradesh,Harduaganj (NP),13690,8182,1,Harduaganj (NP),Harduaganj (NP),False,59.76625273922571
9,Uttar Pradesh,Hargaon (NP),20920,13536,1,Hargaon (NP),Hargaon (NP),False,64.70363288718929
9,Uttar Pradesh,Hariharpur (NP),11285,7100,1,Hariharpur (NP),Hariharpur (NP),False,62.91537439078423
9,Uttar Pradesh,Hariyawan (CT),6769,3556,1,Hariyawan (CT),Hariyawan (CT),False,52.533609100310244
9,Uttar Pradesh,Harpalpur (CT),7710,3501,1,Harpalpur (CT),Harpalpur (CT),False,45.40856031128405
9,Uttar Pradesh,Harraiya (NP),9158,6374,1,Harraiya (NP),Harraiya (NP),False,69.60034942127102
9,Uttar Pradesh,Harsewakpur No.2 (CT),8534,4870,1,Harsewakpur No.2 (CT),Harsewakpur No.2 (CT),False,57.06585423013827
9,Uttar Pradesh,Hasangarh (CT),6541,2166,1,Hasangarh (CT),Hasangarh (CT),False,33.11420272129644
9,Uttar Pradesh,Hasanpur (NPP),61243,32404,1,Hasanpur (NPP),Hasanpur (NPP),False,52.91053671440002
9,Uttar Pradesh,Hasayan (NP),6621,3689,1,Hasayan (NP),Hasayan (NP),False,55.716659114937315
9,Uttar Pradesh,Hastinapur (NP),26452,16810,1,Hastinapur (NP),Hastinapur (NP),False,63.54907001360955
9,Uttar Pradesh,Hata (NP),12801,8829,1,Hata (NP),Hata (NP),False,68.97117412702133
9,Uttar Pradesh,Hathgram (NP),11847,7704,1,Hathgram (NP),Hathgram (NP),False,65.02912129653076
9,Uttar Pradesh,Hathras (NPP + OG),143020,94909,1,Hathras (NPP + OG),Hathras (NPP + OG),False,66.36064886029925
9,Uttar Pradesh,Hathras (NPP),135594,91026,1,Hathras (NPP),Hathras (NPP),False,67.13128899508828
9,Uttar Pradesh,Hathras Dehat (CT),11620,7162,1,Hathras Dehat (CT),Hathras Dehat (CT),False,61.63511187607573
9,Uttar Pradesh,Hindalco Industries Ltd. (Renukoot) (ITS),41792,34723,1,Hindalco Industries Ltd. (Renukoot) (ITS),Hindalco Industries Ltd. (Renukoot) (ITS),False,83.08527947932619
9,Uttar Pradesh,Hyderabad (NP),7697,4101,1,Hyderabad (NP),Hyderabad (NP),False,53.28049889567363
9,Uttar Pradesh,Ibrahimpur (CT),7853,4980,1,Ibrahimpur (CT),Ibrahimpur (CT),False,63.41525531643958
9,Uttar Pradesh,Iffco Census Village (CT),4014,3270,1,Iffco Census Village (CT),Iffco Census Village (CT),False,81.46487294469357
9,Uttar Pradesh,Iglas (NP),15478,10305,1,Iglas (NP),Iglas (NP),False,66.57836929835896
9,Uttar Pradesh,Ikauna (NP),14869,8327,1,Ikauna (NP),Ikauna (NP),False,56.002421144663394
9,Uttar Pradesh,Iltifatganj Bazar (NP),13136,8628,1,Iltifatganj Bazar (NP),Iltifatganj Bazar (NP),False,65.68209500609014
9,Uttar Pradesh,"Indian Tehephone Industry, Mankapur (Special Gram) (CT)",6998,6494,1,"Indian Tehephone Industry, Mankapur (Special Gram) (CT)","Indian Tehephone Industry, Mankapur (Special Gram) (CT)",False,92.79794226921977
9,Uttar Pradesh,Isapur Banger (CT),6280,3160,1,Isapur Banger (CT),Isapur Banger (CT),False,50.318471337579616
9,Uttar Pradesh,Islamnagar (NP),31022,14154,1,Islamnagar (NP),Islamnagar (NP),False,45.62568499774354
9,Uttar Pradesh,Itaunja (NP),7305,4546,1,Itaunja (NP),Itaunja (NP),False,62.23134839151266
9,Uttar Pradesh,Itwa (CT),8253,4855,1,Itwa (CT),Itwa (CT),False,58.82709317823822
9,Uttar Pradesh,Jafarabad (NP),10792,6897,1,Jafarabad (NP),Jafarabad (NP),False,63.90845070422535
9,Uttar Pradesh,Jagner (NP),11575,7677,1,Jagner (NP),Jagner (NP),False,66.32397408207343
9,Uttar Pradesh,Jahanabad (NP),14328,6361,1,Jahanabad (NP),Jahanabad (NP),False,44.39558905639308
9,Uttar Pradesh,Jahangirabad (NPP),59858,34700,1,Jahangirabad (NPP),Jahangirabad (NPP),False,57.97053025493668
9,Uttar Pradesh,Jahangirpur (NP),11006,5906,1,Jahangirpur (NP),Jahangirpur (NP),False,53.661639105942214
9,Uttar Pradesh,Jais (NPP),26735,14453,1,Jais (NPP),Jais (NPP),False,54.060220684495974
9,Uttar Pradesh,Jaithara (NP),12009,8076,1,Jaithara (NP),Jaithara (NP),False,67.24956282787909
9,Uttar Pradesh,Jakhaon (CT),6286,3472,1,Jakhaon (CT),Jakhaon (CT),False,55.233853006681514
9,Uttar Pradesh,Jalal Patti (CT),6033,4281,1,Jalal Patti (CT),Jalal Patti (CT),False,70.95972153157632
9,Uttar Pradesh,Jalalabad (NP),48281,22673,2,Jalalabad (NP),Jalalabad (NP),True,46.96050206085209
9,Uttar Pradesh,Jalalabad (NPP),38202,22387,1,Jalalabad (NPP),Jalalabad (NPP),False,58.6016438929899
9,Uttar Pradesh,Jalali (NP),20238,9515,1,Jalali (NP),Jalali (NP),False,47.01551536713114
9,Uttar Pradesh,Jalalpur (NPP),31972,24194,1,Jalalpur (NPP),Jalalpur (NPP),False,75.67246340547979
9,Uttar Pradesh,Jalalpur Dehat (CT),6376,4483,1,Jalalpur Dehat (CT),Jalalpur Dehat (CT),False,70.31053952321204
9,Uttar Pradesh,Jalaun (NPP),56909,38608,1,Jalaun (NPP),Jalaun (NPP),False,67.84164191955578
9,Uttar Pradesh,Jalesar (NPP),38130,22866,1,Jalesar (NPP),Jalesar (NPP),False,59.96852871754525
9,Uttar Pradesh,Jamshila (CT),7923,6359,1,Jamshila (CT),Jamshila (CT),False,80.26000252429635
9,Uttar Pradesh,Jamuhan (CT),7139,4977,1,Jamuhan (CT),Jamuhan (CT),False,69.7156464490825
9,Uttar Pradesh,Jangipur (NP),12223,8324,1,Jangipur (NP),Jangipur (NP),False,68.10112083776487
9,Uttar Pradesh,Jangl Hakeem No 2 (CT),8328,4510,1,Jangl Hakeem No 2 (CT),Jangl Hakeem No 2 (CT),False,54.15465898174831
9,Uttar Pradesh,Janki Nagar (CT),10195,6937,1,Janki Nagar (CT),Janki Nagar (CT),False,68.04315841098578
9,Uttar Pradesh,Jansath (NP),19786,11954,1,Jansath (NP),Jansath (NP),False,60.416456080056605
9,Uttar Pradesh,Jarwal (NP),19289,7927,1,Jarwal (NP),Jarwal (NP),False,41.095961428793615
9,Uttar Pradesh,Jasra (CT),5483,3675,1,Jasra (CT),Jasra (CT),False,67.02535108517235
9,Uttar Pradesh,Jasrana (NP),10648,7479,1,Jasrana (NP),Jasrana (NP),False,70.23854244928626
9,Uttar Pradesh,Jaswantnagar (NPP),28164,19174,1,Jaswantnagar (NPP),Jaswantnagar (NPP),False,68.07981820764097
9,Uttar Pradesh,Jatari (NP),18387,11795,1,Jatari (NP),Jatari (NP),False,64.1485832381574
9,Uttar Pradesh,Jaunpur (NPP),180362,128050,1,Jaunpur (NPP),Jaunpur (NPP),False,70.99610782759117
9,Uttar Pradesh,Jewar (NP),32269,18184,1,Jewar (NP),Jewar (NP),False,56.35129691034739
9,Uttar Pradesh,Jhalu (NP),20978,12251,1,Jhalu (NP),Jhalu (NP),False,58.39927543140433
9,Uttar Pradesh,Jhansi,505693,373500,1,Jhansi (M Corp.),Jhansi,False,73.85904095963362
9,Uttar Pradesh,Jhansi (CB),28343,23354,1,Jhansi (CB),Jhansi (CB),False,82.39777017252938
9,Uttar Pradesh,Jhansi Railway Settlement (ITS),13602,10754,1,Jhansi Railway Settlement (ITS),Jhansi Railway Settlement (ITS),False,79.06190266137332
9,Uttar Pradesh,Jhinjhak (NP),24027,17874,1,Jhinjhak (NP),Jhinjhak (NP),False,74.39130977650143
9,Uttar Pradesh,Jhinjhana (NP),18740,10802,1,Jhinjhana (NP),Jhinjhana (NP),False,57.64140875133405
9,Uttar Pradesh,Jhusi (NP),13878,8804,1,Jhusi (NP),Jhusi (NP),False,63.438535812076665
9,Uttar Pradesh,Jhusi Kohna (CT),20023,15806,1,Jhusi Kohna (CT),Jhusi Kohna (CT),False,78.93921989711832
9,Uttar Pradesh,Jiyanpur (NP),11816,7660,1,Jiyanpur (NP),Jiyanpur (NP),False,64.82735274204468
9,Uttar Pradesh,Joya (NP),18377,10224,1,Joya (NP),Joya (NP),False,55.63476084235729
9,Uttar Pradesh,Jugauli (CT),6286,3958,1,Jugauli (CT),Jugauli (CT),False,62.965319758192805
9,Uttar Pradesh,Jyoti Khuriya (NP),5665,4137,1,Jyoti Khuriya (NP),Jyoti Khuriya (NP),False,73.02736098852604
9,Uttar Pradesh,Kabrai (NP),28564,16563,1,Kabrai (NP),Kabrai (NP),False,57.98557624982495
9,Uttar Pradesh,Kachhauna Patseni (NP),15647,10179,1,Kachhauna Patseni (NP),Kachhauna Patseni (NP),False,65.05400396242092
9,Uttar Pradesh,Kachhla (NP),9471,3537,1,Kachhla (NP),Kachhla (NP),False,37.345581248020274
9,Uttar Pradesh,Kachhwa (NP),15958,10846,1,Kachhwa (NP),Kachhwa (NP),False,67.96591051510215
9,Uttar Pradesh,Kachnar (CT),5870,3787,1,Kachnar (CT),Kachnar (CT),False,64.5144804088586
9,Uttar Pradesh,Kadaura (NP),14903,9015,1,Kadaura (NP),Kadaura (NP),False,60.491176273233584
9,Uttar Pradesh,Kadipur (NP),8010,5571,1,Kadipur (NP),Kadipur (NP),False,69.5505617977528
9,Uttar Pradesh,Kailashpur (CT),11422,6552,1,Kailashpur (CT),Kailashpur (CT),False,57.362983715636496
9,Uttar Pradesh,Kaimganj (NPP),34384,23376,1,Kaimganj (NPP),Kaimganj (NPP),False,67.98510935318754
9,Uttar Pradesh,Kairana (NPP),89000,34441,1,Kairana (NPP),Kairana (NPP),False,38.69775280898877
9,Uttar Pradesh,Kakari (CT),5221,4200,1,Kakari (CT),Kakari (CT),False,80.4443593181383
9,Uttar Pradesh,Kakarmatta (CT),7377,5256,1,Kakarmatta (CT),Kakarmatta (CT),False,71.24847498983327
9,Uttar Pradesh,Kakgaina (CT),17949,11714,1,Kakgaina (CT),Kakgaina (CT),False,65.26268872917711
9,Uttar Pradesh,Kakod (NP),9213,4846,1,Kakod (NP),Kakod (NP),False,52.59958753934657
9,Uttar Pradesh,Kakori (NP),19403,10983,1,Kakori (NP),Kakori (NP),False,56.604648765654794
9,Uttar Pradesh,Kakrala (NPP),37986,18439,1,Kakrala (NPP),Kakrala (NPP),False,48.5415679460854
9,Uttar Pradesh,Kalinagar (NP),11282,5124,1,Kalinagar (NP),Kalinagar (NP),False,45.41747917035986
9,Uttar Pradesh,Kalli Pashchim (CT),12157,7462,1,Kalli Pashchim (CT),Kalli Pashchim (CT),False,61.3802747388336
9,Uttar Pradesh,Kallipur (CT),6295,3684,1,Kallipur (CT),Kallipur (CT),False,58.522637013502774
9,Uttar Pradesh,Kalpi (NPP),51670,32464,1,Kalpi (NPP),Kalpi (NPP),False,62.82949487129863
9,Uttar Pradesh,Kalwari (CT),13269,8208,1,Kalwari (CT),Kalwari (CT),False,61.858467103775716
9,Uttar Pradesh,Kamalganj (NP),15477,10140,1,Kamalganj (NP),Kamalganj (NP),False,65.51657297925955
9,Uttar Pradesh,Kampil (NP),10281,5465,1,Kampil (NP),Kampil (NP),False,53.15630775216419
9,Uttar Pradesh,Kanaudia Chamical & Industries Ltd. (Renukoot) (ITS),3631,2977,1,Kanaudia Chamical & Industries Ltd. (Renukoot) (ITS),Kanaudia Chamical & Industries Ltd. (Renukoot) (ITS),False,81.98843293858441
9,Uttar Pradesh,Kandharpur (CT),11191,7292,1,Kandharpur (CT),Kandharpur (CT),False,65.15950317219193
9,Uttar Pradesh,Kandhla (NPP),46796,21623,1,Kandhla (NPP),Kandhla (NPP),False,46.206940764167875
9,Uttar Pradesh,Kandwa (CT),11685,8631,1,Kandwa (CT),Kandwa (CT),False,73.86392811296534
9,Uttar Pradesh,Kannauj (NPP),84862,52491,1,Kannauj (NPP),Kannauj (NPP),False,61.85454031250737
9,Uttar Pradesh,Kanpur,5533405,4120382,2,Kanpur (M Corp. + OG) | Kanpur (M Corp.),Kanpur,True,74.46377049935799
9,Uttar Pradesh,Kanpur (CB),108534,76296,1,Kanpur (CB),Kanpur (CB),False,70.29686549836917
9,Uttar Pradesh,Kanth (NP),53518,27991,2,Kanth (NP),Kanth (NP),True,52.30202922381255
9,Uttar Pradesh,Kaptanganj (NP),23526,12084,1,Kaptanganj (NP),Kaptanganj (NP),False,51.36444784493751
9,Uttar Pradesh,Karanpur (CT),8185,6072,1,Karanpur (CT),Karanpur (CT),False,74.18448381185094
9,Uttar Pradesh,Karari (NP),16467,10053,1,Karari (NP),Karari (NP),False,61.04937147021315
9,Uttar Pradesh,Kareli (CT),11554,5378,1,Kareli (CT),Kareli (CT),False,46.54665051064566
9,Uttar Pradesh,Karhal (NP),27701,17416,1,Karhal (NP),Karhal (NP),False,62.871376484603445
9,Uttar Pradesh,Karnawal (NP),11663,7912,1,Karnawal (NP),Karnawal (NP),False,67.83846351710537
9,Uttar Pradesh,Karwi Mafi (CT),9024,6178,1,Karwi Mafi (CT),Karwi Mafi (CT),False,68.46187943262412
9,Uttar Pradesh,Kasba Khanpur (CT),11938,6626,1,Kasba Khanpur (CT),Kasba Khanpur (CT),False,55.50343441112414
9,Uttar Pradesh,Kasba Sultanpur (CT),8304,4978,1,Kasba Sultanpur (CT),Kasba Sultanpur (CT),False,59.94701348747592
9,Uttar Pradesh,Kasganj (NPP),101277,68003,1,Kasganj (NPP),Kasganj (NPP),False,67.14555130977419
9,Uttar Pradesh,Kasiya (CT),8490,4349,1,Kasiya (CT),Kasiya (CT),False,51.22497055359246
9,Uttar Pradesh,Kataka (CT),4926,3047,1,Kataka (CT),Kataka (CT),False,61.85546082013804
9,Uttar Pradesh,Katghar Lalganj (NP),13467,9013,1,Katghar Lalganj (NP),Katghar Lalganj (NP),False,66.92656122373208
9,Uttar Pradesh,Kathaura (CT),11605,7671,1,Kathaura (CT),Kathaura (CT),False,66.10081861266696
9,Uttar Pradesh,Kathera (NP),7533,4380,1,Kathera (NP),Kathera (NP),False,58.14416567104739
9,Uttar Pradesh,Katra (NP),40548,18023,2,Katra (NP),Katra (NP),True,44.448554799250275
9,Uttar Pradesh,Katra Medniganj (NP),7931,5526,1,Katra Medniganj (NP),Katra Medniganj (NP),False,69.67595511284831
9,Uttar Pradesh,Katri Piper Khera (CT),26475,18190,1,Katri Piper Khera (CT),Katri Piper Khera (CT),False,68.70632672332388
9,Uttar Pradesh,Kaulakha (CT),5438,3267,1,Kaulakha (CT),Kaulakha (CT),False,60.07723427730783
9,Uttar Pradesh,Kauriaganj (NP),12244,4919,1,Kauriaganj (NP),Kauriaganj (NP),False,40.174779483828814
9,Uttar Pradesh,Kemri (NP),28698,10841,1,Kemri (NP),Kemri (NP),False,37.77615164819848
9,Uttar Pradesh,Kerakat (NP),13525,9475,1,Kerakat (NP),Kerakat (NP),False,70.0554528650647
9,Uttar Pradesh,Kesaripur (CT),5381,3349,1,Kesaripur (CT),Kesaripur (CT),False,62.23750232298829
9,Uttar Pradesh,Kewalpur (CT),16445,8201,1,Kewalpur (CT),Kewalpur (CT),False,49.869261173609
9,Uttar Pradesh,Khadda (NP),16117,9653,1,Khadda (NP),Khadda (NP),False,59.89328038716882
9,Uttar Pradesh,Khaga (NP),35637,23562,1,Khaga (NP),Khaga (NP),False,66.11667648791986
9,Uttar Pradesh,Khailar (CT),13232,9509,1,Khailar (CT),Khailar (CT),False,71.8636638452237
9,Uttar Pradesh,Khair (NPP),35751,20334,1,Khair (NPP),Khair (NPP),False,56.876730720819005
9,Uttar Pradesh,Khairabad (CT),13016,8279,1,Khairabad (CT),Khairabad (CT),False,63.60633066994469
9,Uttar Pradesh,Khairabad (NPP),48538,26856,1,Khairabad (NPP),Khairabad (NPP),False,55.32984465779389
9,Uttar Pradesh,Khalilabad (NPP),47847,34114,1,Khalilabad (NPP),Khalilabad (NPP),False,71.29809601437917
9,Uttar Pradesh,Khamaria (NP),25929,16792,1,Khamaria (NP),Khamaria (NP),False,64.76146399784025
9,Uttar Pradesh,Khandauli (CT),8625,4420,1,Khandauli (CT),Khandauli (CT),False,51.24637681159421
9,Uttar Pradesh,Khanpur (NP),17247,7924,1,Khanpur (NP),Khanpur (NP),False,45.94422218356816
9,Uttar Pradesh,Khanupur (CT),6681,4778,1,Khanupur (CT),Khanupur (CT),False,71.51624008381978
9,Uttar Pradesh,Kharela (NP),13745,8420,1,Kharela (NP),Kharela (NP),False,61.25863950527465
9,Uttar Pradesh,Khargupur (NP),10472,5480,1,Khargupur (NP),Khargupur (NP),False,52.33002291825821
9,Uttar Pradesh,Khariya (CT),10482,8370,1,Khariya (CT),Khariya (CT),False,79.85117344018317
9,Uttar Pradesh,Kharkhoda (NP),14364,9504,1,Kharkhoda (NP),Kharkhoda (NP),False,66.16541353383458
9,Uttar Pradesh,Khatauli (NPP),72949,47519,1,Khatauli (NPP),Khatauli (NPP),False,65.1400293355632
9,Uttar Pradesh,Khatauli Rural (CT),14949,9161,1,Khatauli Rural (CT),Khatauli Rural (CT),False,61.28169108301559
9,Uttar Pradesh,Khekada (NP),48676,30791,1,Khekada (NP),Khekada (NP),False,63.25704659380392
9,Uttar Pradesh,Kheragarh (NP),21470,14028,1,Kheragarh (NP),Kheragarh (NP),False,65.33768048439683
9,Uttar Pradesh,Kheri (NP),33355,17246,1,Kheri (NP),Kheri (NP),False,51.70439214510568
9,Uttar Pradesh,Kherli Hafizpur (CT),7932,5492,1,Kherli Hafizpur (CT),Kherli Hafizpur (CT),False,69.2385274836107
9,Uttar Pradesh,Khetasarai (NP),19438,11902,1,Khetasarai (NP),Khetasarai (NP),False,61.23057927770347
9,Uttar Pradesh,Khojn Pur (CT),9618,7629,1,Khojn Pur (CT),Khojn Pur (CT),False,79.32002495321274
9,Uttar Pradesh,Khora (CT),190005,135994,1,Khora (CT),Khora (CT),False,71.57390594984344
9,Uttar Pradesh,Khudaganj (NP),14737,6863,1,Khudaganj (NP),Khudaganj (NP),False,46.569858180090925
9,Uttar Pradesh,Khurja (NPP + OG),121207,69204,1,Khurja (NPP + OG),Khurja (NPP + OG),False,57.095712293844414
9,Uttar Pradesh,Khurja (NPP),111062,62230,1,Khurja (NPP),Khurja (NPP),False,56.031766040589936
9,Uttar Pradesh,Khurja Rural (CT),21383,12143,1,Khurja Rural (CT),Khurja Rural (CT),False,56.788102698405275
9,Uttar Pradesh,Khutar (NP),17423,10064,1,Khutar (NP),Khutar (NP),False,57.762727429260174
9,Uttar Pradesh,Kiraoali (NP),23788,12903,1,Kiraoali (NP),Kiraoali (NP),False,54.24163443753153
9,Uttar Pradesh,Kiratpur (NPP + OG),61946,29319,1,Kiratpur (NPP + OG),Kiratpur (NPP + OG),False,47.32993252187389
9,Uttar Pradesh,Kiratpur (NPP),61186,28830,1,Kiratpur (NPP),Kiratpur (NPP),False,47.11862190697219
9,Uttar Pradesh,Kishni (NP),11098,7752,1,Kishni (NP),Kishni (NP),False,69.85042349972969
9,Uttar Pradesh,Kishunpur (NP),7000,3872,1,Kishunpur (NP),Kishunpur (NP),False,55.31428571428572
9,Uttar Pradesh,Kithaur (NP),27933,13814,1,Kithaur (NP),Kithaur (NP),False,49.454050764328926
9,Uttar Pradesh,Koeripur (NP),8927,5494,1,Koeripur (NP),Koeripur (NP),False,61.54363167917553
9,Uttar Pradesh,Konch (NPP),53412,33624,1,Konch (NPP),Konch (NPP),False,62.952145585261746
9,Uttar Pradesh,Kopaganj (NP),34782,22850,1,Kopaganj (NP),Kopaganj (NP),False,65.69489966074407
9,Uttar Pradesh,Kora Jahanabad (NP),26359,16502,1,Kora Jahanabad (NP),Kora Jahanabad (NP),False,62.60480291361584
9,Uttar Pradesh,Koraon (NP),14821,9417,1,Koraon (NP),Koraon (NP),False,63.538222791984346
9,Uttar Pradesh,Korwa (CT),6524,5528,1,Korwa (CT),Korwa (CT),False,84.73329245861436
9,Uttar Pradesh,Kosi Kalan (NPP + OG),60074,35561,1,Kosi Kalan (NPP + OG),Kosi Kalan (NPP + OG),False,59.19532576488997
9,Uttar Pradesh,Kosi Kalan (NPP),53307,31752,1,Kosi Kalan (NPP),Kosi Kalan (NPP),False,59.56440992740165
9,Uttar Pradesh,Kota (CT),13409,10588,1,Kota (CT),Kota (CT),False,78.96189126705944
9,Uttar Pradesh,Kotra (NP),8390,5463,1,Kotra (NP),Kotra (NP),False,65.11323003575686
9,Uttar Pradesh,Kotwa (CT),20219,10393,2,Kotwa (CT),Kotwa (CT),True,51.40214649587021
9,Uttar Pradesh,Kotwali (CT),11221,6247,1,Kotwali (CT),Kotwali (CT),False,55.67239996435255
9,Uttar Pradesh,Kukra (CT),29454,19146,1,Kukra (CT),Kukra (CT),False,65.00305561214097
9,Uttar Pradesh,Kul Pahar (NP),20096,13262,1,Kul Pahar (NP),Kul Pahar (NP),False,65.99323248407643
9,Uttar Pradesh,Kunda (NP),27179,17870,1,Kunda (NP),Kunda (NP),False,65.74929173258765
9,Uttar Pradesh,Kundarki (NP),29951,11691,1,Kundarki (NP),Kundarki (NP),False,39.03375513338453
9,Uttar Pradesh,Kunwargaon (NP),8053,4353,1,Kunwargaon (NP),Kunwargaon (NP),False,54.05438966844655
9,Uttar Pradesh,Kuraoali (NP),24969,15799,1,Kuraoali (NP),Kuraoali (NP),False,63.2744603308102
9,Uttar Pradesh,Kurara (NP),13408,8944,1,Kurara (NP),Kurara (NP),False,66.70644391408115
9,Uttar Pradesh,Kursath (NP),12694,7713,2,Kursath (NP),Kursath (NP),True,60.76098944383174
9,Uttar Pradesh,Kurthi Jafarpur (CT),14157,9494,1,Kurthi Jafarpur (CT),Kurthi Jafarpur (CT),False,67.06223069859433
9,Uttar Pradesh,Kushinagar (NP),22214,15150,1,Kushinagar (NP),Kushinagar (NP),False,68.20023408661204
9,Uttar Pradesh,Kusmara (NP),11938,8135,1,Kusmara (NP),Kusmara (NP),False,68.14374267046406
9,Uttar Pradesh,Kwarasi (CT),15763,10159,1,Kwarasi (CT),Kwarasi (CT),False,64.44839180359068
9,Uttar Pradesh,Lachhiman Patti (CT),5580,3208,1,Lachhiman Patti (CT),Lachhiman Patti (CT),False,57.491039426523294
9,Uttar Pradesh,Laharpur (NPP),61990,31574,1,Laharpur (NPP),Laharpur (NPP),False,50.934021616389735
9,Uttar Pradesh,Lahartara (CT),5124,3494,1,Lahartara  (CT),Lahartara (CT),False,68.18891491022639
9,Uttar Pradesh,Lahsari (CT),5051,2784,1,Lahsari (CT),Lahsari (CT),False,55.117798455751334
9,Uttar Pradesh,Lakhimpur (NPP),151993,112043,1,Lakhimpur (NPP),Lakhimpur (NPP),False,73.71589481094524
9,Uttar Pradesh,Lakhna (NP),10902,8379,1,Lakhna (NP),Lakhna (NP),False,76.85745734727573
9,Uttar Pradesh,Lal Gopalganj Nindaura (NP),28288,15734,1,Lal Gopalganj Nindaura (NP),Lal Gopalganj Nindaura (NP),False,55.62075791855203
9,Uttar Pradesh,Lalganj (NP),23124,17846,1,Lalganj (NP),Lalganj (NP),False,77.1752291991005
9,Uttar Pradesh,Lalhapur (CT),10784,6566,1,Lalhapur (CT),Lalhapur (CT),False,60.88649851632047
9,Uttar Pradesh,Lalitpur (NPP),133305,95820,1,Lalitpur (NPP),Lalitpur (NPP),False,71.88027455834364
9,Uttar Pradesh,Lar (NP),28307,17944,1,Lar (NP),Lar (NP),False,63.390680750344444
9,Uttar Pradesh,Lawar (NP),22024,10997,1,Lawar (NP),Lawar (NP),False,49.931892480929896
9,Uttar Pradesh,Ledwa Mahua (CT),13844,7459,1,Ledwa Mahua (CT),Ledwa Mahua (CT),False,53.87893672349032
9,Uttar Pradesh,Lerhupur (CT),6934,4132,1,Lerhupur (CT),Lerhupur (CT),False,59.59042399769253
9,Uttar Pradesh,Lohta (CT),25596,12878,1,Lohta (CT),Lohta (CT),False,50.312548835755585
9,Uttar Pradesh,Loni (NPP),516082,314184,1,Loni (NPP),Loni (NPP),False,60.87869757131619
9,Uttar Pradesh,Lucknow,2817105,2081727,1,Lucknow (M Corp.),Lucknow,False,73.89596766893672
9,Uttar Pradesh,Lucknow (CB),63003,48786,1,Lucknow (CB),Lucknow (CB),False,77.4344078853388
9,Uttar Pradesh,Machhlishahr (NP),26107,17205,1,Machhlishahr (NP),Machhlishahr (NP),False,65.90186540008428
9,Uttar Pradesh,Madhoganj (NP),11523,7952,1,Madhoganj (NP),Madhoganj (NP),False,69.0098064740085
9,Uttar Pradesh,Madhogarh (NP),12858,8825,1,Madhogarh (NP),Madhogarh (NP),False,68.63431326800435
9,Uttar Pradesh,Madiya (CT),7891,5272,1,Madiya (CT),Madiya (CT),False,66.81029020402991
9,Uttar Pradesh,Maghar (NP),19181,12531,1,Maghar (NP),Maghar (NP),False,65.33027475105573
9,Uttar Pradesh,Mahaban (NP),10995,4944,1,Mahaban (NP),Mahaban (NP),False,44.96589358799454
9,Uttar Pradesh,Maharajganj (NP),6673,4685,1,Maharajganj (NP),Maharajganj (NP),False,70.20830211299265
9,Uttar Pradesh,Maharajganj (NPP),33930,22920,1,Maharajganj (NPP),Maharajganj (NPP),False,67.55083996463307
9,Uttar Pradesh,Maheshpur (CT),5553,3677,1,Maheshpur (CT),Maheshpur (CT),False,66.21645957140284
9,Uttar Pradesh,Mahewa Patti Pashchim Uparhar (CT),6408,3501,1,Mahewa Patti Pashchim Uparhar (CT),Mahewa Patti Pashchim Uparhar (CT),False,54.634831460674164
9,Uttar Pradesh,Mahimapur (CT),5280,3637,1,Mahimapur (CT),Mahimapur (CT),False,68.88257575757576
9,Uttar Pradesh,Mahmudabad (NPP),50777,27493,1,Mahmudabad (NPP),Mahmudabad (NPP),False,54.14459302440081
9,Uttar Pradesh,Mahmudpur Taluka Madpur Sult (CT),5065,3715,1,Mahmudpur Taluka Madpur Sult (CT),Mahmudpur Taluka Madpur Sult (CT),False,73.34649555774926
9,Uttar Pradesh,Mahoba (NPP),95216,62280,1,Mahoba (NPP),Mahoba (NPP),False,65.40917492858344
9,Uttar Pradesh,Maholi (NP),21331,14713,1,Maholi (NP),Maholi (NP),False,68.97473161126997
9,Uttar Pradesh,Mahona (NP),8557,4596,1,Mahona (NP),Mahona (NP),False,53.71041252775506
9,Uttar Pradesh,Mahrajganj (NP),6735,4575,1,Mahrajganj (NP),Mahrajganj (NP),False,67.92873051224944
9,Uttar Pradesh,Mahroni (NP),9415,6836,1,Mahroni (NP),Mahroni (NP),False,72.60754115772703
9,Uttar Pradesh,Mahroni Rural (CT),6509,4335,1,Mahroni Rural (CT),Mahroni Rural (CT),False,66.60009218005838
9,Uttar Pradesh,Mahul Khas Or Mahul (CT),6246,3878,1,Mahul Khas Or Mahul (CT),Mahul Khas Or Mahul (CT),False,62.08773615113673
9,Uttar Pradesh,Maigal Ganj (CT),11325,7023,1,Maigal Ganj (CT),Maigal Ganj (CT),False,62.01324503311258
9,Uttar Pradesh,Mailani (NP),13416,7635,1,Mailani (NP),Mailani (NP),False,56.909660107334524
9,Uttar Pradesh,Maina Maujpur (CT),7351,5121,1,Maina Maujpur (CT),Maina Maujpur (CT),False,69.66399129370153
9,Uttar Pradesh,Mainpuri (NPP + OG),136557,99876,1,Mainpuri (NPP + OG),Mainpuri (NPP + OG),False,73.13868933851798
9,Uttar Pradesh,Mainpuri (NPP),120400,88699,1,Mainpuri (NPP),Mainpuri (NPP),False,73.67026578073089
9,Uttar Pradesh,Majhara Pipar Ahatmali (CT),25310,18068,1,Majhara Pipar Ahatmali (CT),Majhara Pipar Ahatmali (CT),False,71.3868036349269
9,Uttar Pradesh,Majhauliraj (NP),20818,11997,1,Majhauliraj (NP),Majhauliraj (NP),False,57.628014218464784
9,Uttar Pradesh,Makhanpur (CT),7012,4185,1,Makhanpur (CT),Makhanpur (CT),False,59.68339988590987
9,Uttar Pradesh,Malhipur (CT),6720,3906,1,Malhipur (CT),Malhipur (CT),False,58.12500000000001
9,Uttar Pradesh,Malihabad (NP),17818,10854,1,Malihabad (NP),Malihabad (NP),False,60.9159277135481
9,Uttar Pradesh,Mallawan (NPP),36915,21913,1,Mallawan (NPP),Mallawan (NPP),False,59.36069348503319
9,Uttar Pradesh,Mandawar (NP),21078,11056,1,Mandawar (NP),Mandawar (NP),False,52.452794382768765
9,Uttar Pradesh,Manikpur (NP),15435,8818,1,Manikpur (NP),Manikpur (NP),False,57.129899578879176
9,Uttar Pradesh,Manikpur Sarhat (NP),16467,10080,1,Manikpur Sarhat (NP),Manikpur Sarhat (NP),False,61.213335762433964
9,Uttar Pradesh,Maniyar (NP),19890,11759,1,Maniyar (NP),Maniyar (NP),False,59.12016088486677
9,Uttar Pradesh,Manjhanpur (NP),16457,9590,1,Manjhanpur (NP),Manjhanpur (NP),False,58.273075287111865
9,Uttar Pradesh,Manjoor Garhi (CT),9381,4585,1,Manjoor Garhi (CT),Manjoor Garhi (CT),False,48.87538641935828
9,Uttar Pradesh,Mankapur (NP),9461,7015,1,Mankapur (NP),Mankapur (NP),False,74.14649614205686
9,Uttar Pradesh,Marehra (NPP),19542,9981,1,Marehra (NPP),Marehra (NPP),False,51.07460853546208
9,Uttar Pradesh,Mariahu (NP),22778,15426,1,Mariahu (NP),Mariahu (NP),False,67.72324172447098
9,Uttar Pradesh,Maruadih (CT),11228,8122,1,Maruadih  (CT),Maruadih (CT),False,72.33701460634128
9,Uttar Pradesh,Maruadih Railway Settlement (ITS),14298,11719,1,Maruadih Railway Settlement (ITS),Maruadih Railway Settlement (ITS),False,81.96251223947405
9,Uttar Pradesh,Maswasi (NP),17737,7627,1,Maswasi (NP),Maswasi (NP),False,43.00050741388059
9,Uttar Pradesh,Mataundh (NP),9371,5497,1,Mataundh (NP),Mataundh (NP),False,58.65969480311599
9,Uttar Pradesh,Mathura (CB),25681,19850,1,Mathura (CB),Mathura (CB),False,77.2944978778085
9,Uttar Pradesh,Mathura (NPP),349909,229061,1,Mathura (NPP),Mathura (NPP),False,65.46302038530017
9,Uttar Pradesh,Mau Aima (NP),19645,13295,1,Mau Aima (NP),Mau Aima (NP),False,67.67625349961823
9,Uttar Pradesh,Maudaha (NPP),40003,27527,1,Maudaha (NPP),Maudaha (NPP),False,68.81233907456941
9,Uttar Pradesh,Maunath Bhanjan (NPP),278745,182423,1,Maunath Bhanjan (NPP),Maunath Bhanjan (NPP),False,65.444402590181
9,Uttar Pradesh,Mauranipur (NPP + OG),61449,41103,1,Mauranipur (NPP + OG),Mauranipur (NPP + OG),False,66.88961577893863
9,Uttar Pradesh,Mauranipur (NPP),58229,38720,1,Mauranipur (NPP),Mauranipur (NPP),False,66.4960758384997
9,Uttar Pradesh,Maurawan (NP),15484,9300,1,Maurawan (NP),Maurawan (NP),False,60.06199948333764
9,Uttar Pradesh,Mawana (NPP),81443,49395,1,Mawana (NPP),Mawana (NPP),False,60.64977960045677
9,Uttar Pradesh,Meerut,1305429,858441,1,Meerut (M Corp.),Meerut,False,65.75930211447731
9,Uttar Pradesh,Meerut (CB),93312,70115,1,Meerut (CB),Meerut (CB),False,75.14038923182441
9,Uttar Pradesh,Mehdawal (NP),27897,15613,1,Mehdawal (NP),Mehdawal (NP),False,55.96659138975517
9,Uttar Pradesh,Mehnagar (NP),14841,9521,1,Mehnagar (NP),Mehnagar (NP),False,64.15335893807695
9,Uttar Pradesh,Mendu (NP),14484,7616,1,Mendu (NP),Mendu (NP),False,52.58215962441315
9,Uttar Pradesh,Middha (CT),6523,4205,1,Middha (CT),Middha (CT),False,64.46420358730646
9,Uttar Pradesh,Milak (NPP),30553,16924,1,Milak (NPP),Milak (NPP),False,55.392269171603445
9,Uttar Pradesh,Miranpur (NP),29283,16779,1,Miranpur (NP),Miranpur (NP),False,57.29945702284602
9,Uttar Pradesh,Mirganj (NP),17542,8642,1,Mirganj (NP),Mirganj (NP),False,49.264622049937294
9,Uttar Pradesh,Mirzapur-cum-Vindhyachal (NPP),234871,156408,1,Mirzapur-cum-Vindhyachal (NPP),Mirzapur-cum-Vindhyachal (NPP),False,66.59315113402677
9,Uttar Pradesh,Misrikh-cum-Neemsar (NPP),18388,12929,1,Misrikh-cum-Neemsar (NPP),Misrikh-cum-Neemsar (NPP),False,70.31216010441592
9,Uttar Pradesh,Modinagar (NPP),130325,102077,1,Modinagar (NPP),Modinagar (NPP),False,78.32495683867255
9,Uttar Pradesh,Mogra Badshahpur (NPP),20004,14337,1,Mogra Badshahpur (NPP),Mogra Badshahpur (NPP),False,71.67066586682664
9,Uttar Pradesh,Mohammadabad (NP),24687,16545,1,Mohammadabad (NP),Mohammadabad (NP),False,67.0190788674201
9,Uttar Pradesh,Mohammadabad (NPP),38328,25504,1,Mohammadabad (NPP),Mohammadabad (NPP),False,66.54143185138803
9,Uttar Pradesh,Mohammadi (NPP),44968,24232,1,Mohammadi (NPP),Mohammadi (NPP),False,53.88720868172923
9,Uttar Pradesh,Mohan (NP),15071,8220,1,Mohan (NP),Mohan (NP),False,54.54183531285249
9,Uttar Pradesh,Mohanpur (NP),4919,2499,1,Mohanpur (NP),Mohanpur (NP),False,50.80300874161415
9,Uttar Pradesh,Mohenpur (CT),21812,12415,1,Mohenpur (CT),Mohenpur (CT),False,56.918210159545204
9,Uttar Pradesh,Mohiuddinpur (CT),5200,3637,1,Mohiuddinpur (CT),Mohiuddinpur (CT),False,69.9423076923077
9,Uttar Pradesh,Moradabad,887871,530584,1,Moradabad (M Corp.),Moradabad,False,59.75913167566009
9,Uttar Pradesh,Moth (NP),12947,9611,1,Moth (NP),Moth (NP),False,74.23341314590253
9,Uttar Pradesh,Mubarakpur (NPP),70463,40084,1,Mubarakpur (NPP),Mubarakpur (NPP),False,56.88659296368307
9,Uttar Pradesh,Mughalsarai (NPP),109650,76936,1,Mughalsarai (NPP),Mughalsarai (NPP),False,70.16507067943456
9,Uttar Pradesh,Mughalsarai Railway Settlement (ITS),20441,17577,1,Mughalsarai Railway Settlement (ITS),Mughalsarai Railway Settlement (ITS),False,85.98894378944279
9,Uttar Pradesh,Muhammadabad (NP),41780,28290,1,Muhammadabad (NP),Muhammadabad (NP),False,67.71182383915749
9,Uttar Pradesh,Mukrampur Khema (CT),14089,9193,1,Mukrampur Khema (CT),Mukrampur Khema (CT),False,65.24948541415289
9,Uttar Pradesh,Mundera Bazar (NP),10818,7884,1,Mundera Bazar (NP),Mundera Bazar (NP),False,72.87853577371048
9,Uttar Pradesh,Mundiya (NP),6384,2988,1,Mundiya (NP),Mundiya (NP),False,46.804511278195484
9,Uttar Pradesh,Muradgram Pur Pursi (CT),5120,3523,1,Muradgram Pur Pursi (CT),Muradgram Pur Pursi (CT),False,68.80859375
9,Uttar Pradesh,Muradnagar (NPP),95208,59247,1,Muradnagar (NPP),Muradnagar (NPP),False,62.22901436854046
9,Uttar Pradesh,Mursan (NP),13637,7665,1,Mursan (NP),Mursan (NP),False,56.20737698907384
9,Uttar Pradesh,Musafirkhana (NP),7999,5876,1,Musafirkhana (NP),Musafirkhana (NP),False,73.45918239779972
9,Uttar Pradesh,Muzaffarnagar (NPP),392768,273175,1,Muzaffarnagar (NPP),Muzaffarnagar (NPP),False,69.55123635326707
9,Uttar Pradesh,Nadigaon (NP),7991,4768,1,Nadigaon (NP),Nadigaon (NP),False,59.66712551620573
9,Uttar Pradesh,Nagina (NPP),95246,49023,1,Nagina (NPP),Nagina (NPP),False,51.46987800012599
9,Uttar Pradesh,Nagram (NP),10648,5671,1,Nagram (NP),Nagram (NP),False,53.25882794891059
9,Uttar Pradesh,Nai Bazar (NP),13408,8609,1,Nai Bazar (NP),Nai Bazar (NP),False,64.20793556085918
9,Uttar Pradesh,Nainana Jat (CT),12941,5801,1,Nainana Jat (CT),Nainana Jat (CT),False,44.8265203616413
9,Uttar Pradesh,Nainana-Brahman (CT),4500,2559,1,Nainana-Brahman (CT),Nainana-Brahman (CT),False,56.86666666666667
9,Uttar Pradesh,Naiparapur (CT),10881,7563,1,Naiparapur (CT),Naiparapur (CT),False,69.50647918389853
9,Uttar Pradesh,Najibabad (NPP),88535,51158,1,Najibabad (NPP),Najibabad (NPP),False,57.782797763596314
9,Uttar Pradesh,Nakur (NPP),22712,14243,1,Nakur (NPP),Nakur (NPP),False,62.711342021838675
9,Uttar Pradesh,Nanauta (NP),22551,13158,1,Nanauta (NP),Nanauta (NP),False,58.34774511108155
9,Uttar Pradesh,Nandgaon (NP),11517,6062,1,Nandgaon (NP),Nandgaon (NP),False,52.635234870191894
9,Uttar Pradesh,Nanpara (NPP),48337,25698,1,Nanpara (NPP),Nanpara (NPP),False,53.1642427126218
9,Uttar Pradesh,Naraini (NP),13400,8866,1,Naraini (NP),Naraini (NP),False,66.16417910447761
9,Uttar Pradesh,Narauli (NP),18346,4788,1,Narauli (NP),Narauli (NP),False,26.09833206148479
9,Uttar Pradesh,Naraura (NP),22775,14036,1,Naraura (NP),Naraura (NP),False,61.62897914379803
9,Uttar Pradesh,Naugawan Sadat (NP),32954,19498,1,Naugawan Sadat (NP),Naugawan Sadat (NP),False,59.16732414881349
9,Uttar Pradesh,Nautanwa (NPP),33753,23218,1,Nautanwa (NPP),Nautanwa (NPP),False,68.7879595887773
9,Uttar Pradesh,Nawabganj (NP),11545,7118,1,Nawabganj (NP),Nawabganj (NP),False,61.654395842356
9,Uttar Pradesh,Nawabganj (NPP + OG),81486,57830,1,Nawabganj (NPP + OG),Nawabganj (NPP + OG),False,70.96924625088973
9,Uttar Pradesh,Nawabganj (NPP),137718,91021,3,Nawabganj (NPP),Nawabganj (NPP),True,66.09230456439971
9,Uttar Pradesh,Nehtaur (NPP),47834,29175,1,Nehtaur (NPP),Nehtaur (NPP),False,60.9921812936405
9,Uttar Pradesh,Nichlaul (NP),18414,12400,1,Nichlaul (NP),Nichlaul (NP),False,67.34006734006735
9,Uttar Pradesh,Nidhauli Kalan (NP),8418,4549,1,Nidhauli Kalan (NP),Nidhauli Kalan (NP),False,54.03896412449512
9,Uttar Pradesh,Nihal Garh Chak Jangla (CT),7345,4560,1,Nihal Garh Chak Jangla (CT),Nihal Garh Chak Jangla (CT),False,62.08304969366917
9,Uttar Pradesh,Nivi (CT),7125,3750,1,Nivi (CT),Nivi (CT),False,52.63157894736842
9,Uttar Pradesh,Niwari (NP),9205,5975,1,Niwari (NP),Niwari (NP),False,64.91037479630636
9,Uttar Pradesh,Nizamabad (NP),13848,9394,1,Nizamabad (NP),Nizamabad (NP),False,67.83651068746389
9,Uttar Pradesh,Noida (CT),637272,477272,1,Noida (CT),Noida (CT),False,74.89298133293161
9,Uttar Pradesh,Noorpur (NPP),38806,24951,1,Noorpur (NPP),Noorpur (NPP),False,64.29675823326289
9,Uttar Pradesh,Northern Railway Colony (CT),20916,13893,1,Northern Railway Colony (CT),Northern Railway Colony (CT),False,66.42283419391853
9,Uttar Pradesh,Nyoria Husainpur (NP),21812,6914,1,Nyoria Husainpur (NP),Nyoria Husainpur (NP),False,31.698147808545755
9,Uttar Pradesh,Nyotini (NP),7577,3882,1,Nyotini (NP),Nyotini (NP),False,51.2339976243896
9,Uttar Pradesh,Obaree (CT),11858,9013,1,Obaree (CT),Obaree (CT),False,76.00775847529094
9,Uttar Pradesh,Obra (NP),46574,34264,1,Obra (NP),Obra (NP),False,73.56894404603426
9,Uttar Pradesh,Oel Dhakwa (NP),12958,7693,1,Oel Dhakwa (NP),Oel Dhakwa (NP),False,59.36872974224418
9,Uttar Pradesh,Orai (NPP + OG),190575,138141,1,Orai (NPP + OG),Orai (NPP + OG),False,72.48642266824085
9,Uttar Pradesh,Orai (NPP),187137,135729,1,Orai (NPP),Orai (NPP),False,72.52921656326649
9,Uttar Pradesh,Oran (NP),7212,4253,1,Oran (NP),Oran (NP),False,58.97115917914587
9,Uttar Pradesh,Ordnance Factory Muradnagar (CT),7569,6039,1,Ordnance Factory Muradnagar (CT),Ordnance Factory Muradnagar (CT),False,79.7859690844233
9,Uttar Pradesh,Pachperwa (NP),17220,7510,1,Pachperwa (NP),Pachperwa (NP),False,43.61207897793264
9,Uttar Pradesh,Padarathpur (CT),8852,3835,1,Padarathpur (CT),Padarathpur (CT),False,43.32354270221419
9,Uttar Pradesh,Padrauna (NPP),49723,33912,1,Padrauna (NPP),Padrauna (NPP),False,68.2018381835368
9,Uttar Pradesh,Pahar Ganj (CT),7019,5518,1,Pahar Ganj (CT),Pahar Ganj (CT),False,78.61518734862516
9,Uttar Pradesh,Pahasu (NP),20672,10572,1,Pahasu (NP),Pahasu (NP),False,51.14164086687306
9,Uttar Pradesh,Paintepur (NP),13917,7378,1,Paintepur (NP),Paintepur (NP),False,53.014299058705184
9,Uttar Pradesh,Pakbara (CT),36728,18917,1,Pakbara (CT),Pakbara (CT),False,51.50566325419299
9,Uttar Pradesh,Pakriya Naugwan Mustqil (CT),17472,8174,1,Pakriya Naugwan Mustqil (CT),Pakriya Naugwan Mustqil (CT),False,46.783424908424905
9,Uttar Pradesh,Palhni (CT),5189,3571,1,Palhni (CT),Palhni (CT),False,68.81865484679129
9,Uttar Pradesh,Pali (NP),27975,15705,2,Pali (NP),Pali (NP),True,56.13941018766756
9,Uttar Pradesh,Pali Khera (CT),8632,5480,1,Pali Khera (CT),Pali Khera (CT),False,63.48470806302131
9,Uttar Pradesh,Paliya Kalan (NPP),41126,23615,1,Paliya Kalan (NPP),Paliya Kalan (NPP),False,57.42109614355881
9,Uttar Pradesh,Palpur (CT),5702,3827,1,Palpur (CT),Palpur (CT),False,67.11680112241318
9,Uttar Pradesh,Para (CT),6427,4168,1,Para (CT),Para (CT),False,64.85140812198537
9,Uttar Pradesh,Parasi (CT),23966,18335,1,Parasi (CT),Parasi (CT),False,76.50421430359677
9,Uttar Pradesh,Parichha (CT),7047,5616,1,Parichha (CT),Parichha (CT),False,79.6934865900383
9,Uttar Pradesh,Parikshitgarh (NP),19830,13496,1,Parikshitgarh (NP),Parikshitgarh (NP),False,68.0584972264246
9,Uttar Pradesh,Parmanandpur (CT),5139,2913,1,Parmanandpur (CT),Parmanandpur (CT),False,56.68417980151781
9,Uttar Pradesh,Parsadepur (NP),11853,6618,1,Parsadepur (NP),Parsadepur (NP),False,55.83396608453556
9,Uttar Pradesh,Parsona (CT),6946,2275,1,Parsona (CT),Parsona (CT),False,32.75266340339764
9,Uttar Pradesh,Patadi (CT),8479,6904,1,Patadi (CT),Patadi (CT),False,81.42469630852695
9,Uttar Pradesh,Patala (NP),9500,6412,1,Patala (NP),Patala (NP),False,67.49473684210527
9,Uttar Pradesh,Patholi (CT),7884,5118,1,Patholi (CT),Patholi (CT),False,64.91628614916286
9,Uttar Pradesh,Patiyali (NP),14366,6955,1,Patiyali (NP),Patiyali (NP),False,48.41291939301128
9,Uttar Pradesh,Patti (NP),10788,7592,1,Patti (NP),Patti (NP),False,70.3744901742677
9,Uttar Pradesh,Pavi Sadakpur (CT),757,544,1,Pavi Sadakpur (CT),Pavi Sadakpur (CT),False,71.86261558784676
9,Uttar Pradesh,Phalauda (NP),19908,10347,1,Phalauda (NP),Phalauda (NP),False,51.974080771549126
9,Uttar Pradesh,Phaphund (NP),17637,11990,1,Phaphund (NP),Phaphund (NP),False,67.98208312071215
9,Uttar Pradesh,Phulpur (NP),32327,22033,2,Phulpur (NP),Phulpur (NP),True,68.1566492405729
9,Uttar Pradesh,Phulwaria (CT),20466,14268,1,Phulwaria (CT),Phulwaria (CT),False,69.71562591615363
9,Uttar Pradesh,Pihani (NPP),36014,18777,1,Pihani (NPP),Pihani (NPP),False,52.138057422113626
9,Uttar Pradesh,Pilibhit (NPP),127988,82981,1,Pilibhit (NPP),Pilibhit (NPP),False,64.83498452979967
9,Uttar Pradesh,Pilkhana (NP),11518,3942,1,Pilkhana (NP),Pilkhana (NP),False,34.22469178676854
9,Uttar Pradesh,Pilkhuwa (NPP),83736,55936,1,Pilkhuwa (NPP),Pilkhuwa (NPP),False,66.80042036877806
9,Uttar Pradesh,Pinahat (NP),18709,10595,1,Pinahat (NP),Pinahat (NP),False,56.630498690469835
9,Uttar Pradesh,Pipalsana Chaudhari (CT),9713,5638,1,Pipalsana Chaudhari (CT),Pipalsana Chaudhari (CT),False,58.04591784206733
9,Uttar Pradesh,Pipara Dand (CT),5420,2605,1,Pipara Dand (CT),Pipara Dand (CT),False,48.06273062730627
9,Uttar Pradesh,Pipiganj (NP),13517,9093,1,Pipiganj (NP),Pipiganj (NP),False,67.27084412221646
9,Uttar Pradesh,Pipraich (NP),15621,10662,1,Pipraich (NP),Pipraich (NP),False,68.25427309391205
9,Uttar Pradesh,Piprayli Bujurg (CT),6270,4081,1,Piprayli Bujurg (CT),Piprayli Bujurg (CT),False,65.08771929824562
9,Uttar Pradesh,Pipri (NP),15063,11277,1,Pipri (NP),Pipri (NP),False,74.86556462856004
9,Uttar Pradesh,Powayan (NP),28613,18144,1,Powayan (NP),Powayan (NP),False,63.41173592423025
9,Uttar Pradesh,Pratapgarh City (NP),15071,9014,1,Pratapgarh City (NP),Pratapgarh City (NP),False,59.81023157056599
9,Uttar Pradesh,Premchak Urf Baheri (CT),7063,5360,1,Premchak Urf Baheri (CT),Premchak Urf Baheri (CT),False,75.88843267733257
9,Uttar Pradesh,Pukhrayan (NPP),24258,18233,1,Pukhrayan (NPP),Pukhrayan (NPP),False,75.16283287987468
9,Uttar Pradesh,Pura Pandey (CT),4066,2835,1,Pura Pandey (CT),Pura Pandey (CT),False,69.72454500737825
9,Uttar Pradesh,Puranpur (NPP),40007,24594,1,Puranpur (NPP),Puranpur (NPP),False,61.47424200764866
9,Uttar Pradesh,Purdilnagar (NP),21885,10806,1,Purdilnagar (NP),Purdilnagar (NP),False,49.37628512679918
9,Uttar Pradesh,Pure Tiwari (CT),4609,1827,1,Pure Tiwari (CT),Pure Tiwari (CT),False,39.6398351052289
9,Uttar Pradesh,Purquazi (NP + OG),29041,13862,1,Purquazi (NP + OG),Purquazi (NP + OG),False,47.732516097930514
9,Uttar Pradesh,Purquazi (NP),27516,13244,1,Purquazi (NP),Purquazi (NP),False,48.13199592964094
9,Uttar Pradesh,Purwa (NP),24467,15330,1,Purwa (NP),Purwa (NP),False,62.655822127763926
9,Uttar Pradesh,Qasimpur Power House Colony (CT),7791,5959,1,Qasimpur Power House Colony (CT),Qasimpur Power House Colony (CT),False,76.48568861506867
9,Uttar Pradesh,Rabupura (NP),15454,7523,1,Rabupura (NP),Rabupura (NP),False,48.679953410120355
9,Uttar Pradesh,Radhakund (NP),7511,5056,1,Radhakund (NP),Radhakund (NP),False,67.31460524563973
9,Uttar Pradesh,Rae Bareli (NPP),191316,139042,1,Rae Bareli (NPP),Rae Bareli (NPP),False,72.67661878776475
9,Uttar Pradesh,Railway Settlement Roza (NP),11489,8387,1,Railway Settlement Roza (NP),Railway Settlement Roza (NP),False,73.00026111933153
9,Uttar Pradesh,Raja Ka Rampur (NP),11644,6755,1,Raja Ka Rampur (NP),Raja Ka Rampur (NP),False,58.012710408794234
9,Uttar Pradesh,Rajapur (NP),13439,7990,1,Rajapur (NP),Rajapur (NP),False,59.45382840985193
9,Uttar Pradesh,Rajpur Bangar (CT),8683,6074,1,Rajpur Bangar (CT),Rajpur Bangar (CT),False,69.95278129678682
9,Uttar Pradesh,Ramdaspur Urf Nagal (CT),5730,3533,1,Ramdaspur Urf Nagal (CT),Ramdaspur Urf Nagal (CT),False,61.65794066317627
9,Uttar Pradesh,Ramgarh Panjoopur (CT),18897,8454,1,Ramgarh Panjoopur (CT),Ramgarh Panjoopur (CT),False,44.73725988252104
9,Uttar Pradesh,Ramkola (NP),14433,8654,1,Ramkola (NP),Ramkola (NP),False,59.959814314418345
9,Uttar Pradesh,Ramnagar (NP),14255,8455,1,Ramnagar (NP),Ramnagar (NP),False,59.31252192213259
9,Uttar Pradesh,Ramnagar (NPP),49132,34400,1,Ramnagar (NPP),Ramnagar (NPP),False,70.01546853374583
9,Uttar Pradesh,Rampur (CT),5499,3737,1,Rampur (CT),Rampur (CT),False,67.95781051100201
9,Uttar Pradesh,Rampur (NPP),325313,169978,1,Rampur (NPP),Rampur (NPP),False,52.25060172818178
9,Uttar Pradesh,Rampur Karkhana (NP),9943,6115,1,Rampur Karkhana (NP),Rampur Karkhana (NP),False,61.50055315297194
9,Uttar Pradesh,Rampur Maniharan (NP),27979,17517,1,Rampur Maniharan (NP),Rampur Maniharan (NP),False,62.60767003824297
9,Uttar Pradesh,Rampura (NP),12944,8162,1,Rampura (NP),Rampura (NP),False,63.05624227441285
9,Uttar Pradesh,Ranchi Bangar (CT),12536,8672,1,Ranchi Bangar (CT),Ranchi Bangar (CT),False,69.17677089980855
9,Uttar Pradesh,Ranipur (NP),18132,11934,1,Ranipur (NP),Ranipur (NP),False,65.81733951025811
9,Uttar Pradesh,Raniyan (CT),10011,7186,1,Raniyan (CT),Raniyan (CT),False,71.78104085505943
9,Uttar Pradesh,Rashidpur Garhi (CT),7870,6311,1,Rashidpur Garhi (CT),Rashidpur Garhi (CT),False,80.19059720457433
9,Uttar Pradesh,Rasra (NPP),31765,22309,1,Rasra (NPP),Rasra (NPP),False,70.231386746419
9,Uttar Pradesh,Rasulabad (NP),30124,19004,2,Rasulabad (NP),Rasulabad (NP),True,63.08591156552915
9,Uttar Pradesh,Ratanpura (CT),4405,3139,1,Ratanpura (CT),Ratanpura (CT),False,71.25993189557322
9,Uttar Pradesh,Rath (NPP),65056,41901,1,Rath (NPP),Rath (NPP),False,64.40758730939498
9,Uttar Pradesh,Raya (NP),21344,13551,1,Raya (NP),Raya (NP),False,63.48856821589205
9,Uttar Pradesh,Renukoot (NP + OG),20076,13434,1,Renukoot (NP + OG),Renukoot (NP + OG),False,66.9157202630006
9,Uttar Pradesh,Renukoot (NP),12409,7746,1,Renukoot (NP),Renukoot (NP),False,62.422435329196546
9,Uttar Pradesh,Reoti (NP),26359,13874,1,Reoti (NP),Reoti (NP),False,52.634773701582006
9,Uttar Pradesh,Richha (NP),20977,11415,1,Richha (NP),Richha (NP),False,54.41674214616008
9,Uttar Pradesh,Risiya Bazar (NP),13750,6700,1,Risiya Bazar (NP),Risiya Bazar (NP),False,48.72727272727273
9,Uttar Pradesh,Rithora (NP),17186,6407,1,Rithora (NP),Rithora (NP),False,37.280344466426165
9,Uttar Pradesh,Rohta (CT),12063,7362,1,Rohta (CT),Rohta (CT),False,61.02959462820194
9,Uttar Pradesh,Rori (CT),12350,8014,1,Rori (CT),Rori (CT),False,64.89068825910931
9,Uttar Pradesh,Rudauli (NPP),43091,23859,1,Rudauli (NPP),Rudauli (NPP),False,55.36887052980901
9,Uttar Pradesh,Rudayan (NP),7620,3578,1,Rudayan (NP),Rudayan (NP),False,46.95538057742782
9,Uttar Pradesh,Rudrapur (NP),34014,21001,1,Rudrapur (NP),Rudrapur (NP),False,61.74222379020403
9,Uttar Pradesh,Runkata (CT),15582,8285,1,Runkata (CT),Runkata (CT),False,53.17032473366705
9,Uttar Pradesh,Rura (NP),16233,12424,1,Rura (NP),Rura (NP),False,76.53545247335674
9,Uttar Pradesh,Rustamnagar Sahaspur (CT),18677,7517,1,Rustamnagar Sahaspur (CT),Rustamnagar Sahaspur (CT),False,40.247363066873696
9,Uttar Pradesh,Sadabad (NP),40926,24720,1,Sadabad (NP),Sadabad (NP),False,60.4017006304061
9,Uttar Pradesh,Sadat (NP),12361,8255,1,Sadat (NP),Sadat (NP),False,66.78262276514845
9,Uttar Pradesh,Sadatmasaura (CT),4800,2705,1,Sadatmasaura (CT),Sadatmasaura (CT),False,56.35416666666667
9,Uttar Pradesh,Sadruddin Nagar (CT),3506,2175,1,Sadruddin Nagar (CT),Sadruddin Nagar (CT),False,62.036508841985174
9,Uttar Pradesh,Safipur (NP),25688,13438,1,Safipur (NP),Safipur (NP),False,52.31236374961071
9,Uttar Pradesh,Sahanpur (NP),21639,10307,1,Sahanpur (NP),Sahanpur (NP),False,47.631591108646425
9,Uttar Pradesh,Saharanpur,705478,467519,1,Saharanpur (M Corp.),Saharanpur,False,66.26981989516328
9,Uttar Pradesh,Sahaspur (NP),24463,12571,1,Sahaspur (NP),Sahaspur (NP),False,51.387810162285895
9,Uttar Pradesh,Sahaswan (NPP),66204,21875,1,Sahaswan (NPP),Sahaswan (NPP),False,33.041810162527945
9,Uttar Pradesh,Sahatwar (NP),20615,11756,1,Sahatwar (NP),Sahatwar (NP),False,57.02643706039292
9,Uttar Pradesh,Sahawar (NP),24067,10979,1,Sahawar (NP),Sahawar (NP),False,45.61848173848008
9,Uttar Pradesh,Sahjanwan (NP),32886,22083,1,Sahjanwan (NP),Sahjanwan (NP),False,67.15015508118957
9,Uttar Pradesh,Sahpau (NP),8920,5036,1,Sahpau (NP),Sahpau (NP),False,56.45739910313902
9,Uttar Pradesh,Saidhari (CT),13092,8009,1,Saidhari (CT),Saidhari (CT),False,61.1747632141766
9,Uttar Pradesh,Saidpur (NP),39883,23276,2,Saidpur (NP),Saidpur (NP),True,58.36070506230725
9,Uttar Pradesh,Saidpur Khajuria (CT),9439,3383,1,Saidpur Khajuria (CT),Saidpur Khajuria (CT),False,35.84066108697955
9,Uttar Pradesh,Saijni Nankar (CT),8572,2203,1,Saijni Nankar (CT),Saijni Nankar (CT),False,25.69995333644424
9,Uttar Pradesh,Sainthal (NP),15332,7396,1,Sainthal (NP),Sainthal (NP),False,48.23897730237412
9,Uttar Pradesh,Saiyad Raza (NP),18315,12475,1,Saiyad Raza (NP),Saiyad Raza (NP),False,68.1135681135681
9,Uttar Pradesh,Sakaldiha (CT),7394,5020,1,Sakaldiha (CT),Sakaldiha (CT),False,67.89288612388424
9,Uttar Pradesh,Sakhanu (NP),10627,4235,1,Sakhanu (NP),Sakhanu (NP),False,39.85132210407453
9,Uttar Pradesh,Sakit (NP),8089,4320,1,Sakit (NP),Sakit (NP),False,53.40585980961799
9,Uttar Pradesh,Salarpur (CT),10126,6442,1,Salarpur (CT),Salarpur (CT),False,63.61840805846336
9,Uttar Pradesh,Salarpur Khadar (CT),13600,10056,1,Salarpur Khadar (CT),Salarpur Khadar (CT),False,73.94117647058823
9,Uttar Pradesh,Salempur (NP),21124,15671,1,Salempur (NP),Salempur (NP),False,74.18576027267562
9,Uttar Pradesh,Salon (NP),14757,9440,1,Salon (NP),Salon (NP),False,63.96964152605543
9,Uttar Pradesh,Sambhal (NPP),220813,89629,1,Sambhal (NPP),Sambhal (NPP),False,40.5904543663643
9,Uttar Pradesh,Samdhan (NP),31479,13257,1,Samdhan (NP),Samdhan (NP),False,42.11379014581149
9,Uttar Pradesh,Samthar (NPP),22455,13489,1,Samthar (NPP),Samthar (NPP),False,60.07125361834781
9,Uttar Pradesh,Sandi (NPP),26007,15012,1,Sandi (NPP),Sandi (NPP),False,57.7229207521052
9,Uttar Pradesh,Sandila (NPP),58346,33008,1,Sandila (NPP),Sandila (NPP),False,56.572858465019024
9,Uttar Pradesh,Sarai Abdulmalik (CT),4815,3482,1,Sarai Abdulmalik (CT),Sarai Abdulmalik (CT),False,72.31568016614746
9,Uttar Pradesh,Sarai Aquil (NP),19538,11498,1,Sarai Aquil (NP),Sarai Aquil (NP),False,58.849421639881264
9,Uttar Pradesh,Sarai Lahur Urf Lahurpur (CT),4406,3002,1,Sarai Lahur Urf Lahurpur (CT),Sarai Lahur Urf Lahurpur (CT),False,68.1343622333182
9,Uttar Pradesh,Sarai Mir (NP),19055,13151,1,Sarai Mir (NP),Sarai Mir (NP),False,69.0160062975597
9,Uttar Pradesh,Sarai Mohana (CT),4824,2177,1,Sarai Mohana (CT),Sarai Mohana (CT),False,45.12852404643449
9,Uttar Pradesh,Sardhana (NPP),58252,31114,1,Sardhana (NPP),Sardhana (NPP),False,53.412758360227976
9,Uttar Pradesh,Sarila (NP),9271,5596,1,Sarila (NP),Sarila (NP),False,60.360263186279795
9,Uttar Pradesh,Sarsaul (CT),9267,5601,1,Sarsaul (CT),Sarsaul (CT),False,60.44027193266429
9,Uttar Pradesh,Sarsawa (NPP),18956,13093,1,Sarsawa (NPP),Sarsawa (NPP),False,69.07047900400929
9,Uttar Pradesh,Sarsawan (CT),10655,7504,1,Sarsawan (CT),Sarsawan (CT),False,70.42702956358518
9,Uttar Pradesh,Sarwat (CT),34846,18761,1,Sarwat (CT),Sarwat (CT),False,53.839752051885434
9,Uttar Pradesh,Sasni (NP),13291,8678,1,Sasni (NP),Sasni (NP),False,65.29230306222256
9,Uttar Pradesh,Satiyava (CT),6225,3906,1,Satiyava (CT),Satiyava (CT),False,62.746987951807235
9,Uttar Pradesh,Satpokhari (CT),13757,3268,1,Satpokhari (CT),Satpokhari (CT),False,23.755179181507597
9,Uttar Pradesh,Satrikh (NP),12107,5765,1,Satrikh (NP),Satrikh (NP),False,47.617081027504746
9,Uttar Pradesh,Saunkh (NP),9556,6583,1,Saunkh (NP),Saunkh (NP),False,68.88865634156551
9,Uttar Pradesh,Saurikh (NP),12498,7875,1,Saurikh (NP),Saurikh (NP),False,63.01008161305809
9,Uttar Pradesh,Seohara (NPP + OG),53296,29957,1,Seohara (NPP + OG),Seohara (NPP + OG),False,56.20872110477334
9,Uttar Pradesh,Seohara (NPP),48557,27761,1,Seohara (NPP),Seohara (NPP),False,57.17198344214016
9,Uttar Pradesh,Sewalkhas (NP),24882,11072,1,Sewalkhas (NP),Sewalkhas (NP),False,44.49803070492725
9,Uttar Pradesh,Sewarhi (NP),23077,16550,1,Sewarhi (NP),Sewarhi (NP),False,71.71642761190796
9,Uttar Pradesh,Shaha Urf Pipalgaon (CT),8342,3875,1,Shaha Urf Pipalgaon (CT),Shaha Urf Pipalgaon (CT),False,46.45169024214816
9,Uttar Pradesh,Shahabad (NP),38276,13616,1,Shahabad (NP),Shahabad (NP),False,35.57320514160309
9,Uttar Pradesh,Shahabad (NPP),80226,44078,1,Shahabad (NPP),Shahabad (NPP),False,54.94228803629746
9,Uttar Pradesh,Shahbudinpur (CT),25157,12103,1,Shahbudinpur (CT),Shahbudinpur (CT),False,48.10987001629765
9,Uttar Pradesh,Shahganj (NPP),26556,19686,1,Shahganj (NPP),Shahganj (NPP),False,74.13014008133754
9,Uttar Pradesh,Shahi (NP),16950,5112,1,Shahi (NP),Shahi (NP),False,30.159292035398227
9,Uttar Pradesh,Shahjahanpur (CB),18116,13343,1,Shahjahanpur (CB),Shahjahanpur (CB),False,73.6531243100022
9,Uttar Pradesh,Shahjahanpur (NPP),329736,195606,1,Shahjahanpur (NPP),Shahjahanpur (NPP),False,59.32200305699104
9,Uttar Pradesh,Shahpur (NP),20154,10633,1,Shahpur (NP),Shahpur (NP),False,52.758757566736136
9,Uttar Pradesh,Shamli (NPP),107266,74886,1,Shamli (NPP),Shamli (NPP),False,69.81336117688737
9,Uttar Pradesh,Shamsabad (NP),28454,14333,1,Shamsabad (NP),Shamsabad (NP),False,50.37253110283264
9,Uttar Pradesh,Shamsabad (NPP),33144,18838,1,Shamsabad (NPP),Shamsabad (NPP),False,56.83683321264784
9,Uttar Pradesh,Shankargarh (NP),17785,11442,1,Shankargarh (NP),Shankargarh (NP),False,64.33511385999438
9,Uttar Pradesh,Shekhpura (CT),9529,5767,1,Shekhpura (CT),Shekhpura (CT),False,60.520516318606354
9,Uttar Pradesh,Shergarh (NP),16247,4783,1,Shergarh (NP),Shergarh (NP),False,29.43928109804887
9,Uttar Pradesh,Sherkot (NPP),62226,35826,1,Sherkot (NPP),Sherkot (NPP),False,57.57400443544499
9,Uttar Pradesh,Shikarpur (NPP),37969,21088,1,Shikarpur (NPP),Shikarpur (NPP),False,55.54004582685875
9,Uttar Pradesh,Shikohabad (NPP),107404,75113,1,Shikohabad (NPP),Shikohabad (NPP),False,69.93501173140665
9,Uttar Pradesh,Shishgarh (NP),25815,8021,1,Shishgarh (NP),Shishgarh (NP),False,31.071082703854348
9,Uttar Pradesh,Shivdaspur (CT),16405,11117,1,Shivdaspur (CT),Shivdaspur (CT),False,67.76592502285888
9,Uttar Pradesh,Shivli (NP),8621,6373,1,Shivli (NP),Shivli (NP),False,73.92413873100568
9,Uttar Pradesh,Shivrajpur (NP),11948,8308,1,Shivrajpur (NP),Shivrajpur (NP),False,69.53465015065284
9,Uttar Pradesh,Shohratgarh (NP),9326,5934,1,Shohratgarh (NP),Shohratgarh (NP),False,63.62856530130817
9,Uttar Pradesh,Siana (NPP),44415,26014,1,Siana (NPP),Siana (NPP),False,58.57030282562198
9,Uttar Pradesh,Siddharthnagar (NPP),25422,17023,1,Siddharthnagar (NPP),Siddharthnagar (NPP),False,66.96168672803084
9,Uttar Pradesh,Siddhaur (NP),12438,5679,1,Siddhaur (NP),Siddhaur (NP),False,45.65846599131693
9,Uttar Pradesh,Sidhauli (NP),24976,17246,1,Sidhauli (NP),Sidhauli (NP),False,69.05028827674568
9,Uttar Pradesh,Sidhpura (NP),15740,9519,1,Sidhpura (NP),Sidhpura (NP),False,60.47649301143583
9,Uttar Pradesh,Sikanderpur (NP),33195,21771,2,Sikanderpur (NP),Sikanderpur (NP),True,65.58517849073657
9,Uttar Pradesh,Sikandra (NP),13580,8439,1,Sikandra (NP),Sikandra (NP),False,62.142857142857146
9,Uttar Pradesh,Sikandrabad (NPP),81028,45198,1,Sikandrabad (NPP),Sikandrabad (NPP),False,55.780717776571066
9,Uttar Pradesh,Sikandrarao (NPP),46038,25698,1,Sikandrarao (NPP),Sikandrarao (NPP),False,55.81910595594943
9,Uttar Pradesh,Sikri Kalan (CT),7037,4769,1,Sikri Kalan (CT),Sikri Kalan (CT),False,67.77035668608782
9,Uttar Pradesh,Sindhawali (CT),5335,3028,1,Sindhawali (CT),Sindhawali (CT),False,56.7572633552015
9,Uttar Pradesh,Singahi Bhiraura (NP),19196,8785,1,Singahi Bhiraura (NP),Singahi Bhiraura (NP),False,45.76474265471973
9,Uttar Pradesh,Sir Gobardhan (CT),11350,7717,1,Sir Gobardhan (CT),Sir Gobardhan (CT),False,67.99118942731278
9,Uttar Pradesh,Sirathu (NP),14423,9079,1,Sirathu (NP),Sirathu (NP),False,62.948069056368304
9,Uttar Pradesh,Sirauli (NP),23650,7608,1,Sirauli (NP),Sirauli (NP),False,32.169133192389005
9,Uttar Pradesh,Sirsa (NP),12686,8715,1,Sirsa (NP),Sirsa (NP),False,68.69777707709287
9,Uttar Pradesh,Sirsaganj (NPP + OG),32098,22813,1,Sirsaganj (NPP + OG),Sirsaganj (NPP + OG),False,71.07296404760422
9,Uttar Pradesh,Sirsaganj (NPP),31377,22316,1,Sirsaganj (NPP),Sirsaganj (NPP),False,71.12215954361474
9,Uttar Pradesh,Sirsi (NP),26519,10533,1,Sirsi (NP),Sirsi (NP),False,39.718692258380784
9,Uttar Pradesh,Sisauli (NP),15091,9615,1,Sisauli (NP),Sisauli (NP),False,63.713471605592744
9,Uttar Pradesh,Siswa Bazar (NP),20963,14217,1,Siswa Bazar (NP),Siswa Bazar (NP),False,67.81949148499737
9,Uttar Pradesh,Sitapur (NPP),177234,126848,1,Sitapur (NPP),Sitapur (NPP),False,71.57091754403783
9,Uttar Pradesh,Sonbhadra (NPP),36689,26881,1,Sonbhadra (NPP),Sonbhadra (NPP),False,73.26719180135736
9,Uttar Pradesh,Soraon (CT),10624,6633,1,Soraon (CT),Soraon (CT),False,62.43411144578314
9,Uttar Pradesh,Soron (NPP),27468,13495,1,Soron (NPP),Soron (NPP),False,49.12989660696083
9,Uttar Pradesh,Suar (NPP),32158,12551,1,Suar (NPP),Suar (NPP),False,39.0291684806269
9,Uttar Pradesh,Subeha (NP),13772,6301,1,Subeha (NP),Subeha (NP),False,45.75225094394423
9,Uttar Pradesh,Sujavalpur (CT),9835,4087,1,Sujavalpur (CT),Sujavalpur (CT),False,41.5556685307575
9,Uttar Pradesh,Sultanpur (NPP),107640,84080,1,Sultanpur (NPP),Sultanpur (NPP),False,78.11222593831289
9,Uttar Pradesh,Sumerpur (NP + OG),39132,26855,1,Sumerpur (NP + OG),Sumerpur (NP + OG),False,68.62669937646939
9,Uttar Pradesh,Sumerpur (NP),27587,19141,1,Sumerpur (NP),Sumerpur (NP),False,69.38413020625657
9,Uttar Pradesh,Suriyawan (NP),18843,11479,1,Suriyawan (NP),Suriyawan (NP),False,60.91917422915672
9,Uttar Pradesh,Susuwahi (CT),10454,8096,1,Susuwahi (CT),Susuwahi (CT),False,77.44404055863784
9,Uttar Pradesh,Suthana Barsola (CT),9936,5698,1,Suthana Barsola (CT),Suthana Barsola (CT),False,57.347020933977454
9,Uttar Pradesh,Suzabad (CT),15384,8966,1,Suzabad (CT),Suzabad (CT),False,58.28133125325014
9,Uttar Pradesh,Swamibagh (NP),2039,1709,1,Swamibagh (NP),Swamibagh (NP),False,83.81559588033349
9,Uttar Pradesh,Talbehat (NP),14176,9814,1,Talbehat (NP),Talbehat (NP),False,69.22968397291196
9,Uttar Pradesh,Talgram (NP),11665,5559,1,Talgram (NP),Talgram (NP),False,47.6553793399057
9,Uttar Pradesh,Tambaur-cum-Ahamdabad (NP),26052,10806,1,Tambaur-cum-Ahamdabad (NP),Tambaur-cum-Ahamdabad (NP),False,41.47858129894058
9,Uttar Pradesh,Tanda (NPP),143575,87668,2,Tanda (NPP),Tanda (NPP),True,61.0607696325962
9,Uttar Pradesh,Tatarpur Lallu (CT),7847,6084,1,Tatarpur Lallu (CT),Tatarpur Lallu (CT),False,77.53281508856888
9,Uttar Pradesh,Thakurdwara (NPP),44255,25503,1,Thakurdwara (NPP),Thakurdwara (NPP),False,57.62738673596204
9,Uttar Pradesh,Thana Bhawan (NP),36669,18904,1,Thana Bhawan (NP),Thana Bhawan (NP),False,51.55308298562819
9,Uttar Pradesh,Thiriya Nizamat Khan (NP),23184,10126,1,Thiriya Nizamat Khan (NP),Thiriya Nizamat Khan (NP),False,43.676673567977915
9,Uttar Pradesh,Tikait Nagar (NP),9456,5048,1,Tikait Nagar (NP),Tikait Nagar (NP),False,53.384094754653134
9,Uttar Pradesh,Tikri (NP),14092,8480,1,Tikri (NP),Tikri (NP),False,60.17598637524837
9,Uttar Pradesh,Tilhar (NPP),61444,26830,1,Tilhar (NPP),Tilhar (NPP),False,43.665776967645336
9,Uttar Pradesh,Tilthi (CT),7665,4667,1,Tilthi (CT),Tilthi (CT),False,60.887149380300066
9,Uttar Pradesh,Tindwari (NP),11113,7130,1,Tindwari (NP),Tindwari (NP),False,64.15909295419779
9,Uttar Pradesh,Tirwaganj (NP),24082,17537,1,Tirwaganj (NP),Tirwaganj (NP),False,72.82202474877502
9,Uttar Pradesh,Titron (NP),10898,6267,1,Titron (NP),Titron (NP),False,57.50596439713709
9,Uttar Pradesh,Tondi Fatehpur (NP),11855,6941,1,Tondi Fatehpur (NP),Tondi Fatehpur (NP),False,58.54913538591312
9,Uttar Pradesh,Tulsipur (NP),24488,14259,1,Tulsipur (NP),Tulsipur (NP),False,58.22852009147338
9,Uttar Pradesh,Tundla (NPP),50423,38263,1,Tundla (NPP),Tundla (NPP),False,75.88402118081035
9,Uttar Pradesh,Tundla Kham (CT),7079,4915,1,Tundla Kham (CT),Tundla Kham (CT),False,69.4307105523379
9,Uttar Pradesh,Tundla Railway Colony (CT),7404,6099,1,Tundla Railway Colony (CT),Tundla Railway Colony (CT),False,82.37439222042138
9,Uttar Pradesh,Ugu (NP),6318,4172,1,Ugu (NP),Ugu (NP),False,66.03355492244381
9,Uttar Pradesh,Ujhani (NPP),62039,30854,1,Ujhani (NPP),Ujhani (NPP),False,49.733232321604156
9,Uttar Pradesh,Ujhari (NP),24488,11588,1,Ujhari (NP),Ujhari (NP),False,47.321136883371445
9,Uttar Pradesh,Umarha (CT),6429,4124,1,Umarha (CT),Umarha (CT),False,64.14683465546742
9,Uttar Pradesh,Umri (NP),9248,6160,1,Umri (NP),Umri (NP),False,66.60899653979239
9,Uttar Pradesh,Umri Kalan (NP),17803,7145,1,Umri Kalan (NP),Umri Kalan (NP),False,40.13368533393248
9,Uttar Pradesh,Un (NP),15124,9688,1,Un (NP),Un (NP),False,64.05712774398307
9,Uttar Pradesh,Unchahar (NP),11033,7765,1,Unchahar (NP),Unchahar (NP),False,70.37976978156439
9,Uttar Pradesh,Unnao (NPP),177658,128833,1,Unnao (NPP),Unnao (NPP),False,72.51742111247454
9,Uttar Pradesh,Usawan (NP),13327,6571,1,Usawan (NP),Usawan (NP),False,49.305920312148274
9,Uttar Pradesh,Usehat (NP),16361,6206,1,Usehat (NP),Usehat (NP),False,37.93166676853493
9,Uttar Pradesh,Uska Bazar (NP),24444,14147,1,Uska Bazar (NP),Uska Bazar (NP),False,57.87514318442154
9,Uttar Pradesh,Utraula (NPP),32145,19641,1,Utraula (NPP),Utraula (NPP),False,61.1012599160056
9,Uttar Pradesh,Varanasi,1198491,842497,1,Varanasi (M Corp.),Varanasi,False,70.29648115839001
9,Uttar Pradesh,Varanasi (CB),14119,11070,1,Varanasi (CB),Varanasi (CB),False,78.40498618882357
9,Uttar Pradesh,Vijaigarh (NP),7124,4450,1,Vijaigarh (NP),Vijaigarh (NP),False,62.46490735541831
9,Uttar Pradesh,Villimar Kundi (CT),21082,11548,1,Villimar Kundi (CT),Villimar Kundi (CT),False,54.77658666160706
9,Uttar Pradesh,Vrindavan (NPP),63005,42917,1,Vrindavan (NPP),Vrindavan (NPP),False,68.1168161257043
9,Uttar Pradesh,Walidpur (CT),25589,15031,1,Walidpur (CT),Walidpur (CT),False,58.74008362968463
9,Uttar Pradesh,Warhapur (NP),23456,10906,1,Warhapur (NP),Warhapur (NP),False,46.49556616643929
9,Uttar Pradesh,Wazirganj (NP),21844,9699,1,Wazirganj (NP),Wazirganj (NP),False,44.401208569859
9,Uttar Pradesh,Zaidpur (NP),34443,14270,1,Zaidpur (NP),Zaidpur (NP),False,41.430769677438086
9,Uttar Pradesh,Zamania (NPP),33243,21462,1,Zamania (NPP),Zamania (NPP),False,64.56096020214783
10,Bihar,Amarpur (NP),25336,14119,1,Amarpur (NP),Amarpur (NP),False,55.7270287338175
10,Bihar,Anwari (CT),6702,4843,1,Anwari (CT),Anwari (CT),False,72.26201133989854
10,Bihar,Araria (Nagar Parishad),79021,47396,1,Araria (Nagar Parishad),Araria (Nagar Parishad),False,59.97899292593109
10,Bihar,Areraj (NP),26014,15701,1,Areraj (NP),Areraj (NP),False,60.355962174213886
10,Bihar,Arrah,261430,182540,1,Arrah (M Corp.),Arrah,False,69.82366216578052
10,Bihar,Arwal (Nagar Parishad),51849,32116,1,Arwal (Nagar Parishad),Arwal (Nagar Parishad),False,61.941406777372755
10,Bihar,Asarganj (CT),6327,4761,1,Asarganj (CT),Asarganj (CT),False,75.24893314366999
10,Bihar,Aurangabad (Nagar Parishad),102244,75223,1,Aurangabad (Nagar Parishad),Aurangabad (Nagar Parishad),False,73.5720433472869
10,Bihar,Bagaha (Nagar Parishad),112634,55400,1,Bagaha (Nagar Parishad),Bagaha (Nagar Parishad),False,49.18585862173056
10,Bihar,Bahadurganj (NP),36993,18554,1,Bahadurganj (NP),Bahadurganj (NP),False,50.15543481199146
10,Bihar,Bahadurpur (CT),4406,2706,1,Bahadurpur (CT),Bahadurpur (CT),False,61.416250567408085
10,Bihar,Bairgania (NP),42895,23234,1,Bairgania (NP),Bairgania (NP),False,54.16482107471733
10,Bihar,Bakhri (NP),40043,22122,1,Bakhri (NP),Bakhri (NP),False,55.24561096820918
10,Bihar,Bakhtiarpur (NP),47897,27477,1,Bakhtiarpur (NP),Bakhtiarpur (NP),False,57.366849698310965
10,Bihar,Balia (NP),47550,25045,1,Balia (NP),Balia (NP),False,52.67087276550999
10,Bihar,Banka (NP),45977,29281,1,Banka (NP),Banka (NP),False,63.68619092154773
10,Bihar,Banmankhi Bazar (NP),30336,18520,1,Banmankhi Bazar (NP),Banmankhi Bazar (NP),False,61.04957805907173
10,Bihar,Bara (CT),5185,3655,1,Bara (CT),Bara (CT),False,70.49180327868852
10,Bihar,Barahiya (NP),43032,26746,1,Barahiya (NP),Barahiya (NP),False,62.15374604945158
10,Bihar,Barauli (NP),41877,23582,1,Barauli (NP),Barauli (NP),False,56.31253432671872
10,Bihar,Barauni (Nagar Parishad),71660,40529,1,Barauni (Nagar Parishad),Barauni (Nagar Parishad),False,56.557354172481155
10,Bihar,Barbigha (NP),46075,28318,1,Barbigha (NP),Barbigha (NP),False,61.46066196418882
10,Bihar,Barh (Nagar Parishad),61470,39168,1,Barh (Nagar Parishad),Barh (Nagar Parishad),False,63.71888726207906
10,Bihar,Begusarai,252008,162484,1,Begusarai (M Corp.),Begusarai,False,64.47573092917686
10,Bihar,Behea (NP),26707,17527,1,Behea (NP),Behea (NP),False,65.62698917886696
10,Bihar,Belsand (NP),20566,9440,1,Belsand (NP),Belsand (NP),False,45.90100165321404
10,Bihar,Benipur (Nagar Parishad),75317,37498,1,Benipur (Nagar Parishad),Benipur (Nagar Parishad),False,49.78690069970923
10,Bihar,Bettiah (Nagar Parishad),132209,91298,1,Bettiah (Nagar Parishad),Bettiah (Nagar Parishad),False,69.05581314433964
10,Bihar,Bhabua (Nagar Parishad),50179,35587,1,Bhabua (Nagar Parishad),Bhabua (Nagar Parishad),False,70.92010602044681
10,Bihar,Bhadauni (CT),20739,11629,1,Bhadauni (CT),Bhadauni (CT),False,56.07309899223685
10,Bihar,Bhagalpur,400146,273695,1,Bhagalpur (M Corp.),Bhagalpur,False,68.39878444367807
10,Bihar,Bhagirathpur (CT),5323,2714,1,Bhagirathpur (CT),Bhagirathpur (CT),False,50.98628592898742
10,Bihar,Bhardua (CT),5317,3588,1,Bhardua (CT),Bhardua (CT),False,67.48166259168704
10,Bihar,Bhuindhara (CT),6614,4668,1,Bhuindhara (CT),Bhuindhara (CT),False,70.57756274569095
10,Bihar,Biharsharif,297268,189785,1,Biharsharif (M Corp.),Biharsharif,False,63.84306417105103
10,Bihar,Bihat (Nagar Parishad),67952,44350,1,Bihat (Nagar Parishad),Bihat (Nagar Parishad),False,65.26665881798917
10,Bihar,Bihta (NP),47549,29714,1,Bihta (NP),Bihta (NP),False,62.491324738690615
10,Bihar,Bikram (NP),22486,14751,1,Bikram (NP),Bikram (NP),False,65.6008182869341
10,Bihar,Bikramganj (NP),48465,30452,1,Bikramganj (NP),Bikramganj (NP),False,62.83297224801403
10,Bihar,Birpur (NP),19932,13551,1,Birpur (NP),Birpur (NP),False,67.98615291992776
10,Bihar,Bodh Gaya (NP),38439,22121,1,Bodh Gaya (NP),Bodh Gaya (NP),False,57.54832331746403
10,Bihar,Buxar (Nagar Parishad),102861,74344,1,Buxar (Nagar Parishad),Buxar (Nagar Parishad),False,72.27617853219394
10,Bihar,Chakia (NP),20686,12648,1,Chakia (NP),Chakia (NP),False,61.142801895001455
10,Bihar,Chanari (CT),6569,4215,1,Chanari (CT),Chanari (CT),False,64.16501750646978
10,Bihar,Chanpatia (NP),27095,15105,1,Chanpatia (NP),Chanpatia (NP),False,55.74829304299686
10,Bihar,Chapra (Nagar Parishad),202352,135951,1,Chapra (Nagar Parishad),Chapra (Nagar Parishad),False,67.18539969953349
10,Bihar,Colgong (CT),1797,946,1,Colgong (CT),Colgong (CT),False,52.64329437952142
10,Bihar,Colgong (NP),33700,21875,1,Colgong (NP),Colgong (NP),False,64.91097922848664
10,Bihar,Dalsinghsarai (NP),23862,15690,1,Dalsinghsarai (NP),Dalsinghsarai (NP),False,65.75308021121448
10,Bihar,Damodarpur (CT),13884,9330,1,Damodarpur (CT),Damodarpur (CT),False,67.19965427830597
10,Bihar,Darbhanga,296039,201573,1,Darbhanga (M Corp.),Darbhanga,False,68.09001516692057
10,Bihar,Dariapur (CT),4851,2986,1,Dariapur (CT),Dariapur (CT),False,61.55431869717584
10,Bihar,Daudnagar (NP),52364,29273,1,Daudnagar (NP),Daudnagar (NP),False,55.90291039645558
10,Bihar,Dehri (Nagar Parishad),137231,95990,1,Dehri (Nagar Parishad),Dehri (Nagar Parishad),False,69.9477523300129
10,Bihar,Dhaka (NP),42063,18432,1,Dhaka (NP),Dhaka (NP),False,43.81998430925041
10,Bihar,Dharampur (CT),5291,3344,1,Dharampur (CT),Dharampur (CT),False,63.20166320166321
10,Bihar,Dighwara (NP),32741,18394,1,Dighwara (NP),Dighwara (NP),False,56.18032436394734
10,Bihar,Dinapur Cantonment (CB),28723,21347,1,Dinapur Cantonment (CB),Dinapur Cantonment (CB),False,74.32023117362392
10,Bihar,Dinapur Nizamat (Nagar Parishad),182429,120135,1,Dinapur Nizamat (Nagar Parishad),Dinapur Nizamat (Nagar Parishad),False,65.85301679009368
10,Bihar,Dumari urf Damodarpur Shahjahan (CT),6301,3867,1,Dumari urf Damodarpur Shahjahan (CT),Dumari urf Damodarpur Shahjahan (CT),False,61.37121091890177
10,Bihar,Dumra (NP),15674,12131,1,Dumra (NP),Dumra (NP),False,77.39568712517546
10,Bihar,Dumraon (Nagar Parishad),53618,32398,1,Dumraon (Nagar Parishad),Dumraon (Nagar Parishad),False,60.42373829684061
10,Bihar,Ekangar Sarai (CT),6672,4505,1,Ekangar Sarai (CT),Ekangar Sarai (CT),False,67.52098321342925
10,Bihar,Fatwah (NP),50961,29803,1,Fatwah (NP),Fatwah (NP),False,58.48197641333569
10,Bihar,Forbesganj (Nagar Parishad),50475,33786,1,Forbesganj (Nagar Parishad),Forbesganj (Nagar Parishad),False,66.93610698365528
10,Bihar,Gaya,942707,666569,2,Gaya (M Corp. + OG) | Gaya (M Corp.),Gaya,True,70.7079718300596
10,Bihar,Gazipur (CT),11299,6845,1,Gazipur (CT),Gazipur (CT),False,60.58058235242056
10,Bihar,Ghoghardiha (NP),18257,9703,1,Ghoghardiha (NP),Ghoghardiha (NP),False,53.146738237388405
10,Bihar,Gogri Jamalpur (NP),37753,20860,1,Gogri Jamalpur (NP),Gogri Jamalpur (NP),False,55.25388710830927
10,Bihar,Gopalganj (Nagar Parishad),67339,46237,1,Gopalganj (Nagar Parishad),Gopalganj (Nagar Parishad),False,68.66303330907795
10,Bihar,Habibpur (CT),12063,6490,1,Habibpur (CT),Habibpur (CT),False,53.800878720053056
10,Bihar,Hajipur (Nagar Parishad),147688,97372,1,Hajipur (Nagar Parishad),Hajipur (Nagar Parishad),False,65.93088131737176
10,Bihar,Hanspura (CT),7940,5620,1,Hanspura (CT),Hanspura (CT),False,70.7808564231738
10,Bihar,Hat Saraiya (CT),6863,3654,1,Hat Saraiya (CT),Hat Saraiya (CT),False,53.24202243916655
10,Bihar,Hathua (CT),7156,4408,1,Hathua (CT),Hathua (CT),False,61.59865846841811
10,Bihar,Hilsa (Nagar Parishad),51052,32705,1,Hilsa (Nagar Parishad),Hilsa (Nagar Parishad),False,64.06213272741519
10,Bihar,Hisua (NP),32585,19361,1,Hisua (NP),Hisua (NP),False,59.416909620991255
10,Bihar,Islampur (NP),35641,22187,1,Islampur (NP),Islampur (NP),False,62.25133974916529
10,Bihar,Jagdishpur (NP),32447,18751,1,Jagdishpur (NP),Jagdishpur (NP),False,57.78962615958332
10,Bihar,Jainagar (NP),21782,14546,1,Jainagar (NP),Jainagar (NP),False,66.7799100174456
10,Bihar,Jamalpur (Nagar Parishad),105434,80089,1,Jamalpur (Nagar Parishad),Jamalpur (Nagar Parishad),False,75.96126486712066
10,Bihar,Jamui (Nagar Parishad),87357,56201,1,Jamui (Nagar Parishad),Jamui (Nagar Parishad),False,64.33485582151401
10,Bihar,Janakpur Road (NP),15129,10855,1,Janakpur Road (NP),Janakpur Road (NP),False,71.74961993522373
10,Bihar,Janpur (CT),10614,6112,1,Janpur (CT),Janpur (CT),False,57.58432259280196
10,Bihar,Jehanabad (Nagar Parishad),103202,69147,1,Jehanabad (Nagar Parishad),Jehanabad (Nagar Parishad),False,67.00160849595939
10,Bihar,Jhajha (NP),40646,27624,1,Jhajha (NP),Jhajha (NP),False,67.96240712493234
10,Bihar,Jhanjharpur (NP),30590,15365,1,Jhanjharpur (NP),Jhanjharpur (NP),False,50.22883295194508
10,Bihar,Jogabani (NP),39281,20183,1,Jogabani (NP),Jogabani (NP),False,51.38107481988747
10,Bihar,Kanti (NP),25051,13725,1,Kanti (NP),Kanti (NP),False,54.788232006706316
10,Bihar,Kargahia Purab (CT),9995,6051,1,Kargahia Purab (CT),Kargahia Purab (CT),False,60.54027013506753
10,Bihar,Kasba (NP),30421,17523,1,Kasba (NP),Kasba (NP),False,57.60165675027119
10,Bihar,Kataiya (NP),20193,11637,1,Kataiya (NP),Kataiya (NP),False,57.62888129549844
10,Bihar,Katihar,467099,314501,2,Katihar (M Corp. + OG) | Katihar (M Corp.),Katihar,True,67.33069434959185
10,Bihar,Kesaria (NP),18984,9444,1,Kesaria (NP),Kesaria (NP),False,49.74715549936789
10,Bihar,Khagaria (Nagar Parishad),49406,35124,1,Khagaria (Nagar Parishad),Khagaria (Nagar Parishad),False,71.09257984860139
10,Bihar,Khagaul (Nagar Parishad),44364,34002,1,Khagaul (Nagar Parishad),Khagaul (Nagar Parishad),False,76.64322423586691
10,Bihar,Kharagpur (NP),31385,18177,1,Kharagpur (NP),Kharagpur (NP),False,57.916202007328344
10,Bihar,Khusrupur (NP),15731,9528,1,Khusrupur (NP),Khusrupur (NP),False,60.5683046214481
10,Bihar,Kishanganj (Nagar Parishad),105782,65308,1,Kishanganj (Nagar Parishad),Kishanganj (Nagar Parishad),False,61.73829195893441
10,Bihar,Koath (NP),18890,10375,1,Koath (NP),Koath (NP),False,54.923239809422974
10,Bihar,Koilwar (NP),17725,10401,1,Koilwar (NP),Koilwar (NP),False,58.67983074753174
10,Bihar,Kurthaur (CT),9880,6942,1,Kurthaur (CT),Kurthaur (CT),False,70.26315789473684
10,Bihar,Lakhisarai (Nagar Parishad),99979,57902,1,Lakhisarai (Nagar Parishad),Lakhisarai (Nagar Parishad),False,57.91416197401455
10,Bihar,Lalganj (NP),37098,22544,1,Lalganj (NP),Lalganj (NP),False,60.76877459701332
10,Bihar,Laruara (CT),9376,4694,1,Laruara (CT),Laruara (CT),False,50.06399317406144
10,Bihar,Madhepura (Nagar Parishad),54472,35244,1,Madhepura (Nagar Parishad),Madhepura (Nagar Parishad),False,64.70113085621972
10,Bihar,Madhuban (NP),17510,8015,1,Madhuban (NP),Madhuban (NP),False,45.77384351798972
10,Bihar,Madhubani (CT),7070,4566,1,Madhubani (CT),Madhubani (CT),False,64.58274398868458
10,Bihar,Madhubani (Nagar Parishad),75736,47414,1,Madhubani (Nagar Parishad),Madhubani (Nagar Parishad),False,62.60430970740467
10,Bihar,Maharajganj (NP),24282,15181,1,Maharajganj (NP),Maharajganj (NP),False,62.519561815336466
10,Bihar,Mahnar Bazar (NP),48293,26837,1,Mahnar Bazar (NP),Mahnar Bazar (NP),False,55.57120079514629
10,Bihar,Mairwa (NP),23565,14561,1,Mairwa (NP),Mairwa (NP),False,61.790791427965196
10,Bihar,Majhauli Khetal (CT),6820,4757,1,Majhauli Khetal (CT),Majhauli Khetal (CT),False,69.75073313782991
10,Bihar,Makhdumpur (NP),31994,18293,1,Makhdumpur (NP),Makhdumpur (NP),False,57.176345564793394
10,Bihar,Malhipur (CT),12439,5821,1,Malhipur (CT),Malhipur (CT),False,46.79636626738484
10,Bihar,Maner (NP),40068,22756,1,Maner (NP),Maner (NP),False,56.79345113307378
10,Bihar,Manihari (NP),26629,14098,1,Manihari (NP),Manihari (NP),False,52.94228097187277
10,Bihar,Mansur Chak (CT),5359,2602,1,Mansur Chak (CT),Mansur Chak (CT),False,48.55383467064751
10,Bihar,Marhaura (NP),29932,16255,1,Marhaura (NP),Marhaura (NP),False,54.306427903247354
10,Bihar,Masaurhi (Nagar Parishad),59803,37945,1,Masaurhi (Nagar Parishad),Masaurhi (Nagar Parishad),False,63.449994147450795
10,Bihar,Mathurapur (CT),7627,5018,1,Mathurapur (CT),Mathurapur (CT),False,65.79257899567327
10,Bihar,Mehsi (NP),25995,13538,1,Mehsi (NP),Mehsi (NP),False,52.07924600884786
10,Bihar,Mirganj (NP),26240,17070,1,Mirganj (NP),Mirganj (NP),False,65.05335365853658
10,Bihar,Mohanpur (CT),5815,2789,1,Mohanpur (CT),Mohanpur (CT),False,47.96216680997421
10,Bihar,Mokameh (Nagar Parishad),60678,37619,1,Mokameh (Nagar Parishad),Mokameh (Nagar Parishad),False,61.997758660470026
10,Bihar,Motihari (Nagar Parishad),126158,92798,1,Motihari (Nagar Parishad),Motihari (Nagar Parishad),False,73.55696824616751
10,Bihar,Motipur (NP),28572,16029,1,Motipur (NP),Motipur (NP),False,56.10037799244015
10,Bihar,Munger,213303,146507,1,Munger (M Corp.),Munger,False,68.68492238740195
10,Bihar,Murliganj (NP),28691,16132,1,Murliganj (NP),Murliganj (NP),False,56.22669129692238
10,Bihar,Muzaffarpur,354462,257663,1,Muzaffarpur (M Corp.),Muzaffarpur,False,72.69128989849406
10,Bihar,Nabinagar (NP),23984,14310,1,Nabinagar (NP),Nabinagar (NP),False,59.664776517678455
10,Bihar,Narkatiaganj (Nagar Parishad),49507,32202,1,Narkatiaganj (Nagar Parishad),Narkatiaganj (Nagar Parishad),False,65.04534712262912
10,Bihar,Nasriganj (NP),23819,14767,1,Nasriganj (NP),Nasriganj (NP),False,61.99672530332927
10,Bihar,Naubatpur (NP),25011,14968,1,Naubatpur (NP),Naubatpur (NP),False,59.8456679061213
10,Bihar,Naugachhia (NP),49069,27279,1,Naugachhia (NP),Naugachhia (NP),False,55.5931443477552
10,Bihar,Nawada (Nagar Parishad),98029,68758,1,Nawada (Nagar Parishad),Nawada (Nagar Parishad),False,70.14046863683195
10,Bihar,Nirmali (NP),20189,11533,1,Nirmali (NP),Nirmali (NP),False,57.12516717024122
10,Bihar,Nohsa (CT),16680,11161,1,Nohsa (CT),Nohsa (CT),False,66.91247002398082
10,Bihar,Nokha (NP),27302,17113,1,Nokha (NP),Nokha (NP),False,62.68038971503918
10,Bihar,Nurpur (CT),12797,7507,2,Nurpur (CT),Nurpur (CT),True,58.6621864499492
10,Bihar,Obra (CT),14786,9802,1,Obra (CT),Obra (CT),False,66.29243879345327
10,Bihar,Padri (CT),7566,4964,1,Padri (CT),Padri (CT),False,65.60930478456251
10,Bihar,Paharpur (CT),1894,1110,1,Paharpur (CT),Paharpur (CT),False,58.60612460401268
10,Bihar,Pakri Dayal (NP),29582,12294,1,Pakri Dayal (NP),Pakri Dayal (NP),False,41.559056182813876
10,Bihar,Pareo (CT),8435,4789,1,Pareo (CT),Pareo (CT),False,56.77534084173088
10,Bihar,Paria (CT),4922,3332,1,Paria (CT),Paria (CT),False,67.69605851279967
10,Bihar,Pataliputra Housing Colony (CT),3531,3102,1,Pataliputra Housing Colony (CT),Pataliputra Housing Colony (CT),False,87.85046728971963
10,Bihar,Patna,3368519,2469922,2,Patna (M Corp. + OG) | Patna (M Corp.),Patna,True,73.32367725994717
10,Bihar,Phulwari Sharif (Nagar Parishad),81740,55265,1,Phulwari Sharif (Nagar Parishad),Phulwari Sharif (Nagar Parishad),False,67.61071690726695
10,Bihar,Piro (NP),33785,20348,1,Piro (NP),Piro (NP),False,60.22791179517537
10,Bihar,Puraini (CT),30829,13063,1,Puraini (CT),Puraini (CT),False,42.372441532323464
10,Bihar,Purnia,282248,174658,1,Purnia (M Corp.),Purnia,False,61.88104078682577
10,Bihar,Rafiganj (NP),35536,23736,1,Rafiganj (NP),Rafiganj (NP),False,66.79423683025664
10,Bihar,Raghunathpur (CT),6355,3834,1,Raghunathpur (CT),Raghunathpur (CT),False,60.33044846577498
10,Bihar,Rajauli (NP),30170,17287,1,Rajauli (NP),Rajauli (NP),False,57.29864103413988
10,Bihar,Rajgir (NP),41587,24121,1,Rajgir (NP),Rajgir (NP),False,58.001298482698914
10,Bihar,Rajopatti urf Kota Bazar (CT),14631,8559,1,Rajopatti urf Kota Bazar (CT),Rajopatti urf Kota Bazar (CT),False,58.49907730161985
10,Bihar,Ramgarh (CT),8690,5801,1,Ramgarh (CT),Ramgarh (CT),False,66.75489067894131
10,Bihar,Ramnagar (NP),48411,26725,1,Ramnagar (NP),Ramnagar (NP),False,55.20439569519324
10,Bihar,Raxaul Bazar (Nagar Parishad),55536,35186,1,Raxaul Bazar  (Nagar Parishad),Raxaul Bazar (Nagar Parishad),False,63.35710169979832
10,Bihar,Revelganj (NP),39039,21044,1,Revelganj (NP),Revelganj (NP),False,53.90506928968467
10,Bihar,Rosera (NP),31155,20098,1,Rosera (NP),Rosera (NP),False,64.50970951693147
10,Bihar,Sabour (CT),12575,8951,1,Sabour (CT),Sabour (CT),False,71.18091451292247
10,Bihar,Saharsa (Nagar Parishad),156540,98919,1,Saharsa (Nagar Parishad),Saharsa (Nagar Parishad),False,63.19087773093139
10,Bihar,Sahebganj (NP),23224,11886,1,Sahebganj (NP),Sahebganj (NP),False,51.179813985532206
10,Bihar,Saidpura (CT),7392,4746,1,Saidpura (CT),Saidpura (CT),False,64.20454545454545
10,Bihar,Samastipur (Nagar Parishad + OG),67925,50766,1,Samastipur (Nagar Parishad + OG),Samastipur (Nagar Parishad + OG),False,74.73831431726168
10,Bihar,Samastipur (Nagar Parishad),62935,46416,1,Samastipur (Nagar Parishad),Samastipur (Nagar Parishad),False,73.75228410264558
10,Bihar,Sanrha (CT),11362,7328,1,Sanrha (CT),Sanrha (CT),False,64.49568737898257
10,Bihar,Saraiya (CT),8260,4733,1,Saraiya (CT),Saraiya (CT),False,57.300242130750604
10,Bihar,Sarimpur (CT),8020,4885,1,Sarimpur (CT),Sarimpur (CT),False,60.91022443890274
10,Bihar,Sasaram (Nagar Parishad),147408,102077,1,Sasaram (Nagar Parishad),Sasaram (Nagar Parishad),False,69.24793769673288
10,Bihar,Satghara (CT),8060,4849,1,Satghara (CT),Satghara (CT),False,60.16129032258064
10,Bihar,Shahjangi (CT),3866,2106,1,Shahjangi (CT),Shahjangi (CT),False,54.474909467149516
10,Bihar,Shahpur (NP),17767,10521,1,Shahpur (NP),Shahpur (NP),False,59.216525018292344
10,Bihar,Sheikhpura (Nagar Parishad),62927,35863,1,Sheikhpura (Nagar Parishad),Sheikhpura (Nagar Parishad),False,56.99143451936371
10,Bihar,Shekhpura (CT),10204,7642,1,Shekhpura (CT),Shekhpura (CT),False,74.8921991375931
10,Bihar,Sheohar (NP),28116,14075,1,Sheohar (NP),Sheohar (NP),False,50.06046379285816
10,Bihar,Sherghati (NP),40666,25389,1,Sherghati (NP),Sherghati (NP),False,62.43299070476566
10,Bihar,Silao (NP),25674,14439,1,Silao (NP),Silao (NP),False,56.23977564851601
10,Bihar,Singhesar Asthan (CT),5298,3120,1,Singhesar Asthan (CT),Singhesar Asthan (CT),False,58.89014722536806
10,Bihar,Sitamarhi (Nagar Parishad),67818,44598,1,Sitamarhi (Nagar Parishad),Sitamarhi (Nagar Parishad),False,65.76130230912148
10,Bihar,Siwan (Nagar Parishad),135066,92967,1,Siwan (Nagar Parishad),Siwan (Nagar Parishad),False,68.83079383412553
10,Bihar,Sonepur (NP),37776,25893,1,Sonepur (NP),Sonepur (NP),False,68.54351969504448
10,Bihar,Sugauli (NP),38815,20121,1,Sugauli (NP),Sugauli (NP),False,51.83820687878398
10,Bihar,Sultanganj (Nagar Parishad),52892,31327,1,Sultanganj (Nagar Parishad),Sultanganj (Nagar Parishad),False,59.228238675035925
10,Bihar,Supaul (Nagar Parishad),65437,38855,1,Supaul (Nagar Parishad),Supaul (Nagar Parishad),False,59.37772208383636
10,Bihar,Talkhapur Dumra (CT),7970,4219,1,Talkhapur Dumra (CT),Talkhapur Dumra (CT),False,52.936010037641154
10,Bihar,Tarapur (CT),7450,5085,1,Tarapur (CT),Tarapur (CT),False,68.25503355704699
10,Bihar,Teghra (NP),56234,31155,1,Teghra (NP),Teghra (NP),False,55.40242557883131
10,Bihar,Telkap (CT),4504,2475,1,Telkap (CT),Telkap (CT),False,54.951154529307274
10,Bihar,Thakurganj (NP),18348,11728,1,Thakurganj (NP),Thakurganj (NP),False,63.91977327229126
10,Bihar,Tikari (NP),21324,14457,1,Tikari (NP),Tikari (NP),False,67.7968486212718
10,Bihar,Tola Baliadih (CT),5400,2276,1,Tola Baliadih (CT),Tola Baliadih (CT),False,42.148148148148145
10,Bihar,Tola Chain (CT),6072,2606,1,Tola Chain (CT),Tola Chain (CT),False,42.918313570487484
10,Bihar,Tola Mansaraut (CT),6451,3642,1,Tola Mansaraut (CT),Tola Mansaraut (CT),False,56.45636335451868
10,Bihar,Tola Pairamatihana (CT),5858,2570,1,Tola Pairamatihana (CT),Tola Pairamatihana (CT),False,43.87162854216456
10,Bihar,Warisaliganj (NP),34056,19885,1,Warisaliganj (NP),Warisaliganj (NP),False,58.38912379610054
10,Bihar,Yehiapur (CT),4919,3910,1,Yehiapur (CT),Yehiapur (CT),False,79.4877007521854
11,Sikkim,Gangtok,100286,81309,1,Gangtok (M Corp.),Gangtok,False,81.07711943840616
11,Sikkim,Gyalshing (NP),4013,3229,1,Gyalshing (NP),Gyalshing (NP),False,80.46349364565162
11,Sikkim,Jorethang (NP),9009,7161,1,Jorethang (NP),Jorethang (NP),False,79.48717948717949
11,Sikkim,Mangan (NP),4644,3402,1,Mangan (NP),Mangan (NP),False,73.25581395348837
11,Sikkim,Namchi (M Cl),12190,9814,1,Namchi (M Cl),Namchi (M Cl),False,80.50861361771943
11,Sikkim,Nayabazar Notified Bazar Area,1235,978,1,Nayabazar Notified Bazar Area,Nayabazar Notified Bazar Area,False,79.19028340080972
11,Sikkim,Rangpo (NP),10450,8091,1,Rangpo (NP),Rangpo (NP),False,77.42583732057416
11,Sikkim,Rhenak (CT),5883,4590,1,Rhenak (CT),Rhenak (CT),False,78.02141764405916
11,Sikkim,Singtam (NP),5868,4448,1,Singtam (NP),Singtam (NP),False,75.80095432856169
12,Arunachal Pradesh,Aalo (NT),20684,15535,1,Aalo (NT),Aalo (NT),False,75.10636240572424
12,Arunachal Pradesh,Anini (NT),2384,1744,1,Anini (NT),Anini (NT),False,73.15436241610739
12,Arunachal Pradesh,Basar (NT),4284,3337,1,Basar (NT),Basar (NT),False,77.89449112978525
12,Arunachal Pradesh,Boleng (NT),2979,2207,1,Boleng (NT),Boleng (NT),False,74.08526351124539
12,Arunachal Pradesh,Bomdila (NT),8370,5686,1,Bomdila (NT),Bomdila (NT),False,67.93309438470729
12,Arunachal Pradesh,Changlang (NT),6236,4928,1,Changlang (NT),Changlang (NT),False,79.02501603592046
12,Arunachal Pradesh,Daporijo (NT),13405,9219,1,Daporijo (NT),Daporijo (NT),False,68.77284595300262
12,Arunachal Pradesh,Deomali (NT),6648,4778,1,Deomali (NT),Deomali (NT),False,71.87123947051745
12,Arunachal Pradesh,Dirang (NT),3750,2644,1,Dirang (NT),Dirang (NT),False,70.50666666666666
12,Arunachal Pradesh,Hawai (NT),982,722,1,Hawai (NT),Hawai (NT),False,73.5234215885947
12,Arunachal Pradesh,Itanagar (NT),59490,44172,1,Itanagar (NT),Itanagar (NT),False,74.25113464447807
12,Arunachal Pradesh,Jairampur (NT),7151,5436,1,Jairampur (NT),Jairampur (NT),False,76.01734023213537
12,Arunachal Pradesh,Khonsa (NT),9928,7488,1,Khonsa (NT),Khonsa (NT),False,75.42304593070105
12,Arunachal Pradesh,Koloriang (NT),2345,1307,1,Koloriang (NT),Koloriang (NT),False,55.73560767590619
12,Arunachal Pradesh,Longding,4234,2409,1,Longding,Longding,False,56.896551724137936
12,Arunachal Pradesh,Miao (NT),5841,4063,1,Miao (NT),Miao (NT),False,69.56000684814244
12,Arunachal Pradesh,Naharlagun (NT),36158,26329,1,Naharlagun (NT),Naharlagun (NT),False,72.81652746280216
12,Arunachal Pradesh,Namsai (NT),14246,9306,1,Namsai (NT),Namsai (NT),False,65.3235996069072
12,Arunachal Pradesh,Pasighat (NT),24656,17305,1,Pasighat (NT),Pasighat (NT),False,70.18575600259571
12,Arunachal Pradesh,Roing (NT),11389,9044,1,Roing (NT),Roing (NT),False,79.4099569760295
12,Arunachal Pradesh,Rupa (CT),3812,2699,1,Rupa (CT),Rupa (CT),False,70.80272822665268
12,Arunachal Pradesh,Sagalee (NT),1315,946,1,Sagalee (NT),Sagalee (NT),False,71.93916349809885
12,Arunachal Pradesh,Seppa (NT),18350,11535,1,Seppa (NT),Seppa (NT),False,62.86103542234333
12,Arunachal Pradesh,Tawang (NT),11202,9554,1,Tawang (NT),Tawang (NT),False,85.28834136761293
12,Arunachal Pradesh,Tezu (NT),18184,13504,1,Tezu (NT),Tezu (NT),False,74.26308842938847
12,Arunachal Pradesh,Yingkiong (NT),6540,4477,1,Yingkiong (NT),Yingkiong (NT),False,68.45565749235473
12,Arunachal Pradesh,Ziro (NT),12806,9729,1,Ziro (NT),Ziro (NT),False,75.97220053100109
13,Nagaland,Changtongya (TC),7532,6269,1,Changtongya (TC),Changtongya (TC),False,83.23154540626659
13,Nagaland,Chumukedima (TC),25885,19980,1,Chumukedima (TC),Chumukedima (TC),False,77.18756036314468
13,Nagaland,Dimapur,122834,92594,1,Dimapur (MC),Dimapur,False,75.38140905612453
13,Nagaland,Diphupar 'A' (CT),10246,8432,1,Diphupar 'A' (CT),Diphupar 'A' (CT),False,82.29552996291235
13,Nagaland,Jalukie (TC),8706,6118,1,Jalukie (TC),Jalukie (TC),False,70.27337468412588
13,Nagaland,Kiphire (TC),16487,11845,1,Kiphire (TC),Kiphire (TC),False,71.84448353248014
13,Nagaland,Kohima,99039,78961,1,Kohima (MC),Kohima,False,79.72717818233221
13,Nagaland,Kohima Village (CT),15734,11832,1,Kohima Village (CT),Kohima Village (CT),False,75.20020338121266
13,Nagaland,Kuda (CT),16108,11745,1,Kuda (CT),Kuda (CT),False,72.91407996026818
13,Nagaland,Longleng (TC),7613,5841,1,Longleng (TC),Longleng (TC),False,76.72402469460134
13,Nagaland,Medziphema (TC),8738,6736,1,Medziphema (TC),Medziphema (TC),False,77.08857862211033
13,Nagaland,Mokokchung,35913,30738,1,Mokokchung (MC),Mokokchung,False,85.59017625929329
13,Nagaland,Mon (TC),26328,19238,1,Mon (TC),Mon (TC),False,73.07049529018535
13,Nagaland,Naginimora (TC),8116,5457,1,Naginimora (TC),Naginimora (TC),False,67.23755544603253
13,Nagaland,Peren (TC),5084,3731,1,Peren (TC),Peren (TC),False,73.38709677419355
13,Nagaland,Pfutsero (TC),10371,7839,1,Pfutsero (TC),Pfutsero (TC),False,75.58576800694243
13,Nagaland,Phek (TC),14204,10821,1,Phek (TC),Phek (TC),False,76.18276541819206
13,Nagaland,Puranabazar 'A' (CT),7385,5945,1,Puranabazar 'A' (CT),Puranabazar 'A' (CT),False,80.50101557210562
13,Nagaland,Rangapahar (CT),6673,5783,1,Rangapahar (CT),Rangapahar (CT),False,86.66267046306008
13,Nagaland,Satakha Hq. (CT),4964,4321,1,Satakha Hq. (CT),Satakha Hq. (CT),False,87.04673650282031
13,Nagaland,Tseminyu (TC),6315,4712,1,Tseminyu (TC),Tseminyu (TC),False,74.6159936658749
13,Nagaland,Tsudikong (13th Mile Tuli Paper Mill ) (CT),4416,3545,1,Tsudikong (13th Mile Tuli Paper Mill ) (CT),Tsudikong (13th Mile Tuli Paper Mill ) (CT),False,80.27626811594203
13,Nagaland,Tuensang (TC),36774,28559,1,Tuensang (TC),Tuensang (TC),False,77.660847337793
13,Nagaland,Tuli (TC),7864,6331,1,Tuli (TC),Tuli (TC),False,80.5061037639878
13,Nagaland,Wokha (TC),35004,29987,1,Wokha (TC),Wokha (TC),False,85.667352302594
13,Nagaland,Zunheboto (TC),22633,18411,1,Zunheboto (TC),Zunheboto (TC),False,81.34582247161225
14,Manipur,Andro (NP),8744,4877,1,Andro (NP),Andro (NP),False,55.77538883806038
14,Manipur,Bishnupur (MCI),12167,9106,1,Bishnupur (MCI),Bishnupur (MCI),False,74.84178515657105
14,Manipur,Chingangbam Leikai (CT),4904,3839,1,Chingangbam Leikai (CT),Chingangbam Leikai (CT),False,78.28303425774877
14,Manipur,Heingang (CT),6115,4577,1,Heingang (CT),Heingang (CT),False,74.84873262469338
14,Manipur,Heirok (NP),2974,1842,1,Heirok (NP),Heirok (NP),False,61.936785474108945
14,Manipur,Hill Town (CT),2293,1816,1,Hill Town (CT),Hill Town (CT),False,79.19755778456171
14,Manipur,Imphal (MCI + OG) ( Minor part),83737,65958,1,Imphal (MCI + OG) ( Minor part),Imphal (MCI + OG) ( Minor part),False,78.76804757753443
14,Manipur,Imphal (MCI + OG) (Major part),193459,159216,1,Imphal (MCI + OG) (Major part),Imphal (MCI + OG) (Major part),False,82.29960870261917
14,Manipur,Imphal (MCI) ( Minor part),81705,64344,1,Imphal (MCI) ( Minor part),Imphal (MCI) ( Minor part),False,78.75160638883789
14,Manipur,Imphal (MCI) (Major part),186538,153584,1,Imphal (MCI) (Major part),Imphal (MCI) (Major part),False,82.33389443437798
14,Manipur,Jiribam (M Cl),7343,5851,1,Jiribam (M Cl),Jiribam (M Cl),False,79.68132915702029
14,Manipur,Kakching (M Cl),32138,23228,1,Kakching (M Cl),Kakching (M Cl),False,72.2758105669301
14,Manipur,Kakching Khunou (NP),11379,7595,1,Kakching Khunou (NP),Kakching Khunou (NP),False,66.74575973284121
14,Manipur,Kangpokpi (CT),7476,5499,1,Kangpokpi (CT),Kangpokpi (CT),False,73.5553772070626
14,Manipur,Khongman (CT),6096,4969,1,Khongman (CT),Khongman (CT),False,81.51246719160105
14,Manipur,Khurai Sajor Leikai (CT),7987,6403,1,Khurai Sajor Leikai (CT),Khurai Sajor Leikai (CT),False,80.16777263052461
14,Manipur,Kiyamgei (CT),5336,3781,1,Kiyamgei (CT),Kiyamgei (CT),False,70.85832083958022
14,Manipur,Kshetrigao (CT),10534,7036,1,Kshetrigao (CT),Kshetrigao (CT),False,66.79324093411809
14,Manipur,Kumbi (NP),9546,6306,1,Kumbi (NP),Kumbi (NP),False,66.05908233815211
14,Manipur,Kwakta (NP),8579,4141,1,Kwakta (NP),Kwakta (NP),False,48.269029024361814
14,Manipur,Laipham Siphai (CT),5268,4392,1,Laipham Siphai (CT),Laipham Siphai (CT),False,83.37129840546697
14,Manipur,Lairikyengbam Leikai (CT),4586,3707,1,Lairikyengbam Leikai (CT),Lairikyengbam Leikai (CT),False,80.83296990841691
14,Manipur,Lamjaotongba (CT),10593,7993,1,Lamjaotongba (CT),Lamjaotongba (CT),False,75.45548947418106
14,Manipur,Lamlai (NP),4601,3344,1,Lamlai (NP),Lamlai (NP),False,72.67985220604216
14,Manipur,Lamsang (NP),8130,6132,1,Lamsang (NP),Lamsang (NP),False,75.42435424354244
14,Manipur,Langjing (CT),5451,4299,1,Langjing (CT),Langjing (CT),False,78.86626307099614
14,Manipur,Lilong (Imphal West) (NP + OG),17566,13715,1,Lilong (Imphal West) (NP + OG),Lilong (Imphal West) (NP + OG),False,78.07696686781283
14,Manipur,Lilong (Imphal West) (NP),12427,9546,1,Lilong (Imphal West) (NP),Lilong (Imphal West) (NP),False,76.8166089965398
14,Manipur,Lilong (Thoubal) (NP) ( Minor part),2012,1537,1,Lilong (Thoubal) (NP) ( Minor part),Lilong (Thoubal) (NP) ( Minor part),False,76.39165009940358
14,Manipur,Lilong (Thoubal) (NP) (Major part),22888,14300,1,Lilong (Thoubal) (NP) (Major part),Lilong (Thoubal) (NP) (Major part),False,62.47815449143657
14,Manipur,Luwangsangbam (CT),3458,2770,1,Luwangsangbam (CT),Luwangsangbam (CT),False,80.1041064198959
14,Manipur,Mayang Imphal (MCl),24239,15266,1,Mayang Imphal (MCl),Mayang Imphal (MCl),False,62.98114608688478
14,Manipur,Moirang (MCI),19893,14868,1,Moirang (MCI),Moirang (MCI),False,74.73985824159251
14,Manipur,Moreh (ST),16847,10285,1,Moreh (ST),Moreh (ST),False,61.04944500504541
14,Manipur,Nambol (MCI) (Major part),17081,12471,1,Nambol (MCI) (Major part),Nambol (MCI) (Major part),False,73.0109478367777
14,Manipur,Nambol (MCI) (Minor part),5431,4258,1,Nambol (MCI) (Minor part),Nambol (MCI) (Minor part),False,78.40176763027067
14,Manipur,Naoriya Pakhanglakpa (CT),7501,5914,1,Naoriya Pakhanglakpa (CT),Naoriya Pakhanglakpa (CT),False,78.8428209572057
14,Manipur,Ningthoukhong (MCl),13078,8821,1,Ningthoukhong (MCl),Ningthoukhong (MCl),False,67.44915124636795
14,Manipur,Oinam (NP),7161,5062,1,Oinam (NP),Oinam (NP),False,70.68845133361262
14,Manipur,Porompat (CT),6191,4817,1,Porompat (CT),Porompat (CT),False,77.80649329672104
14,Manipur,Rengkai (CT),8293,6868,1,Rengkai (CT),Rengkai (CT),False,82.81683347401423
14,Manipur,Sagolband (CT),4964,4069,1,Sagolband (Part) (CT),Sagolband (CT),False,81.97018533440773
14,Manipur,Samurou (NP) (Minor part),5861,4144,1,Samurou (NP) (Minor part),Samurou (NP) (Minor part),False,70.7046579082068
14,Manipur,Samurou NP (Major part),10721,7655,1,Samurou NP (Major part),Samurou NP (Major part),False,71.40192146255013
14,Manipur,Sekmai Bazar (NP),5065,3676,1,Sekmai Bazar (NP),Sekmai Bazar (NP),False,72.57650542941757
14,Manipur,Sikhong Sekmai (NP),7390,4438,1,Sikhong Sekmai (NP),Sikhong Sekmai (NP),False,60.05412719891745
14,Manipur,Sugnu (NP),5132,3455,1,Sugnu (NP),Sugnu (NP),False,67.32268121590023
14,Manipur,Takyel Mapal (CT),5775,4624,1,Takyel Mapal (CT),Takyel Mapal (CT),False,80.06926406926407
14,Manipur,Tamenglong (CT),19363,14504,1,Tamenglong (CT),Tamenglong (CT),False,74.90574807622787
14,Manipur,Thongju (CT),10836,8518,1,Thongju (CT),Thongju (CT),False,78.60834256183094
14,Manipur,Thongkhong Laxmi Bazar (NP),14878,9886,1,Thongkhong Laxmi Bazar (NP),Thongkhong Laxmi Bazar (NP),False,66.44710310525608
14,Manipur,Thoubal (MCI),45947,33448,1,Thoubal (MCI),Thoubal (MCI),False,72.79691818834745
14,Manipur,Torban (Kshetri Leikai) (CT),5459,4407,1,Torban (Kshetri Leikai) (CT),Torban (Kshetri Leikai) (CT),False,80.72907125847225
14,Manipur,Ukhrul (CT),27187,21185,1,Ukhrul (CT),Ukhrul (CT),False,77.92327215213153
14,Manipur,Wangjing (NP),8055,5738,1,Wangjing (NP),Wangjing (NP),False,71.23525760397268
14,Manipur,Wangoi (NP),9106,6532,1,Wangoi (NP),Wangoi (NP),False,71.73292334724357
14,Manipur,Yairipok (NP),9569,6746,1,Yairipok (NP),Yairipok (NP),False,70.49848469014526
14,Manipur,Zenhang Lamka (CT),7771,5733,1,Zenhang Lamka (CT),Zenhang Lamka (CT),False,73.77428902329173
15,Mizoram,Aizawl (NT),293416,253192,1,Aizawl (NT),Aizawl (NT),False,86.29113613436213
15,Mizoram,Bairabi (NT),4320,3237,1,Bairabi (NT),Bairabi (NT),False,74.93055555555556
15,Mizoram,Biate (NT),2277,1991,1,Biate (NT),Biate (NT),False,87.43961352657004
15,Mizoram,Champhai (NT),32734,26713,1,Champhai (NT),Champhai (NT),False,81.60628093114192
15,Mizoram,Darlawn (NT),3769,3058,1,Darlawn (NT),Darlawn (NT),False,81.13557972937119
15,Mizoram,Hnahthial (NT),7187,6068,1,Hnahthial (NT),Hnahthial (NT),False,84.4302212327814
15,Mizoram,Khawhai (NT),2496,2112,1,Khawhai (NT),Khawhai (NT),False,84.61538461538461
15,Mizoram,Khawzawl (NT),11022,8964,1,Khawzawl (NT),Khawzawl (NT),False,81.32825258573762
15,Mizoram,Kolasib (NT),24272,20375,1,Kolasib (NT),Kolasib (NT),False,83.94446275543837
15,Mizoram,Lawngtlai (NT),20830,16939,1,Lawngtlai (NT),Lawngtlai (NT),False,81.32021123379741
15,Mizoram,Lengpui (NT),3282,2710,1,Lengpui (NT),Lengpui (NT),False,82.5716026812919
15,Mizoram,Lunglei (NT),57011,49345,1,Lunglei (NT),Lunglei (NT),False,86.55347213695602
15,Mizoram,Mamit (NT),7884,6451,1,Mamit (NT),Mamit (NT),False,81.82394723490614
15,Mizoram,N. Kawnpui (NT),7732,6380,1,N. Kawnpui (NT),N. Kawnpui (NT),False,82.51422659079152
15,Mizoram,North Vanlaiphai (NT),3602,3046,1,North Vanlaiphai (NT),North Vanlaiphai (NT),False,84.56413103831206
15,Mizoram,Saiha (NT),25110,20270,1,Saiha (NT),Saiha (NT),False,80.72481083233771
15,Mizoram,Sairang (NT),5950,4867,1,Sairang (NT),Sairang (NT),False,81.7983193277311
15,Mizoram,Saitual (NT),11619,9703,1,Saitual (NT),Saitual (NT),False,83.50976848265772
15,Mizoram,Serchhip (NT),21158,18179,1,Serchhip (NT),Serchhip (NT),False,85.92021930239153
15,Mizoram,Thenzawl (NT),7259,6157,1,Thenzawl (NT),Thenzawl (NT),False,84.81884557101529
15,Mizoram,Tlabung (NT),4554,3595,1,Tlabung (NT),Tlabung (NT),False,78.94158981115503
15,Mizoram,Vairengte (NT),10554,8633,1,Vairengte (NT),Vairengte (NT),False,81.79837028614743
15,Mizoram,Zawlnuam (NT),3733,2856,1,Zawlnuam (NT),Zawlnuam (NT),False,76.50683096705063
16,Tripura,Agartala (M Cl),400004,344711,1,Agartala (M Cl),Agartala (M Cl),False,86.17688823111769
16,Tripura,Amarpur (NP),10838,9248,1,Amarpur (NP),Amarpur (NP),False,85.32939656763241
16,Tripura,Ambassa (NP),16285,13821,1,Ambassa (NP),Ambassa (NP),False,84.86951182069389
16,Tripura,Anandanagar (CT),13814,11009,1,Anandanagar (CT),Anandanagar (CT),False,79.69451281308817
16,Tripura,Bankimnagar (CT),11949,8889,1,Bankimnagar (CT),Bankimnagar (CT),False,74.39116244037159
16,Tripura,Belonia (NP),19996,17394,1,Belonia (NP),Belonia (NP),False,86.9873974794959
16,Tripura,Bishalgarh (NP),21085,17970,1,Bishalgarh (NP),Bishalgarh (NP),False,85.22646431112165
16,Tripura,Briddhanagar (CT),7041,5808,1,Briddhanagar (CT),Briddhanagar (CT),False,82.48828291435876
16,Tripura,Chandigarh (CT),5607,4884,1,Chandigarh (CT),Chandigarh (CT),False,87.10540395933654
16,Tripura,Charipara (CT),19598,15259,1,Charipara (CT),Charipara (CT),False,77.85998571282784
16,Tripura,Dewanpasa (CT),8761,7082,1,Dewanpasa (CT),Dewanpasa (CT),False,80.83552105923981
16,Tripura,Dharmanagar (NP),40595,34951,1,Dharmanagar (NP),Dharmanagar (NP),False,86.09680995196453
16,Tripura,Dhwajnagar (CT),9052,7885,1,Dhwajnagar (CT),Dhwajnagar (CT),False,87.10782147591692
16,Tripura,Dukli (CT),16941,13901,1,Dukli (CT),Dukli (CT),False,82.05536863231214
16,Tripura,Fatikroy (CT),5371,4371,1,Fatikroy (CT),Fatikroy (CT),False,81.38149320424502
16,Tripura,Fulkumari (CT),11160,9403,1,Fulkumari (Part) (CT),Fulkumari (CT),False,84.25627240143369
16,Tripura,Gakulnagar (CT),11369,8561,1,Gakulnagar (CT),Gakulnagar (CT),False,75.30125780631542
16,Tripura,Gakulpur (CT),8361,6375,1,Gakulpur (CT),Gakulpur (CT),False,76.24686042339434
16,Tripura,Gandhigram (CT),14572,11930,1,Gandhigram (CT),Gandhigram (CT),False,81.8693384573154
16,Tripura,Kailasahar (NP),22405,19265,1,Kailasahar (NP),Kailasahar (NP),False,85.98527114483375
16,Tripura,Kalachhari (CT),4827,4191,1,Kalachhari (CT),Kalachhari (CT),False,86.82411435674332
16,Tripura,Kamalpur (NP),10872,9664,1,Kamalpur (NP),Kamalpur (NP),False,88.88888888888889
16,Tripura,Kanchanpur (CT),15341,12384,1,Kanchanpur (CT),Kanchanpur (CT),False,80.72485496382244
16,Tripura,Khowai (NP),18526,16582,1,Khowai (NP),Khowai (NP),False,89.50663931771564
16,Tripura,Kumarghat (NP),13054,10889,1,Kumarghat (NP),Kumarghat (NP),False,83.41504519687453
16,Tripura,Lebachhara (CT),5273,3655,1,Lebachhara (CT),Lebachhara (CT),False,69.31538023895317
16,Tripura,Madhuban (CT),16579,13562,1,Madhuban (CT),Madhuban (CT),False,81.80227999276192
16,Tripura,Madhupur (CT),14105,11848,1,Madhupur (CT),Madhupur (CT),False,83.9985820630982
16,Tripura,Manu (CT),8515,6723,1,Manu (CT),Manu (CT),False,78.95478567234292
16,Tripura,Matarbari (CT),6530,5457,1,Matarbari (CT),Matarbari (CT),False,83.56814701378255
16,Tripura,Narsingarh (CT),7404,6375,1,Narsingarh (CT),Narsingarh (CT),False,86.10210696920583
16,Tripura,Panisagar (CT),14758,12393,1,Panisagar (CT),Panisagar (CT),False,83.97479333242987
16,Tripura,Radhakishorenagar (CT),13866,11083,1,Radhakishorenagar (CT),Radhakishorenagar (CT),False,79.92932352516948
16,Tripura,Ranirbazar (NP),13104,10968,1,Ranirbazar (NP),Ranirbazar (NP),False,83.69963369963371
16,Tripura,Sabroom (NP),7142,6295,1,Sabroom (NP),Sabroom (NP),False,88.1405768692243
16,Tripura,Santir Bazar (NP),11921,9834,1,Santir Bazar (NP),Santir Bazar (NP),False,82.49307943964432
16,Tripura,Singarbil (CT),12917,10596,1,Singarbil (CT),Singarbil (CT),False,82.0314314469304
16,Tripura,Sonamura (NP),11285,8777,1,Sonamura (NP),Sonamura (NP),False,77.77580859548073
16,Tripura,Taranagar (CT),15481,12837,1,Taranagar (CT),Taranagar (CT),False,82.9209999354047
16,Tripura,Teliamura (NP),21032,17659,1,Teliamura (NP),Teliamura (NP),False,83.96253328261697
16,Tripura,Udaipur (NP),32758,28378,1,Udaipur (NP),Udaipur (NP),False,86.6292203431223
16,Tripura,Uttar Champamura (CT),11359,9143,1,Uttar Champamura (CT),Uttar Champamura (CT),False,80.49124042609385
17,Meghalaya,Baghmara (MB),13131,9787,1,Baghmara (MB),Baghmara (MB),False,74.53354656918741
17,Meghalaya,Cherrapunjee (CT),11722,9121,1,Cherrapunjee (CT),Cherrapunjee (CT),False,77.81095376215663
17,Meghalaya,Jowai,28430,22387,1,Jowai (M),Jowai,False,78.74428420682378
17,Meghalaya,Lawsohtun (CT),8214,6648,1,Lawsohtun (CT),Lawsohtun (CT),False,80.93498904309715
17,Meghalaya,Madanriting (CT),29194,23686,1,Madanriting (CT),Madanriting (CT),False,81.13310954305679
17,Meghalaya,Mairang (TC),14363,10259,1,Mairang (TC),Mairang (TC),False,71.4265821903502
17,Meghalaya,Mawlai (CT),55012,42714,1,Mawlai (CT),Mawlai (CT),False,77.64487748127681
17,Meghalaya,Mawpat (CT),6184,4585,1,Mawpat (CT),Mawpat (CT),False,74.14294954721863
17,Meghalaya,Nongkseh (CT),4846,3839,1,Nongkseh (CT),Nongkseh (CT),False,79.21997523730913
17,Meghalaya,Nongmynsong (CT),15017,10574,1,Nongmynsong (CT),Nongmynsong (CT),False,70.41353133115803
17,Meghalaya,Nongpoh (TC),17055,11610,1,Nongpoh (TC),Nongpoh (TC),False,68.07387862796834
17,Meghalaya,Nongstoin (TC),28742,19846,1,Nongstoin (TC),Nongstoin (TC),False,69.04877879062
17,Meghalaya,Nongthymmai (CT),38004,32059,1,Nongthymmai (CT),Nongthymmai (CT),False,84.35690979896853
17,Meghalaya,Pynthormukhrah (CT),27219,21146,1,Pynthormukhrah (CT),Pynthormukhrah (CT),False,77.68837944083177
17,Meghalaya,Resubelpara (MB),19595,15566,1,Resubelpara (MB),Resubelpara (MB),False,79.43863230415923
17,Meghalaya,Shillong (CB),11930,9186,1,Shillong (CB),Shillong (CB),False,76.99916177703268
17,Meghalaya,Shillong (MB),143229,119642,1,Shillong (MB),Shillong (MB),False,83.5319662917426
17,Meghalaya,Tura,74858,60254,1,Tura (M),Tura,False,80.49106307943039
17,Meghalaya,Umlyngka (CT),7381,5051,1,Umlyngka (CT),Umlyngka (CT),False,68.43246172605339
17,Meghalaya,Umpling (CT),8529,6771,1,Umpling (CT),Umpling (CT),False,79.38797045374605
17,Meghalaya,Umroi (CT),8198,6432,1,Umroi (CT),Umroi (CT),False,78.4581605269578
17,Meghalaya,Williamnagar (MB),24597,18688,1,Williamnagar (MB),Williamnagar (MB),False,75.9767451315201
18,Assam,Abhayapuri (TC),15847,13138,1,Abhayapuri (TC),Abhayapuri (TC),False,82.9052817567994
18,Assam,Ambicapur Pt VI (CT),7971,5760,1,Ambicapur Pt VI (CT),Ambicapur Pt VI (CT),False,72.26194956718103
18,Assam,Ambicapur Pt VIII (CT),11691,7549,1,Ambicapur Pt VIII (CT),Ambicapur Pt VIII (CT),False,64.57103755025233
18,Assam,Ambikapur Pt. X (CT),14283,11507,1,Ambikapur Pt. X (CT),Ambikapur Pt. X (CT),False,80.56430721837148
18,Assam,Amguri (MB),8002,6585,1,Amguri (MB),Amguri (MB),False,82.29192701824543
18,Assam,Amin Gaon (CT),8855,6314,1,Amin Gaon (CT),Amin Gaon (CT),False,71.30434782608695
18,Assam,Anand Nagar (CT),2050,1198,1,Anand Nagar (CT),Anand Nagar (CT),False,58.4390243902439
18,Assam,Asudubi (CT),7356,3004,1,Asudubi (CT),Asudubi (CT),False,40.83741163675911
18,Assam,Azara (CT),8780,7074,1,Azara (CT),Azara (CT),False,80.56947608200456
18,Assam,B.R.P.L. Township (CT),6001,5574,1,B.R.P.L. Township (CT),B.R.P.L. Township (CT),False,92.8845192467922
18,Assam,Badarpur (TC),13298,11516,1,Badarpur (TC),Badarpur (TC),False,86.599488644909
18,Assam,Badarpur Rly. Town (CT),8882,7530,1,Badarpur Rly. Town (CT),Badarpur Rly. Town (CT),False,84.77820310740825
18,Assam,Bahbari Gaon (CT),6821,5662,1,Bahbari Gaon (CT),Bahbari Gaon (CT),False,83.008356545961
18,Assam,Bali Koria (CT),6359,5503,1,Bali Koria (CT),Bali Koria (CT),False,86.53876395659695
18,Assam,Bamun Sualkuchi (CT),7628,6246,1,Bamun Sualkuchi (CT),Bamun Sualkuchi (CT),False,81.88253801782905
18,Assam,Bangaon (CT),5873,4783,1,Bangaon (CT),Bangaon (CT),False,81.44049037970373
18,Assam,Barbari (Amc Area) (CT),2884,2168,1,Barbari (Amc Area) (CT),Barbari (Amc Area) (CT),False,75.17337031900139
18,Assam,Barika Chuburi (CT),7911,6755,1,Barika Chuburi (CT),Barika Chuburi (CT),False,85.38743521678676
18,Assam,Barpathar (TC),7657,6165,1,Barpathar (TC),Barpathar (TC),False,80.51456183884028
18,Assam,Barpeta (MB),42649,35380,1,Barpeta (MB),Barpeta (MB),False,82.95622406152548
18,Assam,Barpeta Road (MB),35571,28225,1,Barpeta Road (MB),Barpeta Road (MB),False,79.34834556239633
18,Assam,Barua Bari Gaon (CT),5444,4229,1,Barua Bari Gaon (CT),Barua Bari Gaon (CT),False,77.6818515797208
18,Assam,Basugaon (TC),13849,10562,1,Basugaon (TC),Basugaon (TC),False,76.26543432738826
18,Assam,Batarashi (CT),7001,4461,1,Batarashi (CT),Batarashi (CT),False,63.7194686473361
18,Assam,Belsor (CT),8523,7203,1,Belsor (CT),Belsor (CT),False,84.5124956001408
18,Assam,Bhalukdubi (CT),9636,5190,1,Bhalukdubi (CT),Bhalukdubi (CT),False,53.86052303860524
18,Assam,Bhuragaon (Rev.) Town (CT),9845,6138,1,Bhuragaon (Rev.) Town (CT),Bhuragaon (Rev.) Town (CT),False,62.3463687150838
18,Assam,Bihpuria (TC),12016,9661,1,Bihpuria (TC),Bihpuria (TC),False,80.40113182423435
18,Assam,Bijni (TC),13257,10781,1,Bijni (TC),Bijni (TC),False,81.323074602097
18,Assam,Bilasipara (TC),37410,26703,1,Bilasipara (TC),Bilasipara (TC),False,71.37931034482759
18,Assam,Biswanath Chariali (TC),19145,15714,1,Biswanath Chariali (TC),Biswanath Chariali (TC),False,82.07887176808566
18,Assam,Bohari (CT),8264,5735,1,Bohari (CT),Bohari (CT),False,69.3973862536302
18,Assam,Bokajan (TC),19877,15195,1,Bokajan (TC),Bokajan (TC),False,76.44513759621672
18,Assam,Bokakhat (TC),10143,8349,1,Bokakhat (TC),Bokakhat (TC),False,82.31292517006803
18,Assam,Bongaigaon (MB),67322,53548,1,Bongaigaon (MB),Bongaigaon (MB),False,79.54012061436083
18,Assam,Borgolai Grant No.II (CT),5241,3464,1,Borgolai Grant No.II (CT),Borgolai Grant No.II (CT),False,66.09425682121733
18,Assam,Borpukhuri (CT),8318,4493,1,Borpukhuri (CT),Borpukhuri (CT),False,54.01538831449868
18,Assam,Chabua (TC),8966,7138,1,Chabua (TC),Chabua (TC),False,79.61186705331251
18,Assam,Chalantapara Pt IV (CT),5744,2859,1,Chalantapara Pt IV (CT),Chalantapara Pt IV (CT),False,49.77367688022284
18,Assam,Chandrapur Baghicha (CT),5106,3720,1,Chandrapur Baghicha (CT),Chandrapur Baghicha (CT),False,72.85546415981199
18,Assam,Changsari (CT),5354,4324,1,Changsari (CT),Changsari (CT),False,80.762047067613
18,Assam,Chapakhowa Town (CT),10305,7818,1,Chapakhowa Town (CT),Chapakhowa Town (CT),False,75.86608442503639
18,Assam,Chapar (TC),20322,14257,1,Chapar (TC),Chapar (TC),False,70.15549650624938
18,Assam,Chapra (CT),11220,9018,1,Chapra (CT),Chapra (CT),False,80.37433155080214
18,Assam,Charingia Gaon (CT),5094,4044,1,Charingia Gaon (CT),Charingia Gaon (CT),False,79.38751472320376
18,Assam,Chatibor Gaon (CT),8231,4096,1,Chatibor Gaon (CT),Chatibor Gaon (CT),False,49.76309075446483
18,Assam,Chekonidhara (CT),9026,7917,1,Chekonidhara (CT),Chekonidhara (CT),False,87.71327276756038
18,Assam,Chota Haibor (CT),6315,4433,1,Chota Haibor (CT),Chota Haibor (CT),False,70.19794140934283
18,Assam,Dahali (CT),8397,6372,1,Dahali (CT),Dahali (CT),False,75.88424437299035
18,Assam,Damara Patpara (CT),4922,3729,1,Damara Patpara (CT),Damara Patpara (CT),False,75.76188541243397
18,Assam,Dergaon (MB),20059,17184,1,Dergaon (MB),Dergaon (MB),False,85.66728151951743
18,Assam,Dhakuakhana (TC),13502,10619,1,Dhakuakhana (TC),Dhakuakhana (TC),False,78.64760776181306
18,Assam,Dharapur (CT),8095,6587,1,Dharapur (CT),Dharapur (CT),False,81.37121680049412
18,Assam,Dhekiajuli (MB),21579,17568,1,Dhekiajuli (MB),Dhekiajuli (MB),False,81.41248435979425
18,Assam,Dhekorgorha (CT),4708,4024,1,Dhekorgorha (CT),Dhekorgorha (CT),False,85.47153780798641
18,Assam,Dhemaji (TC),12816,10415,1,Dhemaji (TC),Dhemaji (TC),False,81.26560549313359
18,Assam,Dhing (TC),19235,15085,1,Dhing (TC),Dhing (TC),False,78.42474655575774
18,Assam,Dhubri (MB),63388,49602,1,Dhubri (MB),Dhubri (MB),False,78.25140405123999
18,Assam,Dibrugarh (MB + OG),145488,117975,2,Dibrugarh (MB + OG) (Part),Dibrugarh (MB + OG),True,81.08916199274167
18,Assam,Dibrugarh (MB),139565,113345,1,Dibrugarh (MB),Dibrugarh (MB),False,81.21305484899509
18,Assam,Digaru Gaon (Digarubar Gaon) (CT),3207,2169,1,Digaru Gaon (Digarubar Gaon) (CT),Digaru Gaon (Digarubar Gaon) (CT),False,67.63330215154349
18,Assam,Digboi (TC),21736,18408,1,Digboi (TC),Digboi (TC),False,84.688995215311
18,Assam,Digboi Oil Town (CT),12726,10614,1,Digboi Oil Town (CT),Digboi Oil Town (CT),False,83.4040546911834
18,Assam,Digheli (CT),5285,4325,1,Digheli (CT),Digheli (CT),False,81.83538315988646
18,Assam,Dimaruguri (CT),10235,7406,1,Dimaruguri (CT),Dimaruguri (CT),False,72.35955056179775
18,Assam,Diphu (TC),61797,49017,1,Diphu (TC),Diphu (TC),False,79.31938443613767
18,Assam,Doboka (TC),13118,8440,1,Doboka (TC),Doboka (TC),False,64.33907607867053
18,Assam,Dokmoka (TC),5478,3856,1,Dokmoka (TC),Dokmoka (TC),False,70.39065352318364
18,Assam,Donkamokam (TC),9116,6551,1,Donkamokam (TC),Donkamokam (TC),False,71.86265906099166
18,Assam,Doom Dooma (TC),21572,16377,1,Doom Dooma (TC),Doom Dooma (TC),False,75.91785648062303
18,Assam,Dudhpatil Pt V (CT),4121,3441,1,Dudhpatil Pt V (CT),Dudhpatil Pt V (CT),False,83.49915069157971
18,Assam,Dudhpatil Pt VI (CT),5083,3561,1,Dudhpatil Pt VI (CT),Dudhpatil Pt VI (CT),False,70.05705292150304
18,Assam,Duliajan Oil Town (CT),28626,24312,1,Duliajan Oil Town (CT),Duliajan Oil Town (CT),False,84.92978411234542
18,Assam,Durga Nagar Pt. V (CT),9051,7589,1,Durga Nagar Pt. V (CT),Durga Nagar Pt. V (CT),False,83.8470887194785
18,Assam,Forest Vill. Lakhipathar (CT),6129,4589,1,Forest Vill. Lakhipathar (CT),Forest Vill. Lakhipathar (CT),False,74.87355196606298
18,Assam,Garal (CT),4400,3610,1,Garal (CT),Garal (CT),False,82.04545454545455
18,Assam,Gauripur (TC),25124,19876,1,Gauripur (TC),Gauripur (TC),False,79.1116064320968
18,Assam,Gerimari Chapori (CT),11004,7178,1,Gerimari Chapori (CT),Gerimari Chapori (CT),False,65.23082515448928
18,Assam,Goalpara (MB),53430,39627,1,Goalpara (MB),Goalpara (MB),False,74.16619876473891
18,Assam,Gobindapur (CT),11863,5295,1,Gobindapur (CT),Gobindapur (CT),False,44.63457809997471
18,Assam,Gohpur (TC),12223,9464,2,Gohpur (TC) (Part),Gohpur (TC),True,77.42780004908778
18,Assam,Golaghat (MB),41989,34352,1,Golaghat (MB),Golaghat (MB),False,81.81190311748315
18,Assam,Golaghatia Basti (CT),9809,7785,1,Golaghatia Basti (CT),Golaghatia Basti (CT),False,79.36588846977266
18,Assam,Golokganj (CT),8244,5897,1,Golokganj (CT),Golokganj (CT),False,71.5308102862688
18,Assam,Gossaigaon (TC),9068,7307,1,Gossaigaon (TC),Gossaigaon (TC),False,80.58006175562417
18,Assam,Gutlong Gaon (CT),10900,6033,1,Gutlong Gaon (CT),Gutlong Gaon (CT),False,55.34862385321101
18,Assam,Guwahati,1919686,1590973,4,Guwahati (M Corp. + OG) (Part) | Guwahati (M Corp.) (Part),Guwahati,True,82.87673088202968
18,Assam,H.P.C. Township (CT),2732,2495,1,H.P.C. Township (CT),H.P.C. Township (CT),False,91.3250366032211
18,Assam,Haflong (TC),43756,36016,1,Haflong (TC),Haflong (TC),False,82.310997348935
18,Assam,Hailakandi (MB),33637,27925,1,Hailakandi (MB),Hailakandi (MB),False,83.0186996462229
18,Assam,Hamren (TC),8747,6354,1,Hamren (TC),Hamren (TC),False,72.64204870241225
18,Assam,Hojai (MB),36638,29708,1,Hojai (MB),Hojai (MB),False,81.08521207489491
18,Assam,Howli (TC),18301,12698,1,Howli (TC),Howli (TC),False,69.38418665646687
18,Assam,Howraghat (TC),5443,4419,1,Howraghat (TC),Howraghat (TC),False,81.1868454896197
18,Assam,Irongmara (CT),7685,5059,1,Irongmara (CT),Irongmara (CT),False,65.8295380611581
18,Assam,Jagiroad (CT),17739,13882,1,Jagiroad (CT),Jagiroad (CT),False,78.25694796775467
18,Assam,Jalah (CT),6468,4778,1,Jalah (CT),Jalah (CT),False,73.87136672850959
18,Assam,Jamunamukh (CT),7377,5837,1,Jamunamukh (CT),Jamunamukh (CT),False,79.12430527314626
18,Assam,Jhagra Pt.III (CT),8838,5573,1,Jhagra Pt.III (CT),Jhagra Pt.III (CT),False,63.057252772120385
18,Assam,Jonai Bazar (CT),4459,3198,1,Jonai Bazar (CT),Jonai Bazar (CT),False,71.7201166180758
18,Assam,Jorhat (MB + OG),126736,101887,2,Jorhat (MB + OG) (Part),Jorhat (MB + OG),True,80.39310061860876
18,Assam,Jorhat (MB),71782,59856,1,Jorhat (MB),Jorhat (MB),False,83.38580702683124
18,Assam,Kachujan Gaon (CT),3246,2803,1,Kachujan Gaon (CT),Kachujan Gaon (CT),False,86.35243376463339
18,Assam,Kahi Kuchi (CT),9917,7905,1,Kahi Kuchi (CT),Kahi Kuchi (CT),False,79.71160633256025
18,Assam,Kakaya (CT),5550,4203,1,Kakaya (CT),Kakaya (CT),False,75.72972972972974
18,Assam,Kalaigaon Town Part (CT),5112,3280,1,Kalaigaon Town Part (CT),Kalaigaon Town Part (CT),False,64.16275430359939
18,Assam,Kamalabaria N.C. (CT),10071,8679,1,Kamalabaria N.C. (CT),Kamalabaria N.C. (CT),False,86.17813523979744
18,Assam,Kampur Town (TC),10371,8242,1,Kampur Town (TC),Kampur Town (TC),False,79.4716035097869
18,Assam,Kanakpur I (CT),6219,4595,1,Kanakpur I (CT),Kanakpur I (CT),False,73.88647692555074
18,Assam,Kanakpur Pt. II (CT),9519,7470,1,Kanakpur Pt. II (CT),Kanakpur Pt. II (CT),False,78.47462968799243
18,Assam,Kanisail Pt I (CT),7358,5713,1,Kanisail Pt I (CT),Kanisail Pt I (CT),False,77.6433813536287
18,Assam,Karimganj (MB),56854,49095,1,Karimganj (MB),Karimganj (MB),False,86.35276321806732
18,Assam,Katirail T.E. (CT),6182,4673,1,Katirail T.E. (CT),Katirail T.E. (CT),False,75.59042381106438
18,Assam,Khaira Bari (CT),10210,6287,1,Khaira Bari (CT),Khaira Bari (CT),False,61.57688540646426
18,Assam,Kharijapikon (CT),5550,4306,1,Kharijapikon (CT),Kharijapikon (CT),False,77.58558558558558
18,Assam,Kharupatia (TC),18501,13959,1,Kharupatia (TC),Kharupatia (TC),False,75.44997567699043
18,Assam,Kochpara (CT),7540,6450,1,Kochpara (CT),Kochpara (CT),False,85.54376657824933
18,Assam,Kokrajhar (MB),34136,27923,1,Kokrajhar (MB),Kokrajhar (MB),False,81.79927349425826
18,Assam,Kumar Kaibarta Gaon (CT),8056,6661,1,Kumar Kaibarta Gaon (CT),Kumar Kaibarta Gaon (CT),False,82.6837140019861
18,Assam,Laharijan Natun Bosti (CT),2508,1712,1,Laharijan Natun Bosti (CT),Laharijan Natun Bosti (CT),False,68.2615629984051
18,Assam,Lakhi Nepali (CT),5348,3209,1,Lakhi Nepali (CT),Lakhi Nepali (CT),False,60.0037397157816
18,Assam,Lakhipur (MB),10277,8332,1,Lakhipur (MB),Lakhipur (MB),False,81.07424345626156
18,Assam,Lakhipur (TC),15633,10206,1,Lakhipur (TC),Lakhipur (TC),False,65.28497409326425
18,Assam,Lala (TC),11771,9984,1,Lala (TC),Lala (TC),False,84.81862203721009
18,Assam,Lanka (MB),36805,28571,1,Lanka (MB),Lanka (MB),False,77.6280396685233
18,Assam,Lido Tikok (CT),5091,3401,1,Lido Tikok (CT),Lido Tikok (CT),False,66.80416421135337
18,Assam,Lido Town (CT),11717,8560,1,Lido Town (CT),Lido Town (CT),False,73.05624306563114
18,Assam,Lumding (MB),31347,26473,1,Lumding (MB),Lumding (MB),False,84.45146265990367
18,Assam,Lumding Rly. Col. (CT),22658,18696,1,Lumding Rly. Col. (CT),Lumding Rly. Col. (CT),False,82.5139023744373
18,Assam,Mahur (TC),2121,1681,1,Mahur (TC),Mahur (TC),False,79.25506836397925
18,Assam,Maibong (TC),6236,4940,1,Maibong (TC),Maibong (TC),False,79.21744708146248
18,Assam,Mairabari Town (CT),7177,4309,1,Mairabari Town (CT),Mairabari Town (CT),False,60.0390135153964
18,Assam,Majarkuri (CT),4727,3824,1,Majarkuri (CT),Majarkuri (CT),False,80.8969748254707
18,Assam,Majgaon (CT),8154,7148,1,Majgaon (CT),Majgaon (CT),False,87.66249693402011
18,Assam,Majir Gaon (CT),4774,4016,1,Majir Gaon (CT),Majir Gaon (CT),False,84.1223292836196
18,Assam,Makum (TC),16923,11866,1,Makum (TC),Makum (TC),False,70.11759144359748
18,Assam,Mangaldoi (MB),25989,21827,1,Mangaldoi (MB),Mangaldoi (MB),False,83.98553234060564
18,Assam,Mankachar (CT),26162,16058,1,Mankachar (CT),Mankachar (CT),False,61.37909945722804
18,Assam,Margherita (TC),26914,21293,1,Margherita (TC),Margherita (TC),False,79.11495875752397
18,Assam,Mariani (TC),20801,17040,1,Mariani (TC),Mariani (TC),False,81.91913850295659
18,Assam,Marigaon (MB),29164,23174,1,Marigaon (MB),Marigaon (MB),False,79.46097928953503
18,Assam,Marowa (CT),4004,3266,1,Marowa (CT),Marowa (CT),False,81.56843156843156
18,Assam,Mohmaiki (CT),5639,4558,1,Mohmaiki (CT),Mohmaiki (CT),False,80.82993438552934
18,Assam,Moran Town (CT),8434,7213,1,Moran Town (CT),Moran Town (CT),False,85.52288356651648
18,Assam,Moranhat (TC),5679,4758,1,Moranhat (TC),Moranhat (TC),False,83.7823560486001
18,Assam,Morongial (CT),10318,6984,1,Morongial (CT),Morongial (CT),False,67.68753634425276
18,Assam,Mosli Pt I (CT),5087,3704,1,Mosli Pt I (CT),Mosli Pt I (CT),False,72.81305287988992
18,Assam,Nagaon (MB + OG),121628,97516,1,Nagaon (MB + OG),Nagaon (MB + OG),False,80.17561745650671
18,Assam,Nagaon (MB),117722,94746,1,Nagaon (MB),Nagaon (MB),False,80.48283243573844
18,Assam,Naharkatiya (TC),18937,14917,1,Naharkatiya (TC),Naharkatiya (TC),False,78.77171674499657
18,Assam,Nahira (CT),11790,8692,1,Nahira (CT),Nahira (CT),False,73.72349448685327
18,Assam,Nakhula Grant (CT),3806,2161,1,Nakhula Grant (CT),Nakhula Grant (CT),False,56.7787703625854
18,Assam,Nalbari (MB),27839,22719,1,Nalbari (MB),Nalbari (MB),False,81.60853478932432
18,Assam,Namrup (CT),15719,13349,1,Namrup (CT),Namrup (CT),False,84.9227050066798
18,Assam,Narayanpur (TC),6001,4743,1,Narayanpur (TC),Narayanpur (TC),False,79.03682719546742
18,Assam,Naubaisa Goan (CT),5015,4324,1,Naubaisa Goan (CT),Naubaisa Goan (CT),False,86.22133599202392
18,Assam,Nazira (MB),13304,11132,1,Nazira (MB),Nazira (MB),False,83.67408298256164
18,Assam,New Bongaigaon Rly. Col. (CT),14896,11090,1,New Bongaigaon Rly. Col. (CT),New Bongaigaon Rly. Col. (CT),False,74.44951664876477
18,Assam,Nidanpur Pt-II (CT),7954,3658,1,Nidanpur Pt-II (CT),Nidanpur Pt-II (CT),False,45.989439275836055
18,Assam,Niz Katigorah Pt III (CT),5687,4365,1,Niz Katigorah Pt III (CT),Niz Katigorah Pt III (CT),False,76.75400035167927
18,Assam,Niz- Mankata (CT),5924,4707,1,Niz- Mankata (CT),Niz- Mankata (CT),False,79.45644834571236
18,Assam,Niz-Bahjani (CT),5183,4064,1,Niz-Bahjani (CT),Niz-Bahjani (CT),False,78.41018715029907
18,Assam,Niz-Hajo (CT),15188,12052,1,Niz-Hajo (CT),Niz-Hajo (CT),False,79.3521200948117
18,Assam,No.2 Goreswar (CT),5631,4370,1,No.2 Goreswar (CT),No.2 Goreswar (CT),False,77.60610903924703
18,Assam,North Guwahati (TC),10328,8941,1,North Guwahati (TC),North Guwahati (TC),False,86.57048799380325
18,Assam,North Lakhimpur (MB),59814,45287,1,North Lakhimpur (MB),North Lakhimpur (MB),False,75.71304376901729
18,Assam,Nowsolia Gaon (CT),4312,3398,1,Nowsolia Gaon (CT),Nowsolia Gaon (CT),False,78.80333951762523
18,Assam,Numaligarh Refinery Township (CT),2318,1878,1,Numaligarh Refinery Township (CT),Numaligarh Refinery Township (CT),False,81.0181190681622
18,Assam,Padmabil (CT),6874,4893,1,Padmabil (CT),Padmabil (CT),False,71.18126272912424
18,Assam,Palasbari (MB),4925,4177,1,Palasbari (MB),Palasbari (MB),False,84.81218274111674
18,Assam,Parlli Part (CT),5788,4660,1,Parlli Part (CT),Parlli Part (CT),False,80.51140290255702
18,Assam,Pathsala (TC),11242,9467,1,Pathsala (TC),Pathsala (TC),False,84.21099448496709
18,Assam,Pipalibari (CT),4534,3569,1,Pipalibari (CT),Pipalibari (CT),False,78.71636524040582
18,Assam,Pub - Dhaniram Pather (CT),6280,4412,1,Pub - Dhaniram Pather (CT),Pub - Dhaniram Pather (CT),False,70.2547770700637
18,Assam,Raha (TC),11030,8704,1,Raha (TC),Raha (TC),False,78.91205802357207
18,Assam,Rangapara (TC),18393,14525,1,Rangapara (TC),Rangapara (TC),False,78.97026042516174
18,Assam,Rangia (MB),27889,22244,1,Rangia (MB),Rangia (MB),False,79.75904478468213
18,Assam,Rupahi Town (CT),8052,5431,1,Rupahi Town (CT),Rupahi Town (CT),False,67.44908097367114
18,Assam,Rupiabathan (CT),4981,4011,1,Rupiabathan (CT),Rupiabathan (CT),False,80.52599879542261
18,Assam,Salakati (CT),4863,3292,1,Salakati (CT),Salakati (CT),False,67.69483857701007
18,Assam,Salpara Molandubi Pt.-I (CT),11709,7463,1,Salpara Molandubi Pt.-I (CT),Salpara Molandubi Pt.-I (CT),False,63.73729609701939
18,Assam,Sanpara (CT),4534,3536,1,Sanpara (CT),Sanpara (CT),False,77.98853109836789
18,Assam,Sapatgram (TC),12163,9531,1,Sapatgram (TC),Sapatgram (TC),False,78.3606018252076
18,Assam,Sarbhog (TC),8112,6479,1,Sarbhog (TC),Sarbhog (TC),False,79.86932938856016
18,Assam,Sarpara (CT),6529,5016,1,Sarpara (CT),Sarpara (CT),False,76.82646653392557
18,Assam,Sarthebari (TC),6913,5849,1,Sarthebari (TC),Sarthebari (TC),False,84.60870823086938
18,Assam,Sarupathar (TC),9931,8300,1,Sarupathar (TC),Sarupathar (TC),False,83.57667908569127
18,Assam,Sarupathar Bengali (CT),8752,7179,1,Sarupathar Bengali (CT),Sarupathar Bengali (CT),False,82.02696526508227
18,Assam,Sepon (CT),4234,2863,1,Sepon (CT),Sepon (CT),False,67.61927255550307
18,Assam,Silapathar (TC),25662,18794,1,Silapathar (TC),Silapathar (TC),False,73.23669238562856
18,Assam,Silchar (MB + OG),178865,146385,1,Silchar (MB + OG),Silchar (MB + OG),False,81.84105330836105
18,Assam,Silchar (MB),172830,142294,1,Silchar (MB),Silchar (MB),False,82.33177110455361
18,Assam,Silchar Pt. X (CT),6313,4785,1,Silchar Pt. X (CT),Silchar Pt. X (CT),False,75.79597655631237
18,Assam,Simaluguri (TC),8286,6756,1,Simaluguri (TC),Simaluguri (TC),False,81.53511947863866
18,Assam,Sivasagar (MB),50781,42044,1,Sivasagar (MB),Sivasagar (MB),False,82.79474606644217
18,Assam,Sonapur Gaon (CT),5771,4072,1,Sonapur Gaon (CT),Sonapur Gaon (CT),False,70.55969502685842
18,Assam,Sonari (MB),19810,15877,1,Sonari (MB),Sonari (MB),False,80.14639071176174
18,Assam,Sualkuchi (CT),13898,11992,1,Sualkuchi (CT),Sualkuchi (CT),False,86.28579651748453
18,Assam,Takhlibilar Pathar (CT),6611,3607,1,Takhlibilar Pathar (CT),Takhlibilar Pathar (CT),False,54.56058085009832
18,Assam,Tangla (TC),17183,13433,1,Tangla (TC),Tangla (TC),False,78.17610428912297
18,Assam,Tarapur Pt VI (CT),8753,6575,1,Tarapur Pt VI (CT),Tarapur Pt VI (CT),False,75.11710270764308
18,Assam,Tarapur VII (CT),6977,6101,1,Tarapur VII (CT),Tarapur VII (CT),False,87.44446036978644
18,Assam,Tegheria (CT),5567,4708,1,Tegheria (CT),Tegheria (CT),False,84.5697862403449
18,Assam,Teok (TC),8795,7308,1,Teok (TC),Teok (TC),False,83.09266628766345
18,Assam,Tezpur (MB + OG),75540,63626,1,Tezpur (MB + OG),Tezpur (MB + OG),False,84.22822345777071
18,Assam,Tezpur (MB),58559,48871,1,Tezpur (MB),Tezpur (MB),False,83.45600163937226
18,Assam,Thekashu Pt-I (CT),4384,3319,1,Thekashu Pt-I (CT),Thekashu Pt-I (CT),False,75.70711678832117
18,Assam,Thekashu Pt.-II (CT),5625,4392,1,Thekashu Pt.-II (CT),Thekashu Pt.-II (CT),False,78.08
18,Assam,Tihu (TC),4599,3914,1,Tihu (TC),Tihu (TC),False,85.10545770819743
18,Assam,Tinsukia (MB + OG),116322,92858,1,Tinsukia (MB + OG),Tinsukia (MB + OG),False,79.82840735200564
18,Assam,Tinsukia (MB),99448,79830,1,Tinsukia (MB),Tinsukia (MB),False,80.2731075536964
18,Assam,Titabor Town (TC),17920,14899,1,Titabor Town (TC),Titabor Town (TC),False,83.14174107142858
18,Assam,Tupkhana Pt I (CT),4640,3491,1,Tupkhana Pt I (CT),Tupkhana Pt I (CT),False,75.23706896551724
18,Assam,Udalguri (TC),15279,12196,1,Udalguri (TC),Udalguri (TC),False,79.82197787813338
18,Assam,Udiana (CT),4644,3563,1,Udiana (CT),Udiana (CT),False,76.7226528854436
18,Assam,Umrangso (TC),10376,8227,1,Umrangso (TC),Umrangso (TC),False,79.2887432536623
18,Assam,Upar Hali (CT),7095,5611,1,Upar Hali (CT),Upar Hali (CT),False,79.08386187455955
18,Assam,Uttar Athiabari (CT),6091,4476,1,Uttar Athiabari (CT),Uttar Athiabari (CT),False,73.48547036611393
18,Assam,Uttar Krishnapur Pt III (CT),5187,3925,1,Uttar Krishnapur Pt III (CT),Uttar Krishnapur Pt III (CT),False,75.66994409099672
18,Assam,Uttar Krishnapur Pt. I (CT),6960,5229,1,Uttar Krishnapur Pt. I (CT),Uttar Krishnapur Pt. I (CT),False,75.12931034482759
19,West Bengal,Abhirampur (CT),4618,3559,1,Abhirampur (CT),Abhirampur (CT),False,77.067994802945
19,West Bengal,Adra (CT),14956,11565,1,Adra (CT),Adra (CT),False,77.32682535437283
19,West Bengal,Ahmadpur (CT),9242,6722,1,Ahmadpur (CT),Ahmadpur (CT),False,72.73317463752434
19,West Bengal,Aiho (CT),5898,4181,1,Aiho (CT),Aiho (CT),False,70.88843675822312
19,West Bengal,Aistala (CT),20662,15913,1,Aistala (CT),Aistala (CT),False,77.01577775626754
19,West Bengal,Ajodhya Nagar (P) (CT),8883,6462,1,Ajodhya Nagar (P) (CT),Ajodhya Nagar (P) (CT),False,72.74569402228977
19,West Bengal,Ajodhyanagar (CT),4409,2691,1,Ajodhyanagar (CT),Ajodhyanagar (CT),False,61.03424812882739
19,West Bengal,Alikhoja (CT),4613,3664,1,Alikhoja (CT),Alikhoja (CT),False,79.4277043138955
19,West Bengal,Alipukur (CT),5552,3631,1,Alipukur (CT),Alipukur (CT),False,65.39985590778097
19,West Bengal,Alipur (CT),27704,16076,3,Alipur (CT),Alipur (CT),True,58.02772162864568
19,West Bengal,Alipurduar,65232,54418,1,Alipurduar (M),Alipurduar,False,83.42224675006132
19,West Bengal,Alipurduar Rly.Jnc. (CT),10733,8755,1,Alipurduar Rly.Jnc. (CT),Alipurduar Rly.Jnc. (CT),False,81.57085623777137
19,West Bengal,Amalhara (CT),14261,10859,1,Amalhara (CT),Amalhara (CT),False,76.14473038356357
19,West Bengal,Amarshi Kasba (CT),6400,4306,1,Amarshi Kasba (CT),Amarshi Kasba (CT),False,67.28125
19,West Bengal,Ambhua (CT),10477,5006,1,Ambhua (CT),Ambhua (CT),False,47.78085329769972
19,West Bengal,Amkula (CT),5445,3239,1,Amkula (CT),Amkula (CT),False,59.48576675849403
19,West Bengal,Amlagora (CT),5165,3463,1,Amlagora (CT),Amlagora (CT),False,67.04743465634076
19,West Bengal,Amlajora (CT),5856,3625,1,Amlajora (CT),Amlajora (CT),False,61.90232240437158
19,West Bengal,Amodghata (CT),7910,6459,1,Amodghata (CT),Amodghata (CT),False,81.65613147914033
19,West Bengal,Amta (CT),16699,12918,1,Amta (CT),Amta (CT),False,77.35792562428888
19,West Bengal,Amtala (CT),8765,6896,1,Amtala (CT),Amtala (CT),False,78.67655447803766
19,West Bengal,Anantabati (CT),9171,6702,1,Anantabati (CT),Anantabati (CT),False,73.07818122342165
19,West Bengal,Anantapur (CT),5532,4328,1,Anantapur (CT),Anantapur (CT),False,78.23571945047
19,West Bengal,Anarbaria (CT),5895,4432,1,Anarbaria (CT),Anarbaria (CT),False,75.18235793044953
19,West Bengal,Andal(Gram) (CT),6177,4410,1,Andal(Gram) (CT),Andal(Gram) (CT),False,71.39388052452647
19,West Bengal,Andul (CT),6302,5626,1,Andul (CT),Andul (CT),False,89.27324658838464
19,West Bengal,Ankurhati (CT),11130,8136,1,Ankurhati (CT),Ankurhati (CT),False,73.09973045822102
19,West Bengal,Anulia (CT),5220,3924,1,Anulia (CT),Anulia (CT),False,75.17241379310344
19,West Bengal,Anup Nagar (CT),12940,5150,1,Anup Nagar (CT),Anup Nagar (CT),False,39.799072642967545
19,West Bengal,Arambag,66175,48338,1,Arambag (M),Arambag,False,73.04571212693615
19,West Bengal,Argari (CT),10715,8156,1,Argari (CT),Argari (CT),False,76.11759216052263
19,West Bengal,Arjunpur (CT),6042,2785,1,Arjunpur (CT),Arjunpur (CT),False,46.09400860642172
19,West Bengal,Arra (CT),29080,21586,2,Arra (CT),Arra (CT),True,74.22971114167814
19,West Bengal,Asansol,563917,419592,1,Asansol (M Corp.),Asansol,False,74.40669460221983
19,West Bengal,Ashadtalya (CT),5274,4148,1,Ashadtalya (CT),Ashadtalya (CT),False,78.64998103905954
19,West Bengal,Ashokenagar Kalyangarh,121592,103492,1,Ashokenagar Kalyangarh (M),Ashokenagar Kalyangarh,False,85.11415224685834
19,West Bengal,Asuti (CT),6272,4719,1,Asuti (CT),Asuti (CT),False,75.2391581632653
19,West Bengal,Aurangabad (CT),39261,21027,1,Aurangabad (CT),Aurangabad (CT),False,53.55696492702682
19,West Bengal,Babanpur (P) (CT),8942,6953,1,Babanpur (P) (CT),Babanpur (P) (CT),False,77.75665399239544
19,West Bengal,Bablari Dewanganj (CT),6806,5016,1,Bablari Dewanganj (CT),Bablari Dewanganj (CT),False,73.6996767558037
19,West Bengal,Badamtam Tea Garden (CT),6102,4536,1,Badamtam Tea Garden (CT),Badamtam Tea Garden (CT),False,74.33628318584071
19,West Bengal,Badhagachhi (CT),5052,3994,1,Badhagachhi (CT),Badhagachhi (CT),False,79.05779889152811
19,West Bengal,Badkulla (CT),18051,14264,1,Badkulla (CT),Badkulla (CT),False,79.0205528779569
19,West Bengal,Baduria,52493,38770,1,Baduria (M),Baduria,False,73.85746670984703
19,West Bengal,Bagbari (CT),8660,4700,1,Bagbari (CT),Bagbari (CT),False,54.27251732101617
19,West Bengal,Bagnan (CT),10996,8388,1,Bagnan (CT),Bagnan (CT),False,76.28228446707894
19,West Bengal,Bagula (CT),22649,18299,1,Bagula (CT),Bagula (CT),False,80.79385403329066
19,West Bengal,Baharu (CT),16155,11152,1,Baharu (CT),Baharu (CT),False,69.0312596719282
19,West Bengal,Bahir Sarbamangala (P) (CT),12819,8996,1,Bahir Sarbamangala (P) (CT),Bahir Sarbamangala (P) (CT),False,70.17708089554567
19,West Bengal,Bahula (CT),17510,11445,1,Bahula (CT),Bahula (CT),False,65.36264991433467
19,West Bengal,Baidyabati,121110,98928,1,Baidyabati (M),Baidyabati,False,81.68441912311121
19,West Bengal,Baidyanathpur (CT),15704,9758,1,Baidyanathpur (CT),Baidyanathpur (CT),False,62.137035150280184
19,West Bengal,Bairatisal (CT),4916,4182,1,Bairatisal (CT),Bairatisal (CT),False,85.06916192026037
19,West Bengal,Baisguri (CT),5021,3844,1,Baisguri (CT),Baisguri (CT),False,76.55845449113723
19,West Bengal,Baksa (CT),6432,4767,1,Baksa (CT),Baksa (CT),False,74.11380597014924
19,West Bengal,Baksinagar (CT),7255,5046,1,Baksinagar (CT),Baksinagar (CT),False,69.55203308063405
19,West Bengal,Baktarnagar (CT),5112,3221,1,Baktarnagar (CT),Baktarnagar (CT),False,63.008607198748045
19,West Bengal,Balarambati (CT),5068,4122,1,Balarambati (CT),Balarambati (CT),False,81.33385951065509
19,West Bengal,Balarampota (CT),5544,4354,1,Balarampota (CT),Balarampota (CT),False,78.53535353535354
19,West Bengal,Balarampur (CT),29682,19703,2,Balarampur (CT),Balarampur (CT),True,66.38029782359679
19,West Bengal,Baliadanga (CT),12379,8112,1,Baliadanga (CT),Baliadanga (CT),False,65.53033362953389
19,West Bengal,Balibhara (CT),8521,6799,1,Balibhara (CT),Balibhara (CT),False,79.79110433047765
19,West Bengal,Balichak (CT),13784,10944,1,Balichak (CT),Balichak (CT),False,79.39640162507254
19,West Bengal,Balihati (CT),3637,2239,1,Balihati (CT),Balihati (CT),False,61.56172669782788
19,West Bengal,Ballavpur (CT),6468,4680,1,Ballavpur (CT),Ballavpur (CT),False,72.35621521335807
19,West Bengal,Bally,293373,233702,1,Bally (M),Bally,False,79.66036410985333
19,West Bengal,Bally (CT),113377,92238,1,Bally (CT),Bally (CT),False,81.35512493715656
19,West Bengal,Baluhati (CT),4363,3547,1,Baluhati (CT),Baluhati (CT),False,81.297272518909
19,West Bengal,Balurghat,151416,128328,1,Balurghat (M),Balurghat,False,84.75194167062926
19,West Bengal,Balurghat (M + OG),153279,129780,1,Balurghat (M + OG),Balurghat (M + OG),False,84.66913275791205
19,West Bengal,Bamangachhi (CT),6824,5554,1,Bamangachhi (CT),Bamangachhi (CT),False,81.38921453692849
19,West Bengal,Bamangram (CT),13550,8195,1,Bamangram (CT),Bamangram (CT),False,60.47970479704797
19,West Bengal,Bamanpukur (CT),9137,6262,1,Bamanpukur (CT),Bamanpukur (CT),False,68.53452993323849
19,West Bengal,Bamna (CT),4517,2822,1,Bamna (CT),Bamna (CT),False,62.47509408899712
19,West Bengal,Bamunara (CT),6665,4584,1,Bamunara (CT),Bamunara (CT),False,68.77719429857464
19,West Bengal,Bamunari (CT),6266,4997,1,Bamunari (CT),Bamunari (CT),False,79.74784551548038
19,West Bengal,Ban Harishpur (CT),16067,10684,1,Ban Harishpur (CT),Ban Harishpur (CT),False,66.4965457148192
19,West Bengal,Banagram (CT),5635,3431,1,Banagram (CT),Banagram (CT),False,60.88731144631766
19,West Bengal,Banarhat Tea Garden (CT),15652,10298,1,Banarhat Tea Garden (CT),Banarhat Tea Garden (CT),False,65.79350881676463
19,West Bengal,Bandhail (CT),6175,4940,1,Bandhail (CT),Bandhail (CT),False,80.0
19,West Bengal,Bandipur (CT),8115,5611,1,Bandipur (CT),Bandipur (CT),False,69.14356130622305
19,West Bengal,Bandoan (CT),5993,4131,1,Bandoan (CT),Bandoan (CT),False,68.93041882195895
19,West Bengal,Baneshwarpur (CT),4741,3507,1,Baneshwarpur (CT),Baneshwarpur (CT),False,73.97173592069184
19,West Bengal,Baneswar (CT),4841,4108,1,Baneswar (CT),Baneswar (CT),False,84.85850030985334
19,West Bengal,Bangalpur (CT),6760,5418,1,Bangalpur (CT),Bangalpur (CT),False,80.14792899408285
19,West Bengal,Bangsidharpur (P) (CT),5218,3300,1,Bangsidharpur (M) (P) (CT),Bangsidharpur (P) (CT),False,63.24262169413568
19,West Bengal,Baniara (CT),5476,3626,1,Baniara (CT),Baniara (CT),False,66.21621621621621
19,West Bengal,Baniban (CT),6597,4216,1,Baniban (CT),Baniban (CT),False,63.90783689555859
19,West Bengal,Baniban Jagadishpur (CT),7402,4377,1,Baniban Jagadishpur (CT),Baniban Jagadishpur (CT),False,59.132666846798166
19,West Bengal,Banjetia (CT),10400,6922,1,Banjetia (CT),Banjetia (CT),False,66.5576923076923
19,West Bengal,Bankra (CT),70854,44495,2,Bankra (CT),Bankra (CT),True,62.79814830496514
19,West Bengal,Bankul (CT),6779,5008,1,Bankul (CT),Bankul (CT),False,73.87520283227614
19,West Bengal,Bankura,137386,107857,1,Bankura (M),Bankura,False,78.5065436070633
19,West Bengal,Bansberia,103920,80301,1,Bansberia (M),Bansberia,False,77.27193995381062
19,West Bengal,Banshra (CT),35224,23655,2,Banshra (CT),Banshra (CT),True,67.1559164206223
19,West Bengal,Banupur (CT),9626,6401,1,Banupur (CT),Banupur (CT),False,66.49698732599211
19,West Bengal,Bara (CT),5172,4087,1,Bara (CT),Bara (CT),False,79.0216550657386
19,West Bengal,Bara Bamonia (CT),7193,5745,1,Bara Bamonia (CT),Bara Bamonia (CT),False,79.8693173919088
19,West Bengal,Bara Jumla (CT),11074,5332,1,Bara Jumla (CT),Bara Jumla (CT),False,48.14881704894347
19,West Bengal,Bara Mohansingh (CT),15616,12823,1,Bara Mohansingh (CT),Bara Mohansingh (CT),False,82.11449795081968
19,West Bengal,Bara Suzapur (CT),15808,10315,1,Bara Suzapur (CT),Bara Suzapur (CT),False,65.25177125506073
19,West Bengal,Barabazar (CT),8056,5751,1,Barabazar (CT),Barabazar (CT),False,71.38778550148957
19,West Bengal,Baranagar,245213,208779,1,Baranagar (M),Baranagar,False,85.14189704461019
19,West Bengal,Barasat,278435,229279,1,Barasat (M),Barasat,False,82.34561028606318
19,West Bengal,Barda (CT),5155,4103,1,Barda (CT),Barda (CT),False,79.59262851600388
19,West Bengal,Barddhaman,314265,255824,1,Barddhaman (M),Barddhaman,False,81.40391071229695
19,West Bengal,Bargachhia (CT),9438,6797,2,Bargachhia (CT),Bargachhia (CT),True,72.0173765628311
19,West Bengal,Barijhati (CT),7136,6007,1,Barijhati (CT),Barijhati (CT),False,84.17881165919282
19,West Bengal,Barijpur (CT),5536,3328,1,Barijpur (CT),Barijpur (CT),False,60.115606936416185
19,West Bengal,Barjora (CT),14012,10535,1,Barjora (CT),Barjora (CT),False,75.18555523836712
19,West Bengal,Barkalikapur (CT),4650,3174,1,Barkalikapur (CT),Barkalikapur (CT),False,68.25806451612904
19,West Bengal,Barrackpore,152783,125144,1,Barrackpore (M),Barrackpore,False,81.9096365433327
19,West Bengal,Barrackpur Cantonment (CB),17380,14096,1,Barrackpur Cantonment (CB),Barrackpur Cantonment (CB),False,81.10471806674339
19,West Bengal,Barua (P) (CT),8852,5589,1,Barua (P) (CT),Barua (P) (CT),False,63.13827383642114
19,West Bengal,Barua Gopalpur (CT),6614,2597,1,Barua Gopalpur (CT),Barua Gopalpur (CT),False,39.2651950408225
19,West Bengal,Baruihuda (CT),11474,7296,1,Baruihuda (CT),Baruihuda (CT),False,63.587240718145374
19,West Bengal,Baruipara (CT),6731,5227,1,Baruipara (CT),Baruipara (CT),False,77.65562323577477
19,West Bengal,Baruipur,53128,45434,1,Baruipur (M),Baruipur,False,85.51799427797019
19,West Bengal,Baruipur (P) (CT),22430,17251,1,Baruipur (P) (CT),Baruipur (P) (CT),False,76.91038787338385
19,West Bengal,Barunda (CT),7534,5675,1,Barunda (CT),Barunda (CT),False,75.32519246084416
19,West Bengal,Basai (CT),8772,7038,1,Basai (CT),Basai (CT),False,80.23255813953489
19,West Bengal,Basantapur (CT),13183,9638,1,Basantapur (CT),Basantapur (CT),False,73.10930744140181
19,West Bengal,Basanti (CT),6625,4729,1,Basanti (CT),Basanti (CT),False,71.3811320754717
19,West Bengal,Basantia (CT),5455,3749,1,Basantia (CT),Basantia (CT),False,68.72593950504124
19,West Bengal,Basina (CT),5413,3907,1,Basina (CT),Basina (CT),False,72.17808978385368
19,West Bengal,Basirhat,125254,99633,1,Basirhat (M),Basirhat,False,79.54476503744391
19,West Bengal,Baska (CT),6609,5129,1,Baska (CT),Baska (CT),False,77.60629444696626
19,West Bengal,Basudebpur (CT),19921,12808,2,Basudebpur (CT),Basudebpur (CT),True,64.29396114652879
19,West Bengal,Batika (CT),8717,6511,1,Batika (CT),Batika (CT),False,74.69312836985202
19,West Bengal,Batul (CT),4707,3784,1,Batul (CT),Batul (CT),False,80.39090715954961
19,West Bengal,Bayarsing (CT),8346,4554,1,Bayarsing (CT),Bayarsing (CT),False,54.56506110711719
19,West Bengal,Begampur (CT),10487,8504,1,Begampur (CT),Begampur (CT),False,81.09087441594355
19,West Bengal,Begari (CT),5505,4157,1,Begari (CT),Begari (CT),False,75.51316984559492
19,West Bengal,Begun Kodar (CT),6347,3034,1,Begun Kodar (CT),Begun Kodar (CT),False,47.80211123365369
19,West Bengal,Beharia (CT),9584,6997,1,Beharia (CT),Beharia (CT),False,73.00709515859766
19,West Bengal,Beldanga,29205,21169,1,Beldanga (M),Beldanga,False,72.48416367060435
19,West Bengal,Beldubi (CT),10871,7650,1,Beldubi (CT),Beldubi (CT),False,70.37071106613926
19,West Bengal,Belebathan (CT),4459,2792,1,Belebathan (CT),Belebathan (CT),False,62.61493608432384
19,West Bengal,Belgharia (CT),5858,4552,1,Belgharia (CT),Belgharia (CT),False,77.70570160464322
19,West Bengal,Beliatore (CT),6463,5010,1,Beliatore (CT),Beliatore (CT),False,77.51818041157357
19,West Bengal,Belumilki (CT),10998,7660,1,Belumilki (CT),Belumilki (CT),False,69.6490270958356
19,West Bengal,Benia Gram (CT),15046,7770,1,Benia Gram (CT),Benia Gram (CT),False,51.64163232752891
19,West Bengal,Benjanhari Acharial (P) (CT),5187,3720,1,Benjanhari Acharial (P) (CT),Benjanhari Acharial (P) (CT),False,71.71775592828224
19,West Bengal,Benudia (CT),6797,4874,1,Benudia (CT),Benudia (CT),False,71.70810651758129
19,West Bengal,Berandari Bagaria (CT),10748,6570,1,Berandari Bagaria (CT),Berandari Bagaria (CT),False,61.127651656122076
19,West Bengal,Berhampore,195223,163312,1,Berhampore (M),Berhampore,False,83.65407764453984
19,West Bengal,Betpuli (CT),9404,7569,1,Betpuli (CT),Betpuli (CT),False,80.48702679710762
19,West Bengal,Bhabki (CT),7772,4497,1,Bhabki (CT),Bhabki (CT),False,57.86155429747812
19,West Bengal,Bhadreswar,101477,79498,1,Bhadreswar (M),Bhadreswar,False,78.34090483557851
19,West Bengal,Bhagabatipur (CT),7068,5566,1,Bhagabatipur (CT),Bhagabatipur (CT),False,78.74929258630448
19,West Bengal,Bhandar Gachha (CT),6156,4236,1,Bhandar Gachha (CT),Bhandar Gachha (CT),False,68.81091617933723
19,West Bengal,Bhandardaha (CT),5667,4143,1,Bhandardaha (CT),Bhandardaha (CT),False,73.10746426680782
19,West Bengal,Bhangar Raghunathpur (CT),6037,3875,1,Bhangar Raghunathpur (CT),Bhangar Raghunathpur (CT),False,64.18751035282425
19,West Bengal,Bhangri Pratham Khanda (CT),4379,3332,1,Bhangri Pratham Khanda (CT),Bhangri Pratham Khanda (CT),False,76.09043160538937
19,West Bengal,Bhanowara (CT),8855,5452,1,Bhanowara (CT),Bhanowara (CT),False,61.56973461321288
19,West Bengal,Bhasa (CT),5559,3726,1,Bhasa (CT),Bhasa (CT),False,67.02644360496492
19,West Bengal,Bhasaipaikar (CT),23141,8871,1,Bhasaipaikar (CT),Bhasaipaikar (CT),False,38.33455771142128
19,West Bengal,Bhatenda (CT),6349,5419,1,Bhatenda (CT),Bhatenda (CT),False,85.35202394077808
19,West Bengal,Bhatpara,383762,295253,1,Bhatpara (M),Bhatpara,False,76.93648667663813
19,West Bengal,Bhatpara (M + OG),386019,297161,1,Bhatpara (M + OG),Bhatpara (M + OG),False,76.98092580935135
19,West Bengal,Bhimram (CT),11058,7682,1,Bhimram (CT),Bhimram (CT),False,69.47006691987701
19,West Bengal,Bholar Dabri (CT),12670,10420,1,Bholar Dabri (CT),Bholar Dabri (CT),False,82.24151539068666
19,West Bengal,Bidhannagar,215514,179271,1,Bidhannagar (M),Bidhannagar,False,83.18299507224589
19,West Bengal,Bidyadharpur (CT),4630,3040,1,Bidyadharpur (CT),Bidyadharpur (CT),False,65.65874730021598
19,West Bengal,Bikihakola (CT),14540,10557,1,Bikihakola (CT),Bikihakola (CT),False,72.60660247592847
19,West Bengal,Bilandapur (CT),6330,4173,1,Bilandapur (CT),Bilandapur (CT),False,65.92417061611374
19,West Bengal,Bilkanda (CT),6081,4605,1,Bilkanda (CT),Bilkanda (CT),False,75.72767636901825
19,West Bengal,Bilpahari (CT),8565,5623,1,Bilpahari (CT),Bilpahari (CT),False,65.65090484530064
19,West Bengal,Binnaguri (CT),58840,34129,1,Binnaguri (CT),Binnaguri (CT),False,58.00305914343984
19,West Bengal,Bipra Noapara (CT),9408,6673,1,Bipra Noapara (CT),Bipra Noapara (CT),False,70.92899659863946
19,West Bengal,Bira (CT),10741,8361,1,Bira (CT),Bira (CT),False,77.84191416069267
19,West Bengal,Birlapur (CT),22078,14829,1,Birlapur (CT),Birlapur (CT),False,67.16641000090587
19,West Bengal,Birnagar,30799,23524,1,Birnagar (M),Birnagar,False,76.37910321763694
19,West Bengal,Birodhi (CT),3838,1667,1,Birodhi (CT),Birodhi (CT),False,43.43408025013027
19,West Bengal,Birpara (CT),10821,7937,1,Birpara (CT),Birpara (CT),False,73.34811939746788
19,West Bengal,Bishnupur,67783,51185,1,Bishnupur (M),Bishnupur,False,75.51303424162401
19,West Bengal,Bishnupur (CT),25808,19150,3,Bishnupur (CT),Bishnupur (CT),True,74.20179789212648
19,West Bengal,Bolpur,80210,63656,1,Bolpur (M),Bolpur,False,79.36167560154594
19,West Bengal,Bongaon,108864,89700,1,Bongaon (M),Bongaon,False,82.39638447971781
19,West Bengal,Bora Gagangohalia (CT),5274,4147,1,Bora Gagangohalia (CT),Bora Gagangohalia (CT),False,78.63102009859689
19,West Bengal,Borai (CT),6522,5010,1,Borai (CT),Borai (CT),False,76.81692732290708
19,West Bengal,Bowali (CT),10968,8694,1,Bowali (CT),Bowali (CT),False,79.26695842450766
19,West Bengal,Brindabanpur (CT),12583,8692,1,Brindabanpur (CT),Brindabanpur (CT),False,69.07732655169674
19,West Bengal,Budbud (CT),4558,3348,1,Budbud (CT),Budbud (CT),False,73.45326897762176
19,West Bengal,Budge Budge,76837,59504,1,Budge Budge (M),Budge Budge,False,77.44185743847365
19,West Bengal,Buita (CT),16764,11422,1,Buita (CT),Buita (CT),False,68.13409687425435
19,West Bengal,Cart Road (CT),14444,11976,1,Cart Road (CT),Cart Road (CT),False,82.91332040985876
19,West Bengal,Chachanda (CT),14244,6556,1,Chachanda (CT),Chachanda (CT),False,46.02639707947206
19,West Bengal,Chak Alampur (CT),11144,7727,1,Chak Alampur (CT),Chak Alampur (CT),False,69.33776022972002
19,West Bengal,Chak Bankola (CT),13492,8657,2,Chak Bankola (CT) (Part),Chak Bankola (CT),True,64.16394900681885
19,West Bengal,Chak Banshberia (CT),10357,6070,1,Chak Banshberia (CT),Chak Banshberia (CT),False,58.60770493386116
19,West Bengal,Chak Barbaria (CT),8088,5936,1,Chak Barbaria (CT),Chak Barbaria (CT),False,73.39268051434223
19,West Bengal,Chak Baria (CT),4914,3440,1,Chak Baria (CT),Chak Baria (CT),False,70.00407000407
19,West Bengal,Chak Bhrigu (CT),6269,5253,1,Chak Bhrigu (CT),Chak Bhrigu (CT),False,83.79326846386984
19,West Bengal,Chak Enayetnagar (CT),6754,4524,1,Chak Enayetnagar (CT),Chak Enayetnagar (CT),False,66.98252887177969
19,West Bengal,Chak Kanthalia (CT),11108,8722,1,Chak Kanthalia (CT),Chak Kanthalia (CT),False,78.51998559596687
19,West Bengal,Chak Kashipur (CT),12035,8504,1,Chak Kashipur (CT),Chak Kashipur (CT),False,70.66057332779393
19,West Bengal,Chakapara (CT),35282,27897,1,Chakapara (CT),Chakapara (CT),False,79.06864690210305
19,West Bengal,Chakchaka (CT),8582,7051,1,Chakchaka (CT),Chakchaka (CT),False,82.16033558611046
19,West Bengal,Chakdaha,95203,79834,1,Chakdaha (M),Chakdaha,False,83.85660115752654
19,West Bengal,Chakiabhita (CT),5251,3704,1,Chakiabhita (CT),Chakiabhita (CT),False,70.5389449628642
19,West Bengal,Chakmeghoan (CT),5360,2132,1,Chakmeghoan (CT),Chakmeghoan (CT),False,39.776119402985074
19,West Bengal,Chalsa Mahabari (CT),4973,3471,1,Chalsa Mahabari (CT),Chalsa Mahabari (CT),False,69.79690327769957
19,West Bengal,Chaltia (CT),25336,19865,1,Chaltia (CT),Chaltia (CT),False,78.40622039785285
19,West Bengal,Champahati (CT),12111,9211,1,Champahati (CT),Champahati (CT),False,76.05482619106597
19,West Bengal,Champdani,111251,80988,1,Champdani (M),Champdani,False,72.79754788721
19,West Bengal,Chamrail (CT),11923,9278,1,Chamrail (CT),Chamrail (CT),False,77.81598590958652
19,West Bengal,Chanchal (CT),5570,3852,1,Chanchal (CT),Chanchal (CT),False,69.15619389587073
19,West Bengal,Chandannagar (M Corp),166867,139005,1,Chandannagar (M Corp),Chandannagar (M Corp),False,83.30286995031972
19,West Bengal,Chandapur Champagachhi (CT),6431,4494,1,Chandapur Champagachhi (CT),Chandapur Champagachhi (CT),False,69.88026745451718
19,West Bengal,Chanddandaha (CT),5656,4283,1,Chanddandaha (CT),Chanddandaha (CT),False,75.72489391796321
19,West Bengal,Chandipur (CT),6488,4019,1,Chandipur (CT),Chandipur (CT),False,61.94512946979038
19,West Bengal,Chandpala Anantapathpur (CT),5286,3634,1,Chandpala Anantapathpur (CT),Chandpala Anantapathpur (CT),False,68.74763526295877
19,West Bengal,Chandpara (CT),7113,5665,1,Chandpara (CT),Chandpara (CT),False,79.64290735273443
19,West Bengal,Chandpur (CT),17707,12911,2,Chandpur (CT) | Chandpur (M) (CT),Chandpur (CT),True,72.9146665160671
19,West Bengal,Chandrakona,23629,17564,1,Chandrakona (M),Chandrakona,False,74.33238816708283
19,West Bengal,Chandrapur (CT),16245,12162,3,Chandrapur (CT),Chandrapur (CT),True,74.86611265004616
19,West Bengal,Chanduria (CT),12700,10029,1,Chanduria (CT),Chanduria (CT),False,78.96850393700787
19,West Bengal,Chapari (CT),6556,5121,1,Chapari (CT),Chapari (CT),False,78.11165344722392
19,West Bengal,Chapra (CT),14123,10086,1,Chapra (CT),Chapra (CT),False,71.41542165262338
19,West Bengal,Chapui (CT),5358,3649,1,Chapui (CT),Chapui (CT),False,68.10377006345651
19,West Bengal,Char Brahmanagar (CT),5053,3541,1,Char Brahmanagar (CT),Char Brahmanagar (CT),False,70.07718187215517
19,West Bengal,Char Maijdia (CT),5013,3818,1,Char Maijdia (CT),Char Maijdia (CT),False,76.16197885497706
19,West Bengal,Charka (CT),8451,4723,1,Charka (CT),Charka (CT),False,55.88687729262809
19,West Bengal,Chaspara (CT),7731,4933,1,Chaspara (CT),Chaspara (CT),False,63.80804553097917
19,West Bengal,Chata Kalikapur (CT),24985,16715,1,Chata Kalikapur (CT),Chata Kalikapur (CT),False,66.90014008405043
19,West Bengal,Chatta Baria (CT),12537,9310,1,Chatta Baria (CT),Chatta Baria (CT),False,74.26018983807928
19,West Bengal,Chaulia (CT),6186,4017,1,Chaulia (CT),Chaulia (CT),False,64.93695441319107
19,West Bengal,Chechakhata (CT),7613,6362,1,Chechakhata (CT),Chechakhata (CT),False,83.56758176802838
19,West Bengal,Chekya (CT),5995,2790,1,Chekya (CT),Chekya (CT),False,46.538782318598834
19,West Bengal,Chelad (CT),7471,5085,1,Chelad (CT),Chelad (CT),False,68.06317762013117
19,West Bengal,Chhatianmor (CT),5582,3772,1,Chhatianmor (CT),Chhatianmor (CT),False,67.57434611250449
19,West Bengal,Chhekati (CT),4995,3832,1,Chhekati (CT),Chhekati (CT),False,76.71671671671672
19,West Bengal,Chhora (CT),13806,8858,1,Chhora (CT),Chhora (CT),False,64.16050992322178
19,West Bengal,Chhota Laukuthi (CT),5480,3986,1,Chhota Laukuthi (CT),Chhota Laukuthi (CT),False,72.73722627737226
19,West Bengal,Chhota Suzapur (CT),11216,7314,1,Chhota Suzapur (CT),Chhota Suzapur (CT),False,65.21041369472182
19,West Bengal,Chikanpara (CT),9594,8058,1,Chikanpara (CT),Chikanpara (CT),False,83.9899937460913
19,West Bengal,Chikrand (CT),10375,7966,1,Chikrand (CT),Chikrand (CT),False,76.78072289156627
19,West Bengal,Chinchuria (CT),6617,4525,1,Chinchuria (CT),Chinchuria (CT),False,68.38446425872752
19,West Bengal,Chittaranjan (CT),39098,33601,1,Chittaranjan (CT),Chittaranjan (CT),False,85.94045731239449
19,West Bengal,Chong Ghurali (CT),4596,3549,1,Chong Ghurali (CT),Chong Ghurali (CT),False,77.21932114882507
19,West Bengal,Chongtong Tea Garden (CT),5802,4098,1,Chongtong Tea Garden (CT),Chongtong Tea Garden (CT),False,70.63081695966909
19,West Bengal,Chopra (CT),5777,3388,1,Chopra (CT),Chopra (CT),False,58.64635624026311
19,West Bengal,Contai,92226,78500,1,Contai (M),Contai,False,85.11699520742523
19,West Bengal,Cooper's Camp (NA + OG),23119,18220,1,Cooper's Camp (NA + OG),Cooper's Camp (NA + OG),False,78.80963709503006
19,West Bengal,Cooper's Camp (NA),18843,14749,1,Cooper's Camp (NA),Cooper's Camp (NA),False,78.27309876346654
19,West Bengal,Dabgram (P) (CT),119040,76092,1,Dabgram (P) (CT),Dabgram (P) (CT),False,63.92137096774193
19,West Bengal,Dafahat(CT),15688,7382,1,Dafahat(CT),Dafahat(CT),False,47.0550739418664
19,West Bengal,Dafarpur (CT),22048,13222,2,Dafarpur (CT),Dafarpur (CT),True,59.96915820029027
19,West Bengal,Dainhat,24397,18353,1,Dainhat (M),Dainhat,False,75.22646226995123
19,West Bengal,Dakhin Rampur (CT),6392,5124,1,Dakhin Rampur (CT),Dakhin Rampur (CT),False,80.16270337922403
19,West Bengal,Dakra (P) (CT),5268,4224,1,Dakra (P) (CT),Dakra (P) (CT),False,80.18223234624145
19,West Bengal,Dakshin Bagdogra (CT),2647,1823,1,Dakshin Bagdogra (CT),Dakshin Bagdogra (CT),False,68.87041934265206
19,West Bengal,Dakshin Baguan (CT),5180,4074,1,Dakshin Baguan (CT),Dakshin Baguan (CT),False,78.64864864864865
19,West Bengal,Dakshin Chatra (CT),7275,5829,1,Dakshin Chatra (CT),Dakshin Chatra (CT),False,80.12371134020619
19,West Bengal,Dakshin Jhapardaha (CT),13704,10546,1,Dakshin Jhapardaha (CT),Dakshin Jhapardaha (CT),False,76.95563339171045
19,West Bengal,Dakshin Khagrabari (CT),7469,5108,1,Dakshin Khagrabari (CT),Dakshin Khagrabari (CT),False,68.38934261614675
19,West Bengal,Dakshin Khanda (CT),8449,5907,1,Dakshin Khanda (CT),Dakshin Khanda (CT),False,69.9135992425139
19,West Bengal,Dakshin Odlabari (CT),4997,3125,1,Dakshin Odlabari (CT),Dakshin Odlabari (CT),False,62.5375225135081
19,West Bengal,Dakshin Rajyadharpur (CT),11254,9110,1,Dakshin Rajyadharpur (CT),Dakshin Rajyadharpur (CT),False,80.94899591256443
19,West Bengal,Dakshin Raypur (CT),14076,9608,1,Dakshin Raypur (CT),Dakshin Raypur (CT),False,68.25802784882069
19,West Bengal,Dakshin Santoshpur (CT),10600,6297,1,Dakshin Santoshpur (CT),Dakshin Santoshpur (CT),False,59.405660377358494
19,West Bengal,Dalkhola,36930,21207,1,Dalkhola (M),Dalkhola,False,57.424857839155166
19,West Bengal,Dalurband (CT),15107,9475,1,Dalurband (CT),Dalurband (CT),False,62.71926921294764
19,West Bengal,Dandirhat (P) (CT),6387,4152,1,Dandirhat (P) (CT),Dandirhat (P) (CT),False,65.00704556129638
19,West Bengal,Danga (CT),6766,5026,1,Danga (CT),Danga (CT),False,74.283180608927
19,West Bengal,Dankuni,94936,71553,1,Dankuni (M),Dankuni,False,75.36972276059662
19,West Bengal,Darappur (CT),8275,5766,1,Darappur (CT),Darappur (CT),False,69.6797583081571
19,West Bengal,Darjiling,118805,104539,1,Darjiling (M),Darjiling,False,87.99208787508942
19,West Bengal,Daulatpur (CT),6568,4278,1,Daulatpur (CT),Daulatpur (CT),False,65.13398294762484
19,West Bengal,Deara (CT),11994,7274,1,Deara (CT),Deara (CT),False,60.64699016174754
19,West Bengal,Debipur (CT),16473,11125,2,Debipur (CT),Debipur (CT),True,67.53475383961634
19,West Bengal,Deora (CT),11075,8497,2,Deora (CT),Deora (CT),True,76.72234762979684
19,West Bengal,Deulgram (CT),6517,4734,1,Deulgram (CT),Deulgram (CT),False,72.6407856375633
19,West Bengal,Deuli (CT),9007,7138,1,Deuli (CT),Deuli (CT),False,79.24947263239702
19,West Bengal,Deulia (CT),9663,7438,1,Deulia (CT),Deulia (CT),False,76.97402463003208
19,West Bengal,Deulpur (CT),12618,9495,1,Deulpur (CT),Deulpur (CT),False,75.24964336661911
19,West Bengal,Dhakuria (CT),10165,7849,1,Dhakuria (CT),Dhakuria (CT),False,77.21593703885883
19,West Bengal,Dhaliabari (CT),4383,3112,1,Dhaliabari (CT),Dhaliabari (CT),False,71.00159707962582
19,West Bengal,Dhamua (CT),10055,6988,1,Dhamua (CT),Dhamua (CT),False,69.4977623073098
19,West Bengal,Dhania (CT),6659,5411,1,Dhania (CT),Dhania (CT),False,81.25844721429644
19,West Bengal,Dhanyakuria (CT),5148,4069,1,Dhanyakuria (CT),Dhanyakuria (CT),False,79.04040404040404
19,West Bengal,Dharmapur (CT),8456,6474,1,Dharmapur (CT),Dharmapur (CT),False,76.56102175969725
19,West Bengal,Dhatrigram (CT),9951,7704,1,Dhatrigram (CT),Dhatrigram (CT),False,77.41935483870968
19,West Bengal,Dhola (CT),5804,3577,1,Dhola (CT),Dhola (CT),False,61.629910406616126
19,West Bengal,Dhuilya (CT),20962,17467,1,Dhuilya (CT),Dhuilya (CT),False,83.3269726171167
19,West Bengal,Dhulagari (CT),23740,17409,1,Dhulagari (CT),Dhulagari (CT),False,73.33192923336142
19,West Bengal,Dhulasimla (CT),5462,3478,1,Dhulasimla (CT),Dhulasimla (CT),False,63.67630904430611
19,West Bengal,Dhulian,95706,49185,1,Dhulian (M),Dhulian,False,51.39176227195787
19,West Bengal,Dhunki (CT),9784,5693,1,Dhunki (CT),Dhunki (CT),False,58.18683565004088
19,West Bengal,Dhupguri,44719,34888,1,Dhupguri (M),Dhupguri,False,78.0160558152016
19,West Bengal,Dhusaripara (CT),17800,7788,1,Dhusaripara (CT),Dhusaripara (CT),False,43.752808988764045
19,West Bengal,Diamond Harbour,41802,32753,1,Diamond Harbour (M),Diamond Harbour,False,78.35271039663174
19,West Bengal,Digha (CT),15075,11943,2,Digha (CT),Digha (CT),True,79.22388059701493
19,West Bengal,Dighirpar (CT),15881,12543,1,Dighirpar (CT),Dighirpar (CT),False,78.98117247024746
19,West Bengal,Dignala (CT),13633,10797,1,Dignala (CT),Dignala (CT),False,79.19753539206337
19,West Bengal,Dihi Kalas (CT),11494,7131,1,Dihi Kalas (CT),Dihi Kalas (CT),False,62.04106490342788
19,West Bengal,Dihimandalghat (CT),7910,5336,1,Dihimandalghat (CT),Dihimandalghat (CT),False,67.45891276864728
19,West Bengal,Dinga Khola (CT),5271,3764,1,Dinga Khola (CT),Dinga Khola (CT),False,71.40959969645229
19,West Bengal,Dinhata,36124,30487,1,Dinhata (M),Dinhata,False,84.39541579005648
19,West Bengal,Dogachhia (CT),5705,4660,1,Dogachhia (CT),Dogachhia (CT),False,81.68273444347064
19,West Bengal,Domjur (CT),18433,14396,1,Domjur (CT),Domjur (CT),False,78.09906146584929
19,West Bengal,Domohani (CT),12480,8103,1,Domohani (CT),Domohani (CT),False,64.92788461538461
19,West Bengal,Donalia (CT),6081,2979,1,Donalia (CT),Donalia (CT),False,48.98865318204243
19,West Bengal,Dubra (CT),5506,3450,1,Dubra (CT),Dubra (CT),False,62.658917544496916
19,West Bengal,Dubrajpur,38041,24292,1,Dubrajpur (M),Dubrajpur,False,63.85741699745012
19,West Bengal,Dudhkalmi (CT),5558,4130,1,Dudhkalmi (CT),Dudhkalmi (CT),False,74.3073047858942
19,West Bengal,Dum Dum,114786,97997,1,Dum Dum (M),Dum Dum,False,85.37365183907445
19,West Bengal,Dumriguri (CT),13416,10425,1,Dumriguri (CT),Dumriguri (CT),False,77.70572450805008
19,West Bengal,Dungra Khasmahal (CT),6789,5444,1,Dungra Khasmahal (CT),Dungra Khasmahal (CT),False,80.18854028575637
19,West Bengal,Durganagar (CT),4658,3342,1,Durganagar (CT),Durganagar (CT),False,71.74753112924002
19,West Bengal,Durgapur,566517,439225,1,Durgapur (M Corp.),Durgapur,False,77.53077136255399
19,West Bengal,Durllabhganj (CT),6796,5613,1,Durllabhganj (CT),Durllabhganj (CT),False,82.5927015891701
19,West Bengal,Dwari Geria (CT),7754,5492,1,Dwari Geria (CT),Dwari Geria (CT),False,70.82795976270312
19,West Bengal,Egara (CT),7623,5262,1,Egara (CT),Egara (CT),False,69.02794175521448
19,West Bengal,Egra,30148,23447,1,Egra (M),Egra,False,77.77298659944275
19,West Bengal,Ekabbarpur (CT),5187,3860,1,Ekabbarpur (CT),Ekabbarpur (CT),False,74.41681125891652
19,West Bengal,Eksara (CT),7500,5197,1,Eksara (CT),Eksara (CT),False,69.29333333333332
19,West Bengal,English Bazar,205521,148766,1,English Bazar (M),English Bazar,False,72.384817123311
19,West Bengal,Erashal (CT),5332,4153,1,Erashal (CT),Erashal (CT),False,77.88822205551388
19,West Bengal,Falakata (CT),19716,15395,1,Falakata (CT),Falakata (CT),False,78.08378981537837
19,West Bengal,Farakka Barrage Township (CT),20126,14394,1,Farakka Barrage Township (CT),Farakka Barrage Township (CT),False,71.51942760608169
19,West Bengal,Fatehpur (CT),10176,7292,1,Fatehpur (CT),Fatehpur (CT),False,71.65880503144653
19,West Bengal,Fatellapur (CT),7207,4362,1,Fatellapur (CT),Fatellapur (CT),False,60.52449007908977
19,West Bengal,Fatepur (CT),8105,6549,1,Fatepur (CT),Fatepur (CT),False,80.80197409006786
19,West Bengal,Gabberia (CT),5823,4110,1,Gabberia (CT),Gabberia (CT),False,70.58217413704277
19,West Bengal,Gadigachha (CT),14085,9486,1,Gadigachha (CT),Gadigachha (CT),False,67.3482428115016
19,West Bengal,Gairkata (CT),7577,5506,1,Gairkata (CT),Gairkata (CT),False,72.66728256565924
19,West Bengal,Gangadharpur (CT),15395,11345,2,Gangadharpur (CT),Gangadharpur (CT),True,73.69275738876259
19,West Bengal,Gangapur (CT),6301,4956,1,Gangapur (CT),Gangapur (CT),False,78.65418187589272
19,West Bengal,Gangarampur,56217,42905,1,Gangarampur (M),Gangarampur,False,76.3203301492431
19,West Bengal,Gangnapur (CT),10168,7979,1,Gangnapur (CT),Gangnapur (CT),False,78.47167584579071
19,West Bengal,Gangni (CT),5532,3960,1,Gangni (CT),Gangni (CT),False,71.58351409978309
19,West Bengal,Gangpur (CT),6347,4780,1,Gangpur (CT),Gangpur (CT),False,75.31117063179454
19,West Bengal,Ganye Gangadharpur (CT),5210,4179,1,Ganye Gangadharpur (CT),Ganye Gangadharpur (CT),False,80.21113243761995
19,West Bengal,Garalgachha (CT),5411,4763,1,Garalgachha (CT),Garalgachha (CT),False,88.02439475143227
19,West Bengal,Garbeta (CT),5109,3886,1,Garbeta (CT),Garbeta (CT),False,76.06185163437071
19,West Bengal,Garh Kamalpur (CT),6664,5406,1,Garh Kamalpur (CT),Garh Kamalpur (CT),False,81.12244897959184
19,West Bengal,Garia (CT),4805,4035,1,Garia (CT),Garia (CT),False,83.97502601456816
19,West Bengal,Garshyamnagar (CT),7611,6417,1,Garshyamnagar (CT),Garshyamnagar (CT),False,84.31217973985021
19,West Bengal,Garulia,85336,67835,1,Garulia (M),Garulia,False,79.49165651073405
19,West Bengal,Gaur Daha (CT),5260,3373,1,Gaur Daha (CT),Gaur Daha (CT),False,64.1254752851711
19,West Bengal,Gayespur,58998,49323,1,Gayespur (M),Gayespur,False,83.60113902166175
19,West Bengal,Geni (CT),8747,6332,1,Geni (CT),Geni (CT),False,72.39053389733623
19,West Bengal,Ghatal,54591,44016,1,Ghatal (M),Ghatal,False,80.62867505632796
19,West Bengal,Ghola Noapara (CT),6210,3839,1,Ghola Noapara (CT),Ghola Noapara (CT),False,61.81964573268921
19,West Bengal,Ghoraberia (CT),4612,3465,1,Ghoraberia (CT),Ghoraberia (CT),False,75.13009540329575
19,West Bengal,Ghoralia (CT),5268,3740,1,Ghoralia (CT),Ghoralia (CT),False,70.9946848899013
19,West Bengal,Ghorsala (CT),7837,4513,1,Ghorsala (CT),Ghorsala (CT),False,57.585810897026924
19,West Bengal,Ghosal Chak (CT),5681,4165,1,Ghosal Chak (CT),Ghosal Chak (CT),False,73.31455729625065
19,West Bengal,Ghuni (CT),24249,17165,1,Ghuni (CT),Ghuni (CT),False,70.78642418244051
19,West Bengal,Ghutgarya (CT),5311,3389,1,Ghutgarya (CT),Ghutgarya (CT),False,63.8109583882508
19,West Bengal,Ging Tea Garden (CT),4089,3086,1,Ging Tea Garden (CT),Ging Tea Garden (CT),False,75.47077525067255
19,West Bengal,Giria (CT),17131,8968,1,Giria (CT),Giria (CT),False,52.34954176638842
19,West Bengal,Goaljan (CT),4850,3795,1,Goaljan (CT),Goaljan (CT),False,78.24742268041237
19,West Bengal,Goasafat (CT),6597,4819,1,Goasafat (CT),Goasafat (CT),False,73.04835531302108
19,West Bengal,Gobardanga,45377,38461,1,Gobardanga (M),Gobardanga,False,84.7587985102585
19,West Bengal,Gobindapur (CT),9763,5980,1,Gobindapur (CT),Gobindapur (CT),False,61.25166444740346
19,West Bengal,Goda (P) (CT),6483,4936,1,Goda (P) (CT),Goda (P) (CT),False,76.13759062162579
19,West Bengal,Gondalpara (CT),4474,3589,1,Gondalpara (CT),Gondalpara (CT),False,80.21904336164506
19,West Bengal,Gopalpur (CT),30801,23019,3,Gopalpur (CT),Gopalpur (CT),True,74.73458653939808
19,West Bengal,Gopinathpur (CT),4688,3616,1,Gopinathpur (CT),Gopinathpur (CT),False,77.13310580204778
19,West Bengal,Gopjan (CT),23415,15925,1,Gopjan (CT),Gopjan (CT),False,68.01195814648729
19,West Bengal,Gora Bazar (CT),5200,4678,1,Gora Bazar (CT),Gora Bazar (CT),False,89.96153846153845
19,West Bengal,Guma (CT),12025,9479,1,Guma (CT),Guma (CT),False,78.82744282744282
19,West Bengal,Guriahati (CT),21064,16348,1,Guriahati (CT),Guriahati (CT),False,77.61109001139384
19,West Bengal,Guskara,35388,25525,1,Guskara (M),Guskara,False,72.12897027240872
19,West Bengal,Habra,147221,121952,1,Habra (M),Habra,False,82.83600844988148
19,West Bengal,Hafania (CT),8171,4443,1,Hafania (CT),Hafania (CT),False,54.3752294700771
19,West Bengal,Halalpur Krishnapur (CT),5202,3904,1,Halalpur Krishnapur (CT),Halalpur Krishnapur (CT),False,75.0480584390619
19,West Bengal,Haldia,200827,158380,1,Haldia (M),Haldia,False,78.86389778266867
19,West Bengal,Haldibari,14404,10968,1,Haldibari (M),Haldibari,False,76.1455151346848
19,West Bengal,Halisahar,124939,100560,1,Halisahar (M),Halisahar,False,80.48727779156228
19,West Bengal,Halyan (CT),6637,4505,1,Halyan (CT),Halyan (CT),False,67.87705288533976
19,West Bengal,Hansghara (CT),7665,5795,1,Hansghara (CT),Hansghara (CT),False,75.60339204174821
19,West Bengal,Hanskunda (CT),5939,3219,1,Hanskunda (CT),Hanskunda (CT),False,54.201043946792396
19,West Bengal,Hanspukuria (CT),3887,3127,1,Hanspukuria (CT),Hanspukuria (CT),False,80.44764599948546
19,West Bengal,Haora (M Corp),1077075,874491,1,Haora (M Corp),Haora (M Corp),False,81.1912819441543
19,West Bengal,Harharia Chak (CT),9411,7206,1,Harharia Chak (CT),Harharia Chak (CT),False,76.56997131016895
19,West Bengal,Haridasmati (CT),6627,4974,1,Haridasmati (CT),Haridasmati (CT),False,75.05658669081032
19,West Bengal,Hariharpur (CT),12027,8333,1,Hariharpur (CT),Hariharpur (CT),False,69.2857736758959
19,West Bengal,Harinadibhastsala (CT),4983,2980,1,Harinadibhastsala (CT),Harinadibhastsala (CT),False,59.80333132651013
19,West Bengal,Harindanga (CT),5440,4141,1,Harindanga (CT),Harindanga (CT),False,76.12132352941177
19,West Bengal,Haringhata Farm (CT),3989,2766,1,Haringhata Farm (CT),Haringhata Farm (CT),False,69.3406868889446
19,West Bengal,Haripur (CT),5910,4140,1,Haripur (CT),Haripur (CT),False,70.05076142131979
19,West Bengal,Harirampur (CT),5021,3780,1,Harirampur (CT),Harirampur (CT),False,75.28380800637323
19,West Bengal,Harishpur (CT),8980,5613,1,Harishpur (CT),Harishpur (CT),False,62.50556792873051
19,West Bengal,Hasimnagar (CT),5267,4008,1,Hasimnagar (CT),Hasimnagar (CT),False,76.09644959179799
19,West Bengal,Hatgachha (CT),5980,4842,1,Hatgachha (CT),Hatgachha (CT),False,80.96989966555184
19,West Bengal,Hatsimla (CT),7141,5415,1,Hatsimla (CT),Hatsimla (CT),False,75.82971572608879
19,West Bengal,Hijuli (CT),21886,15760,2,Hijuli (CT),Hijuli (CT),True,72.0095037923787
19,West Bengal,Hincha Gerya (CT),4958,3478,1,Hincha Gerya (CT),Hincha Gerya (CT),False,70.1492537313433
19,West Bengal,Hindusthan Cables Town (CT),22599,18177,1,Hindusthan Cables Town (CT),Hindusthan Cables Town (CT),False,80.43276251161556
19,West Bengal,Hingalganj (CT),8179,5503,1,Hingalganj (CT),Hingalganj (CT),False,67.28206382198313
19,West Bengal,Hirapur (CT),7177,4395,1,Hirapur (CT),Hirapur (CT),False,61.237285774000284
19,West Bengal,Hugli-Chinsurah,177259,150287,1,Hugli-Chinsurah (M),Hugli-Chinsurah,False,84.7838473645908
19,West Bengal,Hugli-Chinsurah (M + OG),179931,152333,1,Hugli-Chinsurah (M + OG),Hugli-Chinsurah (M + OG),False,84.66189817207707
19,West Bengal,Hutmura (CT),5878,2844,1,Hutmura (CT),Hutmura (CT),False,48.383804014971076
19,West Bengal,Ichhapur (CT),4795,3375,1,Ichhapur (CT),Ichhapur (CT),False,70.38581856100105
19,West Bengal,Ichhapur Defence Estate (CT),5219,4125,1,Ichhapur Defence Estate (CT),Ichhapur Defence Estate (CT),False,79.03812990994443
19,West Bengal,Ichhlampur (CT),6015,2194,1,Ichhlampur (CT),Ichhlampur (CT),False,36.47547797173733
19,West Bengal,Ilambazar (CT),7125,5246,1,Ilambazar (CT),Ilambazar (CT),False,73.6280701754386
19,West Bengal,Islampur,54340,38540,1,Islampur (M),Islampur,False,70.92381302907619
19,West Bengal,Islampur (CT),15019,10664,1,Islampur (CT),Islampur (CT),False,71.00339569878155
19,West Bengal,Itahar (CT),6022,4196,1,Itahar (CT),Itahar (CT),False,69.6778478910661
19,West Bengal,Itinda (CT),8679,5650,1,Itinda (CT),Itinda (CT),False,65.09966586012213
19,West Bengal,Jadupur (CT),7585,4624,1,Jadupur (CT),Jadupur (CT),False,60.96242584047462
19,West Bengal,Jafarpur (CT),19062,16598,1,Jafarpur (CT),Jafarpur (CT),False,87.07375931171966
19,West Bengal,Jafrabad (CT),28332,14604,1,Jafrabad (CT),Jafrabad (CT),False,51.54595510376959
19,West Bengal,Jagadanandapur (CT),23822,18950,1,Jagadanandapur (CT),Jagadanandapur (CT),False,79.54831668205861
19,West Bengal,Jagadishpur (CT),16259,12498,1,Jagadishpur (CT),Jagadishpur (CT),False,76.86819607601943
19,West Bengal,Jagannathpur (CT),13454,7923,1,Jagannathpur (CT),Jagannathpur (CT),False,58.889549576334176
19,West Bengal,Jagatballavpur (CT),7113,5240,1,Jagatballavpur (CT),Jagatballavpur (CT),False,73.66793195557429
19,West Bengal,Jagatnagar (CT),5242,4054,1,Jagatnagar (CT),Jagatnagar (CT),False,77.33689431514689
19,West Bengal,Jagijhora Barabak (CT),6474,3954,1,Jagijhora Barabak (CT),Jagijhora Barabak (CT),False,61.07506950880445
19,West Bengal,Jagtaj (CT),11261,5838,1,Jagtaj (CT),Jagtaj (CT),False,51.842642749311786
19,West Bengal,Jala Kendua (CT),6658,4290,1,Jala Kendua (CT),Jala Kendua (CT),False,64.43376389306098
19,West Bengal,Jalalpur (CT),5460,3422,1,Jalalpur (CT),Jalalpur (CT),False,62.67399267399267
19,West Bengal,Jallabad (CT),5381,3851,1,Jallabad (CT),Jallabad (CT),False,71.56662330421855
19,West Bengal,Jalpaiguri,107341,89722,1,Jalpaiguri (M),Jalpaiguri,False,83.58595504047848
19,West Bengal,Jaluidanga (CT),4571,3175,1,Jaluidanga (CT),Jaluidanga (CT),False,69.45963684095385
19,West Bengal,Jamuria,145276,90854,1,Jamuria (M),Jamuria,False,62.53889148930312
19,West Bengal,Jamuria (M + OG),149220,92930,1,Jamuria (M + OG),Jamuria (M + OG),False,62.27717464146897
19,West Bengal,Janai (CT),12837,10190,1,Janai (CT),Janai (CT),False,79.37991742618992
19,West Bengal,Jangal (CT),5106,3575,1,Jangal (CT),Jangal (CT),False,70.0156678417548
19,West Bengal,Jangalpara (CT),7478,5736,1,Jangalpara (CT),Jangalpara (CT),False,76.70500133725595
19,West Bengal,Jangipur,88165,60735,1,Jangipur (M),Jangipur,False,68.88788067827369
19,West Bengal,Jateshwar (CT),8963,6742,1,Jateshwar (CT),Jateshwar (CT),False,75.22035032913087
19,West Bengal,Jatragachhi (CT),6890,4986,1,Jatragachhi (CT),Jatragachhi (CT),False,72.36574746008708
19,West Bengal,Jaygaon (CT),42254,25574,1,Jaygaon (CT),Jaygaon (CT),False,60.52444738959625
19,West Bengal,Jaykrishnapur (CT),17779,8739,2,Jaykrishnapur (CT),Jaykrishnapur (CT),True,49.15349569717082
19,West Bengal,Jaynagar (CT),6977,5120,1,Jaynagar (CT),Jaynagar (CT),False,73.3839759208829
19,West Bengal,Jaynagar Mazilpur,25922,20898,1,Jaynagar Mazilpur (M),Jaynagar Mazilpur,False,80.61877941516859
19,West Bengal,Jaypur (CT),10259,5893,1,Jaypur (CT),Jaypur (CT),False,57.442245832927185
19,West Bengal,Jaypur Bil (CT),9598,7389,1,Jaypur Bil (CT),Jaypur Bil (CT),False,76.98478849760366
19,West Bengal,Jemari (J.K. Nagar Township) (CT),13179,8464,1,Jemari (J.K. Nagar Township) (CT),Jemari (J.K. Nagar Township) (CT),False,64.22338568935427
19,West Bengal,Jetia (CT),6349,5648,1,Jetia (CT),Jetia (CT),False,88.95889116396283
19,West Bengal,Jhalda,19544,13106,1,Jhalda (M),Jhalda,False,67.05894392140812
19,West Bengal,Jhalda (P) (CT),9384,4350,1,Jhalda (P) (CT),Jhalda (P) (CT),False,46.355498721227626
19,West Bengal,Jhangra (CT),5022,2843,1,Jhangra (CT),Jhangra (CT),False,56.610911987256074
19,West Bengal,Jhanti Pahari (CT),5326,3682,1,Jhanti Pahari (CT),Jhanti Pahari (CT),False,69.13255726624108
19,West Bengal,Jhargram,61712,49870,1,Jhargram (M),Jhargram,False,80.81086336530983
19,West Bengal,Jhorhat (CT),16940,13713,1,Jhorhat (CT),Jhorhat (CT),False,80.95041322314049
19,West Bengal,Jiaganj-Azimganj,51790,37728,1,Jiaganj-Azimganj (M),Jiaganj-Azimganj,False,72.84804016219347
19,West Bengal,Jirat (CT),7430,5308,1,Jirat (CT),Jirat (CT),False,71.44010767160161
19,West Bengal,Jitu (CT),5892,4438,1,Jitu (CT),Jitu (CT),False,75.3224711473184
19,West Bengal,Joka (CT),9302,7803,1,Joka (CT),Joka (CT),False,83.88518598150935
19,West Bengal,Jot Kamal (CT),7685,5212,1,Jot Kamal (CT),Jot Kamal (CT),False,67.82042940793754
19,West Bengal,Joypul (CT),16134,10926,1,Joypul (CT),Joypul (CT),False,67.72034213462254
19,West Bengal,Jujarsaha (CT),21820,15515,1,Jujarsaha (CT),Jujarsaha (CT),False,71.1044912923923
19,West Bengal,Kachu Pukur (CT),5752,4451,1,Kachu Pukur (CT),Kachu Pukur (CT),False,77.3817802503477
19,West Bengal,Kaijuri (CT),5932,3366,1,Kaijuri (CT),Kaijuri (CT),False,56.743088334457184
19,West Bengal,Kajora (CT),27275,16539,1,Kajora (CT),Kajora (CT),False,60.63794683776352
19,West Bengal,Kakdihi (CT),5477,4463,1,Kakdihi (CT),Kakdihi (CT),False,81.48621508124886
19,West Bengal,Kakramari (CT),9423,3991,1,Kakramari (CT),Kakramari (CT),False,42.35381513318476
19,West Bengal,Kalaikunda (CT),9344,6973,1,Kalaikunda (CT),Kalaikunda (CT),False,74.62542808219177
19,West Bengal,Kalara (CT),27210,19309,1,Kalara (CT),Kalara (CT),False,70.96288129364204
19,West Bengal,Kalaria (CT),10075,7091,1,Kalaria (CT),Kalaria (CT),False,70.38213399503722
19,West Bengal,Kaliaganj,53530,41622,1,Kaliaganj (M),Kaliaganj,False,77.75453016999813
19,West Bengal,Kalikapota (CT),13086,8455,1,Kalikapota (CT),Kalikapota (CT),False,64.61103469356564
19,West Bengal,Kalikapur (CT),5860,4419,1,Kalikapur (CT),Kalikapur (CT),False,75.40955631399318
19,West Bengal,Kalikapur Barasat (CT),6104,4999,1,Kalikapur Barasat (CT),Kalikapur Barasat (CT),False,81.89711664482306
19,West Bengal,Kalimpong,49403,41184,1,Kalimpong (M),Kalimpong,False,83.36335850049592
19,West Bengal,Kalipur (CT),4770,3217,1,Kalipur (CT),Kalipur (CT),False,67.44234800838575
19,West Bengal,Kalkut (CT),9184,6329,1,Kalkut (CT),Kalkut (CT),False,68.9133275261324
19,West Bengal,Kalna,56722,45403,1,Kalna (M),Kalna,False,80.04477980325095
19,West Bengal,Kalua (CT),15735,12665,1,Kalua (CT),Kalua (CT),False,80.48935494121385
19,West Bengal,Kalyani,100575,81204,1,Kalyani (M),Kalyani,False,80.73974645786727
19,West Bengal,Kalyanpur (CT),8914,6627,1,Kalyanpur (CT),Kalyanpur (CT),False,74.34372896567197
19,West Bengal,Kamalapur (CT),3348,2179,1,Kamalapur (CT),Kamalapur (CT),False,65.0836320191159
19,West Bengal,Kamarhati,330211,267267,1,Kamarhati (M),Kamarhati,False,80.93824857439637
19,West Bengal,Kamat Phulbari (P) (CT),5339,3667,1,Kamat Phulbari (P) (CT),Kamat Phulbari (P) (CT),False,68.68327402135232
19,West Bengal,Kamgachhi (CT),19998,13467,1,Kamgachhi (CT),Kamgachhi (CT),False,67.34173417341735
19,West Bengal,Kamranga (CT),4585,4014,1,Kamranga (CT),Kamranga (CT),False,87.54634678298801
19,West Bengal,Kanaipur (CT),31596,24924,2,Kanaipur (CT),Kanaipur (CT),True,78.88340296240031
19,West Bengal,Kanchrapara,120345,100025,1,Kanchrapara (M),Kanchrapara,False,83.11521043666127
19,West Bengal,Kanchrapara (M + OG),129576,108092,1,Kanchrapara (M + OG),Kanchrapara (M + OG),False,83.41976909304192
19,West Bengal,Kandi,55632,40816,1,Kandi (M),Kandi,False,73.36784584411849
19,West Bengal,Kanganbaria (CT),6657,5163,1,Kanganbaria (CT),Kanganbaria (CT),False,77.5574583145561
19,West Bengal,Kanki (P) (CT),6884,4402,1,Kanki (P) (CT),Kanki (P) (CT),False,63.94538059267868
19,West Bengal,Kanksa (CT),23789,17992,1,Kanksa (CT),Kanksa (CT),False,75.63159443440246
19,West Bengal,Kankuria (CT),36925,15640,1,Kankuria (CT),Kankuria (CT),False,42.35612728503724
19,West Bengal,Kanpur (CT),6069,4504,1,Kanpur (CT),Kanpur (CT),False,74.21321469764376
19,West Bengal,Kantaberia (CT),11507,7329,1,Kantaberia (CT),Kantaberia (CT),False,63.6916659424698
19,West Bengal,Kantaranguri (P) (CT),5435,4445,1,Kantaranguri (P) (CT),Kantaranguri (P) (CT),False,81.78472861085557
19,West Bengal,Kantlia (CT),9567,6846,1,Kantlia (CT),Kantlia (CT),False,71.5584822828473
19,West Bengal,Kanyanagar (CT),10823,8663,1,Kanyanagar (CT),Kanyanagar (CT),False,80.04250207890603
19,West Bengal,Kapashanria (CT),5148,3594,1,Kapashanria (CT),Kapashanria (CT),False,69.8135198135198
19,West Bengal,Karari Chandpur (CT),10941,4798,1,Karari Chandpur (CT),Karari Chandpur (CT),False,43.85339548487342
19,West Bengal,Karia (CT),4737,2896,1,Karia (CT),Karia (CT),False,61.13573991978045
19,West Bengal,Karidhya (CT),10466,8005,1,Karidhya (CT),Karidhya (CT),False,76.48576342442193
19,West Bengal,Karimpur (CT),9661,7616,1,Karimpur (CT),Karimpur (CT),False,78.83241900424387
19,West Bengal,Kasba (CT),10067,7695,1,Kasba (CT),Kasba (CT),False,76.43786629581803
19,West Bengal,Kashimnagar (CT),9796,5077,1,Kashimnagar (CT),Kashimnagar (CT),False,51.827276439363004
19,West Bengal,Kasim Bazar (CT),11724,9872,1,Kasim Bazar (CT),Kasim Bazar (CT),False,84.20334356874787
19,West Bengal,Katwa,81615,65187,1,Katwa (M),Katwa,False,79.87134717882742
19,West Bengal,Kaugachhi (CT),17001,13883,1,Kaugachhi (CT),Kaugachhi (CT),False,81.65990235868479
19,West Bengal,Kenda (CT),15731,10316,1,Kenda (CT),Kenda (CT),False,65.57752209014048
19,West Bengal,Kendra Khottamdi (CT),10750,6469,2,Kendra Khottamdi (CT) (Part),Kendra Khottamdi (CT),True,60.17674418604651
19,West Bengal,Kendua (CT),12790,9218,2,Kendua (CT),Kendua (CT),True,72.07193119624706
19,West Bengal,Keota (P) (CT),18875,13554,1,Keota (P) (CT),Keota (P) (CT),False,71.80927152317881
19,West Bengal,Kesabpur (CT),12073,8623,1,Kesabpur (CT),Kesabpur (CT),False,71.4238383169055
19,West Bengal,Khadalgobra (CT),5344,4074,1,Khadalgobra (CT),Khadalgobra (CT),False,76.23502994011976
19,West Bengal,Khadinan (CT),9297,6977,1,Khadinan (CT),Khadinan (CT),False,75.04571367107668
19,West Bengal,Khagrabari (CT),23122,18606,1,Khagrabari (CT),Khagrabari (CT),False,80.46881757633423
19,West Bengal,Khajutti (CT),7380,5537,1,Khajutti (CT),Khajutti (CT),False,75.02710027100271
19,West Bengal,Khalia (CT),6265,4696,1,Khalia (CT),Khalia (CT),False,74.9561053471668
19,West Bengal,Khalisani (CT),12970,9251,1,Khalisani (CT),Khalisani (CT),False,71.32613723978412
19,West Bengal,Khalor (CT),9636,8231,1,Khalor (CT),Khalor (CT),False,85.41926110419261
19,West Bengal,Khandra (CT),15383,9773,1,Khandra (CT),Khandra (CT),False,63.531170772931155
19,West Bengal,Khanpur (CT),5510,2499,1,Khanpur (CT),Khanpur (CT),False,45.35390199637024
19,West Bengal,Khantora (CT),6547,5362,1,Khantora (CT),Khantora (CT),False,81.90010691919963
19,West Bengal,Kharagpur,207604,161741,1,Kharagpur (M),Kharagpur,False,77.90842180304811
19,West Bengal,Kharagpur Rly. Settlement (CT),82735,61571,1,Kharagpur Rly. Settlement (CT),Kharagpur Rly. Settlement (CT),False,74.41953224149393
19,West Bengal,Kharar,12118,9364,1,Kharar (M),Kharar,False,77.27347747152994
19,West Bengal,Khardah,108496,95469,1,Khardah (M),Khardah,False,87.99310573661701
19,West Bengal,Kharia (P) (CT),61661,43498,1,Kharia (P) (CT),Kharia (P) (CT),False,70.54377969867501
19,West Bengal,Kharibari (CT),6660,4630,1,Kharibari (CT),Kharibari (CT),False,69.51951951951952
19,West Bengal,Kharimala Khagrabari (CT),7844,6461,1,Kharimala Khagrabari (CT),Kharimala Khagrabari (CT),False,82.36868944416115
19,West Bengal,Kharisha (CT),4120,3437,1,Kharisha (CT),Kharisha (CT),False,83.42233009708738
19,West Bengal,Kharsarai (CT),6247,4675,1,Kharsarai (CT),Kharsarai (CT),False,74.83592124219626
19,West Bengal,Khasjalalsi (CT),5111,3839,1,Khasjalalsi (CT),Khasjalalsi (CT),False,75.11250244570535
19,West Bengal,Khatra (CT),7382,5658,1,Khatra (CT),Khatra (CT),False,76.64589542129504
19,West Bengal,Khidirpur (CT),5526,2396,1,Khidirpur (CT),Khidirpur (CT),False,43.35866811436844
19,West Bengal,Khodar Bazar (CT),6360,5078,1,Khodar Bazar (CT),Khodar Bazar (CT),False,79.84276729559748
19,West Bengal,Khodarampur (CT),7277,4013,1,Khodarampur (CT),Khodarampur (CT),False,55.146351518482895
19,West Bengal,Khorddabamonia (CT),5856,4047,1,Khorddabamonia (CT),Khorddabamonia (CT),False,69.10860655737704
19,West Bengal,Koch Bihar,77935,66404,1,Koch Bihar (M),Koch Bihar,False,85.20433694745621
19,West Bengal,Kodalia (CT),8994,6662,1,Kodalia (CT),Kodalia (CT),False,74.07160329108294
19,West Bengal,Kohetpur (CT),5379,2332,1,Kohetpur (CT),Kohetpur (CT),False,43.353783231083845
19,West Bengal,Kokapur (CT),6317,5202,1,Kokapur (CT),Kokapur (CT),False,82.34921640018996
19,West Bengal,Kola (CT),7271,5327,1,Kola (CT),Kola (CT),False,73.26365011690277
19,West Bengal,Kolaghat (CT),25191,19909,1,Kolaghat (CT),Kolaghat (CT),False,79.0321940375531
19,West Bengal,Kolkata,4496694,3588137,1,Kolkata (M Corp.),Kolkata,False,79.79500050481532
19,West Bengal,Komarhat (CT),5782,4029,1,Komarhat (CT),Komarhat (CT),False,69.68177101349015
19,West Bengal,Konardihi (CT),8488,5734,1,Konardihi (CT),Konardihi (CT),False,67.55419415645618
19,West Bengal,Konnagar,76172,63911,1,Konnagar (M),Konnagar,False,83.90353410702095
19,West Bengal,Kotbar (CT),6083,4371,1,Kotbar (CT),Kotbar (CT),False,71.85599210915666
19,West Bengal,Kotulpur (CT),8483,6653,1,Kotulpur (CT),Kotulpur (CT),False,78.4274431215372
19,West Bengal,Koyra (CT),11615,7982,1,Koyra (CT),Koyra (CT),False,68.72148084373654
19,West Bengal,Kriparampur (CT),3778,2983,1,Kriparampur (CT),Kriparampur (CT),False,78.95712016940179
19,West Bengal,Krishna Chandrapur (CT),8146,5359,1,Krishna Chandrapur (CT),Krishna Chandrapur (CT),False,65.78688927080776
19,West Bengal,Krishna Sali (CT),10742,5575,1,Krishna Sali (CT),Krishna Sali (CT),False,51.89908769316701
19,West Bengal,Krishnanagar,153062,127927,1,Krishnanagar (M),Krishnanagar,False,83.57854986868067
19,West Bengal,Krishnapur (CT),24675,12896,2,Krishnapur (CT),Krishnapur (CT),True,52.263424518743676
19,West Bengal,Kshidirpur (CT),10556,8181,1,Kshidirpur (CT),Kshidirpur (CT),False,77.50094732853353
19,West Bengal,Kshirpai,16384,12004,1,Kshirpai (M),Kshirpai,False,73.2666015625
19,West Bengal,Kulberia (CT),6993,5675,1,Kulberia (CT),Kulberia (CT),False,81.15258115258115
19,West Bengal,Kuldanga (CT),7742,5706,1,Kuldanga (CT),Kuldanga (CT),False,73.70188581761819
19,West Bengal,Kulia (P) (CT),10406,8125,1,Kulia (P) (CT),Kulia (P) (CT),False,78.07995387276571
19,West Bengal,Kulihanda (CT),15969,12383,1,Kulihanda (CT),Kulihanda (CT),False,77.54399148349927
19,West Bengal,Kulitapara (CT),5895,4282,1,Kulitapara (CT),Kulitapara (CT),False,72.63782866836303
19,West Bengal,Kulti,313809,209952,1,Kulti (M),Kulti,False,66.90439088745065
19,West Bengal,Kumirmora (CT),12208,9053,1,Kumirmora (CT),Kumirmora (CT),False,74.15629095674967
19,West Bengal,Kunustara (CT),5127,3451,1,Kunustara (CT),Kunustara (CT),False,67.31031792471231
19,West Bengal,Kurseong,42446,36405,1,Kurseong (M),Kurseong,False,85.76779908589738
19,West Bengal,Kusadanga (CT),5434,3886,1,Kusadanga (CT),Kusadanga (CT),False,71.5126978284873
19,West Bengal,Labhpur (CT),5419,4193,1,Labhpur (CT),Labhpur (CT),False,77.37589961247463
19,West Bengal,Lagda (CT),5694,3471,1,Lagda (CT),Lagda (CT),False,60.95890410958904
19,West Bengal,Lalman (CT),6894,4902,1,Lalman (CT),Lalman (CT),False,71.10530896431679
19,West Bengal,Lalpur (CT),4691,2924,1,Lalpur (CT),Lalpur (CT),False,62.33212534640802
19,West Bengal,Lalpur (P) (CT),8536,7505,1,Lalpur (P) (CT),Lalpur (P) (CT),False,87.92174320524836
19,West Bengal,Lapara (CT),5367,3372,1,Lapara (CT),Lapara (CT),False,62.82839575181666
19,West Bengal,Laskarpara (CT),7137,5544,1,Laskarpara (CT),Laskarpara (CT),False,77.67969735182851
19,West Bengal,Lataguri (CT),4981,3522,1,Lataguri (CT),Lataguri (CT),False,70.7086930335274
19,West Bengal,Ledisol (CT),5056,4235,1,Ledisol (CT),Ledisol (CT),False,83.7618670886076
19,West Bengal,Madanpur (CT),13675,11283,1,Madanpur (CT),Madanpur (CT),False,82.50822669104205
19,West Bengal,Madhusudanpur (CT),6685,5472,1,Madhusudanpur (CT),Madhusudanpur (CT),False,81.8548990276739
19,West Bengal,Madhyamgram,196127,161087,1,Madhyamgram (M),Madhyamgram,False,82.13402540190795
19,West Bengal,Madna (CT),6312,3015,1,Madna (CT),Madna (CT),False,47.76615969581749
19,West Bengal,Magrahat (CT),17392,11255,1,Magrahat (CT),Magrahat (CT),False,64.71366145354186
19,West Bengal,Mahadeb Nagar (CT),21737,9824,1,Mahadeb Nagar (CT),Mahadeb Nagar (CT),False,45.19482909325114
19,West Bengal,Mahal (CT),4841,3078,1,Mahal (CT),Mahal (CT),False,63.581904565172486
19,West Bengal,Mahendrapur (CT),6979,3631,1,Mahendrapur (CT),Mahendrapur (CT),False,52.0275111047428
19,West Bengal,Maheshtala,448317,329813,1,Maheshtala (M),Maheshtala,False,73.5669180512896
19,West Bengal,Mahiari (CT),18223,15055,1,Mahiari (CT),Mahiari (CT),False,82.61537617296823
19,West Bengal,Mahira (CT),4188,2564,1,Mahira (CT),Mahira (CT),False,61.222540592168095
19,West Bengal,Mahishrekha (CT),2017,1370,1,Mahishrekha (CT),Mahishrekha (CT),False,67.92265741199802
19,West Bengal,Mainaguri (CT),30490,24408,1,Mainaguri (CT),Mainaguri (CT),False,80.05247622171203
19,West Bengal,Majdia (CT),7831,5362,1,Majdia (CT),Majdia (CT),False,68.47145958370578
19,West Bengal,Majiara (CT),5444,3341,1,Majiara (CT),Majiara (CT),False,61.370315944158705
19,West Bengal,Makardaha (CT),8713,7048,1,Makardaha (CT),Makardaha (CT),False,80.89062320670263
19,West Bengal,Makhal Tala (CT),11192,5660,1,Makhal Tala (CT),Makhal Tala (CT),False,50.57183702644746
19,West Bengal,Mal,25218,20354,1,Mal (M),Mal,False,80.71218970576572
19,West Bengal,Mallik Bagan (CT),8869,5916,1,Mallik Bagan (CT),Mallik Bagan (CT),False,66.70425076107792
19,West Bengal,Mallikpur (CT),19120,10698,1,Mallikpur (CT),Mallikpur (CT),False,55.95188284518828
19,West Bengal,Mamrejpur (CT),9851,4507,1,Mamrejpur (CT),Mamrejpur (CT),False,45.75170033499137
19,West Bengal,Manbazar (CT),9521,6948,1,Manbazar (CT),Manbazar (CT),False,72.9755277806953
19,West Bengal,Mandarbani (CT),4592,2914,1,Mandarbani (CT),Mandarbani (CT),False,63.458188153310104
19,West Bengal,Mangalbari (CT),5934,3710,1,Mangalbari (CT),Mangalbari (CT),False,62.521065048870916
19,West Bengal,Mangarjung Tea Garden (Nagri) (CT),5644,4090,1,Mangarjung Tea Garden (Nagri) (CT),Mangarjung Tea Garden (Nagri) (CT),False,72.46633593196314
19,West Bengal,Manikpur (CT),19804,13378,1,Manikpur (CT),Manikpur (CT),False,67.55200969501111
19,West Bengal,Manirampur (CT),7428,5381,1,Manirampur (CT),Manirampur (CT),False,72.44211093161013
19,West Bengal,Mansinhapur (CT),6004,4828,1,Mansinhapur (CT),Mansinhapur (CT),False,80.41305796135909
19,West Bengal,Manushpur (CT),8148,6532,1,Manushpur (CT),Manushpur (CT),False,80.16691212567501
19,West Bengal,Maricha (CT),4842,3161,1,Maricha (CT),Maricha (CT),False,65.28294093349855
19,West Bengal,Masat (CT),13846,10396,2,Masat (CT),Masat (CT),True,75.08305647840533
19,West Bengal,Masila (CT),12239,9775,1,Masila (CT),Masila (CT),False,79.86763624479124
19,West Bengal,Maslandapur (CT),10790,8708,1,Maslandapur (CT),Maslandapur (CT),False,80.70435588507877
19,West Bengal,Mathabhanga,23890,19571,1,Mathabhanga (M),Mathabhanga,False,81.9213059857681
19,West Bengal,Mathapari (CT),11529,7857,1,Mathapari (CT),Mathapari (CT),False,68.14988290398126
19,West Bengal,Mathurapur (CT),14600,10984,2,Mathurapur (CT),Mathurapur (CT),True,75.23287671232876
19,West Bengal,Matialihat (CT),4215,3253,1,Matialihat (CT),Matialihat (CT),False,77.1767497034401
19,West Bengal,Matiari (CT),14293,9899,1,Matiari (CT),Matiari (CT),False,69.2576785839222
19,West Bengal,Matla (CT),31920,22118,1,Matla (CT),Matla (CT),False,69.29197994987469
19,West Bengal,Mechiabasti (CT),9592,5407,1,Mechiabasti (CT),Mechiabasti (CT),False,56.36989157631359
19,West Bengal,Medinipur,169264,137133,1,Medinipur (M),Medinipur,False,81.01722752623121
19,West Bengal,Mekliganj,9127,6009,1,Mekliganj (M),Mekliganj,False,65.83762463021804
19,West Bengal,Memari,41451,31935,1,Memari (M),Memari,False,77.04277339509301
19,West Bengal,Mihitikri (CT),6906,5296,1,Mihitikri (CT),Mihitikri (CT),False,76.6869388937156
19,West Bengal,Milki (CT),12581,6541,1,Milki (CT),Milki (CT),False,51.99109768698832
19,West Bengal,Minakhan (CT),3474,2522,1,Minakhan (CT),Minakhan (CT),False,72.59643062751871
19,West Bengal,Mira (CT),14391,9867,1,Mira (CT),Mira (CT),False,68.56368563685636
19,West Bengal,Mirdhanga (CT),8482,6232,1,Mirdhanga (CT),Mirdhanga (CT),False,73.47323744399907
19,West Bengal,Mirik (NA),11513,9394,1,Mirik (NA),Mirik (NA),False,81.59471901328934
19,West Bengal,Mirjapur (CT),5114,4119,1,Mirjapur (CT),Mirjapur (CT),False,80.54360578803285
19,West Bengal,Mirzapur (CT),13816,9135,2,Mirzapur (CT),Mirzapur (CT),True,66.11899247249565
19,West Bengal,Mithipur (CT),15260,7909,1,Mithipur (CT),Mithipur (CT),False,51.82830930537352
19,West Bengal,Mohanpur (CT),13941,10980,2,Mohanpur (CT),Mohanpur (CT),True,78.76049063912201
19,West Bengal,Mugkalyan (CT),7961,6301,1,Mugkalyan (CT),Mugkalyan (CT),False,79.14834819746262
19,West Bengal,Muragachha (CT),13249,10063,1,Muragachha (CT),Muragachha (CT),False,75.9529021058193
19,West Bengal,Murarai (CT),5770,3446,1,Murarai (CT),Murarai (CT),False,59.72270363951473
19,West Bengal,Murgathaul (CT),7371,4682,1,Murgathaul (CT),Murgathaul (CT),False,63.51919685253019
19,West Bengal,Murshidabad,44019,32451,1,Murshidabad (M),Murshidabad,False,73.72043890138349
19,West Bengal,Murulia (CT),5929,2371,1,Murulia (CT),Murulia (CT),False,39.989880249620505
19,West Bengal,Naba Kola (CT),6169,2853,1,Naba Kola (CT),Naba Kola (CT),False,46.24736586156589
19,West Bengal,Nababpur (CT),12728,9594,1,Nababpur (CT),Nababpur (CT),False,75.37712130735386
19,West Bengal,Nabadiganta Industrial Township (ITS),1095,918,1,Nabadiganta Industrial Township (ITS),Nabadiganta Industrial Township (ITS),False,83.83561643835617
19,West Bengal,Nabadwip,125543,101960,1,Nabadwip (M),Nabadwip,False,81.2152011661343
19,West Bengal,Nabaghanapur (CT),5383,4175,1,Nabaghanapur (CT),Nabaghanapur (CT),False,77.55898198030839
19,West Bengal,Nabagram (CT),5963,3814,1,Nabagram (CT),Nabagram (CT),False,63.96109340935771
19,West Bengal,Nabagram Colony (CT),18358,16576,1,Nabagram Colony (CT),Nabagram Colony (CT),False,90.29306024621418
19,West Bengal,Nabghara (CT),5875,4139,1,Nabghara (CT),Nabghara (CT),False,70.45106382978723
19,West Bengal,Nabgram (CT),4626,3032,1,Nabgram (CT),Nabgram (CT),False,65.54258538694336
19,West Bengal,Nachhratpur Katabari (CT),6011,4129,1,Nachhratpur Katabari (CT),Nachhratpur Katabari (CT),False,68.6907336549659
19,West Bengal,Nadabhanga (CT),5927,4496,1,Nadabhanga (CT),Nadabhanga (CT),False,75.85625105449637
19,West Bengal,Nagar Changrabandha (CT),4483,3172,1,Nagar Changrabandha (CT),Nagar Changrabandha (CT),False,70.75619005130494
19,West Bengal,Nagdaha (CT),8192,6284,1,Nagdaha (CT),Nagdaha (CT),False,76.708984375
19,West Bengal,Nahazari (CT),17422,10693,1,Nahazari (CT),Nahazari (CT),False,61.37642061760992
19,West Bengal,Naihati,217900,173397,1,Naihati (M),Naihati,False,79.57641119779716
19,West Bengal,Nainan (CT),6772,4382,1,Nainan (CT),Nainan (CT),False,64.70761961015948
19,West Bengal,Naiti (CT),6996,5336,1,Naiti (CT),Naiti (CT),False,76.27215551743853
19,West Bengal,Naldanga (CT),13140,10008,1,Naldanga (CT),Naldanga (CT),False,76.16438356164383
19,West Bengal,Nalhati,41534,29459,1,Nalhati (M),Nalhati,False,70.92743294650165
19,West Bengal,Nalpur (CT),6911,4813,1,Nalpur (CT),Nalpur (CT),False,69.642598755607
19,West Bengal,Namajgram (CT),7252,4869,1,Namajgram (CT),Namajgram (CT),False,67.14009928295643
19,West Bengal,Nandigram (CT),5803,4512,1,Nandigram (CT),Nandigram (CT),False,77.75288643804929
19,West Bengal,Nari (P) (CT),13072,10404,1,Nari (P) (CT),Nari (P) (CT),False,79.58996328029376
19,West Bengal,Naridana (CT),4277,3228,1,Naridana (CT),Naridana (CT),False,75.47346270750526
19,West Bengal,Nasaratpur (CT),17044,9834,1,Nasaratpur (CT),Nasaratpur (CT),False,57.69772353907533
19,West Bengal,Nasibpur (CT),7517,6026,1,Nasibpur (CT),Nasibpur (CT),False,80.16495942530265
19,West Bengal,Nasra (CT),10707,8745,1,Nasra (CT),Nasra (CT),False,81.6755393667694
19,West Bengal,Natibpur (CT),7212,4881,1,Natibpur (CT),Natibpur (CT),False,67.67886855241264
19,West Bengal,Naul (CT),5865,4187,1,Naul (CT),Naul (CT),False,71.38959931798806
19,West Bengal,Naupala (CT),7856,5273,1,Naupala (CT),Naupala (CT),False,67.12067209775967
19,West Bengal,Nawapara (CT),7262,5916,1,Nawapara (CT),Nawapara (CT),False,81.46516111264116
19,West Bengal,Nayabahadurpur (CT),9239,4513,1,Nayabahadurpur (CT),Nayabahadurpur (CT),False,48.847277843922505
19,West Bengal,Nazirpur (CT),8778,4467,1,Nazirpur (CT),Nazirpur (CT),False,50.88858509911142
19,West Bengal,Nebadhai Duttapukur (CT),25557,20915,1,Nebadhai Duttapukur (CT),Nebadhai Duttapukur (CT),False,81.83667879641585
19,West Bengal,New Barrackpore,76846,67384,1,New Barrackpore (M),New Barrackpore,False,87.68706243656143
19,West Bengal,Nibra (CT),27818,21219,1,Nibra (CT),Nibra (CT),False,76.2779495290819
19,West Bengal,Nimpith (CT),8014,5843,1,Nimpith (CT),Nimpith (CT),False,72.90990766159221
19,West Bengal,Nimsa (CT),3459,2074,1,Nimsa (CT),Nimsa (CT),False,59.95952587453021
19,West Bengal,Nischintapur (CT),6353,4756,1,Nischintapur (CT),Nischintapur (CT),False,74.8622697937982
19,West Bengal,Noapara (P) (CT),10819,8251,1,Noapara (P) (CT),Noapara (P) (CT),False,76.2639800351234
19,West Bengal,Nokpul (CT),7737,6047,1,Nokpul (CT),Nokpul (CT),False,78.15690836241437
19,West Bengal,North Barrackpore,132806,116524,1,North Barrackpore (M),North Barrackpore,False,87.74001174645724
19,West Bengal,North DumDum,249142,209964,1,North DumDum (M),North DumDum,False,84.27483122074962
19,West Bengal,Nrisinghapur (CT),11336,7315,1,Nrisinghapur (CT),Nrisinghapur (CT),False,64.5289343683839
19,West Bengal,Oadipur (CT),5002,3805,1,Oadipur (CT),Oadipur (CT),False,76.06957217113155
19,West Bengal,Odlabari (CT),14194,9552,1,Odlabari (CT),Odlabari (CT),False,67.29604058052698
19,West Bengal,Old Malda,84012,57076,1,Old Malda (M),Old Malda,False,67.937913631386
19,West Bengal,Ondal (CT),19924,14613,1,Ondal (CT),Ondal (CT),False,73.34370608311585
19,West Bengal,Osmanpur (CT),15801,9398,2,Osmanpur (CT),Osmanpur (CT),True,59.47724827542561
19,West Bengal,Pairagachha (CT),4703,3844,1,Pairagachha (CT),Pairagachha (CT),False,81.73506272591963
19,West Bengal,Palashban (CT),4811,3580,1,Palashban (CT),Palashban (CT),False,74.41280399085429
19,West Bengal,Palashi (CT),6748,5452,1,Palashi (CT),Palashi (CT),False,80.79430942501482
19,West Bengal,Palladaha (CT),5994,4616,1,Palladaha (CT),Palladaha (CT),False,77.01034367701034
19,West Bengal,Paltapara (CT),6408,4974,1,Paltapara (CT),Paltapara (CT),False,77.62172284644194
19,West Bengal,Panchghara (CT),14768,9774,2,Panchghara (CT),Panchghara (CT),True,66.18364030335862
19,West Bengal,Panchla (CT),26432,18730,1,Panchla (CT),Panchla (CT),False,70.8610774818402
19,West Bengal,Panchpara (CT),19283,14127,1,Panchpara (CT),Panchpara (CT),False,73.261421977908
19,West Bengal,Pandua (CT),30700,22604,1,Pandua (CT),Pandua (CT),False,73.62866449511401
19,West Bengal,Pangachhiya (CT),9165,6073,1,Pangachhiya  (CT),Pangachhiya (CT),False,66.26295690125478
19,West Bengal,Paniara (CT),7787,5463,1,Paniara (CT),Paniara (CT),False,70.15538718376781
19,West Bengal,Panihati,377347,322770,1,Panihati (M),Panihati,False,85.5366545911323
19,West Bengal,Panpara (CT),5349,3610,1,Panpara (CT),Panpara (CT),False,67.48925032716396
19,West Bengal,Panskura,57932,43326,1,Panskura (M),Panskura,False,74.78768211006008
19,West Bengal,Panuhat (CT),6473,4817,1,Panuhat (CT),Panuhat (CT),False,74.41680828054997
19,West Bengal,Panuria (CT),8399,5309,1,Panuria (CT),Panuria (CT),False,63.20990594118348
19,West Bengal,Par Beliya (CT),5279,3462,1,Par Beliya (CT),Par Beliya (CT),False,65.58060238681568
19,West Bengal,Par Patiram (CT),3225,2118,1,Par Patiram (CT),Par Patiram (CT),False,65.67441860465117
19,West Bengal,Parangarpar (CT),11408,8750,1,Parangarpar (CT),Parangarpar (CT),False,76.70056100981768
19,West Bengal,Paranpara (CT),22297,9408,1,Paranpara (CT),Paranpara (CT),False,42.19401713234964
19,West Bengal,Parashkol (CT),11212,7095,2,Parashkol (CT) (Part),Parashkol (CT),True,63.28041384231181
19,West Bengal,Parasia (CT),8894,5146,1,Parasia (CT),Parasia (CT),False,57.85923094220823
19,West Bengal,Parbbatipur (CT),9584,7872,1,Parbbatipur (CT),Parbbatipur (CT),False,82.13689482470785
19,West Bengal,Parota (CT),5267,4148,1,Parota (CT),Parota (CT),False,78.75450920827795
19,West Bengal,Paschim Bainan (CT),12405,8578,1,Paschim Bainan (CT),Paschim Bainan (CT),False,69.14953647722693
19,West Bengal,Paschim Gazipur (CT),5409,4217,1,Paschim Gazipur (CT),Paschim Gazipur (CT),False,77.96265483453504
19,West Bengal,Paschim Jitpur (CT),14334,11146,1,Paschim Jitpur (CT),Paschim Jitpur (CT),False,77.75917399190735
19,West Bengal,Paschim Panchla (CT),6951,3999,1,Paschim Panchla (CT),Paschim Panchla (CT),False,57.531290461804055
19,West Bengal,Paschim Punropara (CT),40683,18442,1,Paschim Punropara (CT),Paschim Punropara (CT),False,45.3309736253472
19,West Bengal,Paschimbhatjangla (CT),12963,8483,1,Paschimbhatjangla (CT),Paschimbhatjangla (CT),False,65.44009874257503
19,West Bengal,Pashchim Khalna (CT),5813,4353,1,Pashchim Khalna (CT),Pashchim Khalna (CT),False,74.88388095647687
19,West Bengal,Patdaha (CT),4993,2716,1,Patdaha (CT),Patdaha (CT),False,54.39615461646304
19,West Bengal,Patharberia (CT),4698,3544,1,Patharberia (CT),Patharberia (CT),False,75.436355896126
19,West Bengal,Patihal (CT),13573,10149,1,Patihal (CT),Patihal (CT),False,74.7734472850512
19,West Bengal,Patuli (CT),6441,5095,1,Patuli (CT),Patuli (CT),False,79.10262381617761
19,West Bengal,Patulia (CT),16979,13739,1,Patulia (CT),Patulia (CT),False,80.91760409918135
19,West Bengal,Petua (CT),9596,6785,1,Petua (CT),Petua (CT),False,70.7065443934973
19,West Bengal,Phulia (CT),55653,41752,1,Phulia (CT),Phulia (CT),False,75.0220113920184
19,West Bengal,Piarinagar (CT),3678,2867,1,Piarinagar (CT),Piarinagar (CT),False,77.9499728113105
19,West Bengal,Poali (CT),8657,5655,1,Poali (CT),Poali (CT),False,65.32286011320319
19,West Bengal,Podara (CT),21589,17800,1,Podara (CT),Podara (CT),False,82.44939552549909
19,West Bengal,Prayagpur (CT),4479,3307,1,Prayagpur (CT),Prayagpur (CT),False,73.83344496539405
19,West Bengal,Priyanagar (CT),5763,4061,1,Priyanagar (CT),Priyanagar (CT),False,70.4667707791081
19,West Bengal,Pujali,37047,25791,1,Pujali (M),Pujali,False,69.61697303425379
19,West Bengal,Punglia (CT),6857,5265,1,Punglia (CT),Punglia (CT),False,76.7828496427009
19,West Bengal,Purba Bishnupur (CT),13060,8751,1,Purba Bishnupur (M) (CT),Purba Bishnupur (CT),False,67.00612557427259
19,West Bengal,Purba Ranaghat (CT),5207,3166,1,Purba Ranaghat (CT),Purba Ranaghat (CT),False,60.80276550797004
19,West Bengal,Purbba Narayanpur (CT),7950,6212,1,Purbba Narayanpur (CT),Purbba Narayanpur (CT),False,78.13836477987421
19,West Bengal,Purbba Tajpur (CT),7035,5423,1,Purbba Tajpur (CT),Purbba Tajpur (CT),False,77.0859985785359
19,West Bengal,Puruliya,121067,89000,1,Puruliya (M),Puruliya,False,73.51301345535943
19,West Bengal,Purusottampur (CT),3665,2336,1,Purusottampur (CT),Purusottampur (CT),False,63.73806275579808
19,West Bengal,Radhanagar (CT),6675,4302,1,Radhanagar (CT),Radhanagar (CT),False,64.4494382022472
19,West Bengal,Radhapur (CT),4623,3310,1,Radhapur (CT),Radhapur (CT),False,71.59852909366212
19,West Bengal,Raghabpur (CT),10280,6968,1,Raghabpur (CT),Raghabpur (CT),False,67.78210116731518
19,West Bengal,Raghabpur (P) (CT),5748,3224,1,Raghabpur (P) (CT),Raghabpur (P) (CT),False,56.08907446068198
19,West Bengal,Raghudebbati (CT),14165,9977,1,Raghudebbati (CT),Raghudebbati (CT),False,70.43416872573243
19,West Bengal,Raghudebpur (CT),7081,5550,1,Raghudebpur (CT),Raghudebpur (CT),False,78.37876006213811
19,West Bengal,Raghunathchak (CT),6006,3768,1,Raghunathchak (CT),Raghunathchak (CT),False,62.73726273726273
19,West Bengal,Raghunathpur,25561,17635,1,Raghunathpur (M),Raghunathpur,False,68.99182348108447
19,West Bengal,Raghunathpur (P) (CT),5339,4295,1,Raghunathpur (P) (CT),Raghunathpur (P) (CT),False,80.44577636261472
19,West Bengal,Raghunathpur (PS-Dankuni) (CT),9650,7356,1,Raghunathpur (PS-Dankuni) (CT),Raghunathpur (PS-Dankuni) (CT),False,76.2279792746114
19,West Bengal,Raghunathpur (PS-Magra) (CT),14919,12141,1,Raghunathpur (PS-Magra) (CT),Raghunathpur (PS-Magra) (CT),False,81.37944902473356
19,West Bengal,Raigachhi (CT),8245,5604,1,Raigachhi (CT),Raigachhi (CT),False,67.96846573681019
19,West Bengal,Raiganj,183612,132382,1,Raiganj (M),Raiganj,False,72.09877350064265
19,West Bengal,Raipur (CT),5470,3815,1,Raipur (CT),Raipur (CT),False,69.74405850091408
19,West Bengal,Raipur Bazar (CT),6280,4734,1,Raipur Bazar (CT),Raipur Bazar (CT),False,75.38216560509554
19,West Bengal,Rajapur (CT),9754,6792,1,Rajapur (CT),Rajapur (CT),False,69.63297108878409
19,West Bengal,Rajarhat Gopalpur,402844,329020,1,Rajarhat Gopalpur (M),Rajarhat Gopalpur,False,81.67429575716655
19,West Bengal,Rajbalhat (CT),16479,12530,1,Rajbalhat (CT),Rajbalhat (CT),False,76.03616724315796
19,West Bengal,Rajnagar (CT),13965,8845,1,Rajnagar (CT),Rajnagar (CT),False,63.33691371285356
19,West Bengal,Rajpur Sonarpur,424368,350721,1,Rajpur Sonarpur (M),Rajpur Sonarpur,False,82.64548693586698
19,West Bengal,Ramakantapur (CT),6347,2967,1,Ramakantapur (CT),Ramakantapur (CT),False,46.74649440680636
19,West Bengal,Ramanathpur (CT),6811,5227,1,Ramanathpur (CT),Ramanathpur (CT),False,76.74350315665835
19,West Bengal,Ramchandrapur (CT),24760,20105,3,Ramchandrapur (CT),Ramchandrapur (CT),True,81.19951534733441
19,West Bengal,Rameswarpur (CT),7200,4999,1,Rameswarpur (CT),Rameswarpur (CT),False,69.43055555555556
19,West Bengal,Ramjibanpur,19611,14735,1,Ramjibanpur (M),Ramjibanpur,False,75.1364030391107
19,West Bengal,Ramkrishnapur (CT),5971,4879,1,Ramkrishnapur (CT),Ramkrishnapur (CT),False,81.7116060961313
19,West Bengal,Ramnagar (CT),14974,8030,2,Ramnagar (CT),Ramnagar (CT),True,53.626285561640174
19,West Bengal,Rampurhat,57833,44709,1,Rampurhat (M),Rampurhat,False,77.30707381598741
19,West Bengal,Ranaghat,75365,65555,1,Ranaghat (M),Ranaghat,False,86.98334770782193
19,West Bengal,Ranaghat (CT),3982,3273,1,Ranaghat (CT),Ranaghat (CT),False,82.19487694625816
19,West Bengal,Rangabhita (CT),5464,4384,1,Rangabhita (CT),Rangabhita (CT),False,80.23426061493412
19,West Bengal,Raniganj,129441,88299,1,Raniganj (M),Raniganj,False,68.21563492247434
19,West Bengal,Ratibati (CT),4508,2827,1,Ratibati (CT),Ratibati (CT),False,62.710736468500436
19,West Bengal,Raynagar (CT),5593,3512,1,Raynagar (CT),Raynagar (CT),False,62.79277668514214
19,West Bengal,Rekjuani (CT),16553,12969,1,Rekjuani (CT),Rekjuani (CT),False,78.34833564912704
19,West Bengal,Rishra,124577,98753,1,Rishra (M),Rishra,False,79.27065188598218
19,West Bengal,Rishra (CT),16503,13414,1,Rishra (CT),Rishra (CT),False,81.28219111676664
19,West Bengal,Rongmook Ceder Tea Garden (CT),5150,3455,1,Rongmook Ceder Tea Garden (CT),Rongmook Ceder Tea Garden (CT),False,67.08737864077669
19,West Bengal,Rudrapur (CT),6810,4774,1,Rudrapur (CT),Rudrapur (CT),False,70.10279001468429
19,West Bengal,Ruiya (CT),17661,12010,1,Ruiya (CT),Ruiya (CT),False,68.00294434063755
19,West Bengal,Sadigachhi (CT),6248,4484,1,Sadigachhi (CT),Sadigachhi (CT),False,71.76696542893725
19,West Bengal,Sadpur (CT),7773,6325,1,Sadpur (CT),Sadpur (CT),False,81.37141386851924
19,West Bengal,Saguna (P) (CT),14991,11933,1,Saguna (P) (CT),Saguna (P) (CT),False,79.60109398972716
19,West Bengal,Sahajadpur (CT),23280,12736,1,Sahajadpur (CT),Sahajadpur (CT),False,54.70790378006873
19,West Bengal,Sahapur (CT),18928,12366,2,Sahapur (CT),Sahapur (CT),True,65.33178360101437
19,West Bengal,Sahebganj (CT),4715,3424,1,Sahebganj (CT),Sahebganj (CT),False,72.61930010604453
19,West Bengal,Sahebpur (CT),7109,5144,1,Sahebpur (CT),Sahebpur (CT),False,72.35898157265439
19,West Bengal,Sainthia,44601,31872,1,Sainthia (M),Sainthia,False,71.46028115961526
19,West Bengal,Salap (CT),15171,11830,1,Salap (CT),Salap (CT),False,77.97772065124249
19,West Bengal,Salar (CT),22894,13681,1,Salar (CT),Salar (CT),False,59.75801520048921
19,West Bengal,Salipur (P) (CT),5091,4119,1,Salipur (P) (CT),Salipur (P) (CT),False,80.90748379493223
19,West Bengal,Saltor (CT),5094,2961,1,Saltor (CT),Saltor (CT),False,58.12720848056537
19,West Bengal,Samali (CT),7180,4939,1,Samali (CT),Samali (CT),False,68.7883008356546
19,West Bengal,Samuktola (CT),8132,5971,1,Samuktola (CT),Samuktola (CT),False,73.4259714707329
19,West Bengal,Sangrampur (CT),5664,3544,1,Sangrampur (CT),Sangrampur (CT),False,62.57062146892656
19,West Bengal,Sankarpur (CT),6399,4271,1,Sankarpur (CT),Sankarpur (CT),False,66.74480387560557
19,West Bengal,Sankrail (CT),29114,21192,1,Sankrail (CT),Sankrail (CT),False,72.78972315724394
19,West Bengal,Sankrailjala (CT),8812,5752,1,Sankrailjala (CT),Sankrailjala (CT),False,65.27462551066728
19,West Bengal,Santaldih Thermal Power Project-Town (CT),2507,2217,1,Santaldih Thermal Power Project-Town (CT),Santaldih Thermal Power Project-Town (CT),False,88.43238930993219
19,West Bengal,Santipur,151777,111806,1,Santipur (M),Santipur,False,73.66465274712243
19,West Bengal,Santoshpur (CT),7695,5757,1,Santoshpur (CT),Santoshpur (CT),False,74.81481481481481
19,West Bengal,Sarenga (CT),25200,17041,1,Sarenga (CT),Sarenga (CT),False,67.62301587301587
19,West Bengal,Sarpi (CT),5549,3656,1,Sarpi (CT),Sarpi (CT),False,65.88574517931158
19,West Bengal,Sashpur (P) (CT),10100,6598,1,Sashpur (P) (CT),Sashpur (P) (CT),False,65.32673267326733
19,West Bengal,Satigachha (CT),9847,7213,1,Satigachha (CT),Satigachha (CT),False,73.25073626485224
19,West Bengal,Sehara (CT),7858,5679,1,Sehara (CT),Sehara (CT),False,72.2702977856961
19,West Bengal,Serampore,181842,148641,1,Serampore (M),Serampore,False,81.74184181872175
19,West Bengal,Serpur (CT),8900,4674,1,Serpur (CT),Serpur (CT),False,52.516853932584276
19,West Bengal,Shankara (CT),11171,3532,1,Shankara (CT),Shankara (CT),False,31.61758123713186
19,West Bengal,Shankhanagar (CT),8601,5796,1,Shankhanagar (CT),Shankhanagar (CT),False,67.38751307987442
19,West Bengal,Shantipur (CT),9746,7677,1,Shantipur (CT),Shantipur (CT),False,78.7707777549764
19,West Bengal,Shashati (CT),6914,4989,1,Shashati (CT),Shashati (CT),False,72.15794041076077
19,West Bengal,Shibalaya (CT),5830,4762,1,Shibalaya (CT),Shibalaya (CT),False,81.68096054888507
19,West Bengal,Shilda (CT),5724,4218,1,Shilda (CT),Shilda (CT),False,73.68972746331237
19,West Bengal,Shimulpur (CT),20803,15758,1,Shimulpur (CT),Shimulpur (CT),False,75.74869009277508
19,West Bengal,Shuvararah (CT),14330,8318,1,Shuvararah (CT),Shuvararah (CT),False,58.04605722260992
19,West Bengal,Shyamdhan (CT),5192,3745,1,Shyamdhan (CT),Shyamdhan (CT),False,72.13020030816641
19,West Bengal,Shyampur (CT),29378,20680,2,Shyampur (CT),Shyampur (CT),True,70.39281094696712
19,West Bengal,Sibdanga Badarpur (CT),12829,10096,1,Sibdanga Badarpur (CT),Sibdanga Badarpur (CT),False,78.69670278275781
19,West Bengal,Sibnagar (CT),6812,3126,1,Sibnagar (CT),Sibnagar (CT),False,45.889606576629475
19,West Bengal,Siduli (CT),8961,5536,1,Siduli (CT),Siduli (CT),False,61.77881932819997
19,West Bengal,Silampur (CT),12664,6021,1,Silampur (CT),Silampur (CT),False,47.544219835754895
19,West Bengal,Siliguri,513264,395802,2,Siliguri (M Corp.) (Part),Siliguri,True,77.1147012063967
19,West Bengal,Simhat (CT),6945,5723,1,Simhat (CT),Simhat (CT),False,82.4046076313895
19,West Bengal,Simla (CT),15988,12552,1,Simla (CT),Simla (CT),False,78.50888166124594
19,West Bengal,Simlapal (CT),7206,4374,1,Simlapal (CT),Simlapal (CT),False,60.69941715237302
19,West Bengal,Simurali (CT),5027,4233,1,Simurali (CT),Simurali (CT),False,84.20529142629799
19,West Bengal,Singtam Tea Garden (CT),5792,4649,1,Singtam Tea Garden (CT),Singtam Tea Garden (CT),False,80.26588397790056
19,West Bengal,Singur (CT),21382,17458,1,Singur (CT),Singur (CT),False,81.64811523711532
19,West Bengal,Sirakol (CT),10250,6452,1,Sirakol (CT),Sirakol (CT),False,62.94634146341463
19,West Bengal,Sirsha (CT),4600,3394,1,Sirsha (CT),Sirsha (CT),False,73.78260869565217
19,West Bengal,Sisha-Jumrha (CT),4130,2631,1,Sisha-Jumrha (CT),Sisha-Jumrha (CT),False,63.7046004842615
19,West Bengal,Sobhaganj (CT),5488,4147,1,Sobhaganj (CT),Sobhaganj (CT),False,75.56486880466473
19,West Bengal,Solgohalia (CT),9373,6414,1,Solgohalia (CT),Solgohalia (CT),False,68.4305985276859
19,West Bengal,Sonada Khasmahal (CT),11635,9482,1,Sonada Khasmahal (CT),Sonada Khasmahal (CT),False,81.49548775247099
19,West Bengal,Sonamukhi,29085,23028,1,Sonamukhi (M),Sonamukhi,False,79.17483238782877
19,West Bengal,Sonatala (CT),10589,5585,1,Sonatala (CT),Sonatala (CT),False,52.743412975729534
19,West Bengal,Sonatikiri (CT),6919,5845,1,Sonatikiri (CT),Sonatikiri (CT),False,84.47752565399624
19,West Bengal,Sonda (P) (CT),4511,2983,1,Sonda (P) (CT),Sonda (P) (CT),False,66.12724451341167
19,West Bengal,South DumDum,403316,344971,1,South DumDum (M),South DumDum,False,85.53367582739094
19,West Bengal,Srikantabati (CT),14027,9399,1,Srikantabati (CT),Srikantabati (CT),False,67.0064874884152
19,West Bengal,Srimantapur (P) (CT),4374,2917,1,Srimantapur (P) (CT),Srimantapur (P) (CT),False,66.68952903520805
19,West Bengal,Sripur (CT),7224,5478,1,Sripur (CT),Sripur (CT),False,75.83056478405315
19,West Bengal,Srirampur (CT),19830,15218,1,Srirampur (CT),Srirampur (CT),False,76.7423096318709
19,West Bengal,Subarnapur (CT),5759,4683,1,Subarnapur (CT),Subarnapur (CT),False,81.31620072929327
19,West Bengal,Sukdal (CT),13093,10441,1,Sukdal (CT),Sukdal (CT),False,79.74490185595357
19,West Bengal,Sukhiapokhri (CT),4450,3650,1,Sukhiapokhri (CT),Sukhiapokhri (CT),False,82.02247191011236
19,West Bengal,Sulanggari (CT),13496,10786,1,Sulanggari (CT),Sulanggari (CT),False,79.9199762892709
19,West Bengal,Suri,67864,53845,1,Suri (M),Suri,False,79.34250854650477
19,West Bengal,Surul (CT),12160,8735,1,Surul (CT),Surul (CT),False,71.83388157894737
19,West Bengal,Swangrampur (CT),5699,3225,1,Swangrampur (CT),Swangrampur (CT),False,56.5888752412704
19,West Bengal,Taherpur (NA + OG),38039,30166,1,Taherpur (NA + OG),Taherpur (NA + OG),False,79.30282078919004
19,West Bengal,Taherpur (NA),20894,17980,1,Taherpur (NA),Taherpur (NA),False,86.05341246290801
19,West Bengal,Takagach (CT),12418,8428,1,Takagach (CT),Takagach (CT),False,67.86922209695602
19,West Bengal,Taki,38263,28939,1,Taki (M),Taki,False,75.631811410501
19,West Bengal,Talbandha (CT),17802,12803,1,Talbandha (CT),Talbandha (CT),False,71.91888551848106
19,West Bengal,Taldi (CT),12459,8399,1,Taldi (CT),Taldi (CT),False,67.4131150172566
19,West Bengal,Tamluk,65306,53318,1,Tamluk (M),Tamluk,False,81.64334058126359
19,West Bengal,Tarakeswar,30947,23711,1,Tarakeswar (M),Tarakeswar,False,76.61808899085534
19,West Bengal,Tari (CT),14558,8690,1,Tari (CT),Tari (CT),False,59.69226542107432
19,West Bengal,Teghari (CT),33549,19189,2,Teghari (CT),Teghari (CT),True,57.19693582521088
19,West Bengal,Tehatta (CT),12770,8243,1,Tehatta (CT),Tehatta (CT),False,64.54972592012528
19,West Bengal,Teleni Para (CT),17781,13813,1,Teleni Para (CT),Teleni Para (CT),False,77.684044766886
19,West Bengal,Telipara Tea Garden (D) (CT),11535,6814,1,Telipara Tea Garden (D) (CT),Telipara Tea Garden (D) (CT),False,59.07238838318162
19,West Bengal,Tentulkuli (CT),7203,5746,1,Tentulkuli (CT),Tentulkuli (CT),False,79.77231709010134
19,West Bengal,Tiorkhali (CT),11148,6960,1,Tiorkhali (CT),Tiorkhali (CT),False,62.43272335844995
19,West Bengal,Tisa (CT),4882,3681,1,Tisa (CT),Tisa (CT),False,75.3994264645637
19,West Bengal,Titagarh,116541,84160,1,Titagarh (M),Titagarh,False,72.21492865171913
19,West Bengal,Topsi (CT),4329,2733,1,Topsi (CT),Topsi (CT),False,63.13236313236313
19,West Bengal,Tufanganj,20998,17727,1,Tufanganj (M),Tufanganj,False,84.42232593580341
19,West Bengal,Tulshighata (CT),4366,3311,1,Tulshighata (CT),Tulshighata (CT),False,75.83600549702244
19,West Bengal,Udang (CT),6747,5047,1,Udang (CT),Udang (CT),False,74.80361642211352
19,West Bengal,Ukhra (CT),24104,17591,1,Ukhra (CT),Ukhra (CT),False,72.97958845004977
19,West Bengal,Ula (CT),6738,4648,1,Ula (CT),Ula (CT),False,68.98189373701396
19,West Bengal,Uluberia,222240,156712,1,Uluberia (M),Uluberia,False,70.51475881929446
19,West Bengal,Uluberia (M + OG),235345,166124,1,Uluberia (M + OG),Uluberia (M + OG),False,70.58743546708024
19,West Bengal,Usthi (CT),6230,4483,1,Usthi (CT),Usthi (CT),False,71.95826645264847
19,West Bengal,Uttampur (CT),13000,9460,1,Uttampur (CT),Uttampur (CT),False,72.76923076923076
19,West Bengal,Uttar Bagdogra (CT),25044,20227,1,Uttar Bagdogra (CT),Uttar Bagdogra (CT),False,80.76585210030348
19,West Bengal,Uttar Bagundi (CT),6027,3598,1,Uttar Bagundi (CT),Uttar Bagundi (CT),False,59.69802555168408
19,West Bengal,Uttar Bishnupur (CT),4703,2926,1,Uttar Bishnupur (CT),Uttar Bishnupur (CT),False,62.215607059323844
19,West Bengal,Uttar Durgapur (CT),5723,4191,1,Uttar Durgapur (CT),Uttar Durgapur (CT),False,73.23082299493274
19,West Bengal,Uttar Goara (CT),7178,5257,1,Uttar Goara (CT),Uttar Goara (CT),False,73.23767066035107
19,West Bengal,Uttar Jhapardaha (CT),8425,6336,1,Uttar Jhapardaha (CT),Uttar Jhapardaha (CT),False,75.20474777448071
19,West Bengal,Uttar Kalas (CT),6474,4070,1,Uttar Kalas (CT),Uttar Kalas (CT),False,62.86685202347853
19,West Bengal,Uttar Kamakhyaguri (CT),12022,10114,1,Uttar Kamakhyaguri (CT),Uttar Kamakhyaguri (CT),False,84.12909665613043
19,West Bengal,Uttar Kusum (CT),10716,5849,1,Uttar Kusum (CT),Uttar Kusum (CT),False,54.5819335572975
19,West Bengal,Uttar Latabari (CT),16350,12289,1,Uttar Latabari (CT),Uttar Latabari (CT),False,75.16207951070336
19,West Bengal,Uttar Madarihat (CT),9631,7107,1,Uttar Madarihat (CT),Uttar Madarihat (CT),False,73.79296023258229
19,West Bengal,Uttar Mahammadpur (CT),8264,3647,1,Uttar Mahammadpur (CT),Uttar Mahammadpur (CT),False,44.131171345595355
19,West Bengal,Uttar Pirpur (CT),5868,3987,1,Uttar Pirpur (CT),Uttar Pirpur (CT),False,67.94478527607362
19,West Bengal,Uttar Raypur (CT),23084,17522,1,Uttar Raypur (CT),Uttar Raypur (CT),False,75.90538901403569
19,West Bengal,Uttar Satali (CT),18454,16421,1,Uttar Satali (CT),Uttar Satali (CT),False,88.98341822911023
19,West Bengal,Uttarpara Kotrung,159147,133610,1,Uttarpara Kotrung (M),Uttarpara Kotrung,False,83.95382885005687
19,West Bengal,Uttarparanij (CT),6810,4303,1,Uttarparanij (CT),Uttarparanij (CT),False,63.18649045521292
20,Jharkhand,Adityapur (Nagar Parishad),174355,123158,1,Adityapur (Nagar Parishad),Adityapur (Nagar Parishad),False,70.63634538728456
20,Jharkhand,Akdoni Khurd (CT),6321,3703,1,Akdoni Khurd (CT),Akdoni Khurd (CT),False,58.58250276854928
20,Jharkhand,Alagdiha (CT),4609,3212,1,Alagdiha (CT),Alagdiha (CT),False,69.68973747016707
20,Jharkhand,Alaudia (CT),4943,3094,1,Alaudia (CT),Alaudia (CT),False,62.59356665992313
20,Jharkhand,Amlabad (CT),4636,3078,1,Amlabad (CT),Amlabad (CT),False,66.39344262295081
20,Jharkhand,Ara (CT),19893,13859,2,Ara  (CT) | Ara (CT),Ara (CT),True,69.66772231438195
20,Jharkhand,Aralgoria (CT),4647,3352,1,Aralgoria (CT),Aralgoria (CT),False,72.13255863998278
20,Jharkhand,Arsande (CT),9582,7556,1,Arsande (CT),Arsande (CT),False,78.85618868712169
20,Jharkhand,Bachra (CT),12969,9718,1,Bachra (CT),Bachra (CT),False,74.93253142108104
20,Jharkhand,Bagbera (CT),78356,56047,1,Bagbera (CT),Bagbera (CT),False,71.52866404614835
20,Jharkhand,Baliapur (CT),10097,6483,1,Baliapur (CT),Baliapur (CT),False,64.20719025453104
20,Jharkhand,Balkundra (CT),3915,2533,1,Balkundra (CT),Balkundra (CT),False,64.69987228607918
20,Jharkhand,Bandh Dih (CT),13192,8566,1,Bandh Dih (CT),Bandh Dih (CT),False,64.93329290479079
20,Jharkhand,Bandhgora (CT),7859,5041,1,Bandhgora (CT),Bandhgora (CT),False,64.14302074055223
20,Jharkhand,Barajamda (CT),8629,4880,1,Barajamda (CT),Barajamda (CT),False,56.55348244292502
20,Jharkhand,Baratola (CT),14880,11103,1,Baratola (CT),Baratola (CT),False,74.61693548387098
20,Jharkhand,Bardubhi (CT),4185,3268,1,Bardubhi (CT),Bardubhi (CT),False,78.0884109916368
20,Jharkhand,Bargarwa (CT),8615,6816,1,Bargarwa (CT),Bargarwa (CT),False,79.11781775972142
20,Jharkhand,Barharwa (CT),12617,8570,1,Barharwa (CT),Barharwa (CT),False,67.92422921455179
20,Jharkhand,Barhi (CT),11867,8140,1,Barhi (CT),Barhi (CT),False,68.59357883205529
20,Jharkhand,Barkakana (CT),18475,13442,1,Barkakana (CT),Barkakana (CT),False,72.75778078484439
20,Jharkhand,Barki Saraiya (CT),18933,12360,1,Barki Saraiya (CT),Barki Saraiya (CT),False,65.28283948661068
20,Jharkhand,Barora (CT),3890,2386,1,Barora (CT),Barora (CT),False,61.33676092544987
20,Jharkhand,Barughutu (CT),24202,18166,1,Barughutu (CT),Barughutu (CT),False,75.05991240393357
20,Jharkhand,Barwadih (CT),7888,5646,1,Barwadih  (CT),Barwadih (CT),False,71.57707910750507
20,Jharkhand,Basukinath (NP),17123,9866,1,Basukinath (NP),Basukinath (NP),False,57.618407989254216
20,Jharkhand,Baua Kalan (CT),9489,5144,1,Baua Kalan (CT),Baua Kalan (CT),False,54.21013805458953
20,Jharkhand,Bekobar (CT),7184,3565,1,Bekobar (CT),Bekobar (CT),False,49.624164810690424
20,Jharkhand,Berhait Bazar (CT),4732,3282,1,Berhait Bazar (CT),Berhait Bazar (CT),False,69.35756551141166
20,Jharkhand,Berhait Santali (CT),9753,4168,1,Berhait Santali (CT),Berhait Santali (CT),False,42.735568543012405
20,Jharkhand,Bermo (CT),17401,11152,1,Bermo (CT),Bermo (CT),False,64.08827078903512
20,Jharkhand,Bhamal (CT),4818,3378,1,Bhamal (CT),Bhamal (CT),False,70.1120797011208
20,Jharkhand,Bhandra (CT),4606,2980,1,Bhandra (CT),Bhandra (CT),False,64.69821971341729
20,Jharkhand,Bhim Kanari (CT),5170,3832,1,Bhim Kanari (CT),Bhim Kanari (CT),False,74.11992263056094
20,Jharkhand,Bhojudih (CT),7005,4624,1,Bhojudih (CT),Bhojudih (CT),False,66.00999286224125
20,Jharkhand,Bishnugarh (CT),4847,3414,1,Bishnugarh (CT),Bishnugarh (CT),False,70.4353208170002
20,Jharkhand,Bishrampur (CT),4487,2905,1,Bishrampur (CT),Bishrampur (CT),False,64.74258970358814
20,Jharkhand,Bishrampur (NP),42925,25300,1,Bishrampur (NP),Bishrampur (NP),False,58.940011648223646
20,Jharkhand,Bokaro (CT),39305,28860,1,Bokaro (CT),Bokaro (CT),False,73.42577280244244
20,Jharkhand,Bokaro Steel City (CT),414820,303783,1,Bokaro Steel City (CT),Bokaro Steel City (CT),False,73.23248637963454
20,Jharkhand,Bongabar (CT),5236,3066,1,Bongabar (CT),Bongabar (CT),False,58.55614973262032
20,Jharkhand,Borio (CT),6964,3903,1,Borio (CT),Borio (CT),False,56.04537622056289
20,Jharkhand,Bundu (NP),21054,13764,1,Bundu (NP),Bundu (NP),False,65.37475064120832
20,Jharkhand,Bursera (CT),4070,2316,1,Bursera (CT),Bursera (CT),False,56.90417690417691
20,Jharkhand,Chaibasa (Nagar Parishad),69565,53481,1,Chaibasa (Nagar Parishad),Chaibasa (Nagar Parishad),False,76.87917774743046
20,Jharkhand,Chain Pur (CT),8188,5355,1,Chain Pur (CT),Chain Pur (CT),False,65.40058622374207
20,Jharkhand,Chakardharpur (Nagar Parishad),56531,42940,1,Chakardharpur (Nagar Parishad),Chakardharpur (Nagar Parishad),False,75.95832375156994
20,Jharkhand,Chakulia (NP),16306,11174,1,Chakulia (NP),Chakulia (NP),False,68.52692260517601
20,Jharkhand,Chandil (CT),4839,3262,1,Chandil (CT),Chandil (CT),False,67.4106220293449
20,Jharkhand,Chandrapura (CT),27425,19726,1,Chandrapura (CT),Chandrapura (CT),False,71.92707383773929
20,Jharkhand,Chandwa (CT),12046,7906,1,Chandwa (CT),Chandwa (CT),False,65.63174497758591
20,Jharkhand,Charhi (CT),6842,4971,1,Charhi (CT),Charhi (CT),False,72.65419467991815
20,Jharkhand,Chas (Nagar Parishad),141640,103167,1,Chas (Nagar Parishad),Chas (Nagar Parishad),False,72.83747528946624
20,Jharkhand,Chatra (Nagar Parishad),49985,33746,1,Chatra (Nagar Parishad),Chatra (Nagar Parishad),False,67.51225367610283
20,Jharkhand,Chauparan (CT),5361,3428,1,Chauparan (CT),Chauparan (CT),False,63.943294161537025
20,Jharkhand,Cherra (CT),5279,3685,1,Cherra (CT),Cherra (CT),False,69.80488728925933
20,Jharkhand,Chhota Gobindpur (CT),31843,24847,1,Chhota Gobindpur (CT),Chhota Gobindpur (CT),False,78.02970825613164
20,Jharkhand,Chirkunda (NP),45508,30839,1,Chirkunda (NP),Chirkunda (NP),False,67.76610705809968
20,Jharkhand,Chitar Pur (CT),22837,15652,1,Chitar Pur (CT),Chitar Pur (CT),False,68.53789902351447
20,Jharkhand,Chota Gamahria (CT),7505,5782,1,Chota Gamahria (CT),Chota Gamahria (CT),False,77.04197201865422
20,Jharkhand,Churi (CT),24876,17354,1,Churi (CT),Churi (CT),False,69.76201961730182
20,Jharkhand,Dandidih (CT),7769,4501,1,Dandidih (CT),Dandidih (CT),False,57.93538421933325
20,Jharkhand,Danguwapasi (CT),4606,3142,1,Danguwapasi (CT),Danguwapasi (CT),False,68.21537125488494
20,Jharkhand,Dari (CT),6405,4348,1,Dari (CT),Dari (CT),False,67.88446526151444
20,Jharkhand,Deoghar,203123,150988,1,Deoghar  (M Corp.),Deoghar,False,74.33328574312115
20,Jharkhand,Dhanbad,1162472,805982,1,Dhanbad (M Corp.),Dhanbad,False,69.33345491332264
20,Jharkhand,Dhanwar (CT),8777,6153,1,Dhanwar (CT),Dhanwar (CT),False,70.10368007291785
20,Jharkhand,Domchanch (CT),15809,10337,1,Domchanch (CT),Domchanch (CT),False,65.3868049845025
20,Jharkhand,Dudhani (CT),7117,5245,1,Dudhani (CT),Dudhani (CT),False,73.69678235211465
20,Jharkhand,Dugda (CT),22740,15794,1,Dugda (CT),Dugda (CT),False,69.4547053649956
20,Jharkhand,Dumarkunda (CT),11434,6401,1,Dumarkunda (CT),Dumarkunda (CT),False,55.98215847472451
20,Jharkhand,Dumka (Nagar Parishad),47584,37956,1,Dumka (Nagar Parishad),Dumka (Nagar Parishad),False,79.76630800268998
20,Jharkhand,Dumra (CT),6772,4569,1,Dumra (CT),Dumra (CT),False,67.46898995865328
20,Jharkhand,Egarkunr (CT),11829,7254,1,Egarkunr (CT),Egarkunr (CT),False,61.323865077352266
20,Jharkhand,Gadhra (CT),18801,13266,1,Gadhra (CT),Gadhra (CT),False,70.56007659167065
20,Jharkhand,Garhwa (NP),46059,31682,1,Garhwa (NP),Garhwa (NP),False,68.78568792201307
20,Jharkhand,Ghagra (CT),8580,6050,1,Ghagra (CT),Ghagra (CT),False,70.51282051282051
20,Jharkhand,Ghatshila (CT),40624,30892,1,Ghatshila (CT),Ghatshila (CT),False,76.04371799921229
20,Jharkhand,Ghorabandha (CT),20718,15668,1,Ghorabandha (CT),Ghorabandha (CT),False,75.62506033400908
20,Jharkhand,Gidi (CT),13356,9496,1,Gidi (CT),Gidi (CT),False,71.09913147648996
20,Jharkhand,Giridih (Nagar Parishad),114533,83650,1,Giridih (Nagar Parishad),Giridih (Nagar Parishad),False,73.03571896309361
20,Jharkhand,Gobindpur (CT),11318,8014,1,Gobindpur (CT),Gobindpur (CT),False,70.8075631737056
20,Jharkhand,Godda (NP),48480,35182,1,Godda (NP),Godda (NP),False,72.57013201320132
20,Jharkhand,Gomoh (CT),31495,23233,1,Gomoh (CT),Gomoh (CT),False,73.76726464518177
20,Jharkhand,Gua (CT),12554,8497,1,Gua (CT),Gua (CT),False,67.6836068185439
20,Jharkhand,Gumia (CT),48141,32968,1,Gumia (CT),Gumia (CT),False,68.48216696786523
20,Jharkhand,Gumla (NP),51264,40101,1,Gumla (NP),Gumla (NP),False,78.2244850187266
20,Jharkhand,Gunghasa (CT),6845,4435,1,Gunghasa (CT),Gunghasa (CT),False,64.7918188458729
20,Jharkhand,Haludbani (CT),25360,18931,1,Haludbani (CT),Haludbani (CT),False,74.64905362776025
20,Jharkhand,Haludpukhur (CT),10485,7082,1,Haludpukhur (CT),Haludpukhur (CT),False,67.54411063423939
20,Jharkhand,Hariharpur (CT),6938,4154,1,Hariharpur (CT),Hariharpur (CT),False,59.87316229460939
20,Jharkhand,Harina (CT),4637,3645,1,Harina (CT),Harina (CT),False,78.60685788225146
20,Jharkhand,Hasir (CT),11195,7081,1,Hasir (CT),Hasir (CT),False,63.251451540866455
20,Jharkhand,Hazaribag (Nagar Parishad),142489,112533,1,Hazaribag (Nagar Parishad),Hazaribag (Nagar Parishad),False,78.97662275684438
20,Jharkhand,Hesla (CT),4451,3389,1,Hesla (CT),Hesla (CT),False,76.14019321500787
20,Jharkhand,Hussainabad (NP),29241,17651,1,Hussainabad (NP),Hussainabad (NP),False,60.3638726445744
20,Jharkhand,Irba (CT),5210,3428,1,Irba (CT),Irba (CT),False,65.79654510556622
20,Jharkhand,Isri (CT),9749,6872,1,Isri (CT),Isri (CT),False,70.4892809518925
20,Jharkhand,Jadugora (CT),18563,13851,1,Jadugora (CT),Jadugora (CT),False,74.61617195496417
20,Jharkhand,Jagannathpur (CT),7310,5221,1,Jagannathpur (CT),Jagannathpur (CT),False,71.42270861833106
20,Jharkhand,Jai Nagar (CT),5347,3354,1,Jai Nagar (CT),Jai Nagar (CT),False,62.72676267065644
20,Jharkhand,Jamshedpur (NAC + OG),677350,521805,1,Jamshedpur (NAC + OG),Jamshedpur (NAC + OG),False,77.03624418690484
20,Jharkhand,Jamshedpur (NAC),631364,490297,1,Jamshedpur (NAC),Jamshedpur (NAC),False,77.65678752668825
20,Jharkhand,Jamtara (CT),6255,3906,1,Jamtara (CT),Jamtara (CT),False,62.44604316546762
20,Jharkhand,Jamtara (NP),29415,21580,1,Jamtara (NP),Jamtara (NP),False,73.36392996770356
20,Jharkhand,Jangalpur (CT),7603,4195,1,Jangalpur (CT),Jangalpur (CT),False,55.1755885834539
20,Jharkhand,Jaridih Bazar (CT),31882,22007,1,Jaridih Bazar (CT),Jaridih Bazar (CT),False,69.0264098864563
20,Jharkhand,Jena (CT),8143,5530,1,Jena (CT),Jena (CT),False,67.91108927913545
20,Jharkhand,Jhinghipahari (CT),4550,2992,1,Jhinghipahari (CT),Jhinghipahari (CT),False,65.75824175824175
20,Jharkhand,Jhinkpani (CT),13068,7490,1,Jhinkpani (CT),Jhinkpani (CT),False,57.315580042852766
20,Jharkhand,Jhumri Tilaiya (Nagar Parishad),87867,60076,1,Jhumri Tilaiya (Nagar Parishad),Jhumri Tilaiya (Nagar Parishad),False,68.37151604128968
20,Jharkhand,Jugsalai,49660,36733,1,Jugsalai (M),Jugsalai,False,73.9689891260572
20,Jharkhand,Kadma No-II (CT),7239,5449,1,Kadma No-II (CT),Kadma No-II (CT),False,75.27282773863794
20,Jharkhand,Kandra (CT),8157,5307,1,Kandra (CT),Kandra (CT),False,65.06068407502758
20,Jharkhand,Kanke (CT),17560,13837,1,Kanke (CT),Kanke (CT),False,78.7984054669704
20,Jharkhand,Karma (CT),5753,3479,1,Karma (CT),Karma (CT),False,60.47279680166869
20,Jharkhand,Karma Tanr (CT),5868,3574,1,Karma Tanr (CT),Karma Tanr (CT),False,60.906612133606
20,Jharkhand,Karmatanr (CT),6392,4190,1,Karmatanr (CT),Karmatanr (CT),False,65.55068836045056
20,Jharkhand,Kedla (CT),16054,10741,1,Kedla (CT),Kedla (CT),False,66.9054441260745
20,Jharkhand,Kharkhari (CT),5656,3664,1,Kharkhari (CT),Kharkhari (CT),False,64.78076379066479
20,Jharkhand,Khelari (CT),20010,13045,1,Khelari (CT),Khelari (CT),False,65.19240379810095
20,Jharkhand,Khunti (NP),36390,26287,1,Khunti (NP),Khunti (NP),False,72.23687826325914
20,Jharkhand,Kiriburu (CT),9372,6533,1,Kiriburu (CT),Kiriburu (CT),False,69.70763977806232
20,Jharkhand,Kodarma (NP),24633,16645,1,Kodarma (NP),Kodarma (NP),False,67.57195631875939
20,Jharkhand,Konra (CT),8258,5387,1,Konra (CT),Konra (CT),False,65.23371276338096
20,Jharkhand,Kopali (CT),43256,25815,1,Kopali (CT),Kopali (CT),False,59.67958202330313
20,Jharkhand,Kuju (CT),21356,14365,1,Kuju (CT),Kuju (CT),False,67.26446900168571
20,Jharkhand,Kumarpur (CT),7153,1581,1,Kumarpur (CT),Kumarpur (CT),False,22.10261428771145
20,Jharkhand,Kurpania (CT),7789,5689,1,Kurpania (CT),Kurpania (CT),False,73.03890101425087
20,Jharkhand,Lalpania (CT),3659,2088,1,Lalpania (CT),Lalpania (CT),False,57.064771795572554
20,Jharkhand,Lapanga (CT),8017,5668,1,Lapanga (CT),Lapanga (CT),False,70.6997630036173
20,Jharkhand,Latehar (NP),26981,17878,1,Latehar (NP),Latehar (NP),False,66.26144323783403
20,Jharkhand,Lohardaga (Nagar Parishad),57411,42303,1,Lohardaga (Nagar Parishad),Lohardaga (Nagar Parishad),False,73.68448555154934
20,Jharkhand,Madhuban (CT),4316,2911,1,Madhuban   (CT),Madhuban (CT),False,67.44670991658943
20,Jharkhand,Madhupur (Nagar Parishad),55238,37658,1,Madhupur (Nagar Parishad),Madhupur (Nagar Parishad),False,68.17408305876388
20,Jharkhand,Mahagma (CT),10969,7268,1,Mahagma (CT),Mahagma (CT),False,66.25945847388094
20,Jharkhand,Mahesh Mundi (CT),7389,4318,1,Mahesh Mundi (CT),Mahesh Mundi (CT),False,58.43821897415077
20,Jharkhand,Mahlidih (CT),6381,4352,1,Mahlidih (CT),Mahlidih (CT),False,68.20247610092463
20,Jharkhand,Mahuda (CT),5196,3628,1,Mahuda (CT),Mahuda (CT),False,69.82294072363356
20,Jharkhand,Maithon (CT),18830,14611,1,Maithon (CT),Maithon (CT),False,77.59426447158789
20,Jharkhand,Majhion (NP),18349,10823,1,Majhion (NP),Majhion (NP),False,58.98414082511309
20,Jharkhand,Malkera (CT),8232,5904,1,Malkera (CT),Malkera (CT),False,71.7201166180758
20,Jharkhand,Mandu (CT),10223,6383,1,Mandu (CT),Mandu (CT),False,62.43764061430108
20,Jharkhand,Mango (NAC),223805,166870,1,Mango (NAC),Mango (NAC),False,74.56044324300171
20,Jharkhand,Manohar Pur (CT),12453,8232,1,Manohar Pur (CT),Manohar Pur (CT),False,66.10455311973018
20,Jharkhand,Marai Kalan (CT),10447,7230,1,Marai Kalan (CT),Marai Kalan (CT),False,69.20647075715517
20,Jharkhand,Marar (CT),5298,3781,1,Marar (CT),Marar (CT),False,71.36655341638354
20,Jharkhand,Marma (CT),4640,2669,1,Marma (CT),Marma (CT),False,57.52155172413793
20,Jharkhand,Masratu (CT),5996,3806,1,Masratu (CT),Masratu (CT),False,63.47565043362241
20,Jharkhand,Matigara (CT),5685,3937,1,Matigara (CT),Matigara (CT),False,69.25241864555849
20,Jharkhand,Medininagar (Daltonganj) (Nagar Parishad),78396,60672,1,Medininagar (Daltonganj) (Nagar Parishad),Medininagar (Daltonganj) (Nagar Parishad),False,77.39170365834993
20,Jharkhand,Meghahatuburu Forest Village (CT),5992,4735,1,Meghahatuburu Forest Village (CT),Meghahatuburu Forest Village (CT),False,79.02202937249666
20,Jharkhand,Mera (CT),7051,4435,1,Mera (CT),Mera (CT),False,62.8988795915473
20,Jharkhand,Meru (CT),7780,5914,1,Meru (CT),Meru (CT),False,76.01542416452443
20,Jharkhand,Mihijam (NP),40463,29374,1,Mihijam (NP),Mihijam (NP),False,72.59471616044287
20,Jharkhand,Muraidih (CT),6360,4414,1,Muraidih (CT),Muraidih (CT),False,69.40251572327044
20,Jharkhand,Muri (CT),12744,9588,1,Muri (CT),Muri (CT),False,75.23540489642184
20,Jharkhand,Musabani (CT),31035,21778,1,Musabani (CT),Musabani (CT),False,70.17238601578862
20,Jharkhand,Nagri Kalan (CT),9410,6324,1,Nagri Kalan (CT),Nagri Kalan (CT),False,67.20510095642933
20,Jharkhand,Nandkharki (CT),4427,2579,1,Nandkharki (CT),Nandkharki (CT),False,58.25615540998419
20,Jharkhand,Narra (CT),5390,3240,1,Narra (CT),Narra (CT),False,60.1113172541744
20,Jharkhand,Nirsa (CT),14794,10199,1,Nirsa (CT),Nirsa (CT),False,68.94011085575234
20,Jharkhand,Noamundi (CT),17954,12006,1,Noamundi (CT),Noamundi (CT),False,66.8708922802718
20,Jharkhand,Okani-II (CT),11106,8997,1,Okani-II (CT),Okani-II (CT),False,81.01026472177202
20,Jharkhand,Orla (CT),5809,3800,1,Orla (CT),Orla (CT),False,65.41573420554312
20,Jharkhand,Pakaur (NP),45840,30641,1,Pakaur (NP),Pakaur (NP),False,66.8433682373473
20,Jharkhand,Palawa (CT),14848,9503,1,Palawa (CT),Palawa (CT),False,64.00188577586206
20,Jharkhand,Panchet (CT),7296,5013,1,Panchet (CT),Panchet (CT),False,68.70888157894737
20,Jharkhand,Panchmahali (CT),4832,2996,1,Panchmahali (CT),Panchmahali (CT),False,62.003311258278146
20,Jharkhand,Panrra (CT),9563,5618,1,Panrra (CT),Panrra (CT),False,58.747255045487826
20,Jharkhand,Paratdih (CT),8854,4112,1,Paratdih (CT),Paratdih (CT),False,46.44228597244183
20,Jharkhand,Patra (CT),9536,3350,1,Patra (CT),Patra (CT),False,35.13003355704698
20,Jharkhand,Patratu (CT),32899,24382,1,Patratu (CT),Patratu (CT),False,74.11167512690355
20,Jharkhand,Pertodih (CT),5293,2766,1,Pertodih (CT),Pertodih (CT),False,52.257698847534485
20,Jharkhand,Phulwartanr (CT),5884,3925,1,Phulwartanr (CT),Phulwartanr (CT),False,66.70632222977567
20,Jharkhand,Phusro (Nagar Parishad),89178,60973,1,Phusro (Nagar Parishad),Phusro (Nagar Parishad),False,68.37224427549396
20,Jharkhand,Pondarkanali (CT),6611,4386,1,Pondarkanali (CT),Pondarkanali (CT),False,66.34397216759945
20,Jharkhand,Purana Dumka (CT),10034,7192,1,Purana Dumka (CT),Purana Dumka (CT),False,71.67630057803468
20,Jharkhand,Purihasa (CT),7897,5025,1,Purihasa (CT),Purihasa (CT),False,63.63175889578321
20,Jharkhand,Raghunandanpur (CT),8335,3312,1,Raghunandanpur (CT),Raghunandanpur (CT),False,39.73605278944211
20,Jharkhand,Rajbhita Alias Rajganj (CT),8820,5630,1,Rajbhita Alias Rajganj (CT),Rajbhita Alias Rajganj (CT),False,63.832199546485256
20,Jharkhand,Rajmahal (NP),22514,11618,1,Rajmahal (NP),Rajmahal (NP),False,51.603446744248025
20,Jharkhand,Ramgarh Cantonment (CB),88781,64795,1,Ramgarh Cantonment (CB),Ramgarh Cantonment (CB),False,72.98295806535182
20,Jharkhand,Ranchi,1073427,827033,1,Ranchi (M Corp.),Ranchi,False,77.04604039212727
20,Jharkhand,Rasikpur (CT),8320,5490,1,Rasikpur (CT),Rasikpur (CT),False,65.98557692307693
20,Jharkhand,Ratu (CT),22379,15980,1,Ratu (CT),Ratu (CT),False,71.40622905402387
20,Jharkhand,Ray (CT),6977,4605,1,Ray (CT),Ray (CT),False,66.00257990540346
20,Jharkhand,Religara Alias Pachhiari (CT),8239,5547,1,Religara Alias Pachhiari (CT),Religara Alias Pachhiari (CT),False,67.32613181211312
20,Jharkhand,Rerma (CT),12497,9327,1,Rerma (CT),Rerma (CT),False,74.63391213891335
20,Jharkhand,Sagarmpur (CT),6184,1794,1,Sagarmpur (CT),Sagarmpur (CT),False,29.010349288486413
20,Jharkhand,Sahibganj (Nagar Parishad),88214,60164,1,Sahibganj (Nagar Parishad),Sahibganj (Nagar Parishad),False,68.20232616138028
20,Jharkhand,Sahnidih (CT),6777,4578,1,Sahnidih (CT),Sahnidih (CT),False,67.55201416555998
20,Jharkhand,Sanri Alias Tilaiya (CT),6186,3910,1,Sanri Alias Tilaiya (CT),Sanri Alias Tilaiya (CT),False,63.207242159715484
20,Jharkhand,Sansikhara (CT),4570,3612,1,Sansikhara (CT),Sansikhara (CT),False,79.03719912472647
20,Jharkhand,Saram (CT),15212,9549,1,Saram (CT),Saram (CT),False,62.77281093873258
20,Jharkhand,Sarauni (CT),4970,2723,1,Sarauni (CT),Sarauni (CT),False,54.7887323943662
20,Jharkhand,Sarjamda (CT),23788,15733,1,Sarjamda (CT),Sarjamda (CT),False,66.1383891037498
20,Jharkhand,Satgawan Alias Hariharganj (CT),11811,7878,1,Satgawan Alias Hariharganj (CT),Satgawan Alias Hariharganj (CT),False,66.70053340106679
20,Jharkhand,Saunda (CT),81915,57831,1,Saunda (CT),Saunda (CT),False,70.59879143014099
20,Jharkhand,Seota (CT),6554,4815,1,Seota (CT),Seota (CT),False,73.46658529142508
20,Jharkhand,Seraikela (NP),14252,10539,1,Seraikela (NP),Seraikela (NP),False,73.94751613808587
20,Jharkhand,Sewai (CT),7874,6651,1,Sewai (CT),Sewai (CT),False,84.46786893573787
20,Jharkhand,Shah Pur (CT),13513,8242,1,Shah Pur (CT),Shah Pur (CT),False,60.99311773847407
20,Jharkhand,Sialgudri (CT),5450,3740,1,Sialgudri (CT),Sialgudri (CT),False,68.62385321100918
20,Jharkhand,Sijhua (CT),4376,2770,1,Sijhua (CT),Sijhua (CT),False,63.299817184643516
20,Jharkhand,Simdega (NP),42944,32067,1,Simdega (NP),Simdega (NP),False,74.6716654247392
20,Jharkhand,Sinduria (CT),5262,3443,1,Sinduria (CT),Sinduria (CT),False,65.43139490687952
20,Jharkhand,Sini (CT),6382,4782,1,Sini (CT),Sini (CT),False,74.92948918834222
20,Jharkhand,Sirka (CT),19871,12682,1,Sirka (CT),Sirka (CT),False,63.82164964017916
20,Jharkhand,Sirsia (CT),7181,4397,1,Sirsia (CT),Sirsia (CT),False,61.231026319454116
20,Jharkhand,Siuliban (CT),24125,16062,1,Siuliban (CT),Siuliban (CT),False,66.57823834196891
20,Jharkhand,Sundna (CT),14552,11221,1,Sundna (CT),Sundna (CT),False,77.10967564595931
20,Jharkhand,Suranga (CT),4708,2709,1,Suranga (CT),Suranga (CT),False,57.54035683942226
20,Jharkhand,Tanr Balidih (CT),7982,5418,1,Tanr Balidih (CT),Tanr Balidih (CT),False,67.87772488098221
20,Jharkhand,Taping (CT),5080,3432,1,Taping (CT),Taping (CT),False,67.55905511811024
20,Jharkhand,Tati (CT),12878,9894,1,Tati (CT),Tati (CT),False,76.82870010871254
20,Jharkhand,Telo (CT),14274,8894,1,Telo (CT),Telo (CT),False,62.30909345663444
20,Jharkhand,Telodih (CT),6970,3224,1,Telodih (CT),Telodih (CT),False,46.25538020086083
20,Jharkhand,Tenu (CT),4533,3619,1,Tenu  (CT),Tenu (CT),False,79.8367527024046
20,Jharkhand,Tenudam-Cum-Kathhara (CT),22080,13798,1,Tenudam-Cum-Kathhara (CT),Tenudam-Cum-Kathhara (CT),False,62.49094202898551
20,Jharkhand,Termi (CT),5111,3631,1,Termi (CT),Termi (CT),False,71.0428487575817
20,Jharkhand,Tin Pahar (CT),5336,3549,1,Tin Pahar (CT),Tin Pahar (CT),False,66.51049475262369
20,Jharkhand,Topa (CT),5028,3384,1,Topa  (CT),Topa (CT),False,67.30310262529832
20,Jharkhand,Topchanchi (CT),6082,4095,1,Topchanchi (CT),Topchanchi (CT),False,67.32982571522525
20,Jharkhand,Torpa (CT),8592,6555,1,Torpa (CT),Torpa (CT),False,76.29189944134079
20,Jharkhand,Toto (CT),5237,3564,1,Toto (CT),Toto (CT),False,68.05422952071797
20,Jharkhand,Tundiul (CT),11190,7366,1,Tundiul (CT),Tundiul (CT),False,65.82663092046471
20,Jharkhand,Urimari (CT),4948,3392,1,Urimari (CT),Urimari (CT),False,68.55295068714632
21,Odisha,Agastinuagan (CT),6411,2040,1,Agastinuagan (CT),Agastinuagan (CT),False,31.82030884417408
21,Odisha,Anandpur,39585,29769,1,Anandpur (M),Anandpur,False,75.20272830617658
21,Odisha,Anjira (CT),6561,4314,1,Anjira (CT),Anjira (CT),False,65.75217192501142
21,Odisha,Anugul,43795,35863,1,Anugul (M),Anugul,False,81.88834341819843
21,Odisha,Arjyapalli (CT),8001,2783,1,Arjyapalli (CT),Arjyapalli (CT),False,34.78315210598675
21,Odisha,Asika (NAC),21428,16347,1,Asika (NAC),Asika (NAC),False,76.2880343475826
21,Odisha,Athagad (NAC),17304,14024,1,Athagad (NAC),Athagad (NAC),False,81.04484512251503
21,Odisha,Athmallik (NAC),12298,8537,1,Athmallik (NAC),Athmallik (NAC),False,69.41779151081477
21,Odisha,Badagada (CT),6982,4350,1,Badagada (CT),Badagada (CT),False,62.30306502434833
21,Odisha,Badakodanda (CT),5137,3285,1,Badakodanda (CT),Badakodanda (CT),False,63.94782947245474
21,Odisha,Badamba (Nizigarh) (CT),6284,5108,1,Badamba (Nizigarh) (CT),Badamba (Nizigarh) (CT),False,81.28580521960535
21,Odisha,Badmal (CT),5431,4523,1,Badmal (CT),Badmal (CT),False,83.28116368992819
21,Odisha,Balagoda (Bolani) (CT),11708,7124,1,Balagoda (Bolani) (CT),Balagoda (Bolani) (CT),False,60.847283908438676
21,Odisha,Balangir,98238,75910,1,Balangir (M),Balangir,False,77.27152425741566
21,Odisha,Baleshwar,118162,93642,1,Baleshwar (M),Baleshwar,False,79.24882788036763
21,Odisha,Baleshwar (M + OG),144373,113418,1,Baleshwar (M + OG),Baleshwar (M + OG),False,78.5590103412688
21,Odisha,Baliguda (CT),16611,12395,1,Baliguda (CT),Baliguda (CT),False,74.61922822226235
21,Odisha,Balimela (NAC),11796,7248,1,Balimela (NAC),Balimela (NAC),False,61.444557477110884
21,Odisha,Balipatapur (CT),6898,4124,1,Balipatapur (CT),Balipatapur (CT),False,59.78544505653812
21,Odisha,Balugaon (NAC),17645,12823,1,Balugaon (NAC),Balugaon (NAC),False,72.6721450835931
21,Odisha,Banaigarh (CT),7080,5531,1,Banaigarh (CT),Banaigarh (CT),False,78.12146892655367
21,Odisha,Banapur (NAC),17278,13264,1,Banapur (NAC),Banapur (NAC),False,76.7681444611645
21,Odisha,Bandhbahal (CT),9735,7861,1,Bandhbahal (CT),Bandhbahal (CT),False,80.74987159732923
21,Odisha,Bangomunda (CT),5759,3471,1,Bangomunda (CT),Bangomunda (CT),False,60.270880361173816
21,Odisha,Banki (NAC),17521,14487,1,Banki (NAC),Banki (NAC),False,82.68363677872269
21,Odisha,Barapali (NAC),20850,15606,1,Barapali (NAC),Barapali (NAC),False,74.84892086330936
21,Odisha,Barbil,66540,40607,1,Barbil (M),Barbil,False,61.02645025548542
21,Odisha,Bardol (CT),5441,3775,1,Bardol (CT),Bardol (CT),False,69.38062856092631
21,Odisha,Bargarh,80625,63321,1,Bargarh (M),Bargarh,False,78.53767441860465
21,Odisha,Baripada,109743,87895,1,Baripada (M),Baripada,False,80.09166871691133
21,Odisha,Baripada (M + OG),116849,92161,1,Baripada (M + OG),Baripada (M + OG),False,78.87187738020864
21,Odisha,Basudebpur (NAC),33690,24016,1,Basudebpur (NAC),Basudebpur (NAC),False,71.28524784802612
21,Odisha,Baudhgarh (NAC),20424,15896,1,Baudhgarh (NAC),Baudhgarh (NAC),False,77.83000391696045
21,Odisha,Belagachhia (CT),5516,4390,1,Belagachhia (CT),Belagachhia (CT),False,79.5866569978245
21,Odisha,Bellaguntha (NAC),11297,8156,1,Bellaguntha (NAC),Bellaguntha (NAC),False,72.19615827210764
21,Odisha,Belpahar,38993,28473,1,Belpahar (M),Belpahar,False,73.0207986048778
21,Odisha,Bhabinipur (CT),10411,8041,1,Bhabinipur (CT),Bhabinipur (CT),False,77.23561617519931
21,Odisha,Bhadrak,107463,74983,1,Bhadrak (M),Bhadrak,False,69.77564370992808
21,Odisha,Bhadrak (M + OG),121338,85339,1,Bhadrak (M + OG),Bhadrak (M + OG),False,70.3316355964331
21,Odisha,Bhakarsahi (CT),7110,5510,1,Bhakarsahi (CT),Bhakarsahi (CT),False,77.49648382559775
21,Odisha,Bhanjanagar (NAC),20482,16531,1,Bhanjanagar (NAC),Bhanjanagar (NAC),False,80.70989161214726
21,Odisha,Bhapur (CT),6438,5013,1,Bhapur (CT),Bhapur (CT),False,77.86579683131407
21,Odisha,Bhatli (CT),4865,3383,1,Bhatli (CT),Bhatli (CT),False,69.53751284686537
21,Odisha,Bhawanipatna,69045,52390,1,Bhawanipatna (M),Bhawanipatna,False,75.87805054674487
21,Odisha,Bhuban (NAC),22200,16654,1,Bhuban (NAC),Bhuban (NAC),False,75.01801801801801
21,Odisha,Bhubaneswar,1728765,1432496,2,Bhubaneswar (M Corp. + OG) | Bhubaneswar (M Corp.),Bhubaneswar,True,82.86239020341111
21,Odisha,Bijepur (CT),6922,5307,1,Bijepur (CT),Bijepur (CT),False,76.66859289222768
21,Odisha,Binika (NAC),15765,10536,1,Binika (NAC),Binika (NAC),False,66.83158896289248
21,Odisha,Biramitrapur,33442,22863,1,Biramitrapur (M),Biramitrapur,False,68.36612642784522
21,Odisha,Birapratappur (CT),4708,3566,1,Birapratappur (CT),Birapratappur (CT),False,75.74341546304163
21,Odisha,Bishamakatak (CT),8399,6451,1,Bishamakatak (CT),Bishamakatak (CT),False,76.80676270984641
21,Odisha,Borigam (CT),4855,3011,1,Borigam (CT),Borigam (CT),False,62.01853759011329
21,Odisha,Boriguma (CT),9785,6198,1,Boriguma (CT),Boriguma (CT),False,63.341849770056214
21,Odisha,Brahmabarada (CT),10721,8033,1,Brahmabarada (CT),Brahmabarada (CT),False,74.92771196716724
21,Odisha,Brahmapur,356598,289590,1,Brahmapur (M Corp.),Brahmapur,False,81.20909259165782
21,Odisha,Brajarajnagar,80403,58609,1,Brajarajnagar (M),Brajarajnagar,False,72.89404624205564
21,Odisha,Budhapanka (CT),6129,4339,1,Budhapanka (CT),Budhapanka (CT),False,70.79458312938489
21,Odisha,Buguda (NAC),15176,11309,1,Buguda (NAC),Buguda (NAC),False,74.51897733263047
21,Odisha,Bundia (CT),4304,3242,1,Bundia (CT),Bundia (CT),False,75.32527881040892
21,Odisha,Burla (NAC),46698,35867,1,Burla (NAC),Burla (NAC),False,76.8062872071609
21,Odisha,Byasanagar,48911,37400,1,Byasanagar (M),Byasanagar,False,76.46541677741203
21,Odisha,Byasanagar (M + OG),56946,43119,1,Byasanagar (M + OG),Byasanagar (M + OG),False,75.71910230744916
21,Odisha,Champua (CT),10394,7764,1,Champua (CT),Champua (CT),False,74.69694054262074
21,Odisha,Chandapur (CT),5565,4168,1,Chandapur (CT),Chandapur (CT),False,74.89667565139263
21,Odisha,Chandili (CT),18552,12675,1,Chandili (CT),Chandili (CT),False,68.32147477360931
21,Odisha,Charibatia (CT),4016,3638,1,Charibatia (CT),Charibatia (CT),False,90.58764940239044
21,Odisha,Chhatrapur (NAC),22027,17963,1,Chhatrapur (NAC),Chhatrapur (NAC),False,81.54991601216689
21,Odisha,Chikiti (NAC),11645,7857,1,Chikiti (NAC),Chikiti (NAC),False,67.47101760412194
21,Odisha,Chitrakonda (CT),6725,4071,1,Chitrakonda (CT),Chitrakonda (CT),False,60.53531598513011
21,Odisha,Choudwar,42784,34779,1,Choudwar (M),Choudwar,False,81.2897344801795
21,Odisha,Choudwar (M + OG),52999,42284,1,Choudwar (M + OG),Choudwar (M + OG),False,79.78263740825298
21,Odisha,Cuttack,610189,502514,1,Cuttack (M Corp.),Cuttack,False,82.353828076219
21,Odisha,Dadhapatna (CT),5005,3996,1,Dadhapatna (CT),Dadhapatna (CT),False,79.84015984015984
21,Odisha,Daitari (CT),4065,2910,1,Daitari (CT),Daitari (CT),False,71.58671586715867
21,Odisha,Damanjodi (CT),8862,7362,1,Damanjodi (CT),Damanjodi (CT),False,83.07379823967501
21,Odisha,Danara (CT),4144,3020,1,Danara (CT),Danara (CT),False,72.87644787644788
21,Odisha,Daringbadi (CT),6995,4965,1,Daringbadi (CT),Daringbadi (CT),False,70.97927090779127
21,Odisha,Debagarh,22390,16519,1,Debagarh (M),Debagarh,False,73.77847253238052
21,Odisha,Dera Colliery Township (CT),15787,12880,1,Dera Colliery Township (CT),Dera Colliery Township (CT),False,81.58611515804142
21,Odisha,Dhamanagar (NAC),22920,14554,1,Dhamanagar (NAC),Dhamanagar (NAC),False,63.49912739965096
21,Odisha,Dhenkanal,67414,55149,1,Dhenkanal (M),Dhenkanal,False,81.80644969887561
21,Odisha,Digapahandi (NAC),13190,9196,1,Digapahandi (NAC),Digapahandi (NAC),False,69.71948445792266
21,Odisha,Dungamal (CT),6271,5397,1,Dungamal (CT),Dungamal (CT),False,86.0628288949131
21,Odisha,Erei (CT),7890,5518,1,Erei (CT),Erei (CT),False,69.93662864385298
21,Odisha,F.C.I. Township (CT),1359,1272,1,F.C.I. Township (CT),F.C.I. Township (CT),False,93.59823399558499
21,Odisha,G. Udayagiri (NAC),11302,8745,1,G. Udayagiri (NAC),G. Udayagiri (NAC),False,77.37568571934172
21,Odisha,Ganjam (NAC),11747,8931,1,Ganjam (NAC),Ganjam (NAC),False,76.02792202264408
21,Odisha,Ghantapada (CT),15169,11328,1,Ghantapada (CT),Ghantapada (CT),False,74.67862087151427
21,Odisha,Godiputamatiapara (CT),5967,4794,1,Godiputamatiapara (CT),Godiputamatiapara (CT),False,80.34188034188034
21,Odisha,Golabandha (CT),6232,4559,1,Golabandha (CT),Golabandha (CT),False,73.15468549422336
21,Odisha,Gopalpur (NAC),7221,3970,1,Gopalpur (NAC),Gopalpur (NAC),False,54.97853482897106
21,Odisha,Gotamara (CT),7420,5466,1,Gotamara (CT),Gotamara (CT),False,73.66576819407008
21,Odisha,Gudari (NAC),6931,4949,1,Gudari (NAC),Gudari (NAC),False,71.40383783003895
21,Odisha,Gunupur (NAC + OG),28870,19679,1,Gunupur (NAC + OG),Gunupur (NAC + OG),False,68.16418427433322
21,Odisha,Gunupur (NAC),24162,16394,1,Gunupur (NAC),Gunupur (NAC),False,67.85034351460972
21,Odisha,Hatibandha (CT),8938,6529,1,Hatibandha (CT),Hatibandha (CT),False,73.04766166927725
21,Odisha,Hinjilicut (NAC),24671,17927,1,Hinjilicut (NAC),Hinjilicut (NAC),False,72.66426168375826
21,Odisha,Hirakud (NAC),30207,22423,1,Hirakud (NAC),Hirakud (NAC),False,74.23113847783627
21,Odisha,Indipur (CT),4656,3601,1,Indipur (CT),Indipur (CT),False,77.34106529209622
21,Odisha,Itamati (CT),10317,7948,1,Itamati (CT),Itamati (CT),False,77.03789861393815
21,Odisha,Jagatsinghapur,33631,27486,1,Jagatsinghapur (M),Jagatsinghapur,False,81.72816746454164
21,Odisha,Jajanga (CT),7482,3633,1,Jajanga (CT),Jajanga (CT),False,48.55653568564555
21,Odisha,Jajapur,37458,29975,1,Jajapur (M),Jajapur,False,80.02295904746649
21,Odisha,Jalda (CT),15789,10599,1,Jalda (CT),Jalda (CT),False,67.12901387041612
21,Odisha,Jaleshwar (NAC),25747,18521,1,Jaleshwar (NAC),Jaleshwar (NAC),False,71.93459432166854
21,Odisha,Jashipur (CT),5101,3353,1,Jashipur (CT),Jashipur (CT),False,65.73220937071163
21,Odisha,Jatani,55925,45267,1,Jatani (M),Jatani,False,80.94233348234242
21,Odisha,Jatani (M + OG),63697,51437,1,Jatani (M + OG),Jatani (M + OG),False,80.75262571235695
21,Odisha,Jeypur,84830,62155,1,Jeypur (M),Jeypur,False,73.27006955086644
21,Odisha,Jharsuguda,97730,72732,1,Jharsuguda (M),Jharsuguda,False,74.42136498516321
21,Odisha,Jhumpura (CT),6064,4375,1,Jhumpura (CT),Jhumpura (CT),False,72.14709762532982
21,Odisha,Joda (M ),46631,28409,1,Joda (M ),Joda (M ),False,60.922991143230895
21,Odisha,Jorada (Bada) (CT),4428,3407,1,Jorada (Bada) (CT),Jorada (Bada) (CT),False,76.94218608852755
21,Odisha,Junagarh (NAC),19656,12738,1,Junagarh (NAC),Junagarh (NAC),False,64.8046398046398
21,Odisha,Kabatabandha (CT),4080,3167,1,Kabatabandha (CT),Kabatabandha (CT),False,77.62254901960785
21,Odisha,Kabisurjyanagar (NAC),17430,12479,1,Kabisurjyanagar (NAC),Kabisurjyanagar (NAC),False,71.59495123350545
21,Odisha,Kaipadar (CT),4512,3389,1,Kaipadar (CT),Kaipadar (CT),False,75.11081560283688
21,Odisha,Kalarangiata (CT),5505,3610,1,Kalarangiata (CT),Kalarangiata (CT),False,65.57674841053588
21,Odisha,Kaliapani (CT),5028,3175,1,Kaliapani (CT),Kaliapani (CT),False,63.14638027048528
21,Odisha,Kalyanasingpur (CT),4660,2652,1,Kalyanasingpur (CT),Kalyanasingpur (CT),False,56.90987124463519
21,Odisha,Kamakshyanagar (NAC),16810,13540,1,Kamakshyanagar (NAC),Kamakshyanagar (NAC),False,80.54729327781082
21,Odisha,Kandasar (CT),6668,5267,1,Kandasar (Part) (CT),Kandasar (CT),False,78.98920215956808
21,Odisha,Kanheipur (CT),4611,3341,1,Kanheipur (CT),Kanheipur (CT),False,72.4571676425938
21,Odisha,Kantabanji (NAC),21819,15092,1,Kantabanji (NAC),Kantabanji (NAC),False,69.16907282643567
21,Odisha,Kantilo (CT),9181,7065,1,Kantilo (CT),Kantilo (CT),False,76.95240169916131
21,Odisha,Karanjia (NAC),22865,17066,1,Karanjia (NAC),Karanjia (NAC),False,74.6380931554778
21,Odisha,Kashinagar (NAC),9684,4893,1,Kashinagar (NAC),Kashinagar (NAC),False,50.526641883519204
21,Odisha,Kendrapara,47006,37524,1,Kendrapara (M),Kendrapara,False,79.82810705016381
21,Odisha,Kendujhar,60590,47238,1,Kendujhar (M),Kendujhar,False,77.96336029047698
21,Odisha,Kesinga (NAC),19239,13042,1,Kesinga (NAC),Kesinga (NAC),False,67.7893861427309
21,Odisha,Khaliapali (CT),6865,4965,1,Khaliapali (CT),Khaliapali (CT),False,72.32337946103424
21,Odisha,Khalikote (NAC),13022,9554,1,Khalikote (NAC),Khalikote (NAC),False,73.36814621409921
21,Odisha,Khandapada (NAC),9038,7159,1,Khandapada (NAC),Khandapada (NAC),False,79.21000221287896
21,Odisha,Khariar (NAC),15087,10564,1,Khariar (NAC),Khariar (NAC),False,70.0205474912176
21,Odisha,Khariar Road (NAC),18967,12955,1,Khariar Road (NAC),Khariar Road (NAC),False,68.30284177782464
21,Odisha,Khatiguda (CT),6361,4905,1,Khatiguda (CT),Khatiguda (CT),False,77.1105172142745
21,Odisha,Khordha,46205,38582,1,Khordha (M),Khordha,False,83.5017855210475
21,Odisha,Kochinda (NAC),15576,11442,1,Kochinda (NAC),Kochinda (NAC),False,73.45916795069337
21,Odisha,Kodala (NAC),13965,8792,1,Kodala (NAC),Kodala (NAC),False,62.95739348370928
21,Odisha,Koida (CT),6763,4181,1,Koida (CT),Koida (CT),False,61.8216767706639
21,Odisha,Konark (NAC),16779,11418,1,Konark (NAC),Konark (NAC),False,68.04934739853388
21,Odisha,Koraput (NAC),47468,34497,1,Koraput (NAC),Koraput (NAC),False,72.67422263419567
21,Odisha,Kotpad (NAC),16326,10911,1,Kotpad (NAC),Kotpad (NAC),False,66.83204704152885
21,Odisha,Krushnanandapur (CT),8974,7055,1,Krushnanandapur (CT),Krushnanandapur (CT),False,78.61600178292846
21,Odisha,Kuanrmunda (CT),9043,6273,1,Kuanrmunda (CT),Kuanrmunda (CT),False,69.36857237642376
21,Odisha,Kukudakhandi (CT),7361,4776,1,Kukudakhandi (CT),Kukudakhandi (CT),False,64.88248879228365
21,Odisha,Kulad (CT),4256,3302,1,Kulad (Part) (CT),Kulad (CT),False,77.58458646616542
21,Odisha,Kullada (CT),5645,3903,1,Kullada (CT),Kullada (CT),False,69.140832595217
21,Odisha,Kunjabangarh (CT),6906,5390,1,Kunjabangarh (CT),Kunjabangarh (CT),False,78.04807413843035
21,Odisha,Kurumuli (CT),8504,5053,1,Kurumuli (CT),Kurumuli (CT),False,59.41909689557855
21,Odisha,Lalsingi (CT),7078,5528,1,Lalsingi (CT),Lalsingi (CT),False,78.10115851935575
21,Odisha,Lathikata (CT),7405,5771,1,Lathikata (CT),Lathikata (CT),False,77.93382849426064
21,Odisha,Lochapada (CT),16377,13222,1,Lochapada (CT),Lochapada (CT),False,80.73517738291507
21,Odisha,Loisinga (CT),6220,4501,1,Loisinga (CT),Loisinga (CT),False,72.36334405144694
21,Odisha,Madanpur Rampur (CT),7892,5748,1,Madanpur Rampur (CT),Madanpur Rampur (CT),False,72.83324885960467
21,Odisha,Majhihara (CT),5598,4331,1,Majhihara (CT),Majhihara (CT),False,77.36691675598428
21,Odisha,Makundapur (CT),4983,3793,1,Makundapur (CT),Makundapur (CT),False,76.11880393337347
21,Odisha,Malkangiri (NAC),31007,20506,1,Malkangiri (NAC),Malkangiri (NAC),False,66.1334537362531
21,Odisha,Mohana (CT),5197,4084,1,Mohana (CT),Mohana (CT),False,78.58379834519916
21,Odisha,Mukhiguda (CT),6155,4356,1,Mukhiguda (CT),Mukhiguda (CT),False,70.77173030056865
21,Odisha,Mundamarai (CT),4253,2833,1,Mundamarai (CT),Mundamarai (CT),False,66.61180343287091
21,Odisha,Nabarangapur,29960,22726,1,Nabarangapur (M),Nabarangapur,False,75.85447263017356
21,Odisha,Nabarangapur (M + OG),36945,26852,1,Nabarangapur (M + OG),Nabarangapur (M + OG),False,72.68101231560428
21,Odisha,Nalco (CT),19644,15581,1,Nalco (CT),Nalco (CT),False,79.3168397475056
21,Odisha,Nayagarh (NAC),17030,14482,1,Nayagarh (NAC),Nayagarh (NAC),False,85.0381679389313
21,Odisha,Nilagiri (NAC),17264,11752,1,Nilagiri (NAC),Nilagiri (NAC),False,68.07228915662651
21,Odisha,Nimapada (NAC),19289,16043,1,Nimapada (NAC),Nimapada (NAC),False,83.17175592306496
21,Odisha,Nuahata (CT),5920,4309,1,Nuahata (CT),Nuahata (CT),False,72.78716216216216
21,Odisha,Nuapatna (CT),8057,6094,1,Nuapatna (CT),Nuapatna (CT),False,75.6360928385255
21,Odisha,O.C.L. (ITS),2397,2084,1,O.C.L. (ITS),O.C.L. (ITS),False,86.94201084689195
21,Odisha,Odagaon (CT),5401,4283,1,Odagaon (CT),Odagaon (CT),False,79.30012960562858
21,Odisha,Padmapur (NAC),17625,13093,1,Padmapur (NAC),Padmapur (NAC),False,74.28652482269503
21,Odisha,Palalahada (CT),5749,4458,1,Palalahada (CT),Palalahada (CT),False,77.54392068185771
21,Odisha,Palurgada (CT),5019,3210,1,Palurgada (CT),Palurgada (CT),False,63.9569635385535
21,Odisha,Panposh (CT),9923,6948,1,Panposh (CT),Panposh (CT),False,70.01914743525144
21,Odisha,Papadahandi (CT),9390,5021,1,Papadahandi (CT),Papadahandi (CT),False,53.47177848775293
21,Odisha,Paradip,68585,52575,1,Paradip (M),Paradip,False,76.65670336079317
21,Odisha,Paradipgarh (CT),4790,3709,1,Paradipgarh (CT),Paradipgarh (CT),False,77.4321503131524
21,Odisha,Paralakhemundi,44469,32484,1,Paralakhemundi (M),Paralakhemundi,False,73.04864062605411
21,Odisha,Paralakhemundi (M + OG),46272,34010,1,Paralakhemundi (M + OG),Paralakhemundi (M + OG),False,73.50017289073307
21,Odisha,Pathar (CT),6072,3893,1,Pathar (CT),Pathar (CT),False,64.11396574440053
21,Odisha,Patnagarh (NAC),21024,14959,1,Patnagarh (NAC),Patnagarh (NAC),False,71.15201674277016
21,Odisha,Patrapur (CT),6059,3968,1,Patrapur (CT),Patrapur (CT),False,65.48935467898993
21,Odisha,Pattamundai (NAC),36528,28256,1,Pattamundai (NAC),Pattamundai (NAC),False,77.35435830048182
21,Odisha,Phulabani,37371,29788,1,Phulabani (M),Phulabani,False,79.7088651628268
21,Odisha,Pipili (NAC),17623,13615,1,Pipili (NAC),Pipili (NAC),False,77.25699370141292
21,Odisha,Pitala (CT),4458,2981,1,Pitala (CT),Pitala (CT),False,66.86855091969494
21,Odisha,Polasara (NAC),23119,16140,1,Polasara (NAC),Polasara (NAC),False,69.81270816211774
21,Odisha,Pratapsasan (CT),12830,9980,1,Pratapsasan (CT),Pratapsasan (CT),False,77.78643803585346
21,Odisha,Puri,200564,160301,1,Puri (M),Puri,False,79.9251111864542
21,Odisha,Purusottampur (NAC),15366,10733,1,Purusottampur (NAC),Purusottampur (NAC),False,69.84901731094625
21,Odisha,R. Udayagiri (CT),4851,3122,1,R. Udayagiri (CT),R. Udayagiri (CT),False,64.35786435786436
21,Odisha,Raighar (CT),5936,4031,1,Raighar (CT),Raighar (CT),False,67.9076819407008
21,Odisha,Rairangpur (NAC + OG),34929,26017,1,Rairangpur (NAC + OG),Rairangpur (NAC + OG),False,74.48538463740732
21,Odisha,Rairangpur (NAC),25516,19739,1,Rairangpur (NAC),Rairangpur (NAC),False,77.3593039661389
21,Odisha,Rajagangapur,51362,37934,1,Rajagangapur (M),Rajagangapur,False,73.85615824928936
21,Odisha,Rajasunakhala (CT),6299,4971,1,Rajasunakhala (CT),Rajasunakhala (CT),False,78.91728845848547
21,Odisha,Rambha (NAC),12111,8061,1,Rambha (NAC),Rambha (NAC),False,66.55932623235076
21,Odisha,Ramgarh (CT),4545,3615,1,Ramgarh (CT),Ramgarh (CT),False,79.53795379537954
21,Odisha,Ranapurgada (CT),10001,7551,1,Ranapurgada (CT),Ranapurgada (CT),False,75.50244975502449
21,Odisha,Raurkela,272721,211189,1,Raurkela (M),Raurkela,False,77.43774773486457
21,Odisha,Raurkela (ITS + OG),216410,166178,1,Raurkela  (ITS + OG),Raurkela (ITS + OG),False,76.78850330391387
21,Odisha,Raurkela (ITS),210317,161148,1,Raurkela  (ITS),Raurkela (ITS),False,76.62148090739217
21,Odisha,Raurkela (M + OG),320040,246402,1,Raurkela (M + OG),Raurkela (M + OG),False,76.9910011248594
21,Odisha,Rayagada,71208,49926,1,Rayagada (M),Rayagada,False,70.1129086619481
21,Odisha,Rayagada (CT),4662,3268,1,Rayagada (CT),Rayagada (CT),False,70.0986700986701
21,Odisha,Redhakhol (NAC),15379,11189,1,Redhakhol (NAC),Redhakhol (NAC),False,72.75505559529229
21,Odisha,Remuna (NAC),33378,22935,1,Remuna (NAC),Remuna (NAC),False,68.71292468092756
21,Odisha,Rengali (CT),10867,7557,1,Rengali (CT),Rengali (CT),False,69.54081163154504
21,Odisha,Rengali Damproject Township (CT),6345,5024,1,Rengali Damproject Township (CT),Rengali Damproject Township (CT),False,79.18045705279748
21,Odisha,Sambalpur,184000,140473,1,Sambalpur (M),Sambalpur,False,76.34402173913043
21,Odisha,Sambalpur (M + OG),189366,144316,1,Sambalpur (M + OG),Sambalpur (M + OG),False,76.21009051255241
21,Odisha,Saranga (CT),6426,5443,1,Saranga (CT),Saranga (CT),False,84.70276999688764
21,Odisha,Sayadpur (CT),8798,6579,1,Sayadpur (CT),Sayadpur (CT),False,74.77835871789043
21,Odisha,Sheragada (CT),6653,4681,1,Sheragada (CT),Sheragada (CT),False,70.35923643469111
21,Odisha,Sohela (CT),6917,5161,1,Sohela (CT),Sohela (CT),False,74.61327164955905
21,Odisha,Sonapur,20770,16522,1,Sonapur (M),Sonapur,False,79.5474241694752
21,Odisha,Soro (NAC),32531,24265,1,Soro (NAC),Soro (NAC),False,74.59039070425133
21,Odisha,Subalaya (CT),5072,3695,1,Subalaya (CT),Subalaya (CT),False,72.85094637223975
21,Odisha,Sunabeda (NAC).,50394,37489,1,Sunabeda (NAC).,Sunabeda (NAC).,False,74.39179267373099
21,Odisha,Sundargarh,45036,35751,1,Sundargarh (M),Sundargarh,False,79.38316013855582
21,Odisha,Surada (NAC),14867,10220,1,Surada (NAC),Surada (NAC),False,68.74285329925338
21,Odisha,Surala (CT),8258,4446,1,Surala (CT),Surala (CT),False,53.838701864858315
21,Odisha,Suvani (CT),7993,3747,1,Suvani (CT),Suvani (CT),False,46.878518703865886
21,Odisha,T.T.P.S. Township (CT),3613,3265,1,T.T.P.S. Township (CT),T.T.P.S. Township (CT),False,90.36811513977304
21,Odisha,Talcher,40841,30748,1,Talcher (M),Talcher,False,75.28708895472687
21,Odisha,Tangi (CT),4471,3520,1,Tangi (CT),Tangi (CT),False,78.72959069559383
21,Odisha,Tarbha (NAC),8334,6170,1,Tarbha (NAC),Tarbha (NAC),False,74.0340772738181
21,Odisha,Tensa (CT),4469,3131,1,Tensa (CT),Tensa (CT),False,70.06041620049228
21,Odisha,Tikarpada (CT),8346,5645,1,Tikarpada (CT),Tikarpada (CT),False,67.63719146896717
21,Odisha,Tipo (CT),2981,2321,1,Tipo (CT),Tipo (CT),False,77.85977859778598
21,Odisha,Titlagarh (NAC + OG),34067,24492,1,Titlagarh (NAC + OG),Titlagarh (NAC + OG),False,71.89362139313705
21,Odisha,Titlagarh (NAC),31258,22702,1,Titlagarh (NAC),Titlagarh (NAC),False,72.62780728133598
21,Odisha,Tushura (CT),4823,3655,1,Tushura (CT),Tushura (CT),False,75.78270785817955
21,Odisha,Udala (NAC),13152,10372,1,Udala (NAC),Udala (NAC),False,78.86253041362531
21,Odisha,Umarkote (NAC),28993,19035,1,Umarkote (NAC),Umarkote (NAC),False,65.65377849825819
21,Odisha,Venkatraipur (CT),4401,2094,1,Venkatraipur (CT),Venkatraipur (CT),False,47.58009543285617
22,Chhattisgarh,Aamadi (NP),6600,4616,1,Aamadi (NP),Aamadi (NP),False,69.93939393939394
22,Chhattisgarh,Abhanpur (NP),14432,10164,1,Abhanpur (NP),Abhanpur (NP),False,70.42682926829268
22,Chhattisgarh,Adbhar (NP),7272,4701,1,Adbhar (NP),Adbhar (NP),False,64.64521452145215
22,Chhattisgarh,Ahiwara (NP),20384,14337,1,Ahiwara (NP),Ahiwara (NP),False,70.33457613814757
22,Chhattisgarh,Akaltara,22712,16189,1,Akaltara (M),Akaltara,False,71.27949982388165
22,Chhattisgarh,Ambagarh Chowki (NP),9889,7613,1,Ambagarh Chowki (NP),Ambagarh Chowki (NP),False,76.98452826372737
22,Chhattisgarh,Ambikapur,233520,180935,2,Ambikapur (M Corp. + OG) | Ambikapur (M Corp.),Ambikapur,True,77.48158615964371
22,Chhattisgarh,Antagarh (NP),6777,4968,1,Antagarh (NP),Antagarh (NP),False,73.30677290836654
22,Chhattisgarh,Arang (NP),19091,13349,1,Arang  (NP),Arang (NP),False,69.92300036666492
22,Chhattisgarh,Arjunda (NP),4851,3557,1,Arjunda (NP),Arjunda (NP),False,73.3250876108019
22,Chhattisgarh,Bade Bacheli,21435,14587,1,Bade Bacheli (M),Bade Bacheli,False,68.05225099136926
22,Chhattisgarh,Bagbahara (NP),19529,12844,1,Bagbahara (NP),Bagbahara (NP),False,65.76885657227713
22,Chhattisgarh,Bagicha (NP),10427,6965,1,Bagicha (NP),Bagicha (NP),False,66.79773664524792
22,Chhattisgarh,Baikunthpur,28431,20895,1,Baikunthpur (M),Baikunthpur,False,73.4937216418698
22,Chhattisgarh,Balod,23648,18592,1,Balod (M),Balod,False,78.61975642760487
22,Chhattisgarh,Baloda (NP),13630,9649,1,Baloda (NP),Baloda (NP),False,70.79236977256052
22,Chhattisgarh,Baloda Bazar,26632,19438,1,Baloda Bazar (M),Baloda Bazar,False,72.98738359867828
22,Chhattisgarh,Balrampur (NP),4456,3084,1,Balrampur (NP),Balrampur (NP),False,69.21005385996409
22,Chhattisgarh,Baramkela (NP),5600,3972,1,Baramkela (NP),Baramkela (NP),False,70.92857142857143
22,Chhattisgarh,Barsur (NP),6636,4052,1,Barsur (NP),Barsur (NP),False,61.06088004822182
22,Chhattisgarh,Basna (NP),10345,7575,1,Basna  (NP),Basna (NP),False,73.22377960367326
22,Chhattisgarh,Bastar (NP),10048,5564,1,Bastar (NP),Bastar (NP),False,55.37420382165605
22,Chhattisgarh,Bemetara,28536,20012,1,Bemetara (M),Bemetara,False,70.12895991028876
22,Chhattisgarh,Berla (NP),5165,3557,1,Berla (NP),Berla (NP),False,68.8673765730881
22,Chhattisgarh,Bhairamgarh (NP),9026,4357,1,Bhairamgarh (NP),Bhairamgarh (NP),False,48.271659649900286
22,Chhattisgarh,Bhakhara (NP),7547,5387,1,Bhakhara (NP),Bhakhara (NP),False,71.3793560355108
22,Chhattisgarh,Bhanupratappur (NP),8125,6530,1,Bhanupratappur (NP),Bhanupratappur (NP),False,80.36923076923077
22,Chhattisgarh,Bhatapara,57537,40119,1,Bhatapara (M),Bhatapara,False,69.727305907503
22,Chhattisgarh,Bhatgaon (NP),21575,14567,2,Bhatgaon (NP),Bhatgaon (NP),True,67.51796060254924
22,Chhattisgarh,Bhilai Charoda,98008,73531,3,Bhilai Charoda (M) (Part),Bhilai Charoda,True,75.02550812178598
22,Chhattisgarh,Bhilai Nagar,1253434,965633,4,Bhilai Nagar (M Corp. + OG) (Part) | Bhilai Nagar (M Corp.) (Part),Bhilai Nagar,True,77.0389984634213
22,Chhattisgarh,Bhopalpattanam (NP),4445,3348,1,Bhopalpattanam (NP),Bhopalpattanam (NP),False,75.32058492688414
22,Chhattisgarh,Bijapur (NP),16129,11168,1,Bijapur (NP),Bijapur (NP),False,69.24173848347696
22,Chhattisgarh,Bilaigarh (NP),5544,3866,1,Bilaigarh (NP),Bilaigarh (NP),False,69.73304473304474
22,Chhattisgarh,Bilaspur,696609,541945,4,Bilaspur (M Corp. + OG) (Part) | Bilaspur (M Corp.) (Part),Bilaspur,True,77.79758803001397
22,Chhattisgarh,Bilha (NP),11048,7423,1,Bilha (NP),Bilha (NP),False,67.18863142650252
22,Chhattisgarh,Birgaon,96294,64119,1,Birgaon (M),Birgaon,False,66.58670322138451
22,Chhattisgarh,Bishrampur (NP),11367,8974,1,Bishrampur (NP),Bishrampur (NP),False,78.9478314418932
22,Chhattisgarh,Bodla (NP),5689,3311,1,Bodla (NP),Bodla (NP),False,58.20003515556337
22,Chhattisgarh,Bodri (NP),17481,11667,1,Bodri (NP),Bodri (NP),False,66.74103312167496
22,Chhattisgarh,Champa,45256,33347,1,Champa (M),Champa,False,73.68525720346474
22,Chhattisgarh,Chandrapur (NP),7688,5199,1,Chandrapur (NP),Chandrapur (NP),False,67.62486992715921
22,Chhattisgarh,Charama (NP),9707,7009,1,Charama (NP),Charama (NP),False,72.20562480684043
22,Chhattisgarh,Chhuikhadan (NP),7093,5208,1,Chhuikhadan (NP),Chhuikhadan (NP),False,73.42450303115749
22,Chhattisgarh,Chhura (NP),6095,4489,1,Chhura (NP),Chhura (NP),False,73.65053322395406
22,Chhattisgarh,Chhurikala (NP),8239,5857,1,Chhurikala (NP),Chhurikala (NP),False,71.0887243597524
22,Chhattisgarh,Chhuriya (NP),4509,3271,1,Chhuriya (NP),Chhuriya (NP),False,72.54380128631625
22,Chhattisgarh,Chikhalakasa (NP),6160,4851,1,Chikhalakasa (NP),Chikhalakasa (NP),False,78.75
22,Chhattisgarh,Chirmiri (M.Corp),85317,61633,2,Chirmiri (M.Corp) (Part),Chirmiri (M.Corp),True,72.23999906232052
22,Chhattisgarh,Dabhra (NP),7854,5318,1,Dabhra (NP),Dabhra (NP),False,67.71072065189713
22,Chhattisgarh,Dalli-Rajhara,44363,32765,1,Dalli-Rajhara (M),Dalli-Rajhara,False,73.85659220521606
22,Chhattisgarh,Dantewada (NP),13633,9935,1,Dantewada (NP),Dantewada (NP),False,72.87464241179491
22,Chhattisgarh,Daundi Lohara (NP),6045,4609,1,Daundi Lohara (NP),Daundi Lohara (NP),False,76.24483043837883
22,Chhattisgarh,Deori (CT),17265,12421,1,Deori (CT),Deori (CT),False,71.94323776426296
22,Chhattisgarh,Devkar (NP),6358,4176,1,Devkar  (NP),Devkar (NP),False,65.68103177099717
22,Chhattisgarh,Dhamdha (NP),9961,6830,1,Dhamdha (NP),Dhamdha (NP),False,68.56741291035037
22,Chhattisgarh,Dhamtari,89860,67918,1,Dhamtari (M),Dhamtari,False,75.58201647006454
22,Chhattisgarh,Dhamtari (M + OG),101677,76800,1,Dhamtari (M + OG),Dhamtari (M + OG),False,75.53330645081975
22,Chhattisgarh,Dharamjaigarh (NP),14354,10018,1,Dharamjaigarh (NP),Dharamjaigarh (NP),False,69.7923923644977
22,Chhattisgarh,Dipka,27158,21430,1,Dipka (M),Dipka,False,78.90860888136092
22,Chhattisgarh,Dongargaon (NP),14693,11152,1,Dongargaon (NP),Dongargaon (NP),False,75.9000884775063
22,Chhattisgarh,Dongargarh,37372,29170,1,Dongargarh (M),Dongargarh,False,78.05308787327411
22,Chhattisgarh,Dornapal (NP),7238,4630,1,Dornapal (NP),Dornapal (NP),False,63.96794694667035
22,Chhattisgarh,Doundi (NP),8042,5979,1,Doundi (NP),Doundi (NP),False,74.34717731907486
22,Chhattisgarh,Durena (CT),5892,4154,1,Durena (CT),Durena (CT),False,70.50237610319077
22,Chhattisgarh,Durg,268806,208659,1,Durg (M Corp.),Durg,False,77.62438338429945
22,Chhattisgarh,Farasgaon (NP),6306,4617,1,Farasgaon (NP),Farasgaon (NP),False,73.21598477640342
22,Chhattisgarh,Fingeshwar (NP),9752,6471,1,Fingeshwar (NP),Fingeshwar (NP),False,66.35561936013126
22,Chhattisgarh,Gandai (NP),13278,7943,1,Gandai (NP),Gandai (NP),False,59.82075613797259
22,Chhattisgarh,Gariyaband (NP),10517,7974,1,Gariyaband (NP),Gariyaband (NP),False,75.82010078919843
22,Chhattisgarh,Gaurella (NP),18165,13904,1,Gaurella (NP),Gaurella (NP),False,76.54280209193503
22,Chhattisgarh,Geedam (NP),7440,5141,1,Geedam (NP),Geedam (NP),False,69.0994623655914
22,Chhattisgarh,Gharghoda (NP),9455,6662,1,Gharghoda (NP),Gharghoda (NP),False,70.46007403490216
22,Chhattisgarh,Gobra Nawapara,29315,20702,1,Gobra Nawapara (M),Gobra Nawapara,False,70.61913696060037
22,Chhattisgarh,Govindpur (CT),4392,3387,1,Govindpur (CT),Govindpur (CT),False,77.11748633879782
22,Chhattisgarh,Gunderdehi (NP),8614,6056,1,Gunderdehi (NP),Gunderdehi (NP),False,70.30415602507546
22,Chhattisgarh,Gurur (NP),3775,2905,1,Gurur (NP),Gurur (NP),False,76.95364238410596
22,Chhattisgarh,Hirmi (CT),5139,3482,1,Hirmi (CT),Hirmi (CT),False,67.75637283518195
22,Chhattisgarh,Jagdalpur,125463,94485,1,Jagdalpur (M Corp.),Jagdalpur,False,75.30905525931948
22,Chhattisgarh,Jaijepur (NP),7946,5238,1,Jaijepur (NP),Jaijepur (NP),False,65.91995972816511
22,Chhattisgarh,Jamul,25878,19299,2,Jamul (M) (Part),Jamul,True,74.57686065383724
22,Chhattisgarh,Jarhi (NP),7228,5312,1,Jarhi (NP),Jarhi (NP),False,73.49197565024903
22,Chhattisgarh,JashpurNagar,25422,20037,1,JashpurNagar (M),JashpurNagar,False,78.8175595940524
22,Chhattisgarh,JashpurNagar (M + OG),28301,21990,1,JashpurNagar (M + OG),JashpurNagar (M + OG),False,77.7004346136179
22,Chhattisgarh,Jhagrakhand (NP),7680,5407,1,Jhagrakhand (NP),Jhagrakhand (NP),False,70.40364583333333
22,Chhattisgarh,Kanker,27541,21712,1,Kanker (M),Kanker,False,78.83519116952907
22,Chhattisgarh,Kanker (M + OG),37442,29517,1,Kanker (M + OG),Kanker (M + OG),False,78.83392981144169
22,Chhattisgarh,Kasdol (NP),14071,9596,1,Kasdol (NP),Kasdol (NP),False,68.19700092388601
22,Chhattisgarh,Katghora (NP),22690,16161,1,Katghora (NP),Katghora (NP),False,71.22520934332304
22,Chhattisgarh,Katkona (CT),4552,3166,1,Katkona (CT),Katkona (CT),False,69.5518453427065
22,Chhattisgarh,Kawardha,44205,30889,1,Kawardha (M),Kawardha,False,69.8767107793236
22,Chhattisgarh,Kawardha (M + OG),46657,32559,1,Kawardha (M + OG),Kawardha (M + OG),False,69.78374091776153
22,Chhattisgarh,Keskal (NP),11115,8301,1,Keskal (NP),Keskal (NP),False,74.68286099865047
22,Chhattisgarh,Khairagarh,22564,15906,1,Khairagarh (M),Khairagarh,False,70.492820421911
22,Chhattisgarh,Kharod (NP),10193,6989,1,Kharod (NP),Kharod (NP),False,68.56666339644855
22,Chhattisgarh,Kharora (NP),9236,6391,1,Kharora (NP),Kharora (NP),False,69.1966219142486
22,Chhattisgarh,Kharsia,18939,14246,1,Kharsia  (M),Kharsia,False,75.22044458524736
22,Chhattisgarh,Khongapani (NP),17400,11701,1,Khongapani (NP),Khongapani (NP),False,67.24712643678161
22,Chhattisgarh,Kirandul,18887,13919,1,Kirandul (M),Kirandul,False,73.69619314872664
22,Chhattisgarh,Kirodimalnagar (NP),13102,9009,1,Kirodimalnagar (NP),Kirodimalnagar (NP),False,68.76049458098001
22,Chhattisgarh,Kondagaon,30921,21668,1,Kondagaon (M),Kondagaon,False,70.07535331975033
22,Chhattisgarh,Koni (CT),7065,5132,1,Koni (CT),Koni (CT),False,72.63977353149328
22,Chhattisgarh,Konta (NP),7038,4704,1,Konta (NP),Konta (NP),False,66.83716965046888
22,Chhattisgarh,Koora (NP),8857,5424,1,Koora (NP),Koora (NP),False,61.23969741447443
22,Chhattisgarh,Korba,588070,428229,3,Korba (M Corp. + OG) (Part) | Korba (M Corp.) (Part),Korba,True,72.81939224922203
22,Chhattisgarh,Kota (NP),18405,13031,1,Kota (NP),Kota (NP),False,70.80141265960337
22,Chhattisgarh,Kotba (NP),6805,4033,1,Kotba (NP),Kotba (NP),False,59.26524614254225
22,Chhattisgarh,Kumhari,35044,24050,2,Kumhari (M) (Part),Kumhari,True,68.62801050108435
22,Chhattisgarh,Kunkuri (CT),13846,10458,1,Kunkuri (CT),Kunkuri (CT),False,75.53083923154702
22,Chhattisgarh,Kurud (NP),13783,9987,1,Kurud (NP),Kurud (NP),False,72.458826090111
22,Chhattisgarh,Kusmi (NP),7448,4855,1,Kusmi (NP),Kusmi (NP),False,65.18528464017186
22,Chhattisgarh,Lailunga (NP),8208,5627,1,Lailunga (NP),Lailunga (NP),False,68.55506822612085
22,Chhattisgarh,Lakhanpur (NP),6270,4207,1,Lakhanpur (NP),Lakhanpur (NP),False,67.09728867623605
22,Chhattisgarh,Lawan (NP),8984,5415,1,Lawan (NP),Lawan (NP),False,60.27382012466608
22,Chhattisgarh,Lingiyadih (CT),22209,16526,1,Lingiyadih (CT),Lingiyadih (CT),False,74.41127470845153
22,Chhattisgarh,Lormi (NP),15156,10355,1,Lormi (NP),Lormi (NP),False,68.32277645816838
22,Chhattisgarh,Magarlod (NP),6280,4444,1,Magarlod (NP),Magarlod (NP),False,70.76433121019107
22,Chhattisgarh,Mahasamund,53783,39469,1,Mahasamund (M),Mahasamund,False,73.38564230333004
22,Chhattisgarh,Mahasamund (M + OG),54413,39986,1,Mahasamund (M + OG),Mahasamund (M + OG),False,73.48611545035195
22,Chhattisgarh,Malhar (NP),8505,4544,1,Malhar (NP),Malhar (NP),False,53.42739564961787
22,Chhattisgarh,Mana-Camp (NP),11953,9534,1,Mana-Camp (NP),Mana-Camp (NP),False,79.76240274408099
22,Chhattisgarh,Mandir Hasaud (CT),12807,8616,1,Mandir Hasaud (CT),Mandir Hasaud (CT),False,67.2757085968611
22,Chhattisgarh,Manendragarh,33071,25245,1,Manendragarh (M),Manendragarh,False,76.33576245048532
22,Chhattisgarh,Maro (NP),6596,3812,1,Maro (NP),Maro (NP),False,57.79260157671315
22,Chhattisgarh,Mehmand (CT),8231,5131,1,Mehmand (CT),Mehmand (CT),False,62.337504555947035
22,Chhattisgarh,Mungeli,31250,22414,1,Mungeli (M),Mungeli,False,71.7248
22,Chhattisgarh,Mungeli (M + OG),36450,25351,1,Mungeli (M + OG),Mungeli (M + OG),False,69.55006858710563
22,Chhattisgarh,Nagari (NP),13308,9774,1,Nagari (NP),Nagari (NP),False,73.44454463480614
22,Chhattisgarh,Nai-Ledri (NP),5334,3975,1,Nai-Ledri (NP),Nai-Ledri (NP),False,74.52193475815523
22,Chhattisgarh,Naila-Janjgir,40561,30369,1,Naila-Janjgir (M),Naila-Janjgir,False,74.87241438820543
22,Chhattisgarh,Narayanpur (NP),22106,16154,1,Narayanpur (NP),Narayanpur (NP),False,73.07518320817877
22,Chhattisgarh,Narharpur (NP),4509,3347,1,Narharpur (NP),Narharpur (NP),False,74.22931913949878
22,Chhattisgarh,Nawagarh (NP),18659,11647,2,Nawagarh (NP),Nawagarh (NP),True,62.42027975775765
22,Chhattisgarh,Naya Baradwar (NP),8793,6139,1,Naya Baradwar (NP),Naya Baradwar (NP),False,69.8168998066644
22,Chhattisgarh,Pakhanjur (NP),10201,7812,1,Pakhanjur (NP),Pakhanjur (NP),False,76.58072737966866
22,Chhattisgarh,Palari (NP),8567,5532,1,Palari (NP),Palari (NP),False,64.57336290416715
22,Chhattisgarh,Pali (NP),5514,4210,1,Pali (NP),Pali (NP),False,76.35110627493653
22,Chhattisgarh,Pandariya (NP),16165,9830,1,Pandariya (NP),Pandariya (NP),False,60.81039282400248
22,Chhattisgarh,Pandatarai (NP),7008,4067,1,Pandatarai (NP),Pandatarai (NP),False,58.03367579908676
22,Chhattisgarh,Parpondi (NP),3741,2441,1,Parpondi (NP),Parpondi (NP),False,65.2499331729484
22,Chhattisgarh,Patan (NP),10133,7364,1,Patan (NP),Patan (NP),False,72.6734432053686
22,Chhattisgarh,Pathalgaon (NP),16613,12151,1,Pathalgaon (NP),Pathalgaon (NP),False,73.14151568049118
22,Chhattisgarh,Pathariya (NP),6349,3771,1,Pathariya (NP),Pathariya (NP),False,59.39518034336116
22,Chhattisgarh,Pendra (NP),14120,10551,1,Pendra (NP),Pendra (NP),False,74.72379603399433
22,Chhattisgarh,Pipariya (NP),4859,2900,1,Pipariya (NP),Pipariya (NP),False,59.683062358509986
22,Chhattisgarh,Pithora (NP),8428,6172,1,Pithora (NP),Pithora (NP),False,73.23208353108686
22,Chhattisgarh,Pratappur (NP),5635,3923,1,Pratappur (NP),Pratappur (NP),False,69.61845607808341
22,Chhattisgarh,Premnagar (NP),4954,2990,1,Premnagar (NP),Premnagar (NP),False,60.355268469923296
22,Chhattisgarh,Pusaur (NP),4744,3594,1,Pusaur (NP),Pusaur (NP),False,75.75885328836425
22,Chhattisgarh,Rahaud (NP),6160,3966,1,Rahaud (NP),Rahaud (NP),False,64.38311688311688
22,Chhattisgarh,Raigarh,287145,218392,2,Raigarh (M Corp. + OG) | Raigarh (M Corp.),Raigarh,True,76.05634783820021
22,Chhattisgarh,Raipur,2037697,1528022,2,Raipur (M Corp. + OG) | Raipur (M Corp.),Raipur,True,74.98769444132273
22,Chhattisgarh,Rajgamar (CT),11544,8261,1,Rajgamar (CT),Rajgamar (CT),False,71.56098406098405
22,Chhattisgarh,Rajim (NP),14090,10046,1,Rajim (NP),Rajim (NP),False,71.29879347054649
22,Chhattisgarh,Rajnandgaon,163114,125190,1,Rajnandgaon (M Corp.),Rajnandgaon,False,76.7500030653408
22,Chhattisgarh,Rajpur (NP),4838,3405,1,Rajpur (NP),Rajpur (NP),False,70.38032244729226
22,Chhattisgarh,Ramanujganj (NP),11893,8394,1,Ramanujganj (NP),Ramanujganj (NP),False,70.57933238039182
22,Chhattisgarh,Ratanpur (NP),24636,16131,1,Ratanpur (NP),Ratanpur (NP),False,65.47735021919144
22,Chhattisgarh,Rawan (CT),5100,3563,1,Rawan (CT),Rawan (CT),False,69.86274509803921
22,Chhattisgarh,Sahaspur-Lohara (NP),7017,4199,1,Sahaspur-Lohara (NP),Sahaspur-Lohara (NP),False,59.84038763004133
22,Chhattisgarh,Saja (NP),5257,3774,1,Saja (NP),Saja (NP),False,71.78999429332319
22,Chhattisgarh,Sakari (NP),12861,8979,1,Sakari (NP),Sakari (NP),False,69.81572195008164
22,Chhattisgarh,Sakti,21955,16201,1,Sakti (M),Sakti,False,73.79184695969028
22,Chhattisgarh,Saragaon (NP),7216,4949,1,Saragaon (NP),Saragaon (NP),False,68.58370288248337
22,Chhattisgarh,Saraipali (NP),20043,14918,1,Saraipali (NP),Saraipali (NP),False,74.42997555256198
22,Chhattisgarh,Sarangarh (NP),14954,11360,1,Sarangarh (NP),Sarangarh (NP),False,75.96629664303866
22,Chhattisgarh,Sargaon (NP),7484,4642,1,Sargaon (NP),Sargaon (NP),False,62.025654730090864
22,Chhattisgarh,Sariya (NP),6927,5152,1,Sariya (NP),Sariya (NP),False,74.3756315865454
22,Chhattisgarh,Shivnandanpur Alias Omkarbahara (CT),6567,4581,1,Shivnandanpur Alias Omkarbahara (CT),Shivnandanpur Alias Omkarbahara (CT),False,69.75788031064413
22,Chhattisgarh,Shivpur Charcha,23514,16645,1,Shivpur Charcha (M),Shivpur Charcha,False,70.7876158884069
22,Chhattisgarh,Shivrinarayan (NP),9707,6850,1,Shivrinarayan (NP),Shivrinarayan (NP),False,70.56763160605747
22,Chhattisgarh,Siltara (CT),10721,7108,1,Siltara (CT),Siltara (CT),False,66.29978546777353
22,Chhattisgarh,Simga (NP),16027,10679,1,Simga (NP),Simga (NP),False,66.6313096649404
22,Chhattisgarh,Sirgitti (NP),18428,13002,1,Sirgitti (NP),Sirgitti (NP),False,70.55567614499675
22,Chhattisgarh,Sitapur (NP),9361,6720,1,Sitapur (NP),Sitapur (NP),False,71.78720222198484
22,Chhattisgarh,Sukma (NP),13926,8888,1,Sukma (NP),Sukma (NP),False,63.82306477093207
22,Chhattisgarh,Surajpur,20189,14013,1,Surajpur (M),Surajpur,False,69.40908415473773
22,Chhattisgarh,Takhatpur (NP),19968,14292,1,Takhatpur (NP),Takhatpur (NP),False,71.57451923076923
22,Chhattisgarh,Than-Khamharia (NP),8373,5447,1,Than-Khamharia (NP),Than-Khamharia (NP),False,65.05434133524423
22,Chhattisgarh,Tifra (NP),30465,20911,1,Tifra (NP),Tifra (NP),False,68.63942228787133
22,Chhattisgarh,Tilda Newra,32331,22542,1,Tilda Newra (M),Tilda Newra,False,69.72255729794934
22,Chhattisgarh,Tilda Newra (M + OG),36682,25587,1,Tilda Newra (M + OG),Tilda Newra (M + OG),False,69.75355760318412
22,Chhattisgarh,Tumgaon (NP),7394,4401,1,Tumgaon (NP),Tumgaon (NP),False,59.521233432512844
22,Chhattisgarh,Tundra (NP),8211,5410,1,Tundra (NP),Tundra (NP),False,65.8872244549994
22,Chhattisgarh,Utai (NP),8752,6552,1,Utai (NP),Utai (NP),False,74.86288848263254
22,Chhattisgarh,Visrampuree (NP),9641,5171,1,Visrampuree (NP),Visrampuree (NP),False,53.635514988071776
22,Chhattisgarh,Wadrafnagar (NP),6048,4491,1,Wadrafnagar (NP),Wadrafnagar (NP),False,74.25595238095238
23,Madhya Pradesh,Agar,37917,26213,1,Agar (M),Agar,False,69.13257905425007
23,Madhya Pradesh,Ahirkhedi (CT),9357,4950,1,Ahirkhedi (CT),Ahirkhedi (CT),False,52.90157101635139
23,Madhya Pradesh,Ajaigarh (NP),16656,11035,1,Ajaigarh (NP),Ajaigarh (NP),False,66.25240153698367
23,Madhya Pradesh,Akoda (NP),12534,8254,1,Akoda (NP),Akoda (NP),False,65.85288016594862
23,Madhya Pradesh,Akodia (NP),11652,7869,1,Akodia (NP),Akodia (NP),False,67.53347064881565
23,Madhya Pradesh,Alampur (NP),10686,7130,1,Alampur (NP),Alampur (NP),False,66.72281489799738
23,Madhya Pradesh,Alirajpur,28498,20260,1,Alirajpur (M),Alirajpur,False,71.09270826022879
23,Madhya Pradesh,Alot (NP),24115,15720,1,Alot (NP),Alot (NP),False,65.18764254613312
23,Madhya Pradesh,Amanganj (CT),5377,3418,1,Amanganj (CT),Amanganj (CT),False,63.56704482053189
23,Madhya Pradesh,Amanganj (NP),13886,9243,1,Amanganj (NP),Amanganj (NP),False,66.5634451966009
23,Madhya Pradesh,Amarkantak (NP),8416,6011,1,Amarkantak (NP),Amarkantak (NP),False,71.42347908745246
23,Madhya Pradesh,Amarpatan (NP),19409,13649,1,Amarpatan (NP),Amarpatan (NP),False,70.32304600958318
23,Madhya Pradesh,Amarwara,14141,10718,1,Amarwara (M),Amarwara,False,75.79379110388233
23,Madhya Pradesh,Ambada (CT),6282,4423,1,Ambada (CT),Ambada (CT),False,70.4075135307227
23,Madhya Pradesh,Ambah,47177,32163,1,Ambah (M),Ambah,False,68.17517010407614
23,Madhya Pradesh,Amkhera (CT),8957,6887,1,Amkhera (CT),Amkhera (CT),False,76.88958356592609
23,Madhya Pradesh,Amla,30215,24107,1,Amla (M),Amla,False,79.78487506205528
23,Madhya Pradesh,Amlai (CT),30354,21242,2,Amlai (CT) (Part),Amlai (CT),True,69.98089213942148
23,Madhya Pradesh,Anjad (NP),26289,15504,1,Anjad (NP),Anjad (NP),False,58.975236791053284
23,Madhya Pradesh,Antari (NP),9949,6286,1,Antari (NP),Antari (NP),False,63.1822293697859
23,Madhya Pradesh,Anuppur,19899,14834,1,Anuppur (M),Anuppur,False,74.5464596210865
23,Madhya Pradesh,Aron (NP),28010,16606,1,Aron (NP),Aron (NP),False,59.28596929667975
23,Madhya Pradesh,Ashoknagar,81828,53890,1,Ashoknagar (M),Ashoknagar,False,65.85765263723908
23,Madhya Pradesh,Ashta,51824,35343,1,Ashta (M),Ashta,False,68.19813213954924
23,Madhya Pradesh,Ashta (M + OG),53184,36290,1,Ashta (M + OG),Ashta (M + OG),False,68.2348074608905
23,Madhya Pradesh,Athner (NP),11915,8944,1,Athner (NP),Athner (NP),False,75.0650440621066
23,Madhya Pradesh,Babai (NP),16741,11850,1,Babai (NP),Babai (NP),False,70.78430201302193
23,Madhya Pradesh,Bada Malhera (NP),18335,11882,1,Bada Malhera (NP),Bada Malhera (NP),False,64.8050177256613
23,Madhya Pradesh,Badagaon (NP),16499,9044,2,Badagaon (NP),Badagaon (NP),True,54.81544336020365
23,Madhya Pradesh,Badarwas (NP),13571,8648,1,Badarwas (NP),Badarwas (NP),False,63.7241176037138
23,Madhya Pradesh,Badawada (NP),8700,5616,1,Badawada (NP),Badawada (NP),False,64.55172413793103
23,Madhya Pradesh,Badi (NP),19603,12645,1,Badi (NP),Badi (NP),False,64.50543284191195
23,Madhya Pradesh,Badkuhi (NP),9895,7553,1,Badkuhi (NP),Badkuhi (NP),False,76.33148054573017
23,Madhya Pradesh,Badnagar,32418,24142,1,Badnagar (M),Badnagar,False,74.47097291628107
23,Madhya Pradesh,Badnagar (M + OG),36438,26787,1,Badnagar (M + OG),Badnagar (M + OG),False,73.51391404577639
23,Madhya Pradesh,Badnawar (NP),20917,14605,1,Badnawar (NP),Badnawar (NP),False,69.82358846870966
23,Madhya Pradesh,Badod (NP),13834,9340,1,Badod (NP),Badod (NP),False,67.51481856296083
23,Madhya Pradesh,Badoda (NP),18437,10885,1,Badoda (NP),Badoda (NP),False,59.03888919021533
23,Madhya Pradesh,Badoni (NP),10309,6555,1,Badoni (NP),Badoni (NP),False,63.58521680085363
23,Madhya Pradesh,Badra (CT),4785,3075,1,Badra (CT),Badra (CT),False,64.26332288401254
23,Madhya Pradesh,Bagh (CT),9274,6030,1,Bagh (CT),Bagh (CT),False,65.02048738408453
23,Madhya Pradesh,Bagli (NP),10310,7201,1,Bagli (NP),Bagli (NP),False,69.84481086323957
23,Madhya Pradesh,Baihar (NP),16650,12113,1,Baihar (NP),Baihar (NP),False,72.75075075075075
23,Madhya Pradesh,Baikunthpur (NP),10282,7061,1,Baikunthpur (NP),Baikunthpur (NP),False,68.6734098424431
23,Madhya Pradesh,Balaghat,84261,69438,1,Balaghat (M),Balaghat,False,82.408231566205
23,Madhya Pradesh,Baldeogarh (NP),9079,5563,1,Baldeogarh (NP),Baldeogarh (NP),False,61.27326798105518
23,Madhya Pradesh,Bamhani (NP),10266,7755,1,Bamhani (NP),Bamhani (NP),False,75.5406195207481
23,Madhya Pradesh,Bamor (NP),32838,20325,1,Bamor (NP),Bamor (NP),False,61.89475607527864
23,Madhya Pradesh,Bamora (CT),8493,6192,1,Bamora (CT),Bamora (CT),False,72.90709996467679
23,Madhya Pradesh,Banda (NP),30923,21781,1,Banda (NP),Banda (NP),False,70.43624486628076
23,Madhya Pradesh,Bangarda Bada (CT),15761,10807,1,Bangarda Bada (CT),Bangarda Bada (CT),False,68.5679842649578
23,Madhya Pradesh,Bangarda Chhota (CT),64213,48281,1,Bangarda Chhota (CT),Bangarda Chhota (CT),False,75.18882469281921
23,Madhya Pradesh,Bangawan (CT),20873,14220,1,Bangawan (CT),Bangawan (CT),False,68.12628754850765
23,Madhya Pradesh,Bank (CT),18534,12566,1,Bank (CT),Bank (CT),False,67.79971943455271
23,Madhya Pradesh,Bansatar Kheda (CT),5458,3719,1,Bansatar Kheda (CT),Bansatar Kheda (CT),False,68.13851227555881
23,Madhya Pradesh,Baraily (NP + OG),34663,24244,1,Baraily (NP + OG),Baraily (NP + OG),False,69.94201309753916
23,Madhya Pradesh,Baraily (NP),31579,22149,1,Baraily (NP),Baraily (NP),False,70.13838310269482
23,Madhya Pradesh,Barela (NP),12620,9489,1,Barela (NP),Barela (NP),False,75.19017432646594
23,Madhya Pradesh,Barghat (NP),12100,9321,1,Barghat (NP),Barghat (NP),False,77.03305785123968
23,Madhya Pradesh,Bargi (CT),6916,4842,1,Bargi (CT),Bargi (CT),False,70.01156737998843
23,Madhya Pradesh,Barhi (NP),13946,9266,1,Barhi (NP),Barhi (NP),False,66.44199053492041
23,Madhya Pradesh,Barigarh (NP),8918,5447,1,Barigarh (NP),Barigarh (NP),False,61.07871720116618
23,Madhya Pradesh,Barman Kalan (CT),8143,5886,1,Barman Kalan (CT),Barman Kalan (CT),False,72.28294240451922
23,Madhya Pradesh,Barwaha,26459,20595,1,Barwaha (M),Barwaha,False,77.83740882119505
23,Madhya Pradesh,Barwaha Kasba (CT),13514,9268,1,Barwaha Kasba (CT),Barwaha Kasba (CT),False,68.58073109368063
23,Madhya Pradesh,Barwani,55504,39856,1,Barwani (M),Barwani,False,71.8074373018161
23,Madhya Pradesh,Basoda,71353,51460,1,Basoda (M),Basoda,False,72.12030328087116
23,Madhya Pradesh,Basoda (M + OG),78289,56596,1,Basoda (M + OG),Basoda (M + OG),False,72.2911264673198
23,Madhya Pradesh,Begamganj,34031,24653,1,Begamganj (M),Begamganj,False,72.44277276600747
23,Madhya Pradesh,Beohari (NP),24545,16861,1,Beohari (NP),Beohari (NP),False,68.69423507842738
23,Madhya Pradesh,Berasia,30951,20162,1,Berasia (M),Berasia,False,65.14167555167846
23,Madhya Pradesh,Betma (NP),15999,11336,1,Betma (NP),Betma (NP),False,70.85442840177511
23,Madhya Pradesh,Betul,103330,82268,1,Betul (M),Betul,False,79.6167618310268
23,Madhya Pradesh,Betul-Bazar (NP),10630,7947,1,Betul-Bazar (NP),Betul-Bazar (NP),False,74.76011288805267
23,Madhya Pradesh,Bhainsa (CT),5144,3480,1,Bhainsa (CT),Bhainsa (CT),False,67.65163297045102
23,Madhya Pradesh,Bhainsdehi (NP),11961,8804,1,Bhainsdehi (NP),Bhainsdehi (NP),False,73.60588579550205
23,Madhya Pradesh,Bhander (NP),25204,17990,1,Bhander (NP),Bhander (NP),False,71.37755911760037
23,Madhya Pradesh,Bhanpura (NP),21013,14980,1,Bhanpura (NP),Bhanpura (NP),False,71.28920192261933
23,Madhya Pradesh,Bharveli (CT),10357,7816,1,Bharveli (CT),Bharveli (CT),False,75.46586849473785
23,Madhya Pradesh,Bhaurasa (NP),12166,8022,1,Bhaurasa (NP),Bhaurasa (NP),False,65.93785960874568
23,Madhya Pradesh,Bhavra (NP),10968,6228,1,Bhavra (NP),Bhavra (NP),False,56.78336980306346
23,Madhya Pradesh,Bhedaghat (NP),6657,4420,1,Bhedaghat (NP),Bhedaghat (NP),False,66.39627459816734
23,Madhya Pradesh,Bhicholi Hapsi (CT),8774,6013,1,Bhicholi Hapsi (CT),Bhicholi Hapsi (CT),False,68.53202644175974
23,Madhya Pradesh,Bhikangaon (NP),16217,11518,1,Bhikangaon (NP),Bhikangaon (NP),False,71.02423382869829
23,Madhya Pradesh,Bhilakhedi (CT),9540,7898,1,Bhilakhedi (CT),Bhilakhedi (CT),False,82.78825995807128
23,Madhya Pradesh,Bhind,197585,142923,1,Bhind (M),Bhind,False,72.3349444542855
23,Madhya Pradesh,Bhitarwar (NP),19096,11872,1,Bhitarwar (NP),Bhitarwar (NP),False,62.17008797653959
23,Madhya Pradesh,Bhopal,1798218,1320675,1,Bhopal (M Corp.),Bhopal,False,73.44354244034928
23,Madhya Pradesh,Biaora,47663,32912,1,Biaora (M),Biaora,False,69.05146549734596
23,Madhya Pradesh,Biaora (M + OG),49093,33910,1,Biaora (M + OG),Biaora (M + OG),False,69.0729839284623
23,Madhya Pradesh,Bichhiya (NP),10427,7778,1,Bichhiya (NP),Bichhiya (NP),False,74.5948019564592
23,Madhya Pradesh,Bijawar (NP),20513,13059,1,Bijawar (NP),Bijawar (NP),False,63.662067956905375
23,Madhya Pradesh,Bijuri,32682,22780,1,Bijuri (M),Bijuri,False,69.70197662321767
23,Madhya Pradesh,Bilaua (NP),12893,7860,1,Bilaua (NP),Bilaua (NP),False,60.96331342589002
23,Madhya Pradesh,Bilpura (CT),14349,10811,1,Bilpura (CT),Bilpura (CT),False,75.3432294933445
23,Madhya Pradesh,Bina Rly Colony (CT),5035,4077,1,Bina Rly Colony (CT),Bina Rly Colony (CT),False,80.97318768619662
23,Madhya Pradesh,Bina- Etawa,64529,50173,1,Bina- Etawa (M),Bina- Etawa,False,77.75263834864946
23,Madhya Pradesh,Birsinghpur (NP),14339,9337,1,Birsinghpur (NP),Birsinghpur (NP),False,65.1161168840226
23,Madhya Pradesh,Boda (NP),9886,6166,1,Boda (NP),Boda (NP),False,62.371029739024884
23,Madhya Pradesh,Borgaon (CT),7497,5874,1,Borgaon (CT),Borgaon (CT),False,78.35134053621448
23,Madhya Pradesh,Budni (NP),16808,12216,1,Budni (NP),Budni (NP),False,72.67967634459781
23,Madhya Pradesh,Burhanpur,210886,147056,1,Burhanpur (M Corp.),Burhanpur,False,69.73246208852176
23,Madhya Pradesh,Burhar (NP),19289,14220,1,Burhar (NP),Burhar (NP),False,73.72077349784851
23,Madhya Pradesh,Buxwaha (NP),10216,6870,1,Buxwaha (NP),Buxwaha (NP),False,67.24745497259201
23,Madhya Pradesh,Buzurg (CT),13868,8266,1,Buzurg (CT),Buzurg (CT),False,59.60484568791462
23,Madhya Pradesh,Chachaura-Binaganj (NP),21860,14934,1,Chachaura-Binaganj (NP),Chachaura-Binaganj (NP),False,68.31655992680695
23,Madhya Pradesh,Chakghat (NP),10678,7304,1,Chakghat (NP),Chakghat (NP),False,68.40232253230943
23,Madhya Pradesh,Chandameta- Butaria (NP),16497,12205,1,Chandameta- Butaria (NP),Chandameta- Butaria (NP),False,73.98314845123356
23,Madhya Pradesh,Chanderi,33081,22692,1,Chanderi (M),Chanderi,False,68.59526616486805
23,Madhya Pradesh,Chandia (NP),15891,9129,1,Chandia (NP),Chandia (NP),False,57.44761185576741
23,Madhya Pradesh,Chandla (NP),12838,8376,1,Chandla (NP),Chandla (NP),False,65.24380744664278
23,Madhya Pradesh,Chaurai Khas,12956,9821,1,Chaurai Khas (M),Chaurai Khas,False,75.80271688792837
23,Madhya Pradesh,Chhanera (NP),22052,14936,1,Chhanera (NP),Chhanera (NP),False,67.73081806638854
23,Madhya Pradesh,Chhapiheda (NP),8501,5066,1,Chhapiheda (NP),Chhapiheda (NP),False,59.59298906011058
23,Madhya Pradesh,Chhatarpur,133464,97305,1,Chhatarpur (M),Chhatarpur,False,72.90730084517173
23,Madhya Pradesh,Chhatarpur (M + OG),142128,103366,1,Chhatarpur (M + OG),Chhatarpur (M + OG),False,72.72740065293257
23,Madhya Pradesh,Chhindwara,138291,111158,1,Chhindwara (M),Chhindwara,False,80.37977887208856
23,Madhya Pradesh,Chhindwara (M + OG),175052,138805,1,Chhindwara (M + OG),Chhindwara (M + OG),False,79.29358133583165
23,Madhya Pradesh,Chichli (CT),9977,7062,1,Chichli (CT),Chichli (CT),False,70.78280044101433
23,Madhya Pradesh,Chicholi (NP),9282,7377,1,Chicholi (NP),Chicholi (NP),False,79.47640594699418
23,Madhya Pradesh,Chitrakoot (NP),23316,13757,1,Chitrakoot (NP),Chitrakoot (NP),False,59.00240178418253
23,Madhya Pradesh,Churhat (NP),14962,9403,1,Churhat (NP),Churhat (NP),False,62.84587621975671
23,Madhya Pradesh,Daboh (NP),18097,12099,1,Daboh (NP),Daboh (NP),False,66.85638503619384
23,Madhya Pradesh,Dabra,61277,45128,1,Dabra (M),Dabra,False,73.64590303050083
23,Madhya Pradesh,Dabra (CT),20629,12503,1,Dabra (CT),Dabra (CT),False,60.60885161665617
23,Madhya Pradesh,Dahi (NP),8509,5357,1,Dahi (NP),Dahi (NP),False,62.956869197320486
23,Madhya Pradesh,Damoh,125101,94744,1,Damoh (M),Damoh,False,75.73400692240669
23,Madhya Pradesh,Damoh (M + OG),139561,105359,1,Damoh (M + OG),Damoh (M + OG),False,75.4931535314307
23,Madhya Pradesh,Damua,24663,18363,1,Damua (M),Damua,False,74.45566232818392
23,Madhya Pradesh,Datia,100284,70819,1,Datia (M),Datia,False,70.61844362011887
23,Madhya Pradesh,Dehrisaray (CT),8606,6603,1,Dehrisaray (CT),Dehrisaray (CT),False,76.72554032070649
23,Madhya Pradesh,Deodara (CT),10008,7887,1,Deodara (CT),Deodara (CT),False,78.80695443645084
23,Madhya Pradesh,Deohra (CT),9686,7269,1,Deohra (CT),Deohra (CT),False,75.04645880652488
23,Madhya Pradesh,Deori,25632,19046,1,Deori (M),Deori,False,74.30555555555556
23,Madhya Pradesh,Deori (CT),5127,3615,1,Deori (CT),Deori (CT),False,70.50906963136337
23,Madhya Pradesh,Depalpur (NP),17474,11501,1,Depalpur (NP),Depalpur (NP),False,65.81778642554653
23,Madhya Pradesh,Devendranagar (NP),12785,8838,1,Devendranagar (NP),Devendranagar (NP),False,69.12788423934299
23,Madhya Pradesh,Dewas,289550,215088,1,Dewas (M Corp.),Dewas,False,74.28354342945951
23,Madhya Pradesh,Dhamnod (NP),40434,26314,2,Dhamnod (NP),Dhamnod (NP),True,65.07889400009893
23,Madhya Pradesh,Dhana (CT),9677,7356,1,Dhana (CT),Dhana (CT),False,76.01529399607317
23,Madhya Pradesh,Dhanpuri (Nargada Hari Dafai),45156,32137,1,Dhanpuri (Nargada Hari Dafai) (M),Dhanpuri (Nargada Hari Dafai),False,71.16883692089645
23,Madhya Pradesh,Dhar,93917,68928,1,Dhar (M),Dhar,False,73.39246355824824
23,Madhya Pradesh,Dharampuri (NP),16363,10818,1,Dharampuri (NP),Dharampuri (NP),False,66.1125710444295
23,Madhya Pradesh,Dhodaramohar Alias Bhoura (CT),5956,4334,1,Dhodaramohar Alias Bhoura (CT),Dhodaramohar Alias Bhoura (CT),False,72.76695768972465
23,Madhya Pradesh,Dighawani (CT),5953,3918,1,Dighawani (CT),Dighawani (CT),False,65.81555518226104
23,Madhya Pradesh,Diken (NP),7951,5263,1,Diken (NP),Diken (NP),False,66.19293170670356
23,Madhya Pradesh,Dindori (NP),21323,15817,1,Dindori (NP),Dindori (NP),False,74.1781175256765
23,Madhya Pradesh,Dola (CT),9273,5963,1,Dola (CT),Dola (CT),False,64.30497142240914
23,Madhya Pradesh,Dongar Parasia,39374,29219,1,Dongar Parasia (M),Dongar Parasia,False,74.20886879666784
23,Madhya Pradesh,Dongar Parasia (M + OG),42786,31467,1,Dongar Parasia (M + OG),Dongar Parasia (M + OG),False,73.54508484083578
23,Madhya Pradesh,Dumar Kachhar (CT),9480,6531,1,Dumar Kachhar (CT),Dumar Kachhar (CT),False,68.89240506329114
23,Madhya Pradesh,Dungariya Chhapara (CT),15371,11754,1,Dungariya Chhapara (CT),Dungariya Chhapara (CT),False,76.4686747771778
23,Madhya Pradesh,GCF Jabalpur (CT),9285,7678,1,GCF Jabalpur (CT),GCF Jabalpur (CT),False,82.69251480883145
23,Madhya Pradesh,Gadarwara,45344,34210,1,Gadarwara (M),Gadarwara,False,75.4454834156669
23,Madhya Pradesh,Gadarwara (M + OG),47604,35936,1,Gadarwara (M + OG),Gadarwara (M + OG),False,75.48945466767498
23,Madhya Pradesh,Gairatganj (NP),18184,12328,1,Gairatganj (NP),Gairatganj (NP),False,67.79586449626045
23,Madhya Pradesh,Gamiria Sagar (CT),7984,6181,1,Gamiria Sagar (CT),Gamiria Sagar (CT),False,77.41733466933867
23,Madhya Pradesh,Gandhi Sagar Hydel Col (CT),7178,5119,1,Gandhi Sagar Hydel Col (CT),Gandhi Sagar Hydel Col (CT),False,71.31512956255224
23,Madhya Pradesh,Garhakota,30796,22660,1,Garhakota (M),Garhakota,False,73.5809845434472
23,Madhya Pradesh,Garhakota (M + OG),32726,23911,1,Garhakota (M + OG),Garhakota (M + OG),False,73.06423027562184
23,Madhya Pradesh,Garhi - Malhera (NP),13625,8759,1,Garhi - Malhera (NP),Garhi - Malhera (NP),False,64.28623853211009
23,Madhya Pradesh,Garoth (NP),15122,10369,1,Garoth (NP),Garoth (NP),False,68.56897235815367
23,Madhya Pradesh,Garra (CT),5533,3793,1,Garra (CT),Garra (CT),False,68.552322429062
23,Madhya Pradesh,Ghansaur (CT),7120,5535,1,Ghansaur (CT),Ghansaur (CT),False,77.73876404494382
23,Madhya Pradesh,Ghoda Dongri Ryt (CT),9745,6411,1,Ghoda Dongri Ryt (CT),Ghoda Dongri Ryt (CT),False,65.7875833760903
23,Madhya Pradesh,Ghuwara (NP),13301,7697,1,Ghuwara (NP),Ghuwara (NP),False,57.867829486504775
23,Madhya Pradesh,Gogaon (CT),11054,7187,1,Gogaon (CT),Gogaon (CT),False,65.01718834810927
23,Madhya Pradesh,Gogapur (CT),7608,5158,1,Gogapur (CT),Gogapur (CT),False,67.79705573080967
23,Madhya Pradesh,Gohad,58939,36187,1,Gohad (M),Gohad,False,61.39737694904902
23,Madhya Pradesh,Goraiya (CT),4408,3490,1,Goraiya (CT),Goraiya (CT),False,79.17422867513612
23,Madhya Pradesh,Gormi (NP),20841,13202,1,Gormi (NP),Gormi (NP),False,63.34628856580778
23,Madhya Pradesh,Gotegaon (NP + OG),28074,21798,1,Gotegaon (NP + OG),Gotegaon (NP + OG),False,77.64479589655909
23,Madhya Pradesh,Gotegaon (NP),27068,21069,1,Gotegaon (NP),Gotegaon (NP),False,77.83729865523867
23,Madhya Pradesh,Govindgarh (NP),10547,6929,1,Govindgarh (NP),Govindgarh (NP),False,65.69640656110742
23,Madhya Pradesh,Gujarkheda (CT),5409,4297,1,Gujarkheda (CT),Gujarkheda (CT),False,79.44167128859308
23,Madhya Pradesh,Guna,180935,125295,1,Guna (M),Guna,False,69.24862519689391
23,Madhya Pradesh,Gurh (NP),14608,9841,1,Gurh (NP),Gurh (NP),False,67.3671960569551
23,Madhya Pradesh,Gwalior,1054420,788711,1,Gwalior (M Corp.),Gwalior,False,74.8004590201248
23,Madhya Pradesh,Hanumana (NP),16771,10321,1,Hanumana (NP),Hanumana (NP),False,61.540754874485714
23,Madhya Pradesh,Harda,68162,52771,1,Harda (M),Harda,False,77.41997007130072
23,Madhya Pradesh,Harda (M + OG),74268,56990,1,Harda (M + OG),Harda (M + OG),False,76.73560618301288
23,Madhya Pradesh,Harduli (CT),7682,5537,1,Harduli (CT),Harduli (CT),False,72.07758396250976
23,Madhya Pradesh,Harpalpur (NP),18529,13409,1,Harpalpur (NP),Harpalpur (NP),False,72.36763991580766
23,Madhya Pradesh,Harrai (NP),11000,7586,1,Harrai (NP),Harrai (NP),False,68.96363636363635
23,Madhya Pradesh,Hatod (NP),10425,6443,1,Hatod (NP),Hatod (NP),False,61.80335731414868
23,Madhya Pradesh,Hatpiplya (NP),17419,11735,1,Hatpiplya (NP),Hatpiplya (NP),False,67.36896492335956
23,Madhya Pradesh,Hatta,32465,23918,1,Hatta (M),Hatta,False,73.67318650854767
23,Madhya Pradesh,Hatwas (CT),12295,8154,1,Hatwas (CT),Hatwas (CT),False,66.31964213094754
23,Madhya Pradesh,Hindoria (NP),16001,10806,1,Hindoria (NP),Hindoria (NP),False,67.53327917005187
23,Madhya Pradesh,Hirapur (CT),6315,4752,1,Hirapur (CT),Hirapur (CT),False,75.24940617577197
23,Madhya Pradesh,Hirdepur (CT),8100,6040,1,Hirdepur (CT),Hirdepur (CT),False,74.5679012345679
23,Madhya Pradesh,Hoshangabad,117988,91108,1,Hoshangabad (M),Hoshangabad,False,77.21802217174628
23,Madhya Pradesh,Hukmakhedi (CT),10165,6573,1,Hukmakhedi (CT),Hukmakhedi (CT),False,64.66305951795376
23,Madhya Pradesh,Ichhawar (NP),15221,10148,1,Ichhawar (NP),Ichhawar (NP),False,66.67104658038237
23,Madhya Pradesh,Iklehra (CT),7975,5625,1,Iklehra (CT),Iklehra (CT),False,70.53291536050156
23,Madhya Pradesh,Indergarh (NP),23045,15717,1,Indergarh (NP),Indergarh (NP),False,68.2013451941853
23,Madhya Pradesh,Indore,3958483,2990163,3,Indore (M Corp. + OG) (Part) | Indore (M Corp.) (Part),Indore,True,75.53810386453598
23,Madhya Pradesh,Isagarh (NP),12583,8352,1,Isagarh (NP),Isagarh (NP),False,66.37526821902567
23,Madhya Pradesh,Itarsi,99329,78779,1,Itarsi (M),Itarsi,False,79.31117800440958
23,Madhya Pradesh,Itarsi (M + OG),99330,78780,1,Itarsi (M + OG),Itarsi (M + OG),False,79.31138628813046
23,Madhya Pradesh,Jabalpur,2137202,1669127,3,Jabalpur (M Corp. + OG) (Part) | Jabalpur (M Corp.) (Part),Jabalpur,True,78.09870101188376
23,Madhya Pradesh,Jabalpur Cantt (CB),72261,60662,1,Jabalpur Cantt (CB),Jabalpur Cantt (CB),False,83.94846459362589
23,Madhya Pradesh,Jabera (CT),6806,4765,1,Jabera (CT),Jabera (CT),False,70.01175433441081
23,Madhya Pradesh,Jaisinghnagar (NP),8233,5249,1,Jaisinghnagar (NP),Jaisinghnagar (NP),False,63.755617636341555
23,Madhya Pradesh,Jaithari (NP),8396,5825,1,Jaithari (NP),Jaithari (NP),False,69.37827536922345
23,Madhya Pradesh,Jaitpur (CT),11835,9300,1,Jaitpur (CT),Jaitpur (CT),False,78.58048162230672
23,Madhya Pradesh,Jaitwara (NP),9685,6592,1,Jaitwara (NP),Jaitwara (NP),False,68.06401652039236
23,Madhya Pradesh,Jamai,22583,17389,1,Jamai (M),Jamai,False,77.0003985298676
23,Madhya Pradesh,Jaora,72847,49855,1,Jaora (M),Jaora,False,68.43795900997982
23,Madhya Pradesh,Jaora (M + OG),74907,51114,1,Jaora (M + OG),Jaora (M + OG),False,68.23661340061676
23,Madhya Pradesh,Jatara (NP),17499,10945,1,Jatara (NP),Jatara (NP),False,62.54643122464141
23,Madhya Pradesh,Jaura Khurd (CT),32087,19856,1,Jaura Khurd (CT),Jaura Khurd (CT),False,61.88175896780628
23,Madhya Pradesh,Jawad (NP),17129,12576,1,Jawad (NP),Jawad (NP),False,73.4193473057388
23,Madhya Pradesh,Jawar (NP),8206,5220,1,Jawar (NP),Jawar (NP),False,63.61199122593224
23,Madhya Pradesh,Jeron Khalsa (NP),9426,4992,1,Jeron Khalsa (NP),Jeron Khalsa (NP),False,52.95989815404201
23,Madhya Pradesh,Jhabua,35753,26634,1,Jhabua (M),Jhabua,False,74.49444801834811
23,Madhya Pradesh,Jhundpura (NP),9803,5709,1,Jhundpura (NP),Jhundpura (NP),False,58.23727430378456
23,Madhya Pradesh,Jiran (NP),11518,7984,1,Jiran (NP),Jiran (NP),False,69.31758985935058
23,Madhya Pradesh,Jirapur (NP),21724,14479,1,Jirapur (NP),Jirapur (NP),False,66.64978825262384
23,Madhya Pradesh,Jobat (NP),11976,9051,1,Jobat (NP),Jobat (NP),False,75.57615230460922
23,Madhya Pradesh,Joura (NP),42153,26066,1,Joura (NP),Joura (NP),False,61.8366427063317
23,Madhya Pradesh,Kailaras (NP),25920,17598,1,Kailaras (NP),Kailaras (NP),False,67.89351851851852
23,Madhya Pradesh,Kakarhati (NP),8452,4957,1,Kakarhati (NP),Kakarhati (NP),False,58.64884051112163
23,Madhya Pradesh,Kanad (NP),10458,6854,1,Kanad (NP),Kanad (NP),False,65.53834385159686
23,Madhya Pradesh,Kannod (NP),17744,11996,1,Kannod (NP),Kannod (NP),False,67.60595130748422
23,Madhya Pradesh,Kantaphod (NP),10405,6359,1,Kantaphod (NP),Kantaphod (NP),False,61.11484863046612
23,Madhya Pradesh,Kapuria (CT),1902,1354,1,Kapuria (CT),Kapuria (CT),False,71.1882229232387
23,Madhya Pradesh,Kareli,29929,22877,1,Kareli (M),Kareli,False,76.43756891309432
23,Madhya Pradesh,Karera (NP),28705,20278,1,Karera (NP),Karera (NP),False,70.64274516634732
23,Madhya Pradesh,Kari (NP),10409,5156,1,Kari (NP),Kari (NP),False,49.53405706600058
23,Madhya Pradesh,Karmeta (CT),14452,11339,1,Karmeta (CT),Karmeta (CT),False,78.45972875726544
23,Madhya Pradesh,Karnawad (NP),11266,5932,1,Karnawad (NP),Karnawad (NP),False,52.65400319545536
23,Madhya Pradesh,Karrapur (CT),10647,7543,1,Karrapur (CT),Karrapur (CT),False,70.84624776932469
23,Madhya Pradesh,Kasrawad (NP),22750,14609,1,Kasrawad (NP),Kasrawad (NP),False,64.21538461538462
23,Madhya Pradesh,Katangi (NP),35186,25147,2,Katangi (NP),Katangi (NP),True,71.4687659864719
23,Madhya Pradesh,Kelhauri (Chachai) (CT),8796,6315,1,Kelhauri (Chachai) (CT),Kelhauri (Chachai) (CT),False,71.79399727148704
23,Madhya Pradesh,Keolari (CT),9654,7102,1,Keolari (CT),Keolari (CT),False,73.56536150818313
23,Madhya Pradesh,Khacharod,34191,23764,1,Khacharod (M),Khacharod,False,69.50367055657921
23,Madhya Pradesh,Khairi (CT),6438,4787,1,Khairi (CT),Khairi (CT),False,74.35538987263125
23,Madhya Pradesh,Khajuraho (NP),24481,14739,1,Khajuraho (NP),Khajuraho (NP),False,60.20587394305789
23,Madhya Pradesh,Khand(Bansagar) (NP),10653,7013,1,Khand(Bansagar) (NP),Khand(Bansagar) (NP),False,65.83122125222943
23,Madhya Pradesh,Khandwa,200738,151545,1,Khandwa (M Corp.),Khandwa,False,75.49392740786499
23,Madhya Pradesh,Khaniyadhana (NP),15877,9656,1,Khaniyadhana (NP),Khaniyadhana (NP),False,60.81753479876551
23,Madhya Pradesh,Khargapur (NP),14813,8813,1,Khargapur (NP),Khargapur (NP),False,59.49503814217242
23,Madhya Pradesh,Khargone,106454,75915,1,Khargone (M),Khargone,False,71.31249178048733
23,Madhya Pradesh,Khargone (M + OG),116150,81658,1,Khargone (M + OG),Khargone (M + OG),False,70.30391734825656
23,Madhya Pradesh,Khategaon (NP),25413,18113,1,Khategaon (NP),Khategaon (NP),False,71.27454452445599
23,Madhya Pradesh,Khetia (NP),15744,11041,1,Khetia (NP),Khetia (NP),False,70.12830284552845
23,Madhya Pradesh,Khilchipur (NP),18928,12747,1,Khilchipur (NP),Khilchipur (NP),False,67.34467455621301
23,Madhya Pradesh,Khirkiya (NP),22737,16817,1,Khirkiya (NP),Khirkiya (NP),False,73.96314377446453
23,Madhya Pradesh,Khor (CT),5683,4025,1,Khor (CT),Khor (CT),False,70.82526834418441
23,Madhya Pradesh,Khujner (NP),10785,7003,1,Khujner (NP),Khujner (NP),False,64.93277700509967
23,Madhya Pradesh,Khurai,51108,36841,1,Khurai (M),Khurai,False,72.08460514987868
23,Madhya Pradesh,Kirnapur (CT),6137,4796,1,Kirnapur (CT),Kirnapur (CT),False,78.14893270327522
23,Madhya Pradesh,Kolar,87882,65043,1,Kolar (M),Kolar,False,74.01174301904827
23,Madhya Pradesh,Kolaras (NP),19781,11894,1,Kolaras (NP),Kolaras (NP),False,60.12840604620595
23,Madhya Pradesh,Kosmi (CT),8970,6524,1,Kosmi (CT),Kosmi (CT),False,72.73132664437011
23,Madhya Pradesh,Kotar (NP),7520,4827,1,Kotar (NP),Kotar (NP),False,64.18882978723404
23,Madhya Pradesh,Kothi (NP),8793,6224,1,Kothi (NP),Kothi (NP),False,70.78357784601388
23,Madhya Pradesh,Kothri (NP),10526,6513,1,Kothri (NP),Kothri (NP),False,61.875356260687816
23,Madhya Pradesh,Kotma,29704,21791,1,Kotma (M),Kotma,False,73.36049016967412
23,Madhya Pradesh,Kukdeshwar (NP),11956,8583,1,Kukdeshwar (NP),Kukdeshwar (NP),False,71.78822348611575
23,Madhya Pradesh,Kukshi (NP),28331,19101,1,Kukshi (NP),Kukshi (NP),False,67.42084642264658
23,Madhya Pradesh,Kumbhraj (NP),19707,12574,1,Kumbhraj (NP),Kumbhraj (NP),False,63.8047394326889
23,Madhya Pradesh,Kundam (CT),4856,3713,1,Kundam (CT),Kundam (CT),False,76.46210873146623
23,Madhya Pradesh,Kurwai (NP),15487,10417,1,Kurwai (NP),Kurwai (NP),False,67.26286562923742
23,Madhya Pradesh,Kymore (NP),19343,14284,1,Kymore (NP),Kymore (NP),False,73.84583570283823
23,Madhya Pradesh,Lahar (NP),35674,24558,1,Lahar (NP),Lahar (NP),False,68.84005157818018
23,Madhya Pradesh,Lakhnadon (NP),17302,13256,1,Lakhnadon (NP),Lakhnadon (NP),False,76.61542018263785
23,Madhya Pradesh,Lanji (NP),13558,9823,1,Lanji (NP),Lanji (NP),False,72.45168903968137
23,Madhya Pradesh,Lasudiya Mori (CT),10225,5676,1,Lasudiya Mori (CT),Lasudiya Mori (CT),False,55.51100244498778
23,Madhya Pradesh,Lateri (NP),18844,11495,1,Lateri (NP),Lateri (NP),False,61.00084907662917
23,Madhya Pradesh,Laundi (NP),22002,14680,1,Laundi (NP),Laundi (NP),False,66.72120716298518
23,Madhya Pradesh,Lidhora Khas (NP),12974,7594,1,Lidhora Khas (NP),Lidhora Khas (NP),False,58.53244951441344
23,Madhya Pradesh,Limbodi (CT),9488,6341,1,Limbodi (CT),Limbodi (CT),False,66.83178752107925
23,Madhya Pradesh,Lodhikheda (NP),9950,7679,1,Lodhikheda (NP),Lodhikheda (NP),False,77.17587939698493
23,Madhya Pradesh,Loharda (NP),9202,5284,1,Loharda (NP),Loharda (NP),False,57.42229950010868
23,Madhya Pradesh,Lonia Karbal (CT),14989,11729,1,Lonia Karbal (CT),Lonia Karbal (CT),False,78.25071719260791
23,Madhya Pradesh,Machalpur (NP),9476,5548,1,Machalpur (NP),Machalpur (NP),False,58.547910510764034
23,Madhya Pradesh,Madai (CT),6743,4981,1,Madai (CT),Madai (CT),False,73.8691976864897
23,Madhya Pradesh,Madhawgdha (CT),5249,3623,1,Madhawgdha (CT),Madhawgdha (CT),False,69.02267098494951
23,Madhya Pradesh,Maharajpur (CT),10728,8132,1,Maharajpur (CT),Maharajpur (CT),False,75.80164056674124
23,Madhya Pradesh,Maharajpur (NP),23328,14139,1,Maharajpur (NP),Maharajpur (NP),False,60.60956790123457
23,Madhya Pradesh,Maheshwar (NP),24411,17240,1,Maheshwar (NP),Maheshwar (NP),False,70.62389906189833
23,Madhya Pradesh,Mahidpur,31650,21492,1,Mahidpur (M),Mahidpur,False,67.90521327014218
23,Madhya Pradesh,Mahidpur (M + OG),34362,23450,1,Mahidpur (M + OG),Mahidpur (M + OG),False,68.24399045457191
23,Madhya Pradesh,Mahura (CT),4664,3430,1,Mahura (CT),Mahura (CT),False,73.54202401372213
23,Madhya Pradesh,Maihar,40192,28658,1,Maihar (M),Maihar,False,71.30274681528662
23,Madhya Pradesh,Majhauli (NP),11892,7093,1,Majhauli (NP),Majhauli (NP),False,59.645139589640095
23,Madhya Pradesh,Majhgawan (CT),8290,5096,1,Majhgawan (CT),Majhgawan (CT),False,61.47165259348613
23,Madhya Pradesh,Majholi (NP),13210,9222,1,Majholi (NP),Majholi (NP),False,69.8107494322483
23,Madhya Pradesh,Makdon (NP),11678,7085,1,Makdon (NP),Makdon (NP),False,60.66963521150882
23,Madhya Pradesh,Makronia Buzurg (CT),23861,18454,1,Makronia Buzurg (CT),Makronia Buzurg (CT),False,77.33959180252295
23,Madhya Pradesh,Maksi (NP),20088,13103,1,Maksi (NP),Maksi (NP),False,65.22799681401833
23,Madhya Pradesh,Malajkhand,34176,23059,1,Malajkhand (M),Malajkhand,False,67.47132490636703
23,Madhya Pradesh,Malanpur (CT),7492,4501,1,Malanpur (CT),Malanpur (CT),False,60.077415910304325
23,Madhya Pradesh,Malhargarh (NP),8332,6142,1,Malhargarh (NP),Malhargarh (NP),False,73.71579452712434
23,Madhya Pradesh,Maliya Guda (CT),8260,6569,1,Maliya Guda (CT),Maliya Guda (CT),False,79.5278450363196
23,Madhya Pradesh,Manasa (NP),26551,18965,1,Manasa (NP),Manasa (NP),False,71.42857142857143
23,Madhya Pradesh,Manawar,30393,19279,1,Manawar (M),Manawar,False,63.43236929556147
23,Madhya Pradesh,Mandav (NP),10657,4542,1,Mandav (NP),Mandav (NP),False,42.61987426104908
23,Madhya Pradesh,Mandideep,59654,42427,1,Mandideep (M),Mandideep,False,71.12180239380427
23,Madhya Pradesh,Mandla,49463,39962,1,Mandla (M),Mandla,False,80.79170288902816
23,Madhya Pradesh,Mandla (M + OG),55133,44656,1,Mandla (M + OG),Mandla (M + OG),False,80.99686213338654
23,Madhya Pradesh,Mandleshwar (NP),12343,8861,1,Mandleshwar (NP),Mandleshwar (NP),False,71.78967836020416
23,Madhya Pradesh,Mandsaur,141667,107478,1,Mandsaur (M),Mandsaur,False,75.86664501965878
23,Madhya Pradesh,Manegaon (CT),12599,10174,1,Manegaon (CT),Manegaon (CT),False,80.75244066989443
23,Madhya Pradesh,Mangawan (NP),13700,8944,1,Mangawan (NP),Mangawan (NP),False,65.28467153284672
23,Madhya Pradesh,Manglaya Sadak (CT),10393,6813,1,Manglaya Sadak (CT),Manglaya Sadak (CT),False,65.55373809294719
23,Madhya Pradesh,Manpur (NP),7621,5637,1,Manpur (NP),Manpur (NP),False,73.96667104054586
23,Madhya Pradesh,Mau (NP),20147,11815,1,Mau (NP),Mau (NP),False,58.64396684369881
23,Madhya Pradesh,Mauganj (NP),26420,15976,1,Mauganj (NP),Mauganj (NP),False,60.46934140802422
23,Madhya Pradesh,Meghnagar (CT),12929,8220,1,Meghnagar (CT),Meghnagar (CT),False,63.578002939129085
23,Madhya Pradesh,Meharagaon (CT),5625,4356,1,Meharagaon (CT),Meharagaon (CT),False,77.44
23,Madhya Pradesh,Mehgaon (NP),21335,14149,1,Mehgaon (NP),Mehgaon (NP),False,66.31825638621983
23,Madhya Pradesh,Mhow Cantt (CB),81702,62102,1,Mhow Cantt (CB),Mhow Cantt (CB),False,76.01037918288414
23,Madhya Pradesh,Mhowgaon (NP),30012,22737,1,Mhowgaon (NP),Mhowgaon (NP),False,75.75969612155137
23,Madhya Pradesh,Mihona (NP),16935,11609,1,Mihona (NP),Mihona (NP),False,68.55033953351048
23,Madhya Pradesh,Mohgaon (NP),9909,7352,1,Mohgaon (NP),Mohgaon (NP),False,74.19517610253305
23,Madhya Pradesh,Morar Cantt (CB),48464,35019,1,Morar Cantt (CB),Morar Cantt (CB),False,72.25775833608452
23,Madhya Pradesh,Morena,200482,137411,1,Morena (M),Morena,False,68.54031783402002
23,Madhya Pradesh,Multai,29976,23461,1,Multai (M),Multai,False,78.26594609020549
23,Madhya Pradesh,Mundi (NP),12889,8577,1,Mundi (NP),Mundi (NP),False,66.54511599037939
23,Madhya Pradesh,Mungaoli (NP + OG),26192,17861,1,Mungaoli (NP + OG),Mungaoli (NP + OG),False,68.19257788637752
23,Madhya Pradesh,Mungaoli (NP),20689,14508,1,Mungaoli (NP),Mungaoli (NP),False,70.124220600319
23,Madhya Pradesh,Murwara (Katni),221883,168418,1,Murwara (Katni) (M Corp.),Murwara (Katni),False,75.90396740624563
23,Madhya Pradesh,Nagda,100039,71472,1,Nagda (M),Nagda,False,71.4441367866532
23,Madhya Pradesh,Nagod (NP),22568,16929,1,Nagod (NP),Nagod (NP),False,75.01329315845446
23,Madhya Pradesh,Nagri (NP),7034,4637,1,Nagri (NP),Nagri (NP),False,65.92266135911288
23,Madhya Pradesh,Naigarhi (NP),10404,6150,1,Naigarhi (NP),Naigarhi (NP),False,59.1118800461361
23,Madhya Pradesh,Nainpur,22607,17526,1,Nainpur (M),Nainpur,False,77.52466050338391
23,Madhya Pradesh,Nainpur (M + OG),24914,19159,1,Nainpur (M + OG),Nainpur (M + OG),False,76.90053785020471
23,Madhya Pradesh,Nalkheda (NP),16690,11111,1,Nalkheda (NP),Nalkheda (NP),False,66.57279808268424
23,Madhya Pradesh,Namli (NP),9774,6770,1,Namli (NP),Namli (NP),False,69.26539799467977
23,Madhya Pradesh,Nanpur (CT),5632,3403,1,Nanpur (CT),Nanpur (CT),False,60.42258522727273
23,Madhya Pradesh,Narayangarh (NP),10191,7317,1,Narayangarh (NP),Narayangarh (NP),False,71.79864586399765
23,Madhya Pradesh,Narsimhapur,58665,47172,1,Narsimhapur (M),Narsimhapur,False,80.4091025313219
23,Madhya Pradesh,Narsimhapur (M + OG),59966,48310,1,Narsimhapur (M + OG),Narsimhapur (M + OG),False,80.56231864723344
23,Madhya Pradesh,Narsinghgarh,32329,22973,1,Narsinghgarh (M),Narsinghgarh,False,71.06003897429552
23,Madhya Pradesh,Narsinghgarh (CT),6735,4602,1,Narsinghgarh (CT),Narsinghgarh (CT),False,68.32962138084633
23,Madhya Pradesh,Narwar (NP),19385,12400,1,Narwar (NP),Narwar (NP),False,63.96698478204797
23,Madhya Pradesh,Nasrullaganj (NP),23788,17073,1,Nasrullaganj (NP),Nasrullaganj (NP),False,71.77148141920297
23,Madhya Pradesh,Naudhia (CT),6529,4842,1,Naudhia (CT),Naudhia (CT),False,74.16143360392097
23,Madhya Pradesh,Neemuch,128095,95463,1,Neemuch (M),Neemuch,False,74.52515710995745
23,Madhya Pradesh,Neemuch (M + OG),128561,95827,1,Neemuch (M + OG),Neemuch (M + OG),False,74.53815698384425
23,Madhya Pradesh,Nepanagar,29682,20472,1,Nepanagar (M),Nepanagar,False,68.971093592076
23,Madhya Pradesh,Neuton Chikhli Kalan (NP),9840,7198,1,Neuton Chikhli Kalan (NP),Neuton Chikhli Kalan (NP),False,73.15040650406503
23,Madhya Pradesh,Niwari (NP),23724,16053,1,Niwari (NP),Niwari (NP),False,67.6656550328781
23,Madhya Pradesh,Niwas (NP),8248,5675,1,Niwas (NP),Niwas (NP),False,68.80455868089234
23,Madhya Pradesh,Nowbasata (CT),4358,3116,1,Nowbasata (CT),Nowbasata (CT),False,71.50068838916934
23,Madhya Pradesh,Nowgong,40580,30989,1,Nowgong (M),Nowgong,False,76.36520453425332
23,Madhya Pradesh,Nowrozabad (Khodargama) (NP),21883,14655,1,Nowrozabad (Khodargama) (NP),Nowrozabad (Khodargama) (NP),False,66.9697939039437
23,Madhya Pradesh,Obedullaganj (NP),22845,15989,1,Obedullaganj (NP),Obedullaganj (NP),False,69.98905668636462
23,Madhya Pradesh,Omkareshwar (NP),10063,5980,1,Omkareshwar (NP),Omkareshwar (NP),False,59.425618602802345
23,Madhya Pradesh,Orchha (NP),11511,7004,1,Orchha (NP),Orchha (NP),False,60.846147163582664
23,Madhya Pradesh,Ordnance Factory Itarsi (CT),7878,6630,1,Ordnance Factory Itarsi (CT),Ordnance Factory Itarsi (CT),False,84.15841584158416
23,Madhya Pradesh,Ordnance Factory Khamaria (CT),9839,8033,1,Ordnance Factory Khamaria (CT),Ordnance Factory Khamaria (CT),False,81.64447606464071
23,Madhya Pradesh,Pachmarhi Cantt (CB),12062,9299,1,Pachmarhi Cantt (CB),Pachmarhi Cantt (CB),False,77.09335101973139
23,Madhya Pradesh,Pachore (NP),27396,17758,1,Pachore (NP),Pachore (NP),False,64.81968170535845
23,Madhya Pradesh,Pal Chaurai (CT),7061,5128,1,Pal Chaurai (CT),Pal Chaurai (CT),False,72.62427418212718
23,Madhya Pradesh,Palda (CT),18697,11718,1,Palda (CT),Palda (CT),False,62.67315612130289
23,Madhya Pradesh,Palera (NP),17493,10234,1,Palera (NP),Palera (NP),False,58.50340136054422
23,Madhya Pradesh,Pali (NP),22324,15169,1,Pali (NP),Pali (NP),False,67.94929224153378
23,Madhya Pradesh,Palsud (NP),10113,5443,1,Palsud (NP),Palsud (NP),False,53.821813507366755
23,Madhya Pradesh,Panagar,27932,20620,1,Panagar (M),Panagar,False,73.82213948159817
23,Madhya Pradesh,Panara (CT),4078,3026,1,Panara (CT),Panara (CT),False,74.20304070622853
23,Madhya Pradesh,Pandhana (NP),13694,9588,1,Pandhana (NP),Pandhana (NP),False,70.01606543011538
23,Madhya Pradesh,Pandhurna,45479,35242,1,Pandhurna (M),Pandhurna,False,77.49070999802107
23,Madhya Pradesh,Pankhedi (CT),11723,8506,1,Pankhedi (CT),Pankhedi (CT),False,72.5582188859507
23,Madhya Pradesh,Panna,50820,37944,1,Panna (M),Panna,False,74.66351829988194
23,Madhya Pradesh,Panna (M + OG),59091,43361,1,Panna (M + OG),Panna (M + OG),False,73.38004095378314
23,Madhya Pradesh,Pansemal (NP),12166,7857,1,Pansemal (NP),Pansemal (NP),False,64.58162091073484
23,Madhya Pradesh,Pasan,28447,20844,1,Pasan (M),Pasan,False,73.27310436952929
23,Madhya Pradesh,Patan (NP),14624,10471,1,Patan (NP),Patan (NP),False,71.60147702407002
23,Madhya Pradesh,Patharia (NP),21026,14862,1,Patharia (NP),Patharia (NP),False,70.68391515266812
23,Madhya Pradesh,Pawai (NP),14465,9659,1,Pawai (NP),Pawai (NP),False,66.7749740753543
23,Madhya Pradesh,Petlawad (NP),15174,11063,1,Petlawad (NP),Petlawad (NP),False,72.9076051140108
23,Madhya Pradesh,Phuphkalan (NP),12657,8455,1,Phuphkalan (NP),Phuphkalan (NP),False,66.80097969503042
23,Madhya Pradesh,Pichhore (NP),30552,20004,2,Pichhore (NP),Pichhore (NP),True,65.4752553024352
23,Madhya Pradesh,Pindrai (CT),4755,3540,1,Pindrai (CT),Pindrai (CT),False,74.44794952681389
23,Madhya Pradesh,Pipalrawan (NP),9652,5979,1,Pipalrawan (NP),Pipalrawan (NP),False,61.945710733526724
23,Madhya Pradesh,Pipariya,48826,37188,1,Pipariya (M),Pipariya,False,76.164338672019
23,Madhya Pradesh,Pipariya (CT),5084,3635,1,Pipariya (CT),Pipariya (CT),False,71.49881982690795
23,Madhya Pradesh,Piplanarayanwar (NP),8595,6487,1,Piplanarayanwar (NP),Piplanarayanwar (NP),False,75.47411285631182
23,Madhya Pradesh,Piploda (NP),8294,5127,1,Piploda (NP),Piploda (NP),False,61.81577043646009
23,Madhya Pradesh,Piplya Kumar (CT),10684,7895,1,Piplya Kumar (CT),Piplya Kumar (CT),False,73.89554473979783
23,Madhya Pradesh,Piplya Mandi (NP),15070,11156,1,Piplya Mandi (NP),Piplya Mandi (NP),False,74.0278699402787
23,Madhya Pradesh,Pipri (CT),6821,4619,1,Pipri (CT),Pipri (CT),False,67.71734349802082
23,Madhya Pradesh,Pithampur,126200,85183,1,Pithampur (M),Pithampur,False,67.49841521394612
23,Madhya Pradesh,Polaykalan (NP),12268,8409,1,Polaykalan (NP),Polaykalan (NP),False,68.54417998043691
23,Madhya Pradesh,Porsa,39669,27529,1,Porsa (M),Porsa,False,69.39675817388893
23,Madhya Pradesh,Prithvipur (NP),26883,15741,1,Prithvipur (NP),Prithvipur (NP),False,58.553732842316705
23,Madhya Pradesh,Raghogarh -Vijaypur,62163,37401,1,Raghogarh -Vijaypur (M),Raghogarh -Vijaypur,False,60.1660151537088
23,Madhya Pradesh,Rahatgarh (NP),31537,18100,1,Rahatgarh (NP),Rahatgarh (NP),False,57.392903573580234
23,Madhya Pradesh,Raisen,44162,31206,1,Raisen (M),Raisen,False,70.66256057243784
23,Madhya Pradesh,Rajakhedi (CT),24232,19044,1,Rajakhedi (CT),Rajakhedi (CT),False,78.59029382634533
23,Madhya Pradesh,Rajgarh (NP),50394,35096,2,Rajgarh (NP),Rajgarh (NP),True,69.64321149343175
23,Madhya Pradesh,Rajnagar (NP),14253,9028,1,Rajnagar (NP),Rajnagar (NP),False,63.341051006805586
23,Madhya Pradesh,Rajpur (NP),20947,13897,1,Rajpur (NP),Rajpur (NP),False,66.34362915930683
23,Madhya Pradesh,Ramgarh (CT),8423,4893,1,Ramgarh (CT),Ramgarh (CT),False,58.09094146978511
23,Madhya Pradesh,Rampur Baghelan (NP),13638,9023,1,Rampur Baghelan (NP),Rampur Baghelan (NP),False,66.16072737938114
23,Madhya Pradesh,Rampur Naikin (NP),11936,7253,1,Rampur Naikin (NP),Rampur Naikin (NP),False,60.76575067024129
23,Madhya Pradesh,Rampura (NP),18364,12625,1,Rampura (NP),Rampura (NP),False,68.748638640819
23,Madhya Pradesh,Ranapur (NP),12371,8084,1,Ranapur (NP),Ranapur (NP),False,65.34637458572467
23,Madhya Pradesh,Ranipur (Tavanagar) (CT),4561,3260,1,Ranipur (Tavanagar) (CT),Ranipur (Tavanagar) (CT),False,71.47555360666522
23,Madhya Pradesh,Ratangarh (NP),7994,5525,1,Ratangarh (NP),Ratangarh (NP),False,69.11433575181385
23,Madhya Pradesh,Ratlam,264914,204101,1,Ratlam (M Corp.),Ratlam,False,77.04424832209699
23,Madhya Pradesh,Ratlam Rly.Col. (Ratlam Kasba) (CT),9084,7089,1,Ratlam Rly.Col. (Ratlam Kasba) (CT),Ratlam Rly.Col. (Ratlam Kasba) (CT),False,78.03830911492734
23,Madhya Pradesh,Rau (NP),36055,25917,1,Rau (NP),Rau (NP),False,71.88184717792262
23,Madhya Pradesh,Rehli,30329,21788,1,Rehli (M),Rehli,False,71.83883411915988
23,Madhya Pradesh,Rehti (NP),11611,8126,1,Rehti (NP),Rehti (NP),False,69.98535871156662
23,Madhya Pradesh,Rewa,235654,181504,1,Rewa (M Corp.),Rewa,False,77.02139577516189
23,Madhya Pradesh,Rosera (CT),6770,5360,1,Rosera (CT),Rosera (CT),False,79.1728212703102
23,Madhya Pradesh,Runji-Gautampura (NP),14584,9730,1,Runji-Gautampura (NP),Runji-Gautampura (NP),False,66.71695008228195
23,Madhya Pradesh,Sabalgarh,40333,27342,1,Sabalgarh (M),Sabalgarh,False,67.79064289787519
23,Madhya Pradesh,Sabo (CT),4366,2971,1,Sabo (CT),Sabo (CT),False,68.04855703160788
23,Madhya Pradesh,Sagar,547852,431785,2,Sagar (M Corp. + OG) | Sagar (M Corp.),Sagar,True,78.8141687901112
23,Madhya Pradesh,Sagar Cantt (CB),40513,31233,1,Sagar Cantt (CB),Sagar Cantt (CB),False,77.09377236936292
23,Madhya Pradesh,Sailana (NP),11989,9124,1,Sailana (NP),Sailana (NP),False,76.10309450329468
23,Madhya Pradesh,Sanawad,38740,28844,1,Sanawad (M),Sanawad,False,74.45534331440372
23,Madhya Pradesh,Sanchi (NP),8401,6015,1,Sanchi (NP),Sanchi (NP),False,71.59861921199857
23,Madhya Pradesh,Sangvi (CT),5383,4365,1,Sangvi (CT),Sangvi (CT),False,81.0886122979751
23,Madhya Pradesh,Santer (CT),6540,5106,1,Santer (CT),Santer (CT),False,78.07339449541284
23,Madhya Pradesh,Sarangpur,37435,23810,1,Sarangpur (M),Sarangpur,False,63.60357953786563
23,Madhya Pradesh,Sardarpur (NP),7293,5256,1,Sardarpur (NP),Sardarpur (NP),False,72.06910736322502
23,Madhya Pradesh,Sarni,86141,66018,1,Sarni (M),Sarni,False,76.63946320567442
23,Madhya Pradesh,Satai (NP),10592,5617,1,Satai (NP),Satai (NP),False,53.03058912386707
23,Madhya Pradesh,Satlapur (CT),14755,10240,1,Satlapur (CT),Satlapur (CT),False,69.40020332090818
23,Madhya Pradesh,Satna,563199,421795,2,Satna (M Corp. + OG) | Satna (M Corp.),Satna,True,74.89271110211489
23,Madhya Pradesh,Satwas (NP),14108,8025,1,Satwas (NP),Satwas (NP),False,56.882619790189956
23,Madhya Pradesh,Sausar,27459,21489,1,Sausar (M),Sausar,False,78.25849448268328
23,Madhya Pradesh,Sawer (NP),16150,11334,1,Sawer (NP),Sawer (NP),False,70.17956656346749
23,Madhya Pradesh,Sehore,108909,80817,1,Sehore (M),Sehore,False,74.20598848580006
23,Madhya Pradesh,Sehore (M + OG),109118,80930,1,Sehore (M + OG),Sehore (M + OG),False,74.16741509191884
23,Madhya Pradesh,Semaria (NP),13446,9133,1,Semaria (NP),Semaria (NP),False,67.92354603599583
23,Madhya Pradesh,Sendhwa,56485,38557,1,Sendhwa (M),Sendhwa,False,68.26060015933434
23,Madhya Pradesh,Seondha (NP),23140,14797,1,Seondha (NP),Seondha (NP),False,63.94554883318928
23,Madhya Pradesh,Seoni,102343,82858,1,Seoni (M),Seoni,False,80.96108185220288
23,Madhya Pradesh,Seoni-Malwa,30100,23348,1,Seoni-Malwa (M),Seoni-Malwa,False,77.56810631229236
23,Madhya Pradesh,Sethiya (CT),3113,2223,1,Sethiya (CT),Sethiya (CT),False,71.41021522646965
23,Madhya Pradesh,Shahdol,86681,68429,1,Shahdol (M),Shahdol,False,78.94348242406065
23,Madhya Pradesh,Shahgarh (NP),16300,11711,1,Shahgarh (NP),Shahgarh (NP),False,71.84662576687117
23,Madhya Pradesh,Shahpur (NP),33387,21017,2,Shahpur (NP),Shahpur (NP),True,62.94965106179051
23,Madhya Pradesh,Shahpura (NP),24596,18419,2,Shahpura (NP),Shahpura (NP),True,74.88616035127663
23,Madhya Pradesh,Shajapur,69263,51875,1,Shajapur (M),Shajapur,False,74.89568745217504
23,Madhya Pradesh,Shamgarh (NP),24637,18091,1,Shamgarh (NP),Shamgarh (NP),False,73.43020659982953
23,Madhya Pradesh,Shamshabad (NP),11329,7382,1,Shamshabad (NP),Shamshabad (NP),False,65.16020831494394
23,Madhya Pradesh,Sheopur,68820,43175,1,Sheopur (M),Sheopur,False,62.73612321999419
23,Madhya Pradesh,Sheopur (M + OG),71951,45095,1,Sheopur (M + OG),Sheopur (M + OG),False,62.67459799029895
23,Madhya Pradesh,Shivpuri,179977,121902,1,Shivpuri (M),Shivpuri,False,67.7319879762414
23,Madhya Pradesh,Shujalpur,51225,36022,1,Shujalpur (M),Shujalpur,False,70.32113225963886
23,Madhya Pradesh,Sidhi,54331,39281,1,Sidhi (M),Sidhi,False,72.29942390163995
23,Madhya Pradesh,Sihora,44048,32171,1,Sihora (M),Sihora,False,73.03623320014529
23,Madhya Pradesh,Silwani (NP),18623,13114,1,Silwani (NP),Silwani (NP),False,70.41829995167265
23,Madhya Pradesh,Singoli (NP),9523,6815,1,Singoli (NP),Singoli (NP),False,71.56358290454689
23,Madhya Pradesh,Singrauli,220257,143148,1,Singrauli (M Corp.),Singrauli,False,64.99135101268064
23,Madhya Pradesh,Sinhasa (CT),5050,2378,1,Sinhasa (CT),Sinhasa (CT),False,47.089108910891085
23,Madhya Pradesh,Sirgora (CT),7430,5060,1,Sirgora (CT),Sirgora (CT),False,68.10228802153432
23,Madhya Pradesh,Sirmour (NP),11878,8092,1,Sirmour (NP),Sirmour (NP),False,68.12594712914633
23,Madhya Pradesh,Sironj,52460,32656,1,Sironj (M),Sironj,False,62.24933282500953
23,Madhya Pradesh,Sitamau (NP),14056,10358,1,Sitamau (NP),Sitamau (NP),False,73.69095048377918
23,Madhya Pradesh,Sohagpur (NP),25040,18562,1,Sohagpur (NP),Sohagpur (NP),False,74.129392971246
23,Madhya Pradesh,Sonkatch (NP),16545,12009,1,Sonkatch (NP),Sonkatch (NP),False,72.58386219401632
23,Madhya Pradesh,Soyatkalan (NP),14781,9484,1,Soyatkalan (NP),Soyatkalan (NP),False,64.16345308165889
23,Madhya Pradesh,Suhagi (CT),14787,11881,1,Suhagi (CT),Suhagi (CT),False,80.34760262392642
23,Madhya Pradesh,Sultanpur (NP),10268,6521,1,Sultanpur (NP),Sultanpur (NP),False,63.50798597584729
23,Madhya Pradesh,Susner (NP),16432,11421,1,Susner (NP),Susner (NP),False,69.50462512171373
23,Madhya Pradesh,Suthaliya (NP),10596,6282,1,Suthaliya (NP),Suthaliya (NP),False,59.28652321630804
23,Madhya Pradesh,Suwasara (NP),13304,9210,1,Suwasara (NP),Suwasara (NP),False,69.2273000601323
23,Madhya Pradesh,Swroop Nagar (CT),7258,4449,1,Swroop Nagar (CT),Swroop Nagar (CT),False,61.29787820336181
23,Madhya Pradesh,Tal (NP),14913,9521,1,Tal (NP),Tal (NP),False,63.84362636625763
23,Madhya Pradesh,Talen (NP),10582,6537,1,Talen (NP),Talen (NP),False,61.774711774711776
23,Madhya Pradesh,Tarana (NP),24908,17335,1,Tarana (NP),Tarana (NP),False,69.59611369841015
23,Madhya Pradesh,Tarichar Kalan (NP),7674,4555,1,Tarichar Kalan (NP),Tarichar Kalan (NP),False,59.35626791764399
23,Madhya Pradesh,Tekanpur (CT),12348,9735,1,Tekanpur (CT),Tekanpur (CT),False,78.83867832847424
23,Madhya Pradesh,Tendukheda (NP),27476,18973,2,Tendukheda (NP),Tendukheda (NP),True,69.05299170184888
23,Madhya Pradesh,Teonthar (NP),17039,10469,1,Teonthar (NP),Teonthar (NP),False,61.441399143142206
23,Madhya Pradesh,Thandla (NP),15756,11849,1,Thandla (NP),Thandla (NP),False,75.2030972328002
23,Madhya Pradesh,Tikamgarh,79106,59284,1,Tikamgarh (M),Tikamgarh,False,74.94248223902106
23,Madhya Pradesh,Timarni (NP),22359,17514,1,Timarni (NP),Timarni (NP),False,78.33087347376895
23,Madhya Pradesh,Tirodi (CT),8451,6008,1,Tirodi (CT),Tirodi (CT),False,71.09217844042125
23,Madhya Pradesh,Tonk Khurd (NP),7979,5332,1,Tonk Khurd (NP),Tonk Khurd (NP),False,66.82541671888707
23,Madhya Pradesh,Udaipura (NP),18236,12889,1,Udaipura (NP),Udaipura (NP),False,70.67887694669884
23,Madhya Pradesh,Ujjain,515215,385193,1,Ujjain (M Corp.),Ujjain,False,74.7635453160331
23,Madhya Pradesh,Ukwa (CT),6768,5156,1,Ukwa (CT),Ukwa (CT),False,76.18203309692672
23,Madhya Pradesh,Umaria,33114,24588,1,Umaria (M),Umaria,False,74.25258198949085
23,Madhya Pradesh,Unchahara (NP),18442,12852,1,Unchahara (NP),Unchahara (NP),False,69.6887539312439
23,Madhya Pradesh,Unhel (NP),14774,9363,1,Unhel (NP),Unhel (NP),False,63.37484770542846
23,Madhya Pradesh,Vehicle Factory Area Jabalpur (CT),8087,6782,1,Vehicle Factory Area Jabalpur (CT),Vehicle Factory Area Jabalpur (CT),False,83.86298998392482
23,Madhya Pradesh,Vidisha,155951,115730,1,Vidisha (M),Vidisha,False,74.20920673801386
23,Madhya Pradesh,Vijaypur (NP),16964,10992,1,Vijaypur (NP),Vijaypur (NP),False,64.79603867012497
23,Madhya Pradesh,Vijayraghavgarh (NP),8371,5853,1,Vijayraghavgarh (NP),Vijayraghavgarh (NP),False,69.919961772787
23,Madhya Pradesh,Waraseoni,25103,19841,1,Waraseoni (M),Waraseoni,False,79.03836194877107
23,Madhya Pradesh,Waraseoni (M + OG),27494,21659,1,Waraseoni (M + OG),Waraseoni (M + OG),False,78.77718775005455
24,Gujarat,Adalaj (CT),11957,8732,1,Adalaj (CT),Adalaj (CT),False,73.028351593209
24,Gujarat,Ahmadabad Cantonment (CB),7588,6018,1,Ahmadabad Cantonment (CB),Ahmadabad Cantonment (CB),False,79.30943595150237
24,Gujarat,Ahmedabad,5633927,4417904,2,Ahmadabad (M Corp. + OG) (Part) | Ahmadabad (M Corp.),Ahmedabad,True,78.41606751383182
24,Gujarat,Ahwa (CT),15004,12006,1,Ahwa (CT),Ahwa (CT),False,80.01866169021594
24,Gujarat,Alang (CT),8309,5079,1,Alang (CT),Alang (CT),False,61.12648934889878
24,Gujarat,Alang-Sosiya (INA),18480,13599,1,Alang-Sosiya (INA),Alang-Sosiya (INA),False,73.58766233766234
24,Gujarat,Alikherva (CT),8951,6771,1,Alikherva (CT),Alikherva (CT),False,75.64517930957435
24,Gujarat,Amardad (CT),5872,3876,1,Amardad (CT),Amardad (CT),False,66.00817438692098
24,Gujarat,Ambaji (CT),17753,11951,1,Ambaji (CT),Ambaji (CT),False,67.31819974088886
24,Gujarat,Ambaliyasan (CT),7072,5078,1,Ambaliyasan (CT),Ambaliyasan (CT),False,71.80429864253394
24,Gujarat,Amboli (CT),6137,4201,1,Amboli (CT),Amboli (CT),False,68.45364184454945
24,Gujarat,Amod,15237,11228,1,Amod (M),Amod,False,73.68904640021002
24,Gujarat,Amreli,105573,84243,1,Amreli (M),Amreli,False,79.79597056065472
24,Gujarat,Amreli (M + OG),117967,93477,1,Amreli (M + OG),Amreli (M + OG),False,79.23995693710954
24,Gujarat,Anand,198282,158375,1,Anand (M),Anand,False,79.87361434724282
24,Gujarat,Anand (M + OG),209410,167586,1,Anand (M + OG),Anand (M + OG),False,80.02769686261401
24,Gujarat,Anandpar (CT),13483,8780,1,Anandpar (CT),Anandpar (CT),False,65.1190387895869
24,Gujarat,Andada (CT),16730,13253,1,Andada (CT),Andada (CT),False,79.21697549312611
24,Gujarat,Anjar,87183,60737,1,Anjar (M),Anjar,False,69.66610463048988
24,Gujarat,Anklav,21003,14907,1,Anklav (M),Anklav,False,70.97557491786888
24,Gujarat,Anklesvar,73928,59616,1,Anklesvar (M),Anklesvar,False,80.64062330916568
24,Gujarat,Anklesvar (INA),24789,20969,1,Anklesvar (INA),Anklesvar (INA),False,84.58993908588486
24,Gujarat,Anklesvar (M + OG),89457,70872,1,Anklesvar (M + OG),Anklesvar (M + OG),False,79.22465542104028
24,Gujarat,Antaliya (CT),6936,5887,1,Antaliya (CT),Antaliya (CT),False,84.8760092272203
24,Gujarat,Antarjal (CT),11256,6933,1,Antarjal (CT),Antarjal (CT),False,61.59381663113006
24,Gujarat,Arsodiya (CT),5859,4563,1,Arsodiya (CT),Arsodiya (CT),False,77.88018433179722
24,Gujarat,Atul (CT),3486,2903,1,Atul (CT),Atul (CT),False,83.27596098680436
24,Gujarat,Baben (CT),15610,10211,1,Baben (CT),Baben (CT),False,65.41319666880206
24,Gujarat,Babra,25270,16963,1,Babra (M),Babra,False,67.12702809655718
24,Gujarat,Bagasara,34521,25994,1,Bagasara (M),Bagasara,False,75.29909330552418
24,Gujarat,Bajwa (CT),9611,6842,1,Bajwa (CT),Bajwa (CT),False,71.18926230361045
24,Gujarat,Balasinor,39330,30314,1,Balasinor (M),Balasinor,False,77.07602339181287
24,Gujarat,Balitha (CT),12380,9117,1,Balitha (CT),Balitha (CT),False,73.64297253634895
24,Gujarat,Baliyasan (CT),3915,2471,1,Baliyasan (CT),Baliyasan (CT),False,63.11621966794381
24,Gujarat,Bansda (CT),14072,10720,1,Bansda (CT),Bansda (CT),False,76.17964752700398
24,Gujarat,Bantwa,15291,11330,1,Bantwa (M),Bantwa,False,74.09587338957557
24,Gujarat,Bardoli,60821,47125,1,Bardoli (M),Bardoli,False,77.4814619950346
24,Gujarat,Bareja,19690,13957,1,Bareja (M),Bareja,False,70.88369730827831
24,Gujarat,Barwala,17951,11854,1,Barwala (M),Barwala,False,66.03531836666481
24,Gujarat,Bavla,36206,27281,1,Bavla (M),Bavla,False,75.34938960393305
24,Gujarat,Bavla (M + OG),42458,31718,1,Bavla (M + OG),Bavla (M + OG),False,74.70441377361156
24,Gujarat,Bayad,17886,13197,1,Bayad (M),Bayad,False,73.7839651123784
24,Gujarat,Bechar Alias Becharaji (CT),12574,9201,1,Bechar Alias Becharaji (CT),Bechar Alias Becharaji (CT),False,73.17480515349133
24,Gujarat,Bhabhar,21894,13503,1,Bhabhar (M),Bhabhar,False,61.674431351055084
24,Gujarat,Bhachau,39532,23954,1,Bhachau (M),Bhachau,False,60.593949205706764
24,Gujarat,Bhadkodara (CT),13233,10552,1,Bhadkodara (CT),Bhadkodara (CT),False,79.7400438298194
24,Gujarat,Bhagal (Jagana) (CT),6250,4770,1,Bhagal (Jagana) (CT),Bhagal (Jagana) (CT),False,76.32
24,Gujarat,Bhagdawada (CT),12291,10550,1,Bhagdawada (CT),Bhagdawada (CT),False,85.8351639410951
24,Gujarat,Bhalpara (CT),14676,10403,1,Bhalpara (CT),Bhalpara (CT),False,70.88443717634233
24,Gujarat,Bhanvad,22142,15825,1,Bhanvad (M),Bhanvad,False,71.47050853581429
24,Gujarat,Bharthana Kosad (CT),5679,3135,1,Bharthana Kosad (CT),Bharthana Kosad (CT),False,55.203380876914956
24,Gujarat,Bharuch,169007,132572,1,Bharuch (M),Bharuch,False,78.44172134881987
24,Gujarat,Bharuch (INA),3332,2982,1,Bharuch (INA),Bharuch (INA),False,89.49579831932773
24,Gujarat,Bhat (CT),6823,5052,1,Bhat (CT),Bhat (CT),False,74.04367580243296
24,Gujarat,Bhavnagar,1199250,904157,2,Bhavnagar (M Corp. + OG) | Bhavnagar (M Corp.),Bhavnagar,True,75.39353762768397
24,Gujarat,Bhayavadar,19404,13809,1,Bhayavadar (M),Bhayavadar,False,71.16573902288188
24,Gujarat,Bhilad (CT),9022,6394,1,Bhilad (CT),Bhilad (CT),False,70.87120372422966
24,Gujarat,Bhiloda (CT),16074,11743,1,Bhiloda (CT),Bhiloda (CT),False,73.05586661689685
24,Gujarat,Bholav (CT),24605,21150,1,Bholav (CT),Bholav (CT),False,85.95813858971754
24,Gujarat,Bhuj,143286,109706,1,Bhuj (M),Bhuj,False,76.5643538098628
24,Gujarat,Bhuj (M + OG),148834,113712,1,Bhuj (M + OG),Bhuj (M + OG),False,76.40189741591303
24,Gujarat,Bhurivel (CT),5730,4695,1,Bhurivel (CT),Bhurivel (CT),False,81.93717277486911
24,Gujarat,Bilimora,53187,43218,1,Bilimora (M),Bilimora,False,81.25669806531671
24,Gujarat,Bilimora (Talodh) (CT),7204,5907,1,Bilimora (Talodh) (CT),Bilimora (Talodh) (CT),False,81.99611327040533
24,Gujarat,Bodeli (CT),12184,9434,1,Bodeli (CT),Bodeli (CT),False,77.42941562705187
24,Gujarat,Bopal (CT),37635,31830,1,Bopal (CT),Bopal (CT),False,84.57552809884416
24,Gujarat,Boriavi,19865,15011,1,Boriavi (M),Boriavi,False,75.56506418323686
24,Gujarat,Borsad,63377,49079,1,Borsad (M),Borsad,False,77.43976521450999
24,Gujarat,Botad,130327,92752,1,Botad (M),Botad,False,71.16867571569973
24,Gujarat,Chaklasi,39581,29428,1,Chaklasi (M),Chaklasi,False,74.34880371895606
24,Gujarat,Chalala,16721,12003,1,Chalala (M),Chalala,False,71.78398421147061
24,Gujarat,Chalthan (CT),21795,16752,1,Chalthan (CT),Chalthan (CT),False,76.86166551961459
24,Gujarat,Chanasma,15932,12142,1,Chanasma (M),Chanasma,False,76.21139844338438
24,Gujarat,Chandrapur (CT),8906,6505,1,Chandrapur (CT),Chandrapur (CT),False,73.04064675499663
24,Gujarat,Chanod (CT),18776,14665,1,Chanod (CT),Chanod (CT),False,78.1050276949297
24,Gujarat,Chhapi (CT),8379,5869,1,Chhapi (CT),Chhapi (CT),False,70.04415801408283
24,Gujarat,Chhapra (CT),10147,8477,1,Chhapra (CT),Chhapra (CT),False,83.54193357642653
24,Gujarat,Chhatral (CT),10215,7557,1,Chhatral (CT),Chhatral (CT),False,73.97944199706315
24,Gujarat,Chhatral INA (INA),2660,1901,1,Chhatral INA (INA),Chhatral INA (INA),False,71.46616541353383
24,Gujarat,Chhaya,47699,35782,1,Chhaya (M),Chhaya,False,75.01624772007798
24,Gujarat,Chhiri (CT),18829,13988,1,Chhiri (CT),Chhiri (CT),False,74.28965956768813
24,Gujarat,Chhota Udaipur,25787,18541,1,Chhota Udaipur (M),Chhota Udaipur,False,71.90057005467871
24,Gujarat,Chikhli (CT),7025,5943,1,Chikhli (CT),Chikhli (CT),False,84.59786476868328
24,Gujarat,Chiloda (Naroda) (CT),9735,7189,1,Chiloda (Naroda) (CT),Chiloda (Naroda) (CT),False,73.84694401643554
24,Gujarat,Chorvad,22720,12888,1,Chorvad (M),Chorvad,False,56.725352112676056
24,Gujarat,Chotila,21364,14260,1,Chotila (M),Chotila,False,66.74780003744617
24,Gujarat,Dabhoi,51240,37884,1,Dabhoi (M),Dabhoi,False,73.9344262295082
24,Gujarat,Daheli (CT),10475,6901,1,Daheli (CT),Daheli (CT),False,65.88066825775655
24,Gujarat,Dakor,24396,19219,1,Dakor (M),Dakor,False,78.77930808329235
24,Gujarat,Dakor (M + OG),25658,20055,1,Dakor (M + OG),Dakor (M + OG),False,78.16275625535896
24,Gujarat,Damnagar,16614,11703,1,Damnagar (M),Damnagar,False,70.44059227157818
24,Gujarat,Dediapada (CT),9026,6738,1,Dediapada (CT),Dediapada (CT),False,74.65100819853757
24,Gujarat,Deesa,111160,77143,1,Deesa (M),Deesa,False,69.3981648074847
24,Gujarat,Dehari (CT),7892,6122,1,Dehari (CT),Dehari (CT),False,77.57222503801317
24,Gujarat,Dehgam,42632,30437,1,Dehgam (M),Dehgam,False,71.3947269656596
24,Gujarat,Deodar (CT),14912,9624,1,Deodar (CT),Deodar (CT),False,64.53862660944206
24,Gujarat,Devgadbaria,21030,14088,1,Devgadbaria (M),Devgadbaria,False,66.99001426533525
24,Gujarat,Devsar (CT),10346,9050,1,Devsar (CT),Devsar (CT),False,87.47341967910303
24,Gujarat,Dhandhuka,32475,23383,1,Dhandhuka (M),Dhandhuka,False,72.0030792917629
24,Gujarat,Dhanera,29578,19009,1,Dhanera (M),Dhanera,False,64.26736087632699
24,Gujarat,Dharampur,24178,18281,1,Dharampur (M),Dharampur,False,75.61005873107783
24,Gujarat,Dhasa Vishi (CT),14448,10349,1,Dhasa Vishi (CT),Dhasa Vishi (CT),False,71.62929125138427
24,Gujarat,Dhola (CT),7560,5395,1,Dhola (CT),Dhola (CT),False,71.36243386243386
24,Gujarat,Dholka,79531,57931,1,Dholka (M),Dholka,False,72.84077906728193
24,Gujarat,Dholka (M + OG),80945,58450,1,Dholka (M + OG),Dholka (M + OG),False,72.20952498610167
24,Gujarat,Dhoraji,84545,62132,1,Dhoraji (M),Dhoraji,False,73.489857472352
24,Gujarat,Dhrangadhra,75133,54425,1,Dhrangadhra (M),Dhrangadhra,False,72.4382095750203
24,Gujarat,Dhrol,25883,18292,1,Dhrol (M),Dhrol,False,70.6718695668972
24,Gujarat,Digvijaygram (CT),6161,4392,1,Digvijaygram (CT),Digvijaygram (CT),False,71.28712871287128
24,Gujarat,Dohad,94578,73098,1,Dohad (M),Dohad,False,77.28858719786842
24,Gujarat,Dohad (M + OG),118846,84551,1,Dohad (M + OG),Dohad (M + OG),False,71.14332834087811
24,Gujarat,Dungarpur (CT),5039,2723,1,Dungarpur (CT),Dungarpur (CT),False,54.038499702321886
24,Gujarat,Dwarka,38873,25982,1,Dwarka (M),Dwarka,False,66.83816530753994
24,Gujarat,Freelandgunj (CT),11657,9415,1,Freelandgunj (CT),Freelandgunj (CT),False,80.76692116324955
24,Gujarat,GSFC (Motikhavdi Sikka) (INA),467,432,1,GSFC (Motikhavdi Sikka) (INA),GSFC (Motikhavdi Sikka) (INA),False,92.50535331905782
24,Gujarat,GSFC Complex (INA),2242,1935,1,GSFC Complex (INA),GSFC Complex (INA),False,86.30686886708297
24,Gujarat,Gadhada,29872,20205,1,Gadhada (M),Gadhada,False,67.63859132297803
24,Gujarat,Gadkhol (CT),25332,19492,1,Gadkhol (CT),Gadkhol (CT),False,76.94615506079268
24,Gujarat,Galpadar (CT),13155,9239,1,Galpadar (CT),Galpadar (CT),False,70.2318510072216
24,Gujarat,Gamdi (CT),14582,11357,1,Gamdi (CT),Gamdi (CT),False,77.88369222328899
24,Gujarat,Gandevi,16827,13397,1,Gandevi (M),Gandevi,False,79.61609318357402
24,Gujarat,Gandhidham,247992,176060,1,Gandhidham (M),Gandhidham,False,70.9942256201813
24,Gujarat,Gandhinagar (NA + OG),292797,234258,1,Gandhinagar (NA + OG),Gandhinagar (NA + OG),False,80.00696728450086
24,Gujarat,Gandhinagar (NA),206167,169359,1,Gandhinagar (NA),Gandhinagar (NA),False,82.14651229343202
24,Gujarat,Gariadhar,33949,23292,1,Gariadhar (M),Gariadhar,False,68.60879554626057
24,Gujarat,Ghanteshvar (CT),5874,4022,1,Ghanteshvar (CT),Ghanteshvar (CT),False,68.47122914538645
24,Gujarat,Ghogha (CT),12208,8561,1,Ghogha (CT),Ghogha (CT),False,70.12614678899082
24,Gujarat,Godhra,143644,109819,1,Godhra (M),Godhra,False,76.45220127537523
24,Gujarat,Gondal,112197,84394,1,Gondal (M),Gondal,False,75.21948002174746
24,Gujarat,Hadgood (CT),14262,10970,1,Hadgood (CT),Hadgood (CT),False,76.91768335436825
24,Gujarat,Hajira (INA),5562,4417,1,Hajira (INA),Hajira (INA),False,79.4138798993168
24,Gujarat,Halol,59605,45116,1,Halol (M),Halol,False,75.69163660766715
24,Gujarat,Halol (M + OG),64265,48267,1,Halol (M + OG),Halol (M + OG),False,75.10620088695246
24,Gujarat,Halvad,32024,22482,1,Halvad (M),Halvad,False,70.20359730202348
24,Gujarat,Harij,20253,12908,1,Harij (M),Harij,False,63.73376783686368
24,Gujarat,Himatnagar,81137,62511,1,Himatnagar (M),Himatnagar,False,77.04376548307185
24,Gujarat,Ichchhapor (CT),12097,9574,1,Ichchhapor (CT),Ichchhapor (CT),False,79.14358931966603
24,Gujarat,Idar,31176,22439,1,Idar (M),Idar,False,71.97523736207339
24,Gujarat,Idar (M + OG),42306,31054,1,Idar (M + OG),Idar (M + OG),False,73.40329976835437
24,Gujarat,Jafrabad,27167,15964,1,Jafrabad (M),Jafrabad,False,58.762469172157395
24,Gujarat,Jafrabad (CT),9685,7042,1,Jafrabad (CT),Jafrabad (CT),False,72.7103768714507
24,Gujarat,Jambusar,43344,31452,1,Jambusar (M),Jambusar,False,72.56367663344408
24,Gujarat,Jamjodhpur,25892,19594,1,Jamjodhpur (M),Jamjodhpur,False,75.67588444307121
24,Gujarat,Jamnagar,1080863,794378,2,Jamnagar (M Corp. + OG) | Jamnagar (M Corp.),Jamnagar,True,73.49479073666136
24,Gujarat,Jarod (CT),7200,5785,1,Jarod (CT),Jarod (CT),False,80.34722222222223
24,Gujarat,Jasdan,48483,35660,1,Jasdan (M),Jasdan,False,73.55155415300209
24,Gujarat,Jawaharnagar (Gujarat Refinery) (CT),3417,2926,1,Jawaharnagar (Gujarat Refinery) (CT),Jawaharnagar (Gujarat Refinery) (CT),False,85.63067017851917
24,Gujarat,Jetalsar (CT),9815,7375,1,Jetalsar (CT),Jetalsar (CT),False,75.14009169638308
24,Gujarat,Jetpur (CT),7864,5730,1,Jetpur (CT),Jetpur (CT),False,72.86368260427264
24,Gujarat,Jetpur Navagadh,118302,86918,1,Jetpur Navagadh (M),Jetpur Navagadh,False,73.47128535443188
24,Gujarat,Jhadeshwar (CT),28148,23029,1,Jhadeshwar (CT),Jhadeshwar (CT),False,81.8139832314907
24,Gujarat,Jhalod,28720,18691,1,Jhalod (M),Jhalod,False,65.08008356545962
24,Gujarat,Junagadh,319462,255759,1,Junagadh (M Corp.),Junagadh,False,80.05928717656559
24,Gujarat,Kabilpor (CT),15699,12742,1,Kabilpor (CT),Kabilpor (CT),False,81.1644053761386
24,Gujarat,Kadi,73228,58017,1,Kadi (M),Kadi,False,79.22789097066696
24,Gujarat,Kadi (M + OG),81404,64899,1,Kadi (M + OG),Kadi (M + OG),False,79.7245835585475
24,Gujarat,Kadodara (CT),27336,19800,1,Kadodara (CT),Kadodara (CT),False,72.43195785776997
24,Gujarat,Kakoshi (CT),9734,6965,1,Kakoshi (CT),Kakoshi (CT),False,71.5533182658722
24,Gujarat,Kalavad,28314,20067,1,Kalavad (M),Kalavad,False,70.87306632761178
24,Gujarat,Kaliawadi (CT),4591,3698,1,Kaliawadi (CT),Kaliawadi (CT),False,80.54890002178175
24,Gujarat,Kalol,141930,109912,2,Kalol (M),Kalol,True,77.44099203832874
24,Gujarat,Kalol (INA),448,342,1,Kalol (INA),Kalol (INA),False,76.33928571428571
24,Gujarat,Kalol (M + OG),166510,129341,2,Kalol (M + OG),Kalol (M + OG),True,77.67761695994234
24,Gujarat,Kalol INA (INA),535,396,1,Kalol INA (INA),Kalol INA (INA),False,74.01869158878505
24,Gujarat,Kandla (CT),15782,6877,1,Kandla (CT),Kandla (CT),False,43.57495881383855
24,Gujarat,Kanjari,17881,13448,1,Kanjari (M),Kanjari,False,75.20832168223254
24,Gujarat,Kanodar (CT),12389,9674,1,Kanodar (CT),Kanodar (CT),False,78.08539833723465
24,Gujarat,Kansad,28327,21941,1,Kansad (M),Kansad,False,77.45613725420976
24,Gujarat,Kapadvanj,49308,38367,1,Kapadvanj (M),Kapadvanj,False,77.81090289608177
24,Gujarat,Karachiya (CT),7103,5021,1,Karachiya (CT),Karachiya (CT),False,70.68844150359003
24,Gujarat,Karamsad,35285,28722,1,Karamsad (M),Karamsad,False,81.40002834065467
24,Gujarat,Karjan,30405,23177,1,Karjan (M),Karjan,False,76.22759414569971
24,Gujarat,Karvad (CT),5746,4431,1,Karvad (CT),Karvad (CT),False,77.11451444483119
24,Gujarat,Kathlal,22071,16555,1,Kathlal (M),Kathlal,False,75.00792895654932
24,Gujarat,Katpar (CT),8677,4500,1,Katpar (CT),Katpar (CT),False,51.86124236487265
24,Gujarat,Kavant (CT),9553,6943,1,Kavant (CT),Kavant (CT),False,72.67873966293311
24,Gujarat,Keshod,76193,58085,1,Keshod (M),Keshod,False,76.23403724751617
24,Gujarat,Kevadiya (CT),6788,5517,1,Kevadiya (CT),Kevadiya (CT),False,81.27578078962875
24,Gujarat,Khambhalia,41734,30333,1,Khambhalia (M),Khambhalia,False,72.68174629798246
24,Gujarat,Khambhat,83715,66236,1,Khambhat (M),Khambhat,False,79.12082661410739
24,Gujarat,Khambhat (M + OG),99164,78055,1,Khambhat (M + OG),Khambhat (M + OG),False,78.71304102295188
24,Gujarat,Khapat (CT),16744,11432,1,Khapat (CT),Khapat (CT),False,68.27520305781175
24,Gujarat,Kharach (CT),5436,4054,1,Kharach (CT),Kharach (CT),False,74.57689477557027
24,Gujarat,Kharaghoda (CT),11944,6296,1,Kharaghoda (CT),Kharaghoda (CT),False,52.71265907568654
24,Gujarat,Kheda,25575,19751,1,Kheda (M),Kheda,False,77.227761485826
24,Gujarat,Khedbrahma,25001,17850,1,Khedbrahma (M),Khedbrahma,False,71.39714411423543
24,Gujarat,Kheralu,21843,15991,1,Kheralu (M),Kheralu,False,73.20880831387629
24,Gujarat,Kim (CT),18638,14575,1,Kim (CT),Kim (CT),False,78.20045069213435
24,Gujarat,Kodinar,41492,29286,1,Kodinar (M),Kodinar,False,70.58228092162344
24,Gujarat,Kosamba (CT),16151,11727,1,Kosamba (CT),Kosamba (CT),False,72.60850721317566
24,Gujarat,Kotharia (CT),53794,37748,1,Kotharia (CT),Kotharia (CT),False,70.17139457932112
24,Gujarat,Kutiyana,16581,11486,1,Kutiyana (M),Kutiyana,False,69.27205838007357
24,Gujarat,Lathi,21173,14889,1,Lathi (M),Lathi,False,70.32069144665375
24,Gujarat,Lavachha (CT),8549,6578,1,Lavachha (CT),Lavachha (CT),False,76.94467189144929
24,Gujarat,Lilia (CT),10359,7503,1,Lilia (CT),Lilia (CT),False,72.42977121343759
24,Gujarat,Limbdi,42769,32474,1,Limbdi (M),Limbdi,False,75.92882695410226
24,Gujarat,Limkheda (CT),3924,2726,1,Limkheda (CT),Limkheda (CT),False,69.46992864424058
24,Gujarat,Limla (CT),3683,3425,1,Limla (CT),Limla (CT),False,92.99484116209612
24,Gujarat,Lodhika (INA),671,409,1,Lodhika (INA),Lodhika (INA),False,60.95380029806259
24,Gujarat,Lunawada,36954,28737,1,Lunawada (M),Lunawada,False,77.76424744276669
24,Gujarat,Madhapar (CT),32293,24352,1,Madhapar (CT),Madhapar (CT),False,75.40953147740996
24,Gujarat,Magdalla (INA),18,15,1,Magdalla (INA),Magdalla (INA),False,83.33333333333334
24,Gujarat,Mahendranagar (CT),12565,7953,1,Mahendranagar (CT),Mahendranagar (CT),False,63.29486669319538
24,Gujarat,Mahesana,184991,148851,1,Mahesana (M),Mahesana,False,80.46391446070349
24,Gujarat,Mahesana (M + OG),190753,153407,1,Mahesana (M + OG),Mahesana (M + OG),False,80.42180201621993
24,Gujarat,Mahudha,17722,12758,1,Mahudha (M),Mahudha,False,71.9896174246699
24,Gujarat,Mahuva,82772,57980,1,Mahuva (M),Mahuva,False,70.04784226550042
24,Gujarat,Mahuva (M + OG),98519,68109,1,Mahuva (M + OG),Mahuva (M + OG),False,69.13285762137252
24,Gujarat,Mahuvar (CT),10749,8694,1,Mahuvar (CT),Mahuvar (CT),False,80.88194250627966
24,Gujarat,Maktampur (CT),10704,8542,1,Maktampur (CT),Maktampur (CT),False,79.80194319880418
24,Gujarat,Malanka (CT),4765,3033,1,Malanka (CT),Malanka (CT),False,63.65162644281217
24,Gujarat,Maliya,15964,9143,1,Maliya (M),Maliya,False,57.27261338010524
24,Gujarat,Malpur (CT),6378,4747,1,Malpur (CT),Malpur (CT),False,74.4277202884917
24,Gujarat,Manavadar,30850,22377,1,Manavadar (M),Manavadar,False,72.53484602917342
24,Gujarat,Mandvi,69590,50331,2,Mandvi (M),Mandvi,True,72.32504670211237
24,Gujarat,Mangrol,63794,42984,1,Mangrol (M),Mangrol,False,67.37937737091264
24,Gujarat,Mangrol (M + OG),69779,46551,1,Mangrol (M + OG),Mangrol (M + OG),False,66.71204803737514
24,Gujarat,Mankuva (CT),11975,8277,1,Mankuva (CT),Mankuva (CT),False,69.11899791231733
24,Gujarat,Mansa,30347,23097,1,Mansa (M),Mansa,False,76.10966487626453
24,Gujarat,Meghraj (CT),11363,8622,1,Meghraj (CT),Meghraj (CT),False,75.87784915955294
24,Gujarat,Mehmedabad,35368,27001,1,Mehmedabad (M),Mehmedabad,False,76.34302194073739
24,Gujarat,Mirjhapar (CT),7109,4892,1,Mirjhapar (CT),Mirjhapar (CT),False,68.8141792094528
24,Gujarat,Mithapur (CT),10508,8360,1,Mithapur (CT),Mithapur (CT),False,79.55843167110773
24,Gujarat,Modasa,67648,51680,1,Modasa (M),Modasa,False,76.39545884578997
24,Gujarat,Mora (CT),13924,12481,1,Mora (CT),Mora (CT),False,89.63659867854065
24,Gujarat,Morvi,194947,143560,1,Morvi (M),Morvi,False,73.64052793836274
24,Gujarat,Morvi (M + OG),210451,153692,1,Morvi (M + OG),Morvi (M + OG),False,73.0298264204019
24,Gujarat,Mundra (CT),20338,14479,1,Mundra (CT),Mundra (CT),False,71.19185760645098
24,Gujarat,Nadiad,218095,170170,1,Nadiad (M),Nadiad,False,78.02563103234829
24,Gujarat,Nadiad (M + OG),225071,175930,1,Nadiad (M + OG),Nadiad (M + OG),False,78.16644525505285
24,Gujarat,Nanakwada (CT),10172,8848,1,Nanakwada (CT),Nanakwada (CT),False,86.98387731026347
24,Gujarat,Nandej (CT),9176,6856,1,Nandej (CT),Nandej (CT),False,74.71665213600699
24,Gujarat,Nandelav (CT),13583,11545,1,Nandelav (CT),Nandelav (CT),False,84.99595082087905
24,Gujarat,Nandesari (CT),8290,6320,1,Nandesari (CT),Nandesari (CT),False,76.23642943305187
24,Gujarat,Nandesari (INA),3679,2853,1,Nandesari (INA),Nandesari (INA),False,77.54824680619734
24,Gujarat,Nari (CT),9467,6634,1,Nari (CT),Nari (CT),False,70.07499735924792
24,Gujarat,Nasvadi (CT),8076,6104,1,Nasvadi (CT),Nasvadi (CT),False,75.58197127290738
24,Gujarat,Nava Bhildi (CT),4994,3695,1,Nava Bhildi (CT),Nava Bhildi (CT),False,73.98878654385263
24,Gujarat,Navsari,160941,127767,1,Navsari (M),Navsari,False,79.38747739854978
24,Gujarat,Navsari (M + OG),171109,135638,1,Navsari (M + OG),Navsari (M + OG),False,79.2699390447025
24,Gujarat,Ode,23250,16704,1,Ode (M),Ode,False,71.84516129032258
24,Gujarat,Okha,62052,36231,1,Okha (M),Okha,False,58.38812608779733
24,Gujarat,Orvad (CT),5420,4252,1,Orvad (CT),Orvad (CT),False,78.45018450184502
24,Gujarat,Paddhari (CT),10547,6821,1,Paddhari (CT),Paddhari (CT),False,64.67241869725989
24,Gujarat,Padra,43366,34150,1,Padra (M),Padra,False,78.74832818336947
24,Gujarat,Padra (M + OG),46660,36614,1,Padra (M + OG),Padra (M + OG),False,78.46978139734247
24,Gujarat,Palaj (CT),2634,1855,1,Palaj (CT),Palaj (CT),False,70.42520880789674
24,Gujarat,Palanpur,122344,91078,1,Palanpur (M),Palanpur,False,74.4441901523573
24,Gujarat,Palanpur (M + OG),141592,106581,1,Palanpur (M + OG),Palanpur (M + OG),False,75.27332052658342
24,Gujarat,Palej (CT),12334,9353,1,Palej (CT),Palej (CT),False,75.83103616020756
24,Gujarat,Palitana,64497,43544,1,Palitana (M),Palitana,False,67.51321766903887
24,Gujarat,Panoli (INA),836,410,1,Panoli (INA),Panoli (INA),False,49.04306220095694
24,Gujarat,Parabada (CT),6255,4736,1,Parabada (CT),Parabada (CT),False,75.7154276578737
24,Gujarat,Pardi,28495,22463,1,Pardi (M),Pardi,False,78.83137392525005
24,Gujarat,Pardi Kanade (CT),9167,6472,1,Pardi Kanade (CT),Pardi Kanade (CT),False,70.60106905203448
24,Gujarat,Pardi Parnera (CT),5454,4386,1,Pardi Parnera (CT),Pardi Parnera (CT),False,80.41804180418042
24,Gujarat,Pardi Sondhpur (CT),7833,6056,1,Pardi Sondhpur (CT),Pardi Sondhpur (CT),False,77.31392825226605
24,Gujarat,Parnera (CT),12296,9654,1,Parnera (CT),Parnera (CT),False,78.51333767078725
24,Gujarat,Patan,125497,96835,1,Patan (M),Patan,False,77.16120704080576
24,Gujarat,Patan (M + OG),133737,103561,1,Patan (M + OG),Patan (M + OG),False,77.43631156673172
24,Gujarat,Patdi,17725,12808,1,Patdi (M),Patdi,False,72.25952045133992
24,Gujarat,Pethapur,23497,17055,1,Pethapur (M),Pethapur,False,72.58373409371409
24,Gujarat,Petlad,55330,43825,1,Petlad (M),Petlad,False,79.20657870956082
24,Gujarat,Petro-Chemical Complex (INA),1951,1783,1,Petro-Chemical Complex (INA),Petro-Chemical Complex (INA),False,91.38903126601743
24,Gujarat,Por-Ramangamdi (INA),311,246,1,Por-Ramangamdi (INA),Por-Ramangamdi (INA),False,79.09967845659163
24,Gujarat,Porbandar,151770,117452,1,Porbandar (M),Porbandar,False,77.38815312644132
24,Gujarat,Porbandar (M + OG),152760,117963,1,Porbandar (M + OG),Porbandar (M + OG),False,77.2211311861744
24,Gujarat,Prantij,23596,17622,1,Prantij (M),Prantij,False,74.68214951686727
24,Gujarat,Radhanpur,39558,25722,1,Radhanpur (M),Radhanpur,False,65.0235097831033
24,Gujarat,Rajkot,2610041,2043320,2,Rajkot (M Corp. + OG) | Rajkot (M Corp.),Rajkot,True,78.28689281126235
24,Gujarat,Rajpipla,34845,28325,1,Rajpipla (M),Rajpipla,False,81.28856363897259
24,Gujarat,Rajula,38489,26439,1,Rajula (M),Rajula,False,68.69235365948713
24,Gujarat,Ranavav,46018,29946,1,Ranavav (M),Ranavav,False,65.07453605111043
24,Gujarat,Ranoli (CT),11726,9183,1,Ranoli (CT),Ranoli (CT),False,78.31315026436978
24,Gujarat,Ranpur (CT),16944,12001,1,Ranpur (CT),Ranpur (CT),False,70.82743153918791
24,Gujarat,Rapar,28407,16158,1,Rapar (M),Rapar,False,56.88034639349456
24,Gujarat,Raval,19777,10375,1,Raval (M),Raval,False,52.45992819942358
24,Gujarat,Ravapara (CT),12206,9931,1,Ravapara (CT),Ravapara (CT),False,81.36162543011633
24,Gujarat,Reliance Complex (INA),12796,10806,1,Reliance Complex (INA),Reliance Complex (INA),False,84.44826508283839
24,Gujarat,Sachin (CT),28102,20323,1,Sachin (CT),Sachin (CT),False,72.31869617820796
24,Gujarat,Sachin (INA),2680,1824,1,Sachin (INA),Sachin (INA),False,68.05970149253731
24,Gujarat,Sagbara (CT),4496,3448,1,Sagbara (CT),Sagbara (CT),False,76.69039145907473
24,Gujarat,Saij (CT),13882,9735,1,Saij (CT),Saij (CT),False,70.12678288431063
24,Gujarat,Saktasanala (CT),5786,4335,1,Saktasanala (CT),Saktasanala (CT),False,74.92222606291047
24,Gujarat,Salaya,33246,13194,1,Salaya (M),Salaya,False,39.685977260422305
24,Gujarat,Salvav (CT),5486,4229,1,Salvav (CT),Salvav (CT),False,77.08713087860008
24,Gujarat,Sanand,41530,31374,1,Sanand (M),Sanand,False,75.54538887551168
24,Gujarat,Sanand (M + OG),95890,68409,1,Sanand (M + OG),Sanand (M + OG),False,71.34112003337158
24,Gujarat,Sanjali (CT),5344,4321,1,Sanjali (CT),Sanjali (CT),False,80.85703592814372
24,Gujarat,Sanjan (CT),15544,11079,1,Sanjan (CT),Sanjan (CT),False,71.27509006690684
24,Gujarat,Sanjeli (CT),7448,5148,1,Sanjeli (CT),Sanjeli (CT),False,69.11922663802363
24,Gujarat,Santrampur,19465,14409,1,Santrampur (M),Santrampur,False,74.02517338813254
24,Gujarat,Saputara (NA),2968,2349,1,Saputara (NA),Saputara (NA),False,79.14420485175202
24,Gujarat,Sarangpore (CT),16671,11430,1,Sarangpore (CT),Sarangpore (CT),False,68.56217383480295
24,Gujarat,Sarigam (CT),19903,13853,1,Sarigam (CT),Sarigam (CT),False,69.60257247651109
24,Gujarat,Sarigam (INA),925,704,1,Sarigam (INA),Sarigam (INA),False,76.10810810810811
24,Gujarat,Sathamba (CT),7213,4951,1,Sathamba (CT),Sathamba (CT),False,68.63995563565784
24,Gujarat,Savarkundla,78354,55481,1,Savarkundla (M),Savarkundla,False,70.80812721750006
24,Gujarat,Savgadh (CT),13841,10249,1,Savgadh (CT),Savgadh (CT),False,74.0481179105556
24,Gujarat,Savli,18467,13287,1,Savli (M),Savli,False,71.94996480207938
24,Gujarat,Sayan (CT),15324,11484,1,Sayan (CT),Sayan (CT),False,74.9412685982772
24,Gujarat,Selamba (CT),6717,4631,1,Selamba (CT),Selamba (CT),False,68.94446925710884
24,Gujarat,Shaktinagar (CT),13463,9264,1,Shaktinagar (CT),Shaktinagar (CT),False,68.81081482581891
24,Gujarat,Shapur (CT),9249,6329,1,Shapur (CT),Shapur (CT),False,68.42901935344362
24,Gujarat,Shehera,19175,12719,1,Shehera (M),Shehera,False,66.33116036505868
24,Gujarat,Sherpura (CT),5748,4688,1,Sherpura (CT),Sherpura (CT),False,81.55880306193458
24,Gujarat,Sidhpur,56402,42395,1,Sidhpur (M),Sidhpur,False,75.165774263324
24,Gujarat,Sidhpur (M + OG),61867,45998,1,Sidhpur (M + OG),Sidhpur (M + OG),False,74.34981492556614
24,Gujarat,Sidsar (CT),11795,7498,1,Sidsar (CT),Sidsar (CT),False,63.56930902924967
24,Gujarat,Sihor,54547,38707,1,Sihor (M),Sihor,False,70.96082277668799
24,Gujarat,Sikka,28814,16332,1,Sikka (M),Sikka,False,56.68078017630318
24,Gujarat,Singarva (CT),12547,8674,1,Singarva (CT),Singarva (CT),False,69.13206344146012
24,Gujarat,Sojitra,16713,12965,1,Sojitra (M),Sojitra,False,77.57434332555496
24,Gujarat,Solsumba (CT),18796,14186,1,Solsumba (CT),Solsumba (CT),False,75.47350500106405
24,Gujarat,Songadh,26515,18586,1,Songadh (M),Songadh,False,70.09617197812558
24,Gujarat,Songadh (CT),6027,4258,1,Songadh (CT),Songadh (CT),False,70.64874730379957
24,Gujarat,Sukhpar (CT),13303,9399,1,Sukhpar (CT),Sukhpar (CT),False,70.65323611215516
24,Gujarat,Surat,4501610,3468559,2,Surat (M Corp. + OG) (Part) | Surat (M Corp.),Surat,True,77.05152156672835
24,Gujarat,Surendranagar Dudhrej,177851,134424,1,Surendranagar Dudhrej (M),Surendranagar Dudhrej,False,75.58236951155742
24,Gujarat,Sutrapada,26132,17527,1,Sutrapada (M),Sutrapada,False,67.07102403183836
24,Gujarat,Talaja,27822,19442,1,Talaja (M),Talaja,False,69.87995111782043
24,Gujarat,Talala,21060,16125,1,Talala (M),Talala,False,76.56695156695157
24,Gujarat,Talod,18298,13492,1,Talod (M),Talod,False,73.73483440813203
24,Gujarat,Tarsadi,29305,22639,1,Tarsadi (M),Tarsadi,False,77.25302849343116
24,Gujarat,Tarsali (CT),4929,3480,1,Tarsali (CT),Tarsali (CT),False,70.60255629945222
24,Gujarat,Thangadh,42351,28638,1,Thangadh (M),Thangadh,False,67.62059927746688
24,Gujarat,Thara,18060,11360,1,Thara (M),Thara,False,62.901439645625686
24,Gujarat,Tharad,27954,16180,1,Tharad (M),Tharad,False,57.88080417829291
24,Gujarat,Thasra,15806,12034,1,Thasra (M),Thasra,False,76.13564469188915
24,Gujarat,Trajpar (CT),16637,11020,1,Trajpar (CT),Trajpar (CT),False,66.23790346817336
24,Gujarat,Ukai (CT),7453,5542,1,Ukai (CT),Ukai (CT),False,74.35931839527707
24,Gujarat,Umbergaon,27859,20845,1,Umbergaon (M),Umbergaon,False,74.82321691374422
24,Gujarat,Umbergaon (INA),6976,5804,1,Umbergaon (INA),Umbergaon (INA),False,83.19954128440367
24,Gujarat,Umrala (CT),8044,5584,1,Umrala (CT),Umrala (CT),False,69.418199900547
24,Gujarat,Umreth,33762,25333,1,Umreth (M),Umreth,False,75.03406196315385
24,Gujarat,Una,58528,42096,1,Una (M),Una,False,71.92454893384364
24,Gujarat,Undera (CT),16902,13382,1,Undera (CT),Undera (CT),False,79.1740622411549
24,Gujarat,Unjha,57108,46709,1,Unjha (M),Unjha,False,81.790642291798
24,Gujarat,Upleta,58775,43710,1,Upleta (M),Upleta,False,74.36835389196087
24,Gujarat,Vadali,20646,13892,1,Vadali (M),Vadali,False,67.28664148018987
24,Gujarat,Vadnagar,27790,19636,1,Vadnagar (M),Vadnagar,False,70.65851025548758
24,Gujarat,Vadodara,3423177,2791442,2,Vadodara (M Corp. + OG) | Vadodara (M Corp.),Vadodara,True,81.54535976375162
24,Gujarat,Vaghodia (CT),16604,12767,1,Vaghodia (CT),Vaghodia (CT),False,76.89111057576487
24,Gujarat,Vaghodia (INA),248,179,1,Vaghodia (INA),Vaghodia (INA),False,72.17741935483872
24,Gujarat,Valia (Naldhari) (INA),5,5,1,Valia (Naldhari) (INA),Valia (Naldhari) (INA),False,100.0
24,Gujarat,Valia - Jhagadia (GNFC Scooter Project Area) (INA),1084,919,1,Valia - Jhagadia (GNFC Scooter Project Area) (INA),Valia - Jhagadia (GNFC Scooter Project Area) (INA),False,84.77859778597787
24,Gujarat,Vallabh Vidyanagar,23783,19690,1,Vallabh Vidyanagar (M),Vallabh Vidyanagar,False,82.79022831434217
24,Gujarat,Vallabhipur,15852,10941,1,Vallabhipur (M),Vallabhipur,False,69.01968205904618
24,Gujarat,Valsad,114636,95246,1,Valsad (M),Valsad,False,83.0855926585017
24,Gujarat,Valsad (INA),1162,988,1,Valsad (INA),Valsad (INA),False,85.02581755593803
24,Gujarat,Valsad (M + OG),139764,116754,1,Valsad (M + OG),Valsad (M + OG),False,83.53653301279299
24,Gujarat,Vanthali,14554,10454,1,Vanthali (M),Vanthali,False,71.82905043287069
24,Gujarat,Vapi,163630,126726,1,Vapi (M),Vapi,False,77.44667848194096
24,Gujarat,Vapi (INA),34162,28695,1,Vapi (INA),Vapi (INA),False,83.99683859258825
24,Gujarat,Vareli (CT),9033,6283,1,Vareli (CT),Vareli (CT),False,69.55607217978523
24,Gujarat,Vartej (CT),11354,8585,1,Vartej (CT),Vartej (CT),False,75.61211907697728
24,Gujarat,Vasna Borsad (INA),166,116,1,Vasna Borsad (INA),Vasna Borsad (INA),False,69.87951807228916
24,Gujarat,Vavdi Bujarg (CT),9107,7016,1,Vavdi Bujarg (CT),Vavdi Bujarg (CT),False,77.03963983748766
24,Gujarat,Vavol (CT),12628,9973,1,Vavol (CT),Vavol (CT),False,78.97529299968325
24,Gujarat,Veraval,154636,104893,1,Veraval (M),Veraval,False,67.83219948782948
24,Gujarat,Veraval (CT),19152,14058,1,Veraval (CT),Veraval (CT),False,73.40225563909775
24,Gujarat,Veraval (M + OG),171121,114661,1,Veraval (M + OG),Veraval (M + OG),False,67.00580291139019
24,Gujarat,Vijalpor,81245,62455,1,Vijalpor (M),Vijalpor,False,76.87242291833344
24,Gujarat,Vijapur,25558,18894,1,Vijapur (M),Vijapur,False,73.9259722983019
24,Gujarat,Vijapur (M + OG),35118,26771,1,Vijapur (M + OG),Vijapur (M + OG),False,76.23156216185431
24,Gujarat,Vijaynagar (CT),6078,4399,1,Vijaynagar (CT),Vijaynagar (CT),False,72.3757815070747
24,Gujarat,Viramgam,55821,41628,1,Viramgam (M),Viramgam,False,74.574085021766
24,Gujarat,Virpur (CT),10238,7361,1,Virpur (CT),Virpur (CT),False,71.89880836100801
24,Gujarat,Visavadar,19515,14393,1,Visavadar (M),Visavadar,False,73.75352293107865
24,Gujarat,Visnagar,63073,51156,1,Visnagar (M),Visnagar,False,81.1060200085615
24,Gujarat,Visnagar (M + OG),76753,62673,1,Visnagar (M + OG),Visnagar (M + OG),False,81.65544017823407
24,Gujarat,Vithal Udyognagar (INA),5035,3823,1,Vithal Udyognagar (INA),Vithal Udyognagar (INA),False,75.92850049652434
24,Gujarat,Vyara,39789,30837,1,Vyara (M),Vyara,False,77.5013194601523
24,Gujarat,Wadhwan,75755,57116,1,Wadhwan (M),Wadhwan,False,75.39568345323741
24,Gujarat,Waghai (CT),6715,5016,1,Waghai (CT),Waghai (CT),False,74.69843633655994
24,Gujarat,Wankaner,43881,31542,1,Wankaner (M),Wankaner,False,71.88076844192247
25,Daman and Diu,Bhimpore (CT),10936,8546,1,Bhimpore (CT),Bhimpore (CT),False,78.14557425018288
25,Daman and Diu,Dadhel (CT),52578,40991,1,Dadhel (CT),Dadhel (CT),False,77.96226558636693
25,Daman and Diu,Daman (M CI),44282,35835,1,Daman (M CI),Daman (M CI),False,80.92452915405808
25,Daman and Diu,Diu (M CI),23991,19862,1,Diu (M CI),Diu (M CI),False,82.78937935058981
25,Daman and Diu,Dunetha (CT),12470,9588,1,Dunetha (CT),Dunetha (CT),False,76.88853247794707
25,Daman and Diu,Kachigam (CT),18434,14329,1,Kachigam (CT),Kachigam (CT),False,77.73136595421504
25,Daman and Diu,Kadaiya (CT),12717,10341,1,Kadaiya (CT),Kadaiya (CT),False,81.31634819532908
25,Daman and Diu,Marwad (CT),7443,5825,1,Marwad (CT),Marwad (CT),False,78.26145371489991
26,Dadra and Nagar Haveli,Dadra (CT),13039,10318,1,Dadra (CT),Dadra (CT),False,79.13183526344045
26,Dadra and Nagar Haveli,Masat (CT),12139,9211,1,Masat (CT),Masat (CT),False,75.87939698492463
26,Dadra and Nagar Haveli,Naroli (CT),16260,12485,1,Naroli (CT),Naroli (CT),False,76.78351783517834
26,Dadra and Nagar Haveli,Rakholi (CT),8339,6234,1,Rakholi (CT),Rakholi (CT),False,74.75716512771315
26,Dadra and Nagar Haveli,Samarvarni (CT),12553,9359,1,Samarvarni (CT),Samarvarni (CT),False,74.55588305584322
26,Dadra and Nagar Haveli,Silvassa (M CI),98265,76481,1,Silvassa (M CI),Silvassa (M CI),False,77.83137434488373
27,Maharashtra,Achalpur (M Cl),112311,91547,1,Achalpur (M Cl),Achalpur (M Cl),False,81.51205135739153
27,Maharashtra,Aheri (CT),14609,11409,1,Aheri (CT),Aheri (CT),False,78.09569443493737
27,Maharashtra,Ahmadnagar,350859,280512,1,Ahmadnagar (M Corp.),Ahmadnagar,False,79.95006541089155
27,Maharashtra,Ahmadnagar (CB),28986,23787,1,Ahmadnagar (CB),Ahmadnagar (CB),False,82.06375491616642
27,Maharashtra,Ahmadpur (M Cl),43936,31618,1,Ahmadpur (M Cl),Ahmadpur (M Cl),False,71.96376547705754
27,Maharashtra,Ajra (CT),17257,13299,1,Ajra (CT),Ajra (CT),False,77.06437967201715
27,Maharashtra,Akkalkot (M Cl),40103,26471,1,Akkalkot (M Cl),Akkalkot (M Cl),False,66.00753060868264
27,Maharashtra,Akkalkuwa (CT),17840,15722,1,Akkalkuwa (CT),Akkalkuwa (CT),False,88.12780269058295
27,Maharashtra,Akluj (CT),39972,29022,1,Akluj (CT),Akluj (CT),False,72.60582407685379
27,Maharashtra,Akola,425817,347893,1,Akola (M Corp.),Akola,False,81.70012000460292
27,Maharashtra,Akot (M Cl),92637,72182,1,Akot (M Cl),Akot (M Cl),False,77.91918995649687
27,Maharashtra,Alandi (M Cl),28645,22852,1,Alandi (M Cl),Alandi (M Cl),False,79.77657531855472
27,Maharashtra,Alibag (M Cl),20743,17431,1,Alibag (M Cl),Alibag (M Cl),False,84.03316781564865
27,Maharashtra,Amalner (M Cl),95994,73114,1,Amalner (M Cl),Amalner (M Cl),False,76.16517699022856
27,Maharashtra,Ambad (M Cl),31553,20754,1,Ambad (M Cl),Ambad (M Cl),False,65.7750451621082
27,Maharashtra,Ambarnath(M Cl),253475,196261,1,Ambarnath(M Cl),Ambarnath(M Cl),False,77.42814873261663
27,Maharashtra,Ambejogai (M Cl),73975,56073,1,Ambejogai (M Cl),Ambejogai (M Cl),False,75.79993240959783
27,Maharashtra,Ambepur (CT),5035,4117,1,Ambepur (CT),Ambepur (CT),False,81.76762661370407
27,Maharashtra,Ambivali T. Tungartan (CT),6497,5262,1,Ambivali T. Tungartan (CT),Ambivali T. Tungartan (CT),False,80.99122672002463
27,Maharashtra,Amgaon bk. (CT),10972,8593,1,Amgaon bk. (CT),Amgaon bk. (CT),False,78.3175355450237
27,Maharashtra,Amgaon kh. (CT),5197,4214,1,Amgaon kh. (CT),Amgaon kh. (CT),False,81.0852414854724
27,Maharashtra,Amravati,647057,535594,1,Amravati (M Corp.),Amravati,False,82.77385145358137
27,Maharashtra,Anantpur (CT),6166,4296,1,Anantpur (CT),Anantpur (CT),False,69.67239701589361
27,Maharashtra,Anjangaon (M Cl),56380,44333,1,Anjangaon (M Cl),Anjangaon (M Cl),False,78.63249379212488
27,Maharashtra,Arvi (CT),14015,9878,1,Arvi (CT),Arvi (CT),False,70.48162682839815
27,Maharashtra,Arvi (M Cl),42822,35039,1,Arvi (M Cl),Arvi (M Cl),False,81.82476297230396
27,Maharashtra,Asangaon (CT),13104,10015,1,Asangaon (CT),Asangaon (CT),False,76.42704517704517
27,Maharashtra,Ashta (M Cl),37105,27893,1,Ashta (M Cl),Ashta (M Cl),False,75.17315725643444
27,Maharashtra,Ashti (CT),17606,13330,2,Ashti (CT),Ashti (CT),True,75.7128251732364
27,Maharashtra,Aurangabad,1175116,889224,1,Aurangabad (M Corp.),Aurangabad,False,75.67116778258487
27,Maharashtra,Aurangabad (CB),18051,14163,1,Aurangabad (CB),Aurangabad (CB),False,78.46102708991192
27,Maharashtra,Ausa (M Cl),36118,24853,1,Ausa (M Cl),Ausa (M Cl),False,68.81056536906806
27,Maharashtra,Awadhan (CT),4732,3346,1,Awadhan (CT),Awadhan (CT),False,70.71005917159763
27,Maharashtra,Awalpur (CT),4882,3911,1,Awalpur (CT),Awalpur (CT),False,80.11061040557149
27,Maharashtra,Badlapur (M Cl),174226,143480,1,Badlapur (M Cl),Badlapur (M Cl),False,82.35280612537738
27,Maharashtra,Balapur (M Cl),44594,34309,1,Balapur (M Cl),Balapur (M Cl),False,76.93635915145536
27,Maharashtra,Balirampur (CT),11939,7833,1,Balirampur (CT),Balirampur (CT),False,65.6085099254544
27,Maharashtra,Ballarpur (M Cl),89452,70118,1,Ballarpur (M Cl),Ballarpur (M Cl),False,78.38617359030542
27,Maharashtra,Bamhni (CT),10341,8276,1,Bamhni (CT),Bamhni (CT),False,80.030944782903
27,Maharashtra,Banda (CT),6611,5483,1,Banda (CT),Banda (CT),False,82.93752836182121
27,Maharashtra,Baramati (M Cl),54415,44014,1,Baramati (M Cl),Baramati (M Cl),False,80.88578516953045
27,Maharashtra,Barshi (M Cl),118722,90322,1,Barshi (M Cl),Barshi (M Cl),False,76.07857010495105
27,Maharashtra,Basmath (M Cl),68846,49727,1,Basmath (M Cl),Basmath (M Cl),False,72.22932341748249
27,Maharashtra,Bela (CT),5914,4489,1,Bela (CT),Bela (CT),False,75.90463307406155
27,Maharashtra,Bhadgaon (M Cl),37214,26132,1,Bhadgaon (M Cl),Bhadgaon (M Cl),False,70.22088461331757
27,Maharashtra,Bhadravati (M Cl),60565,48519,1,Bhadravati (M Cl),Bhadravati (M Cl),False,80.11062494840255
27,Maharashtra,Bhagur (M Cl),12353,10146,1,Bhagur (M Cl),Bhagur (M Cl),False,82.1338946005019
27,Maharashtra,Bhandara (M Cl),91845,76378,1,Bhandara (M Cl),Bhandara (M Cl),False,83.15967118514888
27,Maharashtra,Bhiwandi Nizampur,709665,491071,1,Bhiwandi Nizampur (M Corp.),Bhiwandi Nizampur,False,69.19757913945313
27,Maharashtra,Bhokar (M Cl),32899,23070,1,Bhokar (M Cl),Bhokar (M Cl),False,70.12371196692908
27,Maharashtra,Bhokara (CT),8602,7010,1,Bhokara (CT),Bhokara (CT),False,81.49267612183213
27,Maharashtra,Bhokardan (M Cl),24416,16924,1,Bhokardan (M Cl),Bhokardan (M Cl),False,69.31520314547838
27,Maharashtra,Bhor (M Cl),18453,15134,1,Bhor (M Cl),Bhor (M Cl),False,82.01376469950685
27,Maharashtra,Bhum (M Cl),18561,13778,1,Bhum (M Cl),Bhum (M Cl),False,74.23091428263562
27,Maharashtra,Bhusawal (M Cl),187421,148137,1,Bhusawal (M Cl),Bhusawal (M Cl),False,79.03970206113509
27,Maharashtra,Bhuwaneshwar (CT),8871,7414,1,Bhuwaneshwar (CT),Bhuwaneshwar (CT),False,83.57569608837785
27,Maharashtra,Bid (M Cl),146709,113249,1,Bid (M Cl),Bid (M Cl),False,77.19294658132766
27,Maharashtra,Bid (Rural) (CT),56531,42019,1,Bid (Rural) (CT),Bid (Rural) (CT),False,74.32912915037767
27,Maharashtra,Biloli (M Cl),14923,9875,1,Biloli (M Cl),Biloli (M Cl),False,66.17302151042016
27,Maharashtra,Birwadi (CT),8829,6967,1,Birwadi (CT),Birwadi (CT),False,78.91040887982784
27,Maharashtra,Boisar (CT),36151,27658,1,Boisar (CT),Boisar (CT),False,76.50687394539571
27,Maharashtra,Borgaon (Meghe) (CT),19759,16187,1,Borgaon (Meghe) (CT),Borgaon (Meghe) (CT),False,81.92216205273546
27,Maharashtra,Bori (CT),12072,9504,1,Bori (CT),Bori (CT),False,78.72763419483101
27,Maharashtra,Borivali Tarf Rahur (CT),5780,4213,1,Borivali Tarf Rahur (CT),Borivali Tarf Rahur (CT),False,72.88927335640139
27,Maharashtra,Borkhedi (CT),13294,10253,1,Borkhedi (CT),Borkhedi (CT),False,77.12501880547616
27,Maharashtra,Borli Panchtan (CT),6952,5461,1,Borli Panchtan (CT),Borli Panchtan (CT),False,78.55293440736479
27,Maharashtra,Brahmapuri (M Cl),36025,29367,1,Brahmapuri (M Cl),Brahmapuri (M Cl),False,81.51839000693963
27,Maharashtra,Budhgaon (CT),14666,11575,1,Budhgaon (CT),Budhgaon (CT),False,78.92404200190917
27,Maharashtra,Buldana (M Cl),67431,53971,1,Buldana (M Cl),Buldana (M Cl),False,80.03885453278166
27,Maharashtra,Burhanagar (CT),6885,5159,1,Burhanagar (CT),Burhanagar (CT),False,74.93100944081337
27,Maharashtra,Chakan (CT),41113,30665,1,Chakan (CT),Chakan (CT),False,74.58711356505242
27,Maharashtra,Chalisgaon(M Cl),97551,74252,1,Chalisgaon(M Cl),Chalisgaon(M Cl),False,76.1160828694734
27,Maharashtra,Chandkapur (CT),12077,9652,1,Chandkapur (CT),Chandkapur (CT),False,79.92051006044547
27,Maharashtra,Chandrapada (CT),7750,5603,1,Chandrapada (CT),Chandrapada (CT),False,72.29677419354839
27,Maharashtra,Chandrapur (M Cl),320379,258463,1,Chandrapur (M Cl),Chandrapur (M Cl),False,80.67413906654306
27,Maharashtra,Chandur (CT),26755,20224,1,Chandur (CT),Chandur (CT),False,75.58960941880022
27,Maharashtra,Chandur Railway (M Cl),19776,16187,1,Chandur Railway (M Cl),Chandur Railway (M Cl),False,81.85173948220064
27,Maharashtra,Chandurbazar (M Cl),18759,15304,1,Chandurbazar (M Cl),Chandurbazar (M Cl),False,81.5821738898662
27,Maharashtra,Chandvad (CT),25341,19611,1,Chandvad (CT),Chandvad (CT),False,77.38842192494376
27,Maharashtra,Chanje (CT),16714,12033,1,Chanje (CT),Chanje (CT),False,71.99353835108292
27,Maharashtra,Chendhare (CT),11039,9671,1,Chendhare (CT),Chendhare (CT),False,87.60757314974182
27,Maharashtra,Chicholi (CT),18469,15038,1,Chicholi (CT),Chicholi (CT),False,81.42292490118577
27,Maharashtra,Chikhala (CT),4352,3120,1,Chikhala (CT),Chikhala (CT),False,71.69117647058823
27,Maharashtra,Chikhaldara (M Cl),5158,4277,1,Chikhaldara (M Cl),Chikhaldara (M Cl),False,82.9197363319116
27,Maharashtra,Chikhli (M Cl),57889,45627,1,Chikhli (M Cl),Chikhli (M Cl),False,78.81808288275838
27,Maharashtra,Chinchani (CT),13646,11166,1,Chinchani (CT),Chinchani (CT),False,81.82617616884068
27,Maharashtra,Chiplun (M Cl),55139,46561,1,Chiplun (M Cl),Chiplun (M Cl),False,84.44295326357025
27,Maharashtra,Chitegaon (CT),11507,7354,1,Chitegaon (CT),Chitegaon (CT),False,63.90892500217259
27,Maharashtra,Chopda (M Cl),72783,53364,1,Chopda (M Cl),Chopda (M Cl),False,73.31931907176126
27,Maharashtra,Dabhol (CT),7038,5669,1,Dabhol (CT),Dabhol (CT),False,80.5484512645638
27,Maharashtra,Dadar (CT),5389,3418,1,Dadar (CT),Dadar (CT),False,63.42549638151791
27,Maharashtra,Dahanu (M Cl),50287,38137,1,Dahanu (M Cl),Dahanu (M Cl),False,75.83868594268897
27,Maharashtra,Dandi (CT),8942,5957,1,Dandi (CT),Dandi (CT),False,66.61820621784835
27,Maharashtra,Dapoli Camp (NP),15713,12988,1,Dapoli Camp (NP),Dapoli Camp (NP),False,82.65767199134476
27,Maharashtra,Darewadi (CT),10860,8701,1,Darewadi (CT),Darewadi (CT),False,80.11970534069982
27,Maharashtra,Darwha (M Cl),25791,20693,1,Darwha (M Cl),Darwha (M Cl),False,80.23341475708581
27,Maharashtra,Daryapur Banosa (M Cl),36463,29339,1,Daryapur Banosa (M Cl),Daryapur Banosa (M Cl),False,80.46238652881003
27,Maharashtra,Dattapur Dhamangaon (M Cl),21059,17635,1,Dattapur Dhamangaon (M Cl),Dattapur Dhamangaon (M Cl),False,83.74091837219241
27,Maharashtra,Daund (CT),6863,5335,1,Daund (CT),Daund (CT),False,77.73568410316189
27,Maharashtra,Daund (M Cl),49450,38244,1,Daund (M Cl),Daund (M Cl),False,77.33872598584429
27,Maharashtra,Davlameti (CT),14545,11901,1,Davlameti (CT),Davlameti (CT),False,81.82193193537299
27,Maharashtra,Deglur (M Cl),54493,38013,1,Deglur (M Cl),Deglur (M Cl),False,69.75758354284036
27,Maharashtra,Dehu (CT),6133,4851,1,Dehu (CT),Dehu (CT),False,79.09669003750204
27,Maharashtra,Dehu Road (CB),48961,39351,1,Dehu Road (CB),Dehu Road (CB),False,80.3721329221217
27,Maharashtra,Deogiri (CT),8303,7009,1,Deogiri (CT),Deogiri (CT),False,84.41527158858244
27,Maharashtra,Deolali (CB),54027,43172,1,Deolali (CB),Deolali (CB),False,79.90819405112258
27,Maharashtra,Deolali Pravara (M Cl),30997,21689,1,Deolali Pravara (M Cl),Deolali Pravara (M Cl),False,69.97128754395587
27,Maharashtra,Deoli (M Cl),19288,15217,1,Deoli (M Cl),Deoli (M Cl),False,78.89361260887598
27,Maharashtra,Deori (CT),14579,11751,1,Deori (CT),Deori (CT),False,80.60223609301049
27,Maharashtra,Desaiganj (M Cl),28781,22729,1,Desaiganj (M Cl),Desaiganj (M Cl),False,78.9722386296515
27,Maharashtra,Deulgaon Raja (M Cl),30827,23538,1,Deulgaon Raja (M Cl),Deulgaon Raja (M Cl),False,76.35514321860707
27,Maharashtra,Devrukh (CT),12689,10597,1,Devrukh (CT),Devrukh (CT),False,83.5132792182205
27,Maharashtra,Dhanegaon (CT),9809,6631,1,Dhanegaon (CT),Dhanegaon (CT),False,67.60118258741971
27,Maharashtra,Dharangaon (M Cl),35375,24893,1,Dharangaon (M Cl),Dharangaon (M Cl),False,70.36890459363958
27,Maharashtra,Dharmabad (M Cl),33741,22290,1,Dharmabad (M Cl),Dharmabad (M Cl),False,66.06206099404287
27,Maharashtra,Dharni (CT),15761,11747,1,Dharni (CT),Dharni (CT),False,74.5320728380179
27,Maharashtra,Dharur (M Cl),20417,14535,1,Dharur (M Cl),Dharur (M Cl),False,71.19067443796835
27,Maharashtra,Dhatau (CT),5066,3789,1,Dhatau (CT),Dhatau (CT),False,74.79273588630083
27,Maharashtra,Dhopatala (CT),4945,4240,1,Dhopatala (CT),Dhopatala (CT),False,85.74317492416583
27,Maharashtra,Dhule,375559,290569,1,Dhule (M Corp.),Dhule,False,77.36973418291134
27,Maharashtra,Digdoh (CT),38157,30881,1,Digdoh (CT),Digdoh (CT),False,80.93141494352281
27,Maharashtra,Digras (M Cl),44767,34421,1,Digras (M Cl),Digras (M Cl),False,76.88922643911809
27,Maharashtra,Dondaicha-Warwade(M Cl),46767,33837,1,Dondaicha-Warwade(M Cl),Dondaicha-Warwade(M Cl),False,72.35229969850535
27,Maharashtra,Dudhani (M Cl),11214,6824,1,Dudhani (M Cl),Dudhani (M Cl),False,60.852505796326014
27,Maharashtra,Durgapur (CT),17693,14149,1,Durgapur (CT),Durgapur (CT),False,79.96947945515176
27,Maharashtra,Dyane (CT),49192,32565,1,Dyane (CT),Dyane (CT),False,66.19978858350952
27,Maharashtra,Eklahare (CT),9376,7456,1,Eklahare (CT),Eklahare (CT),False,79.5221843003413
27,Maharashtra,Erandol (M Cl),31071,20819,1,Erandol (M Cl),Erandol (M Cl),False,67.00460236233144
27,Maharashtra,Faizpur (M Cl),26602,19929,1,Faizpur (M Cl),Faizpur (M Cl),False,74.91541989324111
27,Maharashtra,Fulchur (CT),5480,4291,1,Fulchur (CT),Fulchur (CT),False,78.3029197080292
27,Maharashtra,Gadchiroli (M Cl),54152,44235,1,Gadchiroli (M Cl),Gadchiroli (M Cl),False,81.68673363864677
27,Maharashtra,Gadhinglaj (M Cl),27185,21897,1,Gadhinglaj (M Cl),Gadhinglaj (M Cl),False,80.54809637667832
27,Maharashtra,Gandhinagar (CT),12601,10437,1,Gandhinagar (CT),Gandhinagar (CT),False,82.82675978096977
27,Maharashtra,Ganeshpur (CT),9192,7633,1,Ganeshpur (CT),Ganeshpur (CT),False,83.03959965187119
27,Maharashtra,Gangakhed (M Cl),49891,33236,1,Gangakhed (M Cl),Gangakhed (M Cl),False,66.6172255517027
27,Maharashtra,Gangapur (M Cl),27745,19496,1,Gangapur (M Cl),Gangapur (M Cl),False,70.26851684988287
27,Maharashtra,Georai (M Cl),33562,23913,1,Georai (M Cl),Georai (M Cl),False,71.25022346701627
27,Maharashtra,Ghatanji (M Cl),21293,17202,1,Ghatanji (M Cl),Ghatanji (M Cl),False,80.78711313577232
27,Maharashtra,Ghoti Bk. (CT),24838,18610,1,Ghoti Bk. (CT),Ghoti Bk. (CT),False,74.92551735244383
27,Maharashtra,Ghugus (CT),32654,25285,1,Ghugus (CT),Ghugus (CT),False,77.4330862987689
27,Maharashtra,Ghulewadi (CT),21860,17143,1,Ghulewadi (CT),Ghulewadi (CT),False,78.42177493138152
27,Maharashtra,Gimhavane (CT),5025,4262,1,Gimhavane (CT),Gimhavane (CT),False,84.81592039800995
27,Maharashtra,Godoli (CT),22517,18981,1,Godoli (CT),Godoli (CT),False,84.29630945507839
27,Maharashtra,Gokul Shirgaon (CT),8623,6384,1,Gokul Shirgaon (CT),Gokul Shirgaon (CT),False,74.03455873825816
27,Maharashtra,Gokunda (CT),11600,8640,1,Gokunda (CT),Gokunda (CT),False,74.48275862068967
27,Maharashtra,Gondiya (M Cl),132813,111673,1,Gondiya (M Cl),Gondiya (M Cl),False,84.08288345267407
27,Maharashtra,Gondpipri (CT),8474,6393,1,Gondpipri (CT),Gondpipri (CT),False,75.44253009204625
27,Maharashtra,Goregaon (CT),7155,5862,1,Goregaon (CT),Goregaon (CT),False,81.9287211740042
27,Maharashtra,Gotheghar (CT),4232,3126,1,Gotheghar (CT),Gotheghar (CT),False,73.86578449905483
27,Maharashtra,Greater Mumbai,12442373,10084507,2,Greater Mumbai (M Corp.) (Part),Greater Mumbai,True,81.04970812239756
27,Maharashtra,Hadgaon (M Cl),27433,18937,1,Hadgaon (M Cl),Hadgaon (M Cl),False,69.03000036452448
27,Maharashtra,Hajarmachi (CT),9317,7407,1,Hajarmachi (CT),Hajarmachi (CT),False,79.49983900397125
27,Maharashtra,Harsul (CT),4979,3642,1,Harsul (CT),Harsul (CT),False,73.1472183169311
27,Maharashtra,Hinganghat (M Cl),101805,85588,1,Hinganghat (M Cl),Hinganghat (M Cl),False,84.07052698786896
27,Maharashtra,Hingoli (M Cl),85103,64573,1,Hingoli (M Cl),Hingoli (M Cl),False,75.87629108257053
27,Maharashtra,Hinjavadi (CT),11459,8171,1,Hinjavadi (CT),Hinjavadi (CT),False,71.30639671873637
27,Maharashtra,Hudkeshwar bk. (CT),24499,20903,1,Hudkeshwar bk. (CT),Hudkeshwar bk. (CT),False,85.32184987142332
27,Maharashtra,Hupari (CT),28953,21978,1,Hupari (CT),Hupari (CT),False,75.90923220391669
27,Maharashtra,Ichalkaranji (M Cl),287353,218070,1,Ichalkaranji (M Cl),Ichalkaranji (M Cl),False,75.88923727958296
27,Maharashtra,Igatpuri (M Cl),30989,24699,1,Igatpuri (M Cl),Igatpuri (M Cl),False,79.70247507179967
27,Maharashtra,Indapur (M Cl),25515,19840,1,Indapur (M Cl),Indapur (M Cl),False,77.75818146188517
27,Maharashtra,Isasani (CT),4366,3253,1,Isasani (CT),Isasani (CT),False,74.50755840586349
27,Maharashtra,Jalgaon,460228,355368,1,Jalgaon (M Corp.),Jalgaon,False,77.21564094318468
27,Maharashtra,Jalgaon (CT),6480,5633,1,Jalgaon (CT),Jalgaon (CT),False,86.92901234567901
27,Maharashtra,Jalgaon (Jamod) (M Cl),28276,21408,1,Jalgaon (Jamod) (M Cl),Jalgaon (Jamod) (M Cl),False,75.71085019097468
27,Maharashtra,Jalna (M Cl),285577,201829,1,Jalna (M Cl),Jalna (M Cl),False,70.67410890933094
27,Maharashtra,Jalochi (CT),19346,15331,1,Jalochi (CT),Jalochi (CT),False,79.2463558358317
27,Maharashtra,Jamkhed (CT),34017,24648,1,Jamkhed (CT),Jamkhed (CT),False,72.45788870270748
27,Maharashtra,Jamner (M Cl),46762,33778,1,Jamner (M Cl),Jamner (M Cl),False,72.23386510414439
27,Maharashtra,Jasai (CT),8234,5587,1,Jasai (CT),Jasai (CT),False,67.852805440855
27,Maharashtra,Jawhar (M Cl),12040,9421,1,Jawhar (M Cl),Jawhar (M Cl),False,78.24750830564784
27,Maharashtra,Jaysingpur (M Cl),48510,37085,1,Jaysingpur (M Cl),Jaysingpur (M Cl),False,76.44815501958358
27,Maharashtra,Jejuri (M Cl),14515,11487,1,Jejuri (M Cl),Jejuri (M Cl),False,79.13882190837064
27,Maharashtra,Jintur (M Cl),44291,29523,1,Jintur (M Cl),Jintur (M Cl),False,66.65688288817141
27,Maharashtra,Junnar (M Cl),25315,20468,1,Junnar (M Cl),Junnar (M Cl),False,80.85324906182106
27,Maharashtra,Kabnur (CT),38146,29137,1,Kabnur (CT),Kabnur (CT),False,76.38284485922509
27,Maharashtra,Kagal (M Cl),34106,25830,1,Kagal (M Cl),Kagal (M Cl),False,75.73447487245646
27,Maharashtra,Kaij (NP),30704,22672,1,Kaij (NP),Kaij (NP),False,73.84054194893174
27,Maharashtra,Kalamb (M Cl),25713,18968,1,Kalamb (M Cl),Kalamb (M Cl),False,73.768132851087
27,Maharashtra,Kalambe T. Thane (CT),10138,7692,1,Kalambe T. Thane (CT),Kalambe T. Thane (CT),False,75.87295324521602
27,Maharashtra,Kalameshwar (M Cl),19578,16154,1,Kalameshwar (M Cl),Kalameshwar (M Cl),False,82.51098171416896
27,Maharashtra,Kalamnuri (M Cl),24784,18291,1,Kalamnuri (M Cl),Kalamnuri (M Cl),False,73.80164622336991
27,Maharashtra,Kalher (CT),15573,12310,1,Kalher (CT),Kalher (CT),False,79.04706864444873
27,Maharashtra,Kalmath (CT),8011,6496,1,Kalmath (CT),Kalmath (CT),False,81.08850330795157
27,Maharashtra,Kalundre (CT),6626,5074,1,Kalundre (CT),Kalundre (CT),False,76.57712043465136
27,Maharashtra,Kalyan-Dombivli,1247327,1029041,1,Kalyan-Dombivli (M Corp.),Kalyan-Dombivli,False,82.49969735281927
27,Maharashtra,Kambe (CT),12078,7789,2,Kambe (CT),Kambe (CT),True,64.48915383341613
27,Maharashtra,Kamptee (CB),12457,10579,1,Kamptee (CB),Kamptee (CB),False,84.92413903829173
27,Maharashtra,Kamptee (M Cl),86793,68947,1,Kamptee (M Cl),Kamptee (M Cl),False,79.43843397509016
27,Maharashtra,Kandari (CT),16353,12968,1,Kandari (CT),Kandari (CT),False,79.30043417110011
27,Maharashtra,Kandhar (M Cl),24843,17092,1,Kandhar (M Cl),Kandhar (M Cl),False,68.80006440446
27,Maharashtra,Kandri (CT),15723,11785,2,Kandri (CT),Kandri (CT),True,74.95388920689436
27,Maharashtra,Kanhan (Pipri) (CT),22945,17144,1,Kanhan (Pipri) (CT),Kanhan (Pipri) (CT),False,74.71780344301591
27,Maharashtra,Kankavli (NP),16398,13749,1,Kankavli (NP),Kankavli (NP),False,83.84559092572265
27,Maharashtra,Kannad (M Cl),40759,29735,1,Kannad (M Cl),Kannad (M Cl),False,72.95321278735985
27,Maharashtra,Karad (M Cl),53879,43131,1,Karad (M Cl),Karad (M Cl),False,80.05159709719928
27,Maharashtra,Karad (Rural) (CT),20476,15092,1,Karad (Rural) (CT),Karad (Rural) (CT),False,73.7058019144364
27,Maharashtra,Karanja (M Cl),67907,52791,1,Karanja (M Cl),Karanja (M Cl),False,77.74014460953951
27,Maharashtra,Karanje Tarf Satara (CT),29140,23643,1,Karanje Tarf Satara (CT),Karanje Tarf Satara (CT),False,81.13589567604667
27,Maharashtra,Karivali (CT),12907,8931,1,Karivali (CT),Karivali (CT),False,69.19501045944061
27,Maharashtra,Karjat (CT),11659,8933,1,Karjat (CT),Karjat (CT),False,76.61892100523201
27,Maharashtra,Karjat (M Cl),29663,23531,1,Karjat (M Cl),Karjat (M Cl),False,79.32778208542629
27,Maharashtra,Karle (CT),4382,3619,1,Karle (CT),Karle (CT),False,82.58785942492013
27,Maharashtra,Karmala (M Cl),23199,17793,1,Karmala (M Cl),Karmala (M Cl),False,76.69727143411353
27,Maharashtra,Kasara Bk. (CT),15611,10855,1,Kasara Bk. (CT),Kasara Bk. (CT),False,69.53430273525079
27,Maharashtra,Katai (CT),12898,8986,1,Katai (CT),Katai (CT),False,69.66971623507521
27,Maharashtra,Katangi Kala (CT),6440,4997,1,Katangi Kala (CT),Katangi Kala (CT),False,77.59316770186335
27,Maharashtra,Katkar (CT),11398,8100,1,Katkar (CT),Katkar (CT),False,71.06509914020003
27,Maharashtra,Katol (M Cl),43267,35231,1,Katol (M Cl),Katol (M Cl),False,81.42695356738392
27,Maharashtra,Kegaon (CT),7485,6254,1,Kegaon (CT),Kegaon (CT),False,83.55377421509687
27,Maharashtra,Khadkale (CT),13435,10070,1,Khadkale (CT),Khadkale (CT),False,74.95347971715668
27,Maharashtra,Khadki Bk (CT),12133,10208,1,Khadki Bk (CT),Khadki Bk (CT),False,84.13417951042611
27,Maharashtra,Khaira (CT),31699,24303,1,Khaira (CT),Khaira (CT),False,76.66803369191457
27,Maharashtra,Khamari (CT),6794,5036,1,Khamari (CT),Khamari (CT),False,74.12422725934648
27,Maharashtra,Khamgaon (M Cl),94191,76870,1,Khamgaon (M Cl),Khamgaon (M Cl),False,81.61076960643798
27,Maharashtra,Khandbara (CT),6511,4567,1,Khandbara (CT),Khandbara (CT),False,70.14283520196591
27,Maharashtra,Khapa (M Cl),14659,11133,1,Khapa (M Cl),Khapa (M Cl),False,75.94651749778293
27,Maharashtra,Khapar (CT),7235,5343,1,Khapar (CT),Khapar (CT),False,73.84934346924672
27,Maharashtra,Kharabwadi (CT),9200,6779,1,Kharabwadi (CT),Kharabwadi (CT),False,73.68478260869566
27,Maharashtra,Kharbav (CT),5250,3887,1,Kharbav (CT),Kharbav (CT),False,74.03809523809524
27,Maharashtra,Khardi (CT),5579,3866,1,Khardi (CT),Khardi (CT),False,69.29557268327657
27,Maharashtra,Kharghar (CT),80612,66574,1,Kharghar (CT),Kharghar (CT),False,82.58571924775467
27,Maharashtra,Khed (CT),14266,10766,1,Khed (CT),Khed (CT),False,75.46614327772326
27,Maharashtra,Khed (M Cl),16892,14281,1,Khed (M Cl),Khed (M Cl),False,84.54297892493487
27,Maharashtra,Kherdi (CT),12397,10260,1,Kherdi (CT),Kherdi (CT),False,82.76195853835605
27,Maharashtra,Khoni (CT),26016,17729,1,Khoni (CT),Khoni (CT),False,68.14652521525215
27,Maharashtra,Khopoli (M Cl),71141,55081,1,Khopoli (M Cl),Khopoli (M Cl),False,77.42511350697909
27,Maharashtra,Khuldabad (M Cl),15749,10904,1,Khuldabad (M Cl),Khuldabad (M Cl),False,69.23614197726839
27,Maharashtra,Kinwat (M Cl),28454,20356,1,Kinwat (M Cl),Kinwat (M Cl),False,71.54002952133268
27,Maharashtra,Kirkee (CB),78684,65166,1,Kirkee (CB),Kirkee (CB),False,82.81988714351075
27,Maharashtra,Kodoli (CT),26106,21156,1,Kodoli (CT),Kodoli (CT),False,81.03884164559871
27,Maharashtra,Kolhapur,549236,450265,1,Kolhapur (M Corp.),Kolhapur,False,81.98024164475744
27,Maharashtra,Kolki (CT),8054,6591,1,Kolki (CT),Kolki (CT),False,81.83511298733549
27,Maharashtra,Kon (CT),24295,18867,1,Kon (CT),Kon (CT),False,77.65795431158674
27,Maharashtra,Kondumal (CT),10497,9321,1,Kondumal (CT),Kondumal (CT),False,88.79679908545299
27,Maharashtra,Kopargaon (M Cl),65273,48862,1,Kopargaon (M Cl),Kopargaon (M Cl),False,74.85790449343527
27,Maharashtra,Koradi (CT),6321,5097,1,Koradi (CT),Koradi (CT),False,80.6359753203607
27,Maharashtra,Koregaon (CT),24690,19483,1,Koregaon (CT),Koregaon (CT),False,78.91049007695423
27,Maharashtra,Koregaon Bhima (CT),13116,9980,1,Koregaon Bhima (CT),Koregaon Bhima (CT),False,76.09027142421469
27,Maharashtra,Korochi (CT),20420,15385,1,Korochi (CT),Korochi (CT),False,75.34280117531831
27,Maharashtra,Kudal (CT),16015,12957,1,Kudal (CT),Kudal (CT),False,80.90540118638776
27,Maharashtra,Kudus (CT),7204,5114,1,Kudus (CT),Kudus (CT),False,70.988339811216
27,Maharashtra,Kudwa (CT),11549,9329,1,Kudwa (CT),Kudwa (CT),False,80.77755649839813
27,Maharashtra,Kundalwadi (M Cl),14760,8547,1,Kundalwadi (M Cl),Kundalwadi (M Cl),False,57.90650406504065
27,Maharashtra,Kurduvadi (M Cl),22463,17565,1,Kurduvadi (M Cl),Kurduvadi (M Cl),False,78.19525441837689
27,Maharashtra,Kurkheda (CT),7430,6155,1,Kurkheda (CT),Kurkheda (CT),False,82.83983849259758
27,Maharashtra,Kurul (CT),4869,3856,1,Kurul (CT),Kurul (CT),False,79.19490655165332
27,Maharashtra,Kurundvad (M Cl),22372,17471,1,Kurundvad (M Cl),Kurundvad (M Cl),False,78.09315215447882
27,Maharashtra,Kusgaon Bk. (CT),15612,12264,1,Kusgaon Bk. (CT),Kusgaon Bk. (CT),False,78.55495772482706
27,Maharashtra,Kuwarbav (CT),6497,5386,1,Kuwarbav (CT),Kuwarbav (CT),False,82.89979990764968
27,Maharashtra,Lanja (CT),14377,11872,1,Lanja (CT),Lanja (CT),False,82.5763372052584
27,Maharashtra,Lasalgaon (CT),17360,13877,1,Lasalgaon (CT),Lasalgaon (CT),False,79.93663594470047
27,Maharashtra,Latur (M Cl),382940,282237,1,Latur (M Cl),Latur (M Cl),False,73.70266882540346
27,Maharashtra,Loha (M Cl),24125,16410,1,Loha (M Cl),Loha (M Cl),False,68.02072538860104
27,Maharashtra,Lohara (CT),22664,18529,1,Lohara (CT),Lohara (CT),False,81.75520649488175
27,Maharashtra,Lonand (CT),18723,14862,1,Lonand (CT),Lonand (CT),False,79.37830475885275
27,Maharashtra,Lonar (M Cl),23416,17378,1,Lonar (M Cl),Lonar (M Cl),False,74.21421250427058
27,Maharashtra,Lonavala (M Cl),57698,46196,1,Lonavala (M Cl),Lonavala (M Cl),False,80.06516690353219
27,Maharashtra,Madhavnagar (CT),11168,8588,1,Madhavnagar (CT),Madhavnagar (CT),False,76.89828080229226
27,Maharashtra,Mahabaleshwar (M Cl),13393,10789,1,Mahabaleshwar (M Cl),Mahabaleshwar (M Cl),False,80.55700739192116
27,Maharashtra,Mahad (M Cl),27536,23316,1,Mahad (M Cl),Mahad (M Cl),False,84.67460778617082
27,Maharashtra,Mahadula (CT),21481,16718,1,Mahadula (CT),Mahadula (CT),False,77.82691681020437
27,Maharashtra,Mahapoli (CT),5666,3857,1,Mahapoli (CT),Mahapoli (CT),False,68.07271443699258
27,Maharashtra,Mahindale (CT),7977,6175,1,Mahindale (CT),Mahindale (CT),False,77.4100539049768
27,Maharashtra,Maindargi (M Cl),12363,7380,1,Maindargi (M Cl),Maindargi (M Cl),False,59.69424896869692
27,Maharashtra,Majgaon (CT),5080,4190,1,Majgaon (CT),Majgaon (CT),False,82.48031496062993
27,Maharashtra,Makranifali (CT),4812,3315,1,Makranifali (CT),Makranifali (CT),False,68.89027431421447
27,Maharashtra,Maldhe (CT),11881,7711,1,Maldhe (CT),Maldhe (CT),False,64.90194428078443
27,Maharashtra,Malegaon,952540,698438,2,Malegaon (M Corp. + OG) | Malegaon (M Corp.),Malegaon,True,73.32374493459592
27,Maharashtra,Malkapur (CT),15420,12796,1,Malkapur (CT),Malkapur (CT),False,82.98313878080415
27,Maharashtra,Malkapur (M Cl),73079,56006,2,Malkapur (M Cl),Malkapur (M Cl),True,76.63761135209842
27,Maharashtra,Malkapur (NP),31671,24762,1,Malkapur (NP),Malkapur (NP),False,78.1850904613053
27,Maharashtra,Malwan (M Cl),18648,16074,1,Malwan (M Cl),Malwan (M Cl),False,86.1969111969112
27,Maharashtra,Manchar (CT),18876,14876,1,Manchar (CT),Manchar (CT),False,78.80906971816063
27,Maharashtra,Mangalvedhe (M Cl),21824,15797,1,Mangalvedhe (M Cl),Mangalvedhe (M Cl),False,72.38361436950147
27,Maharashtra,Mangrulpir (M Cl),30983,24336,1,Mangrulpir (M Cl),Mangrulpir (M Cl),False,78.54629958364264
27,Maharashtra,Manjlegaon (M Cl),49453,35030,1,Manjlegaon (M Cl),Manjlegaon (M Cl),False,70.83493417992842
27,Maharashtra,Manmad (M Cl),80058,63257,1,Manmad (M Cl),Manmad (M Cl),False,79.01396487546529
27,Maharashtra,Manor (CT),10421,7759,1,Manor (CT),Manor (CT),False,74.4554265425583
27,Maharashtra,Manwath (M Cl),32488,21881,1,Manwath (M Cl),Manwath (M Cl),False,67.35102191578429
27,Maharashtra,Masala (CT),8883,7522,1,Masala (CT),Masala (CT),False,84.6785995722166
27,Maharashtra,Matheran (M Cl),4393,3525,1,Matheran (M Cl),Matheran (M Cl),False,80.2412929660824
27,Maharashtra,Medankarwadi (CT),12576,9457,1,Medankarwadi (CT),Medankarwadi (CT),False,75.19879134860051
27,Maharashtra,Medha (CT),4678,3544,1,Medha (CT),Medha (CT),False,75.75887131252672
27,Maharashtra,Mehkar (M Cl),45248,33980,1,Mehkar (M Cl),Mehkar (M Cl),False,75.09724186704385
27,Maharashtra,Mharal Bk (CT),29462,21316,1,Mharal Bk (CT),Mharal Bk (CT),False,72.35082479125653
27,Maharashtra,Mhasla (CT),9679,7513,1,Mhasla (CT),Mhasla (CT),False,77.62165512966216
27,Maharashtra,Mhaswad (M Cl),24120,15646,1,Mhaswad (M Cl),Mhaswad (M Cl),False,64.86733001658375
27,Maharashtra,Mira-Bhayandar,809378,656293,1,Mira-Bhayandar (M Corp.),Mira-Bhayandar,False,81.0860932716234
27,Maharashtra,Mohpa (M Cl),6987,5625,1,Mohpa (M Cl),Mohpa (M Cl),False,80.50665521683126
27,Maharashtra,Mohpada Alias Wasambe (CT),9694,7667,1,Mohpada Alias Wasambe (CT),Mohpada Alias Wasambe (CT),False,79.09015886115122
27,Maharashtra,Morewadi (CT),7222,5957,1,Morewadi (CT),Morewadi (CT),False,82.48407643312102
27,Maharashtra,Morshi (M Cl),37333,30375,1,Morshi (M Cl),Morshi (M Cl),False,81.3623335922642
27,Maharashtra,Mouda (CT),14606,11643,1,Mouda (CT),Mouda (CT),False,79.71381623990142
27,Maharashtra,Mouje Anjanvel (CT),1621,1293,1,Mouje Anjanvel (CT),Mouje Anjanvel (CT),False,79.76557680444171
27,Maharashtra,Mowad (M Cl),8777,6928,1,Mowad (M Cl),Mowad (M Cl),False,78.93357639284494
27,Maharashtra,Mudkhed (M Cl),23517,15859,1,Mudkhed (M Cl),Mudkhed (M Cl),False,67.43632266020325
27,Maharashtra,Mukhed (M Cl),27650,19504,1,Mukhed (M Cl),Mukhed (M Cl),False,70.53887884267631
27,Maharashtra,Mul (M Cl),25449,18763,1,Mul (M Cl),Mul (M Cl),False,73.72784785256789
27,Maharashtra,Murbad (CT),18725,14755,1,Murbad (CT),Murbad (CT),False,78.79839786381842
27,Maharashtra,Murgud (M Cl),11194,8570,1,Murgud (M Cl),Murgud (M Cl),False,76.55887082365554
27,Maharashtra,Murmadi (CT),7576,6427,1,Murmadi (CT),Murmadi (CT),False,84.8336853220697
27,Maharashtra,Murtijapur (M Cl),40295,33088,1,Murtijapur (M Cl),Murtijapur (M Cl),False,82.11440625387765
27,Maharashtra,Murud Janjira (M Cl),12216,10229,1,Murud Janjira (M Cl),Murud Janjira (M Cl),False,83.73444662737394
27,Maharashtra,Murum (M Cl),18371,12998,1,Murum (M Cl),Murum (M Cl),False,70.75281693974198
27,Maharashtra,Nachane (CT),11688,9806,1,Nachane (CT),Nachane (CT),False,83.89801505817933
27,Maharashtra,Nadgaon Tarf Birwadi (CT),4871,3857,1,Nadgaon Tarf Birwadi (CT),Nadgaon Tarf Birwadi (CT),False,79.18291931841512
27,Maharashtra,Nagalwadi (CT),2562,2078,1,Nagalwadi (CT),Nagalwadi (CT),False,81.10850897736144
27,Maharashtra,Nagapur (CT),11790,9473,1,Nagapur (CT),Nagapur (CT),False,80.34775233248516
27,Maharashtra,Nagardeole (CT),18802,14987,1,Nagardeole (CT),Nagardeole (CT),False,79.70960536113179
27,Maharashtra,Nagothane (CT),12549,9604,1,Nagothane (CT),Nagothane (CT),False,76.53199458124153
27,Maharashtra,Nagpur,2405665,1984123,1,Nagpur (M Corp.),Nagpur,False,82.47711131849198
27,Maharashtra,Nakoda (CT),5634,4324,1,Nakoda (CT),Nakoda (CT),False,76.7483138090167
27,Maharashtra,Naldurg (M Cl),18341,13241,1,Naldurg (M Cl),Naldurg (M Cl),False,72.19344637696963
27,Maharashtra,Nalwadi (CT),12119,10396,1,Nalwadi (CT),Nalwadi (CT),False,85.78265533459857
27,Maharashtra,Nanda (CT),9378,7027,1,Nanda (CT),Nanda (CT),False,74.93068884623587
27,Maharashtra,Nanded Waghala,550439,411866,1,Nanded Waghala (M Corp.),Nanded Waghala,False,74.82500331553543
27,Maharashtra,Nandgaon (M Cl),23604,18482,1,Nandgaon (M Cl),Nandgaon (M Cl),False,78.30028808676495
27,Maharashtra,Nandgaon Pode (CT),3836,2974,1,Nandgaon Pode (CT),Nandgaon Pode (CT),False,77.52867570385818
27,Maharashtra,Nandura (M Cl + OG),44419,35039,1,Nandura (M Cl + OG),Nandura (M Cl + OG),False,78.88291046624192
27,Maharashtra,Nandura (M Cl),42167,33136,1,Nandura (M Cl),Nandura (M Cl),False,78.58277800175493
27,Maharashtra,Nandurbar (M Cl),111037,86231,1,Nandurbar (M Cl),Nandurbar (M Cl),False,77.65969901924585
27,Maharashtra,Nanekarwadi (CT),12654,9542,1,Nanekarwadi (CT),Nanekarwadi (CT),False,75.40698593330171
27,Maharashtra,Narkhed (M Cl),21127,16792,1,Narkhed (M Cl),Narkhed (M Cl),False,79.48123254603115
27,Maharashtra,Narsala (CT),17330,14105,1,Narsala (CT),Narsala (CT),False,81.39065204847086
27,Maharashtra,Nashik,1486053,1178446,1,Nashik (M Corp.),Nashik,False,79.30040180262749
27,Maharashtra,Natepute (CT),17930,13274,1,Natepute (CT),Natepute (CT),False,74.03234802007808
27,Maharashtra,Navghar (CT),6603,5292,1,Navghar (CT),Navghar (CT),False,80.14538845979101
27,Maharashtra,Navi Mumbai,1120547,888117,1,Navi Mumbai (M Corp.),Navi Mumbai,False,79.25745194088243
27,Maharashtra,Navi Mumbai Panvel Raigarh (CT),195373,150137,1,Navi Mumbai Panvel Raigarh (CT),Navi Mumbai Panvel Raigarh (CT),False,76.84634007769753
27,Maharashtra,Nawapur (M Cl),34207,26035,1,Nawapur (M Cl),Nawapur (M Cl),False,76.11015289268278
27,Maharashtra,Ner (M Cl),29302,23540,1,Ner (M Cl),Ner (M Cl),False,80.3358132550679
27,Maharashtra,Neral (CT),18429,14036,1,Neral (CT),Neral (CT),False,76.16256986271637
27,Maharashtra,Nideban (CT),8249,6316,1,Nideban (CT),Nideban (CT),False,76.56685658867741
27,Maharashtra,Nijampur (CT),7696,5561,1,Nijampur (CT),Nijampur (CT),False,72.258316008316
27,Maharashtra,Nilanga (M Cl),36172,25174,1,Nilanga (M Cl),Nilanga (M Cl),False,69.59526705739246
27,Maharashtra,Nildoh (CT),20888,16417,1,Nildoh (CT),Nildoh (CT),False,78.59536576024512
27,Maharashtra,Nimbhore Budruk (CT),7501,5920,1,Nimbhore Budruk (CT),Nimbhore Budruk (CT),False,78.92281029196107
27,Maharashtra,Osmanabad (M Cl),111825,86999,1,Osmanabad (M Cl),Osmanabad (M Cl),False,77.79923988374694
27,Maharashtra,Owle (CT),4275,3044,1,Owle (CT),Owle (CT),False,71.2046783625731
27,Maharashtra,Ozar (CT),51297,40450,1,Ozar (CT),Ozar (CT),False,78.85451390919546
27,Maharashtra,Pachgaon (CT),22353,18198,1,Pachgaon (CT),Pachgaon (CT),False,81.41189102133943
27,Maharashtra,Pachora (M Cl),59609,42995,1,Pachora (M Cl),Pachora (M Cl),False,72.128369877032
27,Maharashtra,Pachora (Rural) (CT),211,81,1,Pachora (Rural) (CT),Pachora (Rural) (CT),False,38.388625592417064
27,Maharashtra,Padagha (CT),6633,5150,1,Padagha (CT),Padagha (CT),False,77.64209256746571
27,Maharashtra,Padoli (CT),5275,3761,1,Padoli (CT),Padoli (CT),False,71.29857819905213
27,Maharashtra,Paithan (M Cl),41536,29428,1,Paithan (M Cl),Paithan (M Cl),False,70.84938366718028
27,Maharashtra,Palghar (M Cl),68930,53435,1,Palghar (M Cl),Palghar (M Cl),False,77.52067314667053
27,Maharashtra,Pali (CT),9176,7458,1,Pali (CT),Pali (CT),False,81.2772449869224
27,Maharashtra,Palidevad (CT),9194,7517,1,Palidevad (CT),Palidevad (CT),False,81.75984337611486
27,Maharashtra,Panchgani (M Cl),14894,12559,1,Panchgani (M Cl),Panchgani (M Cl),False,84.3225459916745
27,Maharashtra,Pandharkaoda (M Cl),31094,25094,1,Pandharkaoda (M Cl),Pandharkaoda (M Cl),False,80.70367273428958
27,Maharashtra,Pandharpur (CT),10346,6843,1,Pandharpur (CT),Pandharpur (CT),False,66.1415039628842
27,Maharashtra,Pandharpur (M Cl),98923,76058,1,Pandharpur (M Cl),Pandharpur (M Cl),False,76.88606289740505
27,Maharashtra,Panhala (M Cl),3121,2618,1,Panhala (M Cl),Panhala (M Cl),False,83.88337071451458
27,Maharashtra,Panvel (M Cl),180020,151693,1,Panvel (M Cl),Panvel (M Cl),False,84.26452616375958
27,Maharashtra,Paranda (M Cl),18758,13584,1,Paranda (M Cl),Paranda (M Cl),False,72.41710203646444
27,Maharashtra,Parbhani (M Cl),307170,217189,1,Parbhani (M Cl),Parbhani (M Cl),False,70.70644919751278
27,Maharashtra,Parli (M Cl),90975,66483,1,Parli (M Cl),Parli (M Cl),False,73.07831821929102
27,Maharashtra,Parola (M Cl),37666,28173,1,Parola (M Cl),Parola (M Cl),False,74.79689906016036
27,Maharashtra,Partur (M Cl),35883,24502,1,Partur (M Cl),Partur (M Cl),False,68.28303096173676
27,Maharashtra,Pasthal (CT),18194,15216,1,Pasthal (CT),Pasthal (CT),False,83.6319665823898
27,Maharashtra,Patan (CT),13779,10849,1,Patan (CT),Patan (CT),False,78.73575731185137
27,Maharashtra,Pathardi (M Cl),27211,20564,1,Pathardi (M Cl),Pathardi (M Cl),False,75.57237881739003
27,Maharashtra,Pathri (M Cl),36853,24469,1,Pathri (M Cl),Pathri (M Cl),False,66.39622283124848
27,Maharashtra,Patur (M Cl),21095,16777,1,Patur (M Cl),Patur (M Cl),False,79.5306944773643
27,Maharashtra,Pauni (M Cl),22821,17675,1,Pauni (M Cl),Pauni (M Cl),False,77.45059375136935
27,Maharashtra,Pen (M Cl),37852,31022,1,Pen (M Cl),Pen (M Cl),False,81.95603931100074
27,Maharashtra,Peth Umri (M Cl),13501,8983,1,Peth Umri (M Cl),Peth Umri (M Cl),False,66.53581216206207
27,Maharashtra,Phaltan (M Cl),52118,41339,1,Phaltan (M Cl),Phaltan (M Cl),False,79.31808588203691
27,Maharashtra,Pimpalgaon (CT),8317,6916,1,Pimpalgaon (CT),Pimpalgaon (CT),False,83.15498376818564
27,Maharashtra,Pimpalgaon Najik (CT),5741,4327,1,Pimpalgaon Najik (CT),Pimpalgaon Najik (CT),False,75.37014457411601
27,Maharashtra,Pimpri Chinchwad,1727692,1343658,1,Pimpri Chinchwad (M Corp.),Pimpri Chinchwad,False,77.77184822294714
27,Maharashtra,Pipri (CT),23661,20137,1,Pipri (CT),Pipri (CT),False,85.10629305608384
27,Maharashtra,Pirangut (CT),14174,10423,1,Pirangut (CT),Pirangut (CT),False,73.5360519260618
27,Maharashtra,Poladpur (CT),5944,4838,1,Poladpur (CT),Poladpur (CT),False,81.39300134589502
27,Maharashtra,Pulgaon (M Cl),33925,28051,1,Pulgaon (M Cl),Pulgaon (M Cl),False,82.68533529845247
27,Maharashtra,Pune,3124458,2496324,1,Pune (M Corp.),Pune,False,79.8962252012989
27,Maharashtra,Pune (CB),71781,61244,1,Pune (CB),Pune (CB),False,85.3206280213427
27,Maharashtra,Purna (M Cl),36433,26216,1,Purna (M Cl),Purna (M Cl),False,71.9567425136552
27,Maharashtra,Purne (CT),6588,4658,1,Purne (CT),Purne (CT),False,70.70431086824529
27,Maharashtra,Pusad (M Cl),73046,58794,1,Pusad (M Cl),Pusad (M Cl),False,80.4890069271418
27,Maharashtra,Rahanal (CT),10928,7912,1,Rahanal (CT),Rahanal (CT),False,72.40117130307468
27,Maharashtra,Rahimatpur (M Cl),17633,13544,1,Rahimatpur (M Cl),Rahimatpur (M Cl),False,76.81052571882266
27,Maharashtra,Rahta Pimplas (M Cl),22335,16510,1,Rahta Pimplas (M Cl),Rahta Pimplas (M Cl),False,73.91985672710992
27,Maharashtra,Rahuri (M Cl),38813,28454,1,Rahuri (M Cl),Rahuri (M Cl),False,73.31048875376807
27,Maharashtra,Rajapur (M Cl),9753,8221,1,Rajapur (M Cl),Rajapur (M Cl),False,84.2920127140367
27,Maharashtra,Rajgurunagar (Khed) (CT),25146,20186,1,Rajgurunagar (Khed) (CT),Rajgurunagar (Khed) (CT),False,80.27519287361807
27,Maharashtra,Rajur (CT),20738,15875,2,Rajur (CT),Rajur (CT),True,76.55029414601215
27,Maharashtra,Rajura (M Cl),29668,23528,1,Rajura (M Cl),Rajura (M Cl),False,79.30430093029527
27,Maharashtra,Ramtek (M Cl),22310,18010,1,Ramtek (M Cl),Ramtek (M Cl),False,80.72613177947109
27,Maharashtra,Ranjangaon (s) (CT),42877,30228,1,Ranjangaon (s) (CT),Ranjangaon (s) (CT),False,70.49933530797398
27,Maharashtra,Ratnagiri (M Cl),76229,63075,1,Ratnagiri (M Cl),Ratnagiri (M Cl),False,82.7441000144302
27,Maharashtra,Raver (M Cl),27039,18747,1,Raver (M Cl),Raver (M Cl),False,69.3331853988683
27,Maharashtra,Rees (CT),8632,7299,1,Rees (CT),Rees (CT),False,84.55746061167748
27,Maharashtra,Risama (CT),6925,5658,1,Risama (CT),Risama (CT),False,81.70397111913358
27,Maharashtra,Risod (M Cl),34136,24929,1,Risod (M Cl),Risod (M Cl),False,73.02847433794236
27,Maharashtra,Roha Ashtami (M Cl),20849,17567,1,Roha Ashtami (M Cl),Roha Ashtami (M Cl),False,84.25823780517051
27,Maharashtra,Saidapur (CT),13913,11205,1,Saidapur (CT),Saidapur (CT),False,80.53618917559118
27,Maharashtra,Sailu (M Cl),46915,31644,1,Sailu (M Cl),Sailu (M Cl),False,67.44964297133113
27,Maharashtra,Sakoli (CT),14636,12088,1,Sakoli (CT),Sakoli (CT),False,82.59087182290243
27,Maharashtra,Sakri (CT),21764,15507,1,Sakri (CT),Sakri (CT),False,71.250689211542
27,Maharashtra,Salwad (CT),10397,8024,1,Salwad (CT),Salwad (CT),False,77.17610849283447
27,Maharashtra,Samangaon (CT),5156,3763,1,Samangaon (CT),Samangaon (CT),False,72.98293250581847
27,Maharashtra,Sanaswadi (CT),13543,10108,1,Sanaswadi (CT),Sanaswadi (CT),False,74.6363434984863
27,Maharashtra,Sangameshwar (CT),10815,8879,1,Sangameshwar (CT),Sangameshwar (CT),False,82.09893666204346
27,Maharashtra,Sangamner (M Cl),65804,53280,1,Sangamner (M Cl),Sangamner (M Cl),False,80.96772232691022
27,Maharashtra,Sangli Miraj Kupwad,502793,385728,1,Sangli Miraj Kupwad (M Corp.),Sangli Miraj Kupwad,False,76.71705851115668
27,Maharashtra,Sangole (M Cl),34321,24982,1,Sangole (M Cl),Sangole (M Cl),False,72.78925439235454
27,Maharashtra,Sangramnagar (CT),6499,5073,1,Sangramnagar (CT),Sangramnagar (CT),False,78.05816279427604
27,Maharashtra,Sansari (CT),5780,4605,1,Sansari (CT),Sansari (CT),False,79.67128027681662
27,Maharashtra,Saravali (CT),8710,7039,1,Saravali (CT),Saravali (CT),False,80.81515499425947
27,Maharashtra,Sasti (CT),4320,3104,1,Sasti (CT),Sasti (CT),False,71.85185185185186
27,Maharashtra,Sasvad (M Cl),31821,24840,1,Sasvad (M Cl),Sasvad (M Cl),False,78.0616573960592
27,Maharashtra,Satana (M Cl),37701,30008,1,Satana (M Cl),Satana (M Cl),False,79.59470571072386
27,Maharashtra,Satara (CT),39973,30454,1,Satara (CT),Satara (CT),False,76.18642583744027
27,Maharashtra,Satara (M Cl),120195,100208,1,Satara (M Cl),Satara (M Cl),False,83.37118848537793
27,Maharashtra,Savda (M Cl),20584,14949,1,Savda (M Cl),Savda (M Cl),False,72.62436844150797
27,Maharashtra,Savner (M Cl),32498,26102,1,Savner (M Cl),Savner (M Cl),False,80.31878884854453
27,Maharashtra,Sawangi (Meghe) (CT),14394,12133,1,Sawangi (Meghe) (CT),Sawangi (Meghe) (CT),False,84.29206613866889
27,Maharashtra,Sawantwadi (M Cl),23851,20398,1,Sawantwadi (M Cl),Sawantwadi (M Cl),False,85.52261959666262
27,Maharashtra,Sawari Jawharnagar (CT),8770,7186,1,Sawari Jawharnagar (CT),Sawari Jawharnagar (CT),False,81.93842645381984
27,Maharashtra,Shahade (M Cl),61376,46277,1,Shahade (M Cl),Shahade (M Cl),False,75.39917883211679
27,Maharashtra,Shahapur (CT),16082,12993,2,Shahapur (CT),Shahapur (CT),True,80.79219002611615
27,Maharashtra,Shegaon (M Cl),59672,47020,1,Shegaon (M Cl),Shegaon (M Cl),False,78.79742592840864
27,Maharashtra,Shelar (CT),14899,10474,1,Shelar (CT),Shelar (CT),False,70.30002013557957
27,Maharashtra,Shendurjana (M Cl),21748,17420,1,Shendurjana (M Cl),Shendurjana (M Cl),False,80.09931947765313
27,Maharashtra,Shirdi (NP),36004,25921,1,Shirdi (NP),Shirdi (NP),False,71.99477835796023
27,Maharashtra,Shirgaon (CT),5971,4699,1,Shirgaon (CT),Shirgaon (CT),False,78.69703567241669
27,Maharashtra,Shirpur-Warwade (M Cl),76905,57600,1,Shirpur-Warwade (M Cl),Shirpur-Warwade (M Cl),False,74.89760093622002
27,Maharashtra,Shirur (M Cl),37111,27585,1,Shirur (M Cl),Shirur (M Cl),False,74.33106087143973
27,Maharashtra,Shivaji Nagar (CT),13877,10270,1,Shivaji Nagar (CT),Shivaji Nagar (CT),False,74.00735029184983
27,Maharashtra,Shivani (CT),13699,10399,1,Shivani (CT),Shivani (CT),False,75.91065041243887
27,Maharashtra,Shivar (CT),6047,4995,1,Shivar (CT),Shivar (CT),False,82.60294360840086
27,Maharashtra,Shivatkar (Nira) (CT),11228,8561,1,Shivatkar (Nira) (CT),Shivatkar (Nira) (CT),False,76.24688279301746
27,Maharashtra,Shrigonda (M Cl),31134,22513,1,Shrigonda (M Cl),Shrigonda (M Cl),False,72.31001477484422
27,Maharashtra,Shrirampur (CT),9949,8287,1,Shrirampur (CT),Shrirampur (CT),False,83.29480349783897
27,Maharashtra,Shrirampur (M Cl),89282,67638,1,Shrirampur (M Cl),Shrirampur (M Cl),False,75.75771152079926
27,Maharashtra,Shrivardhan (M Cl),15123,11862,1,Shrivardhan (M Cl),Shrivardhan (M Cl),False,78.43681809164849
27,Maharashtra,Sillewada (CT),7290,5473,1,Sillewada (CT),Sillewada (CT),False,75.07544581618656
27,Maharashtra,Sillod (M Cl),58230,40811,1,Sillod (M Cl),Sillod (M Cl),False,70.08586639189421
27,Maharashtra,Sindi (M Cl),12858,10208,1,Sindi (M Cl),Sindi (M Cl),False,79.39026287136414
27,Maharashtra,Sindi Turf Hindnagar (CT),20956,18077,1,Sindi Turf Hindnagar (CT),Sindi Turf Hindnagar (CT),False,86.26169116243558
27,Maharashtra,Sindkhed Raja (M Cl),16434,11721,1,Sindkhed Raja (M Cl),Sindkhed Raja (M Cl),False,71.32165023731288
27,Maharashtra,Sinnar (M Cl),65299,49583,1,Sinnar (M Cl),Sinnar (M Cl),False,75.93225011102773
27,Maharashtra,Sironcha Ry. (CT),7427,5680,1,Sironcha Ry. (CT),Sironcha Ry. (CT),False,76.47771644001615
27,Maharashtra,Solapur,951558,697327,1,Solapur (M Corp.),Solapur,False,73.28265854524895
27,Maharashtra,Sonegaon (Nipani) (CT),9387,7596,1,Sonegaon (Nipani) (CT),Sonegaon (Nipani) (CT),False,80.92042186001918
27,Maharashtra,Songirwadi (Rural) (CT),791,667,1,Songirwadi (Rural) (CT),Songirwadi (Rural) (CT),False,84.3236409608091
27,Maharashtra,Sonpeth (M Cl),15765,10208,1,Sonpeth (M Cl),Sonpeth (M Cl),False,64.75103076435141
27,Maharashtra,Soyagaon (CT),34341,28172,1,Soyagaon (CT),Soyagaon (CT),False,82.036050202382
27,Maharashtra,Sundarkhed (CT),13317,10896,1,Sundarkhed (CT),Sundarkhed (CT),False,81.82022978148231
27,Maharashtra,Surgana (CT),6263,4687,1,Surgana (CT),Surgana (CT),False,74.83634041194316
27,Maharashtra,Tadali (CT),4942,4044,1,Tadali (CT),Tadali (CT),False,81.82921893970052
27,Maharashtra,Takalghat (CT),11363,8913,1,Takalghat (CT),Takalghat (CT),False,78.43879257238406
27,Maharashtra,Takali Pr. Chalisgaon (CT),10630,8417,1,Takali Pr. Chalisgaon (CT),Takali Pr. Chalisgaon (CT),False,79.18156161806209
27,Maharashtra,Talegaon Dabhade (M Cl),56435,45934,1,Talegaon Dabhade (M Cl),Talegaon Dabhade (M Cl),False,81.39275272437317
27,Maharashtra,Talode (M Cl),26363,18554,1,Talode (M Cl),Talode (M Cl),False,70.37894018131472
27,Maharashtra,Talode Panchnad (CT),14318,10331,1,Talode Panchnad (CT),Talode Panchnad (CT),False,72.15393211342366
27,Maharashtra,Tamgaon (CT),5223,3737,1,Tamgaon (CT),Tamgaon (CT),False,71.54891824621865
27,Maharashtra,Tarapur (CT),6962,5747,1,Tarapur (CT),Tarapur (CT),False,82.54811835679402
27,Maharashtra,Tasgaon (M Cl),37945,29905,1,Tasgaon (M Cl),Tasgaon (M Cl),False,78.81143760706286
27,Maharashtra,Tekadi (CT),13741,10239,1,Tekadi (CT),Tekadi (CT),False,74.51422749435994
27,Maharashtra,Telhara (M Cl),20986,16805,1,Telhara (M Cl),Telhara (M Cl),False,80.07719432002287
27,Maharashtra,Thana (CT),6339,5206,1,Thana (CT),Thana (CT),False,82.1265183782931
27,Maharashtra,Thane,1841488,1458796,1,Thane (M Corp.),Thane,False,79.21832778709391
27,Maharashtra,Tirora (M Cl),25181,20280,1,Tirora (M Cl),Tirora (M Cl),False,80.53691275167785
27,Maharashtra,Trimbak (M Cl),12056,9604,1,Trimbak (M Cl),Trimbak (M Cl),False,79.6615792966158
27,Maharashtra,Tuljapur (M Cl),34011,26012,1,Tuljapur (M Cl),Tuljapur (M Cl),False,76.48113845520567
27,Maharashtra,Tumsar (M Cl),44869,37183,1,Tumsar (M Cl),Tumsar (M Cl),False,82.87013305400166
27,Maharashtra,Uchgaon (CT),31238,23654,1,Uchgaon (CT),Uchgaon (CT),False,75.72187720084513
27,Maharashtra,Udgir (M Cl),103550,75751,1,Udgir (M Cl),Udgir (M Cl),False,73.15403186866249
27,Maharashtra,Ujalaiwadi (CT),9075,7275,1,Ujalaiwadi (CT),Ujalaiwadi (CT),False,80.16528925619835
27,Maharashtra,Ulhasnagar,506098,397938,1,Ulhasnagar (M Corp.),Ulhasnagar,False,78.62864504503081
27,Maharashtra,Umarga (M Cl),35477,26208,1,Umarga (M Cl),Umarga (M Cl),False,73.8732136313668
27,Maharashtra,Umari Pr. Akola (CT),6756,5430,1,Umari Pr. Akola (CT),Umari Pr. Akola (CT),False,80.37300177619893
27,Maharashtra,Umarkhed (M Cl),47458,36145,1,Umarkhed (M Cl),Umarkhed (M Cl),False,76.1620801550845
27,Maharashtra,Umarsara (CT),21752,18807,1,Umarsara (CT),Umarsara (CT),False,86.46101507907319
27,Maharashtra,Umbar Pada Nandade (CT),7605,5552,1,Umbar Pada Nandade (CT),Umbar Pada Nandade (CT),False,73.00460223537146
27,Maharashtra,Umred (M Cl),53971,42679,1,Umred (M Cl),Umred (M Cl),False,79.07765281354801
27,Maharashtra,Umri Pragane Balapur (CT),20262,17044,1,Umri Pragane Balapur (CT),Umri Pragane Balapur (CT),False,84.118053499161
27,Maharashtra,Uran (M Cl),30439,24911,1,Uran (M Cl),Uran (M Cl),False,81.83908801208976
27,Maharashtra,Uran Islampur (M Cl),67391,53185,1,Uran Islampur (M Cl),Uran Islampur (M Cl),False,78.92003383241085
27,Maharashtra,Urjanagar (CT),4748,3684,1,Urjanagar (CT),Urjanagar (CT),False,77.59056444818872
27,Maharashtra,Utekhol (CT),11380,9094,1,Utekhol (CT),Utekhol (CT),False,79.91212653778558
27,Maharashtra,Vada (CT),16750,12949,1,Vada (CT),Vada (CT),False,77.30746268656716
27,Maharashtra,Vadfalya (CT),6093,4205,1,Vadfalya (CT),Vadfalya (CT),False,69.01362218939767
27,Maharashtra,Vadgaon Kasba (M Cl),25651,19306,1,Vadgaon Kasba (M Cl),Vadgaon Kasba (M Cl),False,75.26412225644225
27,Maharashtra,Vadghar (CT),7341,4968,1,Vadghar (CT),Vadghar (CT),False,67.6747037188394
27,Maharashtra,Vaijapur (M Cl),41296,30032,1,Vaijapur (M Cl),Vaijapur (M Cl),False,72.7237504843084
27,Maharashtra,Vangani (CT),12628,9207,1,Vangani (CT),Vangani (CT),False,72.90940766550523
27,Maharashtra,Varangaon (CT),35411,26987,1,Varangaon (CT),Varangaon (CT),False,76.21078196040779
27,Maharashtra,Vasai-Virar City (M Corp),1222390,952411,1,Vasai-Virar City (M Corp),Vasai-Virar City (M Corp),False,77.91384091820123
27,Maharashtra,Vashind (CT),20561,16409,1,Vashind (CT),Vashind (CT),False,79.8064296483634
27,Maharashtra,Vengurla (M Cl),12392,10447,1,Vengurla (M Cl),Vengurla (M Cl),False,84.30438992898644
27,Maharashtra,Vikramgad (CT),5991,4290,1,Vikramgad (CT),Vikramgad (CT),False,71.60741111667501
27,Maharashtra,Vilholi (CT),6798,4401,1,Vilholi (CT),Vilholi (CT),False,64.7396293027361
27,Maharashtra,Visapur (CT),9398,6939,1,Visapur (CT),Visapur (CT),False,73.83485848052777
27,Maharashtra,Vita (M Cl),48289,37499,1,Vita (M Cl),Vita (M Cl),False,77.6553666466483
27,Maharashtra,Wadagaon (CT),14595,11134,1,Wadagaon (CT),Wadagaon (CT),False,76.28639945186708
27,Maharashtra,Waddhamana (CT),6148,4674,1,Waddhamana (CT),Waddhamana (CT),False,76.02472348731295
27,Maharashtra,Wadgaon Kolhati (CT),65620,50121,1,Wadgaon Kolhati (CT),Wadgaon Kolhati (CT),False,76.3806766229808
27,Maharashtra,Wadgaon Road (CT),40884,35366,1,Wadgaon Road (CT),Wadgaon Road (CT),False,86.50327756579591
27,Maharashtra,Wadi (CT),54048,44188,1,Wadi (CT),Wadi (CT),False,81.75695677915927
27,Maharashtra,Wadi Ratnagiri (CT),4693,3393,1,Wadi Ratnagiri (CT),Wadi Ratnagiri (CT),False,72.29916897506925
27,Maharashtra,Waghapur (CT),12684,10796,1,Waghapur (CT),Waghapur (CT),False,85.11510564490698
27,Maharashtra,Waghoda (CT),7628,6219,1,Waghoda (CT),Waghoda (CT),False,81.52857891976927
27,Maharashtra,Wagholi (CT),33479,24319,1,Wagholi (CT),Wagholi (CT),False,72.63956510051077
27,Maharashtra,Wai (M Cl),36025,28720,1,Wai (M Cl),Wai (M Cl),False,79.72241498959056
27,Maharashtra,Wajegaon (CT),9772,6202,1,Wajegaon (CT),Wajegaon (CT),False,63.467048710601716
27,Maharashtra,Walani (CT),9393,7269,1,Walani (CT),Walani (CT),False,77.38741616097093
27,Maharashtra,Waluj Bk. (CT),20220,13776,1,Waluj Bk. (CT),Waluj Bk. (CT),False,68.13056379821958
27,Maharashtra,Walwadi (CT),29636,23881,1,Walwadi (CT),Walwadi (CT),False,80.58105007423404
27,Maharashtra,Wanadongri (CT),37667,29296,1,Wanadongri (CT),Wanadongri (CT),False,77.77630286457642
27,Maharashtra,Wani (M Cl),58840,48042,1,Wani (M Cl),Wani (M Cl),False,81.6485384092454
27,Maharashtra,Wardha (M Cl),106444,90371,1,Wardha (M Cl),Wardha (M Cl),False,84.9000413362895
27,Maharashtra,Warora (M Cl),46532,37813,1,Warora (M Cl),Warora (M Cl),False,81.26235708759563
27,Maharashtra,Warthi (CT),13058,10541,1,Warthi (CT),Warthi (CT),False,80.72446010108746
27,Maharashtra,Warud (CT),6386,5450,1,Warud (CT),Warud (CT),False,85.34293767616661
27,Maharashtra,Warud (M Cl),45482,37422,1,Warud (M Cl),Warud (M Cl),False,82.27870366298755
27,Maharashtra,Washim (M Cl),78387,61105,1,Washim (M Cl),Washim (M Cl),False,77.95297689667929
27,Maharashtra,Yavatmal (M Cl),116551,96726,1,Yavatmal (M Cl),Yavatmal (M Cl),False,82.99027893368567
27,Maharashtra,Yavatmal (R) (CT),14766,12266,1,Yavatmal (R) (CT),Yavatmal (R) (CT),False,83.06921305702289
27,Maharashtra,Yawal (M Cl),36706,25297,1,Yawal (M Cl),Yawal (M Cl),False,68.91788808369203
27,Maharashtra,Yerkheda (CT),15727,13001,1,Yerkheda (CT),Yerkheda (CT),False,82.66675144655687
27,Maharashtra,Yevla (M Cl),49826,39801,1,Yevla (M Cl),Yevla (M Cl),False,79.87998233853811
27,Maharashtra,Yewalewadi (CT),7685,5112,1,Yewalewadi (CT),Yewalewadi (CT),False,66.5191932335719
27,Maharashtra,Zadgaon (CT),7803,6512,1,Zadgaon (CT),Zadgaon (CT),False,83.4550813789568
27,Maharashtra,Zotirpada (CT),3389,2941,1,Zotirpada (CT),Zotirpada (CT),False,86.7807612865152
28,Andhra Pradesh,Achampet (CT),20721,14914,1,Achampet (CT),Achampet (CT),False,71.97529076782008
28,Andhra Pradesh,Adilabad,117167,82027,1,Adilabad (M),Adilabad,False,70.00862017462255
28,Andhra Pradesh,Adoni,166344,96692,1,Adoni (M),Adoni,False,58.12773529553215
28,Andhra Pradesh,Adoni (M + OG),184625,107130,1,Adoni (M + OG),Adoni (M + OG),False,58.0257278266757
28,Andhra Pradesh,Akkarampalle (CT),44219,29687,1,Akkarampalle (CT),Akkarampalle (CT),False,67.13629887604876
28,Andhra Pradesh,Allipur (CT),11276,8043,1,Allipur (CT),Allipur (CT),False,71.32848527846754
28,Andhra Pradesh,Amadalavalasa,39799,27350,1,Amadalavalasa (M),Amadalavalasa,False,68.72031960602025
28,Andhra Pradesh,Amalapuram,53231,43629,1,Amalapuram (M),Amalapuram,False,81.96163889462908
28,Andhra Pradesh,Ameenapur (CT),36452,25484,1,Ameenapur (CT),Ameenapur (CT),False,69.9111159881488
28,Andhra Pradesh,Anakapalle,86519,63839,1,Anakapalle (M),Anakapalle,False,73.78610478623192
28,Andhra Pradesh,Anantapur,528165,387877,3,Anantapur (M Corp. + OG) (Part) | Anantapur (M Corp.),Anantapur,True,73.43860346671967
28,Andhra Pradesh,Anantapur (CT),15247,9882,1,Anantapur (CT),Anantapur (CT),False,64.81275004919
28,Andhra Pradesh,Annaram (CT),6840,3990,1,Annaram (CT),Annaram (CT),False,58.333333333333336
28,Andhra Pradesh,Arempudi (CT),5073,2974,1,Arempudi (CT),Arempudi (CT),False,58.624088310664305
28,Andhra Pradesh,Armur,43903,28900,1,Armur (M),Armur,False,65.8269366558094
28,Andhra Pradesh,Armur (M + OG),64023,42274,1,Armur (M + OG),Armur (M + OG),False,66.02939568592538
28,Andhra Pradesh,Asifabad (CT),23059,15924,1,Asifabad (CT),Asifabad (CT),False,69.05763476299927
28,Andhra Pradesh,Atmakur (CT),12297,7820,1,Atmakur (CT),Atmakur (CT),False,63.59274619825974
28,Andhra Pradesh,Avilala (CT),24839,16692,1,Avilala (CT),Avilala (CT),False,67.20077297797819
28,Andhra Pradesh,Bachpalle (CT),27563,20530,1,Bachpalle (CT),Bachpalle (CT),False,74.4839095889417
28,Andhra Pradesh,Badangpet (CT),15913,11223,1,Badangpet (CT),Badangpet (CT),False,70.52724187771004
28,Andhra Pradesh,Badepalle (CT),32598,23122,1,Badepalle (CT),Badepalle (CT),False,70.9307319467452
28,Andhra Pradesh,Badvel,70626,43946,2,Badvel (M) (Part),Badvel,True,62.22354373743381
28,Andhra Pradesh,Balaga (CT),9071,7497,1,Balaga (CT),Balaga (CT),False,82.64799911806857
28,Andhra Pradesh,Ballepalle (CT),12530,8254,1,Ballepalle (CT),Ballepalle (CT),False,65.87390263367917
28,Andhra Pradesh,Banaganapalle (CT),20749,13559,1,Banaganapalle (CT),Banaganapalle (CT),False,65.34772760133019
28,Andhra Pradesh,Bandarulanka (CT),11470,8742,1,Bandarulanka (CT),Bandarulanka (CT),False,76.21621621621621
28,Andhra Pradesh,Bandlaguda (Jagir) (CT),12734,8951,1,Bandlaguda  (Jagir) (CT),Bandlaguda (Jagir) (CT),False,70.29213130202608
28,Andhra Pradesh,Banswada (CT),28384,18493,1,Banswada (CT),Banswada (CT),False,65.15290304396844
28,Andhra Pradesh,Banumukkala (CT),14307,8255,1,Banumukkala (CT),Banumukkala (CT),False,57.69902844761305
28,Andhra Pradesh,Bapatla,70777,52106,1,Bapatla (M),Bapatla,False,73.61996128685873
28,Andhra Pradesh,Bellampalle,55841,39680,2,Bellampalle (M) (Part),Bellampalle,True,71.0588993750112
28,Andhra Pradesh,Bethamcherla (CT),38994,22379,1,Bethamcherla (CT),Bethamcherla (CT),False,57.390880648304865
28,Andhra Pradesh,Bhadrachalam (CT),50087,37125,1,Bhadrachalam (CT),Bhadrachalam (CT),False,74.12102940882865
28,Andhra Pradesh,Bhainsa,49764,30092,1,Bhainsa (M),Bhainsa,False,60.469415641829436
28,Andhra Pradesh,Bhanur (CT),9203,6728,1,Bhanur (CT),Bhanur (CT),False,73.10659567532326
28,Andhra Pradesh,Bheemunipatnam,52110,36154,1,Bheemunipatnam (M),Bheemunipatnam,False,69.38015735943198
28,Andhra Pradesh,Bheemunipatnam (M + OG),55082,38269,1,Bheemunipatnam (M + OG),Bheemunipatnam (M + OG),False,69.47641697832323
28,Andhra Pradesh,Bhimaram (CT),13841,9774,1,Bhimaram (CT),Bhimaram (CT),False,70.61628495050935
28,Andhra Pradesh,Bhimavaram,142184,107495,1,Bhimavaram (M),Bhimavaram,False,75.60274011140494
28,Andhra Pradesh,Bhimavaram (M + OG),146961,111356,1,Bhimavaram (M + OG),Bhimavaram (M + OG),False,75.77248385626119
28,Andhra Pradesh,Bhongir,53339,38689,1,Bhongir (M),Bhongir,False,72.53416824462401
28,Andhra Pradesh,Bhupalpalle (CT),42387,29721,1,Bhupalpalle (CT),Bhupalpalle (CT),False,70.11819661688725
28,Andhra Pradesh,Bibinagar (CT),8320,5769,1,Bibinagar (CT),Bibinagar (CT),False,69.3389423076923
28,Andhra Pradesh,Bobbili,56819,39193,1,Bobbili (M),Bobbili,False,68.97868670691142
28,Andhra Pradesh,Bodhan,77573,51479,1,Bodhan (M),Bodhan,False,66.36200739948178
28,Andhra Pradesh,Boduppal (CT),43692,32038,1,Boduppal (CT),Boduppal (CT),False,73.32692483749885
28,Andhra Pradesh,Bollaram (CT),34667,21736,1,Bollaram (CT),Bollaram (CT),False,62.69939712118153
28,Andhra Pradesh,Bonthapalle (CT),6608,3998,1,Bonthapalle (CT),Bonthapalle (CT),False,60.50242130750605
28,Andhra Pradesh,Bowluvada (CT),5001,2790,1,Bowluvada (CT),Bowluvada (CT),False,55.788842231553694
28,Andhra Pradesh,Boyapalle (CT),9247,4229,1,Boyapalle (CT),Boyapalle (CT),False,45.73375148696875
28,Andhra Pradesh,Buja Buja Nellore (CT),10927,7497,1,Buja Buja Nellore (CT),Buja Buja Nellore (CT),False,68.60986547085201
28,Andhra Pradesh,Chandur (CT),10880,7259,1,Chandur (CT),Chandur (CT),False,66.71875
28,Andhra Pradesh,Cheepurupalle (CT),14847,10007,1,Cheepurupalle (CT),Cheepurupalle (CT),False,67.40082171482454
28,Andhra Pradesh,Chegunta (CT),5747,3819,1,Chegunta (CT),Chegunta (CT),False,66.4520619453628
28,Andhra Pradesh,Chennamukkapalle (CT),7065,4062,1,Chennamukkapalle (CT),Chennamukkapalle (CT),False,57.49469214437367
28,Andhra Pradesh,Chennur (CT),23579,15301,1,Chennur (CT),Chennur (CT),False,64.89248907926545
28,Andhra Pradesh,Cherlopalle (CT),6143,4258,1,Cherlopalle (CT),Cherlopalle (CT),False,69.3146671007651
28,Andhra Pradesh,Chidiga (CT),6365,5018,1,Chidiga (CT),Chidiga (CT),False,78.83739198743126
28,Andhra Pradesh,Chilakaluripet,101398,65211,1,Chilakaluripet (M),Chilakaluripet,False,64.3119193672459
28,Andhra Pradesh,Chinnachintakunta (CT),5637,3190,1,Chinnachintakunta (CT),Chinnachintakunta (CT),False,56.590384956537164
28,Andhra Pradesh,Chintalavalasa (CT),5921,3652,1,Chintalavalasa (CT),Chintalavalasa (CT),False,61.6787704779598
28,Andhra Pradesh,Chintapalle (CT),7888,5790,1,Chintapalle (CT),Chintapalle (CT),False,73.40263691683569
28,Andhra Pradesh,Chirala,87200,62099,1,Chirala (M),Chirala,False,71.21444954128441
28,Andhra Pradesh,Chirala (CT),30858,20552,1,Chirala (CT),Chirala (CT),False,66.60185365221336
28,Andhra Pradesh,Chirala (M + OG),92942,66724,2,Chirala (M + OG) (Part),Chirala (M + OG),True,71.79100944675174
28,Andhra Pradesh,Chitkul (CT),5596,3407,1,Chitkul (CT),Chitkul (CT),False,60.88277340957827
28,Andhra Pradesh,Chittoor,153756,119485,1,Chittoor (M),Chittoor,False,77.71078852207394
28,Andhra Pradesh,Chittoor (M + OG),160722,124251,1,Chittoor (M + OG),Chittoor (M + OG),False,77.30802254825102
28,Andhra Pradesh,Chityala (CT),13752,9597,1,Chityala (CT),Chityala (CT),False,69.78621291448516
28,Andhra Pradesh,Chodavaram (CT),20251,14115,1,Chodavaram (CT),Chodavaram (CT),False,69.70026171547084
28,Andhra Pradesh,Choutuppal (CT),19092,13748,1,Choutuppal (CT),Choutuppal (CT),False,72.00921852084643
28,Andhra Pradesh,Chunchupalle (CT),19944,14633,1,Chunchupalle (CT),Chunchupalle (CT),False,73.37043722422784
28,Andhra Pradesh,Cumbum (CT),15169,10663,1,Cumbum (CT),Cumbum (CT),False,70.29467993934999
28,Andhra Pradesh,Dasnapur (CT),22216,15914,1,Dasnapur (CT),Dasnapur (CT),False,71.63305725603169
28,Andhra Pradesh,Devapur (CT),9683,6079,1,Devapur (CT),Devapur (CT),False,62.780130124961275
28,Andhra Pradesh,Devarakonda (CT),29731,21631,1,Devarakonda (CT),Devarakonda (CT),False,72.75570952877469
28,Andhra Pradesh,Dharmaram (P.B) (CT),11537,7529,1,Dharmaram (P.B) (CT),Dharmaram (P.B) (CT),False,65.25959954927623
28,Andhra Pradesh,Dharmavaram,121874,77564,1,Dharmavaram (M),Dharmavaram,False,63.64277860741422
28,Andhra Pradesh,Dhone (NP),59272,37722,1,Dhone (NP),Dhone (NP),False,63.64219192873533
28,Andhra Pradesh,Dommara Nandyala (CT),8337,5004,1,Dommara Nandyala (CT),Dommara Nandyala (CT),False,60.021590500179926
28,Andhra Pradesh,Dornakal (CT),14425,10222,1,Dornakal (CT),Dornakal (CT),False,70.8630849220104
28,Andhra Pradesh,Dowleswaram (CT),44637,31661,1,Dowleswaram (CT),Dowleswaram (CT),False,70.92994600891636
28,Andhra Pradesh,Dundigal (CT),13465,9156,1,Dundigal (CT),Dundigal (CT),False,67.99851466765688
28,Andhra Pradesh,Dwarakatirumala (CT),5543,4058,1,Dwarakatirumala (CT),Dwarakatirumala (CT),False,73.209453364604
28,Andhra Pradesh,Eddumailaram (CT),11759,9684,1,Eddumailaram (CT),Eddumailaram (CT),False,82.35394166170593
28,Andhra Pradesh,Eluru,421800,321429,2,Eluru (M Corp. + OG) | Eluru (M Corp.),Eluru,True,76.20412517780939
28,Andhra Pradesh,Enumamula (CT),13183,8229,1,Enumamula (CT),Enumamula (CT),False,62.42130015929607
28,Andhra Pradesh,Farooqnagar (CT),45675,32238,1,Farooqnagar (CT),Farooqnagar (CT),False,70.58128078817734
28,Andhra Pradesh,GHMC,13725052,10048794,56,GHMC (M Corp. + OG) (Part) | GHMC (M Corp.) (Part),GHMC,True,73.21497944051505
28,Andhra Pradesh,GVMC,1728128,1279137,7,GVMC (Part),GVMC,True,74.01864908154951
28,Andhra Pradesh,Gadwal,57569,36242,1,Gadwal (M),Gadwal,False,62.954020392919794
28,Andhra Pradesh,Gadwal (M + OG),63177,39872,1,Gadwal (M + OG),Gadwal (M + OG),False,63.111575415103594
28,Andhra Pradesh,Gajapathinagaram (CT),5687,3795,1,Gajapathinagaram (CT),Gajapathinagaram (CT),False,66.7311411992263
28,Andhra Pradesh,Gajwel (CT),24961,16936,1,Gajwel (CT),Gajwel (CT),False,67.84984575938464
28,Andhra Pradesh,Garimellapadu (CT),6296,4466,1,Garimellapadu (CT),Garimellapadu (CT),False,70.93392630241424
28,Andhra Pradesh,Gavaravaram (CT),10029,8729,1,Gavaravaram (CT),Gavaravaram (CT),False,87.03759098614019
28,Andhra Pradesh,Ghanpur (CT),5182,3393,1,Ghanpur (CT),Ghanpur (CT),False,65.47664994210729
28,Andhra Pradesh,Ghanpur (Station) (CT),12721,8522,1,Ghanpur (Station) (CT),Ghanpur (Station) (CT),False,66.99158871157927
28,Andhra Pradesh,Ghatkesar (CT),19763,14288,1,Ghatkesar (CT),Ghatkesar (CT),False,72.29671608561453
28,Andhra Pradesh,Giddaluru (CT),35150,25271,1,Giddaluru (CT),Giddaluru (CT),False,71.89473684210526
28,Andhra Pradesh,Gooty (CT),48658,33411,1,Gooty (CT),Gooty (CT),False,68.66496773398002
28,Andhra Pradesh,Gopavaram (CT),22936,13810,1,Gopavaram (CT),Gopavaram (CT),False,60.21102197418905
28,Andhra Pradesh,Gorrekunta (CT),13159,8971,1,Gorrekunta (CT),Gorrekunta (CT),False,68.17387339463485
28,Andhra Pradesh,Gudivada,118167,87887,1,Gudivada (M),Gudivada,False,74.37524858886152
28,Andhra Pradesh,Gudivada (CT),8787,6446,1,Gudivada (CT),Gudivada (CT),False,73.3583703197906
28,Andhra Pradesh,Gudur,60625,44901,1,Gudur (M),Gudur,False,74.06350515463917
28,Andhra Pradesh,Gudur (M + OG),74037,52595,2,Gudur (M + OG) (Part),Gudur (M + OG),True,71.0388049218634
28,Andhra Pradesh,Guntakal,126270,84746,1,Guntakal (M),Guntakal,False,67.11491248911064
28,Andhra Pradesh,Guntupalle (CT),11187,8683,1,Guntupalle (CT),Guntupalle (CT),False,77.61687673192098
28,Andhra Pradesh,Guntur,1317581,952524,2,Guntur (M Corp. + OG) | Guntur (M Corp.),Guntur,True,72.29339220890404
28,Andhra Pradesh,Hindupur,151677,101176,1,Hindupur (M),Hindupur,False,66.7049058196035
28,Andhra Pradesh,Hiramandalam (CT),6603,4244,1,Hiramandalam (CT),Hiramandalam (CT),False,64.27381493260638
28,Andhra Pradesh,Hukumpeta (CT),16985,12106,1,Hukumpeta (CT),Hukumpeta (CT),False,71.27465410656461
28,Andhra Pradesh,Ibrahimpatnam (Bagath) (CT),12349,8040,1,Ibrahimpatnam (Bagath) (CT),Ibrahimpatnam (Bagath) (CT),False,65.10648635517046
28,Andhra Pradesh,Ibrahimpatnam (CT),29432,20673,1,Ibrahimpatnam (CT),Ibrahimpatnam (CT),False,70.23987496602338
28,Andhra Pradesh,Ichchapuram,36493,23105,1,Ichchapuram (M),Ichchapuram,False,63.313512180418165
28,Andhra Pradesh,Ichoda (CT),12358,7721,1,Ichoda (CT),Ichoda (CT),False,62.477747208286125
28,Andhra Pradesh,Isnapur (CT),8276,5369,1,Isnapur (CT),Isnapur (CT),False,64.87433542774286
28,Andhra Pradesh,Jadcherla (CT),17958,11820,1,Jadcherla (CT),Jadcherla (CT),False,65.82024724356833
28,Andhra Pradesh,Jaggaiahpet,53530,37990,1,Jaggaiahpet (M),Jaggaiahpet,False,70.9695497851672
28,Andhra Pradesh,Jagtial,96460,67931,1,Jagtial (M),Jagtial,False,70.42400995231183
28,Andhra Pradesh,Jagtial (M + OG),103930,72154,1,Jagtial (M + OG),Jagtial (M + OG),False,69.42557490618685
28,Andhra Pradesh,Jainoor (CT),6342,3848,1,Jainoor (CT),Jainoor (CT),False,60.674865972879225
28,Andhra Pradesh,Jallaram (CT),9329,6330,1,Jallaram (CT),Jallaram (CT),False,67.85293171829778
28,Andhra Pradesh,Jammalamadugu (NP),46069,30913,1,Jammalamadugu (NP),Jammalamadugu (NP),False,67.10152163059759
28,Andhra Pradesh,Jangaon,52394,38948,1,Jangaon (M),Jangaon,False,74.33675611711264
28,Andhra Pradesh,Jarjapupeta (CT),5761,3494,1,Jarjapupeta (CT),Jarjapupeta (CT),False,60.649192848463805
28,Andhra Pradesh,Jawaharnagar (CT),44562,28906,1,Jawaharnagar (CT),Jawaharnagar (CT),False,64.86692697814281
28,Andhra Pradesh,Jillalguda (CT),27461,19375,1,Jillalguda (CT),Jillalguda (CT),False,70.55460471213722
28,Andhra Pradesh,Jogipet (CT),18494,12142,1,Jogipet (CT),Jogipet (CT),False,65.65372553260516
28,Andhra Pradesh,Kadapa,687947,479373,6,Kadapa (M Corp. + OG) (Part) | Kadapa (M Corp.) (Part),Kadapa,True,69.6816760593476
28,Andhra Pradesh,Kadipikonda (CT),8685,5965,1,Kadipikonda (CT),Kadipikonda (CT),False,68.68163500287852
28,Andhra Pradesh,Kadiri,89429,55983,1,Kadiri (M),Kadiri,False,62.600498719654695
28,Andhra Pradesh,Kagaznagar,57583,41871,1,Kagaznagar (M),Kagaznagar,False,72.71416911241165
28,Andhra Pradesh,Kakinada,696720,505377,3,Kakinada (M Corp. + OG) (Part) | Kakinada (M Corp.),Kakinada,True,72.53660006889426
28,Andhra Pradesh,Kakkalapalle (CT),30128,17579,1,Kakkalapalle (CT),Kakkalapalle (CT),False,58.34771640998406
28,Andhra Pradesh,Kalwakurthy (CT),28060,18791,1,Kalwakurthy (CT),Kalwakurthy (CT),False,66.9672131147541
28,Andhra Pradesh,Kalyandurg (CT),32328,21443,1,Kalyandurg (CT),Kalyandurg (CT),False,66.32949764909675
28,Andhra Pradesh,Kamalapuram (CT),11493,7588,1,Kamalapuram (CT),Kamalapuram (CT),False,66.02279648481685
28,Andhra Pradesh,Kamareddy,80315,56834,1,Kamareddy (M),Kamareddy,False,70.76386727261408
28,Andhra Pradesh,Kanapaka (CT),5960,3903,1,Kanapaka (CT),Kanapaka (CT),False,65.48657718120805
28,Andhra Pradesh,Kandukur,57246,38536,1,Kandukur (M),Kandukur,False,67.31649372881948
28,Andhra Pradesh,Kanigiri (U) (CT),37420,25868,1,Kanigiri (U) (CT),Kanigiri (U) (CT),False,69.12880812399787
28,Andhra Pradesh,Kankipadu (CT),14616,10448,1,Kankipadu (CT),Kankipadu (CT),False,71.48330596606459
28,Andhra Pradesh,Kantabamsuguda (CT),6714,4968,1,Kantabamsuguda (CT),Kantabamsuguda (CT),False,73.9946380697051
28,Andhra Pradesh,Kanuru (CT),49006,37947,1,Kanuru (CT),Kanuru (CT),False,77.4333755050402
28,Andhra Pradesh,Karimnagar,551006,421737,3,Karimnagar (M Corp. + OG) (Part) | Karimnagar (M Corp.),Karimnagar,True,76.53945692061428
28,Andhra Pradesh,Kasipet (CT),5133,2935,1,Kasipet (CT),Kasipet (CT),False,57.17903759984414
28,Andhra Pradesh,Katheru (CT),23572,17243,1,Katheru (CT),Katheru (CT),False,73.15034787035466
28,Andhra Pradesh,Kavali,82336,60497,1,Kavali (M),Kavali,False,73.47575787019044
28,Andhra Pradesh,Kavali (M + OG),90099,64671,1,Kavali (M + OG),Kavali (M + OG),False,71.77771118436387
28,Andhra Pradesh,Khammam,184210,138791,1,Khammam (M),Khammam,False,75.34390098257424
28,Andhra Pradesh,Khammam (M + OG),196283,146832,2,Khammam (M + OG) (Part),Khammam (M + OG),True,74.80627461369554
28,Andhra Pradesh,Khanapuram Haveli (CT),53442,42691,1,Khanapuram Haveli (CT),Khanapuram Haveli (CT),False,79.88286366528199
28,Andhra Pradesh,Kismatpur (CT),7288,5063,1,Kismatpur (CT),Kismatpur (CT),False,69.47036223929747
28,Andhra Pradesh,Kodad (CT),64234,47612,1,Kodad (CT),Kodad (CT),False,74.12273873649468
28,Andhra Pradesh,Kompalle (CT),15575,11193,1,Kompalle (CT),Kompalle (CT),False,71.86516853932584
28,Andhra Pradesh,Kondamallapalle (CT),9683,6144,1,Kondamallapalle (CT),Kondamallapalle (CT),False,63.45140968708045
28,Andhra Pradesh,Kondapalle (CT),33373,23372,1,Kondapalle (CT),Kondapalle (CT),False,70.03266113325142
28,Andhra Pradesh,Koratla,66504,44216,1,Koratla (M),Koratla,False,66.48622639239746
28,Andhra Pradesh,Kothagudem,79819,59064,1,Kothagudem (M),Kothagudem,False,73.99741916085144
28,Andhra Pradesh,Kothakota (CT),19042,11991,1,Kothakota (CT),Kothakota (CT),False,62.971326541329695
28,Andhra Pradesh,Kothapet (CT),12740,8166,1,Kothapet (CT),Kothapet (CT),False,64.09733124018838
28,Andhra Pradesh,Kothavalasa (CT),14321,10403,1,Kothavalasa (CT),Kothavalasa (CT),False,72.6415753089868
28,Andhra Pradesh,Kothur (CT),10519,6922,1,Kothur (CT),Kothur (CT),False,65.80473429033178
28,Andhra Pradesh,Kovvur,39667,29489,1,Kovvur (M),Kovvur,False,74.3413920891421
28,Andhra Pradesh,Kuppam (CT),21963,16232,1,Kuppam (CT),Kuppam (CT),False,73.90611482948596
28,Andhra Pradesh,Kurnool,887847,604202,4,Kurnool (M Corp. + OG) (Part) | Kurnool (M Corp.) (Part),Kurnool,True,68.05249102604391
28,Andhra Pradesh,Kyathampalle (CT),32385,21554,1,Kyathampalle (CT),Kyathampalle (CT),False,66.55550409140034
28,Andhra Pradesh,L.A.Sagaram (CT),19904,14463,1,L.A.Sagaram (CT),L.A.Sagaram (CT),False,72.66378617363344
28,Andhra Pradesh,Laxmidevipalle (CT),13442,9656,1,Laxmidevipalle (CT),Laxmidevipalle (CT),False,71.83454843029311
28,Andhra Pradesh,Luxettipet (CT),11322,8277,1,Luxettipet (CT),Luxettipet (CT),False,73.10545839957605
28,Andhra Pradesh,Macherla,57290,36176,1,Macherla (M),Macherla,False,63.14540059347181
28,Andhra Pradesh,Machilipatnam,169892,127917,1,Machilipatnam (M),Machilipatnam,False,75.29312739858263
28,Andhra Pradesh,Madanapalle,136414,98521,1,Madanapalle (M),Madanapalle,False,72.22205931942469
28,Andhra Pradesh,Madanapalle (M + OG),180180,126929,1,Madanapalle (M + OG),Madanapalle (M + OG),False,70.44566544566545
28,Andhra Pradesh,Madhira (CT),22716,16630,1,Madhira (CT),Madhira (CT),False,73.20831132241592
28,Andhra Pradesh,Mahabubabad (CT),42851,30623,1,Mahabubabad (CT),Mahabubabad (CT),False,71.46390982707521
28,Andhra Pradesh,Mahbubnagar,157733,117306,1,Mahbubnagar (M),Mahbubnagar,False,74.36997964915395
28,Andhra Pradesh,Mahbubnagar (M + OG),190400,140639,1,Mahbubnagar (M + OG),Mahbubnagar (M + OG),False,73.86502100840336
28,Andhra Pradesh,Malicherla (CT),5229,3198,1,Malicherla (CT),Malicherla (CT),False,61.15892139988526
28,Andhra Pradesh,Mamidalapadu (CT),26694,17757,1,Mamidalapadu (CT),Mamidalapadu (CT),False,66.52056641942009
28,Andhra Pradesh,Mamnoor (CT),6319,4644,1,Mamnoor (CT),Mamnoor (CT),False,73.49264124070264
28,Andhra Pradesh,Mancherial,86911,60442,1,Mancherial (M),Mancherial,False,69.54470665393333
28,Andhra Pradesh,Mancherial (M + OG),89935,62114,1,Mancherial (M + OG),Mancherial (M + OG),False,69.06543614832935
28,Andhra Pradesh,Mandamarri,52352,35537,1,Mandamarri (M),Mandamarri,False,67.88088325183375
28,Andhra Pradesh,Mandapeta,53633,37304,1,Mandapeta (M),Mandapeta,False,69.55419238155613
28,Andhra Pradesh,Mandapeta (M + OG),56063,38884,1,Mandapeta (M + OG),Mandapeta (M + OG),False,69.35768688796531
28,Andhra Pradesh,Mangalagiri,73613,50197,1,Mangalagiri (M),Mangalagiri,False,68.19040115197043
28,Andhra Pradesh,Mangalagiri (M + OG),107197,70967,1,Mangalagiri (M + OG),Mangalagiri (M + OG),False,66.2024123809435
28,Andhra Pradesh,Mangalam (CT),19318,12610,1,Mangalam (CT),Mangalam (CT),False,65.27590847913862
28,Andhra Pradesh,Mangampeta (CT),5175,3105,1,Mangampeta (CT),Mangampeta (CT),False,60.0
28,Andhra Pradesh,Mangasamudram (CT),8113,5620,1,Mangasamudram (CT),Mangasamudram (CT),False,69.27153950449895
28,Andhra Pradesh,Manugur,32091,21275,1,Manugur (M),Manugur,False,66.29584618740458
28,Andhra Pradesh,Markapur,71092,47355,1,Markapur (M),Markapur,False,66.61087042142576
28,Andhra Pradesh,Medak,44255,30984,1,Medak (M),Medak,False,70.0124279742402
28,Andhra Pradesh,Medak (M + OG),46880,32107,1,Medak (M + OG),Medak (M + OG),False,68.48762798634812
28,Andhra Pradesh,Medchal (CT),35611,25007,1,Medchal (CT),Medchal (CT),False,70.22268400213417
28,Andhra Pradesh,Medipalle (CT),10787,7962,1,Medipalle (CT),Medipalle (CT),False,73.81106887920646
28,Andhra Pradesh,Meerpet (CT),32013,23820,1,Meerpet (CT),Meerpet (CT),False,74.40727204573142
28,Andhra Pradesh,Metpalle,50902,33883,1,Metpalle (M),Metpalle,False,66.56516443361754
28,Andhra Pradesh,Miryalaguda,103817,75647,1,Miryalaguda (M),Miryalaguda,False,72.86571563424103
28,Andhra Pradesh,Miryalaguda (M + OG),104918,76501,1,Miryalaguda (M + OG),Miryalaguda (M + OG),False,72.9150384109495
28,Andhra Pradesh,Modameedipalle (CT),11397,6501,1,Modameedipalle (CT),Modameedipalle (CT),False,57.04132666491182
28,Andhra Pradesh,Moragudi (CT),6812,4095,1,Moragudi (CT),Moragudi (CT),False,60.1145038167939
28,Andhra Pradesh,Morampudi (CT),15346,8815,1,Morampudi (CT),Morampudi (CT),False,57.44167861331944
28,Andhra Pradesh,Muddanur (CT),9775,6734,1,Muddanur (CT),Muddanur (CT),False,68.89002557544757
28,Andhra Pradesh,Mulaguntapadu (CT),7145,5252,1,Mulaguntapadu (CT),Mulaguntapadu (CT),False,73.50594821553534
28,Andhra Pradesh,Mulakuddu (CT),4513,2702,1,Mulakuddu (CT),Mulakuddu (CT),False,59.87148238422335
28,Andhra Pradesh,Murakambattu (CT),6812,5107,1,Murakambattu (CT),Murakambattu (CT),False,74.97064004697592
28,Andhra Pradesh,Muthangi (CT),8777,5760,1,Muthangi (CT),Muthangi (CT),False,65.62606813261934
28,Andhra Pradesh,Nadim Tiruvuru (CT),18567,13960,1,Nadim Tiruvuru (CT),Nadim Tiruvuru (CT),False,75.18716001508052
28,Andhra Pradesh,Nagaram (CT),30502,22907,1,Nagaram (CT),Nagaram (CT),False,75.09999344305291
28,Andhra Pradesh,Nagari,62253,43136,1,Nagari (M),Nagari,False,69.29143976997094
28,Andhra Pradesh,Nagarkurnool (CT),26801,18970,1,Nagarkurnool (CT),Nagarkurnool (CT),False,70.78094100966382
28,Andhra Pradesh,Nagireddipalle (CT),12318,8597,1,Nagireddipalle (CT),Nagireddipalle (CT),False,69.79217405422958
28,Andhra Pradesh,Nakkapalle (CT),7603,4899,1,Nakkapalle (CT),Nakkapalle (CT),False,64.43509141128501
28,Andhra Pradesh,Nakrekal (CT),29126,21070,1,Nakrekal (CT),Nakrekal (CT),False,72.34086383300145
28,Andhra Pradesh,Nalgonda,135744,105458,1,Nalgonda (M),Nalgonda,False,77.68888495992456
28,Andhra Pradesh,Nalgonda (M + OG),154326,117411,1,Nalgonda (M + OG),Nalgonda (M + OG),False,76.07985692624703
28,Andhra Pradesh,Nandyal,200516,135955,1,Nandyal (M),Nandyal,False,67.80256937102276
28,Andhra Pradesh,Nandyal (M + OG),211424,143611,1,Nandyal (M + OG),Nandyal (M + OG),False,67.92559028303315
28,Andhra Pradesh,Narasannapeta (CT),26280,18670,1,Narasannapeta (CT),Narasannapeta (CT),False,71.04261796042618
28,Andhra Pradesh,Narasapur,58770,46266,1,Narasapur (M),Narasapur,False,78.72383869321082
28,Andhra Pradesh,Narasaraopet,116250,83745,1,Narasaraopet (M),Narasaraopet,False,72.03870967741935
28,Andhra Pradesh,Narasaraopet (M + OG),117489,84505,1,Narasaraopet (M + OG),Narasaraopet (M + OG),False,71.92588242303535
28,Andhra Pradesh,Narayanapuram (CT),14227,9104,1,Narayanapuram (CT),Narayanapuram (CT),False,63.991003022422156
28,Andhra Pradesh,Narayanavanam (CT),11253,7876,1,Narayanavanam (CT),Narayanavanam (CT),False,69.99022482893452
28,Andhra Pradesh,Narayankhed (CT),15610,10198,1,Narayankhed (CT),Narayankhed (CT),False,65.32991672005124
28,Andhra Pradesh,Narayanpet (NP),41752,26531,1,Narayanpet (NP),Narayanpet (NP),False,63.544261352749565
28,Andhra Pradesh,Narsampet (CT),30963,22893,1,Narsampet (CT),Narsampet (CT),False,73.93663404708846
28,Andhra Pradesh,Narsapur (CT),6647,3868,1,Narsapur (CT),Narsapur (CT),False,58.19166541296825
28,Andhra Pradesh,Narsingi (CT),9449,6387,1,Narsingi (CT),Narsingi (CT),False,67.59445443962323
28,Andhra Pradesh,Narsipatnam (CT),33757,24040,1,Narsipatnam (CT),Narsipatnam (CT),False,71.21485914032645
28,Andhra Pradesh,Naspur (CT),31244,21632,1,Naspur (CT),Naspur (CT),False,69.23569325310459
28,Andhra Pradesh,Navandgi (CT),6711,3819,1,Navandgi (CT),Navandgi (CT),False,56.90657130084935
28,Andhra Pradesh,Nellimarla (CT),20498,13589,1,Nellimarla (CT),Nellimarla (CT),False,66.29427261196214
28,Andhra Pradesh,Nellore,1047196,795117,2,Nellore (M Corp. + OG) | Nellore (M Corp.),Nellore,True,75.92819300302904
28,Andhra Pradesh,Nidadavole,43809,32097,1,Nidadavole (M),Nidadavole,False,73.26576730808738
28,Andhra Pradesh,Nirmal,88433,59680,1,Nirmal (M),Nirmal,False,67.48611943505253
28,Andhra Pradesh,Nizamabad,311152,215306,1,Nizamabad (M Corp.),Nizamabad,False,69.196405615262
28,Andhra Pradesh,Nuzvid,58590,43966,1,Nuzvid (M),Nuzvid,False,75.04010923365763
28,Andhra Pradesh,Omerkhan Daira (CT),5349,4063,1,Omerkhan Daira (CT),Omerkhan Daira (CT),False,75.95812301364742
28,Andhra Pradesh,Ongole,204746,153628,1,Ongole (M),Ongole,False,75.0334560870542
28,Andhra Pradesh,Ongole (M + OG),208344,155886,2,Ongole (M + OG) (Part),Ongole (M + OG),True,74.82144914180394
28,Andhra Pradesh,Osmania University (CT),6762,5642,1,Osmania University (CT),Osmania University (CT),False,83.4368530020704
28,Andhra Pradesh,Palacole,61284,48289,1,Palacole (M),Palacole,False,78.79544416160826
28,Andhra Pradesh,Palacole (M + OG),81199,63097,1,Palacole (M + OG),Palacole (M + OG),False,77.70662200273402
28,Andhra Pradesh,Palakonda (CT),20760,13601,1,Palakonda (CT),Palakonda (CT),False,65.51541425818883
28,Andhra Pradesh,Palakurthy (CT),7380,4547,1,Palakurthy (CT),Palakurthy (CT),False,61.612466124661246
28,Andhra Pradesh,Palamaner,51163,37176,1,Palamaner (M),Palamaner,False,72.66188456501769
28,Andhra Pradesh,Palamaner (M + OG),54035,39319,2,Palamaner (M + OG) (Part),Palamaner (M + OG),True,72.76579994448042
28,Andhra Pradesh,Palasa Kasibugga,57507,39276,1,Palasa Kasibugga (M),Palasa Kasibugga,False,68.29777244509364
28,Andhra Pradesh,Palwancha,80199,55941,1,Palwancha (M),Palwancha,False,69.75274005910298
28,Andhra Pradesh,Pamur (CT),20000,13294,1,Pamur (CT),Pamur (CT),False,66.47
28,Andhra Pradesh,Papampeta (CT),13850,9577,1,Papampeta (CT),Papampeta (CT),False,69.14801444043322
28,Andhra Pradesh,Parvathipuram,53844,38618,1,Parvathipuram (M),Parvathipuram,False,71.72201173761236
28,Andhra Pradesh,Payakaraopeta (CT),27001,18539,1,Payakaraopeta (CT),Payakaraopeta (CT),False,68.66041998444501
28,Andhra Pradesh,Peda Boddepalle (CT),12781,8534,1,Peda Boddepalle (CT),Peda Boddepalle (CT),False,66.77098818558798
28,Andhra Pradesh,Pedana,30721,19538,1,Pedana (M),Pedana,False,63.59819016308062
28,Andhra Pradesh,Peddapalle (CT),41171,28320,1,Peddapalle (CT),Peddapalle (CT),False,68.7862816059848
28,Andhra Pradesh,Peddapuram,49477,33930,1,Peddapuram (M),Peddapuram,False,68.5773187541686
28,Andhra Pradesh,Peerzadguda (CT),32586,24993,1,Peerzadguda (CT),Peerzadguda (CT),False,76.6985822132204
28,Andhra Pradesh,Perur (CT),11127,7887,1,Perur (CT),Perur (CT),False,70.88163925586412
28,Andhra Pradesh,Piduguralla (NP),63103,39127,1,Piduguralla (NP),Piduguralla (NP),False,62.004975991632726
28,Andhra Pradesh,Pileru (CT),41489,30949,1,Pileru (CT),Pileru (CT),False,74.59567596230326
28,Andhra Pradesh,Pithapuram,52360,35434,1,Pithapuram (M),Pithapuram,False,67.67379679144385
28,Andhra Pradesh,Pithapuram (M + OG),54859,36976,1,Pithapuram (M + OG),Pithapuram (M + OG),False,67.40188483202391
28,Andhra Pradesh,Pochampalle (CT),12972,8558,1,Pochampalle (CT),Pochampalle (CT),False,65.97286463151403
28,Andhra Pradesh,Podili (CT),31145,20007,1,Podili (CT),Podili (CT),False,64.2382404880398
28,Andhra Pradesh,Ponduru (CT),12640,8301,1,Ponduru (CT),Ponduru (CT),False,65.67246835443038
28,Andhra Pradesh,Ponnur,59913,42617,1,Ponnur (M),Ponnur,False,71.13147397059069
28,Andhra Pradesh,Poranki (CT),25545,20515,1,Poranki (CT),Poranki (CT),False,80.3092581718536
28,Andhra Pradesh,Pothreddipalle (CT),11514,8409,1,Pothreddipalle (CT),Pothreddipalle (CT),False,73.03282959874934
28,Andhra Pradesh,Prasadampadu (CT),13941,10036,1,Prasadampadu (CT),Prasadampadu (CT),False,71.98909690839969
28,Andhra Pradesh,Proddatur,162717,113450,1,Proddatur (M),Proddatur,False,69.72227855724971
28,Andhra Pradesh,Proddatur (M + OG),163970,114319,1,Proddatur (M + OG),Proddatur (M + OG),False,69.71946087698969
28,Andhra Pradesh,Pulivendla,65706,42549,1,Pulivendla (M),Pulivendla,False,64.75664322892887
28,Andhra Pradesh,Punganur,54746,38150,1,Punganur (M),Punganur,False,69.68545647170569
28,Andhra Pradesh,Puttur,54092,38197,1,Puttur (M),Puttur,False,70.61487835539452
28,Andhra Pradesh,Raghunathpur (CT),4008,2633,1,Raghunathpur (CT),Raghunathpur (CT),False,65.6936127744511
28,Andhra Pradesh,Rajahmundry,718164,545024,3,Rajahmundry (M Corp. + OG) (Part) | Rajahmundry (M Corp.),Rajahmundry,True,75.89130059429323
28,Andhra Pradesh,Rajam (NP),42197,27741,1,Rajam (NP),Rajam (NP),False,65.74164040097638
28,Andhra Pradesh,Rajampet (NP + OG),54050,37260,1,Rajampet (NP + OG),Rajampet (NP + OG),False,68.93617021276596
28,Andhra Pradesh,Rajampet (NP),47220,32656,1,Rajampet (NP),Rajampet (NP),False,69.15713680643795
28,Andhra Pradesh,Ramachandrapuram,43657,32623,1,Ramachandrapuram (M),Ramachandrapuram,False,74.7257026364615
28,Andhra Pradesh,Ramachandrapuram (BHEL) Township (CT),15381,12341,1,"Ramachandrapuram 
(BHEL) Township (CT)",Ramachandrapuram (BHEL) Township (CT),False,80.2353553084975
28,Andhra Pradesh,Ramagundam,229644,158341,1,Ramagundam (M),Ramagundam,False,68.95063663757817
28,Andhra Pradesh,Ramagundam (M + OG),242979,166101,2,Ramagundam (M + OG) (Part),Ramagundam (M + OG),True,68.3602286617362
28,Andhra Pradesh,Ramanayyapeta (CT),28369,22345,1,Ramanayyapeta (CT),Ramanayyapeta (CT),False,78.76555394973387
28,Andhra Pradesh,Ramannapeta (CT),10202,7173,1,Ramannapeta (CT),Ramannapeta (CT),False,70.30974318761028
28,Andhra Pradesh,Ramapuram (CT),6614,2890,1,Ramapuram (CT),Ramapuram (CT),False,43.695192016933774
28,Andhra Pradesh,Ramavarappadu (CT),22222,16127,1,Ramavarappadu (CT),Ramavarappadu (CT),False,72.57222572225722
28,Andhra Pradesh,Rameswaram (CT),19483,10383,1,Rameswaram (CT),Rameswaram (CT),False,53.29261407380793
28,Andhra Pradesh,Rampachodavaram (CT),9952,7613,1,Rampachodavaram (CT),Rampachodavaram (CT),False,76.49718649517685
28,Andhra Pradesh,Ratnapur (CT),3154,1875,1,Ratnapur (CT),Ratnapur (CT),False,59.44831959416614
28,Andhra Pradesh,Rayachoti,91234,58710,1,Rayachoti (M),Rayachoti,False,64.35100949207532
28,Andhra Pradesh,Rayadurg,61749,37781,1,Rayadurg (M),Rayadurg,False,61.18479651492332
28,Andhra Pradesh,Rekurthi (CT),7626,4534,1,Rekurthi (CT),Rekurthi (CT),False,59.454497770784165
28,Andhra Pradesh,Renigunta (CT),26031,19715,1,Renigunta (CT),Renigunta (CT),False,75.73662172025661
28,Andhra Pradesh,Repalle,50866,37862,1,Repalle (M),Repalle,False,74.43478944678174
28,Andhra Pradesh,Sadasivpet,42950,29215,1,Sadasivpet (M),Sadasivpet,False,68.0209545983702
28,Andhra Pradesh,Sadasivpet (M + OG),47920,32146,1,Sadasivpet (M + OG),Sadasivpet (M + OG),False,67.08263772954925
28,Andhra Pradesh,Salur,49500,32656,1,Salur (M),Salur,False,65.97171717171717
28,Andhra Pradesh,Samalkot,56864,38087,1,Samalkot (M),Samalkot,False,66.97910804727069
28,Andhra Pradesh,Sangareddy,71376,51942,1,Sangareddy (M),Sangareddy,False,72.77236045729657
28,Andhra Pradesh,Sangareddy (M + OG),72344,52725,1,Sangareddy (M + OG),Sangareddy (M + OG),False,72.88095764679863
28,Andhra Pradesh,Sanivarapupeta (CT),8142,6240,1,Sanivarapupeta (CT),Sanivarapupeta (CT),False,76.63964627855565
28,Andhra Pradesh,Sarapaka (CT),22149,15291,1,Sarapaka (CT),Sarapaka (CT),False,69.03697683868346
28,Andhra Pradesh,Sathupalle (NP),31857,23651,1,Sathupalle (NP),Sathupalle (NP),False,74.24114009479862
28,Andhra Pradesh,Satrampadu (CT),6393,5183,1,Satrampadu (CT),Satrampadu (CT),False,81.07304864695762
28,Andhra Pradesh,Sattenapalle,56721,37449,1,Sattenapalle (M),Sattenapalle,False,66.02316602316603
28,Andhra Pradesh,Secunderabad (CB),217910,166155,1,Secunderabad (CB),Secunderabad (CB),False,76.24936900555275
28,Andhra Pradesh,Shamshabad (CT),32583,22025,1,Shamshabad (CT),Shamshabad (CT),False,67.59659945370285
28,Andhra Pradesh,Shankarampet (A) (CT),6227,3634,1,Shankarampet (A) (CT),Shankarampet (A) (CT),False,58.358760237674645
28,Andhra Pradesh,Shivunipalle (CT),6242,4324,1,Shivunipalle (CT),Shivunipalle (CT),False,69.27266901634091
28,Andhra Pradesh,Siddipet,65158,47151,1,Siddipet (M),Siddipet,False,72.3640995733448
28,Andhra Pradesh,Siddipet (CT),40707,28351,1,Siddipet (CT),Siddipet (CT),False,69.64649814528214
28,Andhra Pradesh,Siddipet (M + OG),66737,48047,1,Siddipet (M + OG),Siddipet (M + OG),False,71.99454575422929
28,Andhra Pradesh,Singapur (CT),20061,13383,1,Singapur (CT),Singapur (CT),False,66.71152983400629
28,Andhra Pradesh,Singarayakonda (RS) (CT),19400,13200,1,Singarayakonda (RS) (CT),Singarayakonda (RS) (CT),False,68.04123711340206
28,Andhra Pradesh,Sircilla,75550,52185,1,Sircilla (M),Sircilla,False,69.07346128391794
28,Andhra Pradesh,Sircilla (M + OG),83186,56465,1,Sircilla (M + OG),Sircilla (M + OG),False,67.87800831870747
28,Andhra Pradesh,Soanpet (CT),6820,4547,1,Soanpet (CT),Soanpet (CT),False,66.67155425219941
28,Andhra Pradesh,Somandepalle (CT),18895,11242,1,Somandepalle (CT),Somandepalle (CT),False,59.497221487165916
28,Andhra Pradesh,Sompeta (CT),18778,12926,1,Sompeta (CT),Sompeta (CT),False,68.83587176483118
28,Andhra Pradesh,Srikakulam,125939,96744,1,Srikakulam (M),Srikakulam,False,76.81814211642144
28,Andhra Pradesh,Srikakulam (M + OG),137944,106200,2,Srikakulam (M + OG) (Part),Srikakulam (M + OG),True,76.98776315026387
28,Andhra Pradesh,Srikalahasti,80056,56501,1,Srikalahasti (M),Srikalahasti,False,70.57684620765464
28,Andhra Pradesh,Sriramnagar (CT),18893,12623,1,Sriramnagar (CT),Sriramnagar (CT),False,66.81310538294608
28,Andhra Pradesh,Srisailam Project(RFC) Township (CT),21452,14608,1,"Srisailam Project(RFC)
Township (CT)",Srisailam Project(RFC) Township (CT),False,68.09621480514637
28,Andhra Pradesh,Sulluru (Sullurpeta) (CT),27504,20819,1,Sulluru (Sullurpeta) (CT),Sulluru (Sullurpeta) (CT),False,75.69444444444444
28,Andhra Pradesh,Suryapet,105531,79126,1,Suryapet (M),Suryapet,False,74.97891614786177
28,Andhra Pradesh,Suryapet (M + OG),106805,80017,1,Suryapet (M + OG),Suryapet (M + OG),False,74.91877721080473
28,Andhra Pradesh,Suryaraopeta (CT),24112,19372,1,Suryaraopeta (CT),Suryaraopeta (CT),False,80.34173855341739
28,Andhra Pradesh,Tada Khandrika (CT),6123,4209,1,Tada Khandrika (CT),Tada Khandrika (CT),False,68.74081332680059
28,Andhra Pradesh,Tadepalle,54406,36694,1,Tadepalle (M),Tadepalle,False,67.44476712127339
28,Andhra Pradesh,Tadepalle (M + OG),64149,44110,1,Tadepalle (M + OG),Tadepalle (M + OG),False,68.76178896007733
28,Andhra Pradesh,Tadepalligudem,103906,77890,1,Tadepalligudem (M),Tadepalligudem,False,74.96198487094105
28,Andhra Pradesh,Tadepalligudem (M + OG),104032,77987,1,Tadepalligudem (M + OG),Tadepalligudem (M + OG),False,74.96443402030144
28,Andhra Pradesh,Tadigadapa (CT),17462,12368,1,Tadigadapa (CT),Tadigadapa (CT),False,70.82808383919368
28,Andhra Pradesh,Tadpatri,108171,68750,1,Tadpatri (M),Tadpatri,False,63.55677584565179
28,Andhra Pradesh,Tandur,65115,43480,1,Tandur (M),Tandur,False,66.77416877831529
28,Andhra Pradesh,Tangapur (CT),7704,4597,1,Tangapur (CT),Tangapur (CT),False,59.67030114226376
28,Andhra Pradesh,Tangellamudi (CT),8250,5943,1,Tangellamudi (CT),Tangellamudi (CT),False,72.03636363636363
28,Andhra Pradesh,Tanuku,72348,56147,1,Tanuku (M),Tanuku,False,77.60684469508486
28,Andhra Pradesh,Tanuku (M + OG),77962,60779,1,Tanuku (M + OG),Tanuku (M + OG),False,77.95977527513404
28,Andhra Pradesh,Teegalpahad (CT),12656,7920,1,Teegalpahad (CT),Teegalpahad (CT),False,62.579013906447535
28,Andhra Pradesh,Tekkali (CT),28631,19808,1,Tekkali (CT),Tekkali (CT),False,69.18375187733575
28,Andhra Pradesh,Tenali,164937,124618,1,Tenali (M),Tenali,False,75.55490884398284
28,Andhra Pradesh,Thallapalle (CT),9656,6050,1,Thallapalle (CT),Thallapalle (CT),False,62.65534382767191
28,Andhra Pradesh,Thimmapur (CT),13485,9128,1,Thimmapur (CT),Thimmapur (CT),False,67.69002595476455
28,Andhra Pradesh,Thorrur (CT),19100,13423,1,Thorrur (CT),Thorrur (CT),False,70.27748691099477
28,Andhra Pradesh,Thummalamenta (CT),12373,6597,1,Thummalamenta (CT),Thummalamenta (CT),False,53.31770791238988
28,Andhra Pradesh,Tiruchanur (CT),22963,17359,1,Tiruchanur (CT),Tiruchanur (CT),False,75.59552323302704
28,Andhra Pradesh,Tirumala (CT),7741,5998,1,Tirumala (CT),Tirumala (CT),False,77.48352925978556
28,Andhra Pradesh,Tirupati,582805,459747,3,Tirupati (M Corp. + OG) (Part) | Tirupati (M Corp.),Tirupati,True,78.88521889825928
28,Andhra Pradesh,Tirupati (NMA) (CT),37968,31582,1,Tirupati (NMA) (CT),Tirupati (NMA) (CT),False,83.18057311420142
28,Andhra Pradesh,Tummikapalle (CT),4911,3346,1,Tummikapalle (CT),Tummikapalle (CT),False,68.13276318468743
28,Andhra Pradesh,Tuni,53425,37047,1,Tuni (M),Tuni,False,69.34394010294805
28,Andhra Pradesh,Turkayamjal (CT),15689,10092,1,Turkayamjal (CT),Turkayamjal (CT),False,64.32532347504622
28,Andhra Pradesh,Upper Sileru Project Site Camp (CT),4632,2978,1,"Upper Sileru Project 
Site Camp (CT)",Upper Sileru Project Site Camp (CT),False,64.29188255613127
28,Andhra Pradesh,Uravakonda (CT),35565,23257,1,Uravakonda (CT),Uravakonda (CT),False,65.39294249964853
28,Andhra Pradesh,Utnur (CT),16005,10973,1,Utnur (CT),Utnur (CT),False,68.55982505467043
28,Andhra Pradesh,Vaddeswaram (CT),6275,3992,1,Vaddeswaram (CT),Vaddeswaram (CT),False,63.61752988047809
28,Andhra Pradesh,Vatwarlapalle (CT),4544,2900,1,Vatwarlapalle (CT),Vatwarlapalle (CT),False,63.820422535211264
28,Andhra Pradesh,Vemulawada (R) (CT),33706,22440,1,Vemulawada (R) (CT),Vemulawada (R) (CT),False,66.57568385450662
28,Andhra Pradesh,Venkatagiri,51708,35912,1,Venkatagiri (M),Venkatagiri,False,69.45153554575695
28,Andhra Pradesh,Venkatagiri (M + OG),52688,36580,1,Venkatagiri (M + OG),Venkatagiri (M + OG),False,69.42757364105678
28,Andhra Pradesh,Veparala (CT),6712,3805,1,Veparala (CT),Veparala (CT),False,56.68951132300357
28,Andhra Pradesh,Vetapalem (CT),38671,25914,1,Vetapalem (CT),Vetapalem (CT),False,67.01145561273304
28,Andhra Pradesh,Vicarabad,53143,37089,1,Vicarabad (M),Vicarabad,False,69.79094142220048
28,Andhra Pradesh,Vijayapuri North (CT),15887,11393,1,Vijayapuri North (CT),Vijayapuri North (CT),False,71.71272109271732
28,Andhra Pradesh,Vijayawada,1155784,846661,4,Vijayawada (M Corp. + OG) (Part) | Vijayawada (M Corp.) (Part),Vijayawada,True,73.25425858118818
28,Andhra Pradesh,Vinnamala (CT),20924,15224,1,Vinnamala (CT),Vinnamala (CT),False,72.75855476964252
28,Andhra Pradesh,Vinukonda,59725,38563,1,Vinukonda (M),Vinukonda,False,64.56760150690666
28,Andhra Pradesh,Vinukonda (M + OG),62550,40506,1,Vinukonda (M + OG),Vinukonda (M + OG),False,64.75779376498801
28,Andhra Pradesh,Vizianagaram,228025,167507,1,Vizianagaram (M),Vizianagaram,False,73.45992763951321
28,Andhra Pradesh,Vizianagaram (M + OG),228720,168073,1,Vizianagaram (M + OG),Vizianagaram (M + OG),False,73.48417278768801
28,Andhra Pradesh,Wanaparthy,60949,42713,1,Wanaparthy (M),Wanaparthy,False,70.0799028696123
28,Andhra Pradesh,Warangal (M.Corp. + OG),704570,523768,5,Warangal (M.Corp. + OG) (Part),Warangal (M.Corp. + OG),True,74.338674652625
28,Andhra Pradesh,Warangal (M.Corp.),615998,463801,2,Warangal (M.Corp.) (Part),Warangal (M.Corp.),True,75.292614586411
28,Andhra Pradesh,Yadagirigutta (CT),15232,10267,1,Yadagirigutta (CT),Yadagirigutta (CT),False,67.40414915966386
28,Andhra Pradesh,Yelamanchili (CT),27265,19036,1,Yelamanchili (CT),Yelamanchili (CT),False,69.81844856042545
28,Andhra Pradesh,Yellandu,33732,24106,1,Yellandu (M),Yellandu,False,71.46329894462232
28,Andhra Pradesh,Yellandu (M + OG),35056,25192,1,Yellandu (M + OG),Yellandu (M + OG),False,71.86216339570973
28,Andhra Pradesh,Yellareddy (CT),14923,9890,1,Yellareddy (CT),Yellareddy (CT),False,66.2735374924613
28,Andhra Pradesh,Yemmiganur,95149,52254,1,Yemmiganur (M),Yemmiganur,False,54.918075859967
28,Andhra Pradesh,Yenamalakuduru (CT),34177,22070,1,Yenamalakuduru (CT),Yenamalakuduru (CT),False,64.5755917722445
28,Andhra Pradesh,Yenugonda (CT),10611,7609,1,Yenugonda (CT),Yenugonda (CT),False,71.70860427857883
28,Andhra Pradesh,Yenumalapalle (CT),10482,6973,1,Yenumalapalle (CT),Yenumalapalle (CT),False,66.52356420530433
28,Andhra Pradesh,Yerrabalem (CT),7803,5781,1,Yerrabalem (CT),Yerrabalem (CT),False,74.08688965782392
28,Andhra Pradesh,Yerraguntla (CT),32574,20334,1,Yerraguntla (CT),Yerraguntla (CT),False,62.42401915638239
28,Andhra Pradesh,Zahirabad,50532,33661,1,Zahirabad (M),Zahirabad,False,66.61323517770917
28,Andhra Pradesh,Zahirabad (M + OG),71166,45059,1,Zahirabad (M + OG),Zahirabad (M + OG),False,63.31534721636737
29,Karnataka,52 Heroor (CT),4778,4046,1,52 Heroor (CT),52 Heroor (CT),False,84.67978233570531
29,Karnataka,Addur (CT),5426,4130,1,Addur (CT),Addur (CT),False,76.11500184297826
29,Karnataka,Adityapatna (CT),2623,2226,1,Adityapatna (CT),Adityapatna (CT),False,84.86465878764773
29,Karnataka,Adyar (CT),7034,5587,1,Adyar (CT),Adyar (CT),False,79.42849019050327
29,Karnataka,Afzalpur (TP),27088,16035,1,Afzalpur (TP),Afzalpur (TP),False,59.195953927938575
29,Karnataka,Aland (TMC),42371,26684,1,Aland (TMC),Aland (TMC),False,62.97703618040641
29,Karnataka,Alevoor (CT),6302,4989,1,Alevoor (CT),Alevoor (CT),False,79.1653443351317
29,Karnataka,Allipura (CT),9930,6814,1,Allipura (CT),Allipura (CT),False,68.62034239677745
29,Karnataka,Alnavar (TP),17228,12721,1,Alnavar (TP),Alnavar (TP),False,73.83909914093336
29,Karnataka,Alur (TP),6541,5008,1,Alur (TP),Alur (TP),False,76.56321663354227
29,Karnataka,Amaravathi (CT),2628,2007,1,Amaravathi (CT),Amaravathi (CT),False,76.36986301369863
29,Karnataka,Ambikanagara (CT),3556,2608,1,Ambikanagara (CT),Ambikanagara (CT),False,73.3408323959505
29,Karnataka,Aminagad (CT),15073,9850,1,Aminagad (CT),Aminagad (CT),False,65.3486366350428
29,Karnataka,Anekal (TMC),44260,32268,1,Anekal (TMC),Anekal (TMC),False,72.90555806597379
29,Karnataka,Ankola (TP + OG),22249,18328,1,Ankola (TP + OG),Ankola (TP + OG),False,82.37673603308014
29,Karnataka,Ankola (TP),15309,12594,1,Ankola (TP),Ankola (TP),False,82.26533411718597
29,Karnataka,Annigeri (TMC),28267,18917,1,Annigeri (TMC),Annigeri (TMC),False,66.92255987547317
29,Karnataka,Arasinakunte (CT),10567,8355,1,Arasinakunte (CT),Arasinakunte (CT),False,79.06690640673796
29,Karnataka,Arkalgud (TP),16810,12123,1,Arkalgud (TP),Arkalgud (TP),False,72.11778703152886
29,Karnataka,Arkula (CT),5077,4123,1,Arkula (CT),Arkula (CT),False,81.20937561552097
29,Karnataka,Arsikere (TMC + OG),53216,42925,1,Arsikere (TMC + OG),Arsikere (TMC + OG),False,80.66183102826217
29,Karnataka,Arsikere (TMC),51336,41383,1,Arsikere (TMC),Arsikere (TMC),False,80.6120461274739
29,Karnataka,Athni (TMC + OG),47842,35112,1,Athni (TMC + OG),Athni (TMC + OG),False,73.39158061953933
29,Karnataka,Athni (TMC),45858,33754,1,Athni (TMC),Athni (TMC),False,73.60547777923155
29,Karnataka,Attibele (CT),20532,15785,1,Attibele (CT),Attibele (CT),False,76.87999220728618
29,Karnataka,Aurad (TP),19849,12226,1,Aurad (TP),Aurad (TP),False,61.59504257141418
29,Karnataka,Aversa (CT),4286,3332,1,Aversa (CT),Aversa (CT),False,77.74148390107327
29,Karnataka,BBMP,16939167,13392397,5,BBMP (M Corp. + OG) (Part) | BBMP (M Corp.) (Part),BBMP,True,79.06172127590455
29,Karnataka,Bada (CT),8117,6734,1,Bada (CT),Bada (CT),False,82.96168535173094
29,Karnataka,Badagabettu (No.80) (CT),9309,7857,1,Badagabettu (No.80) (CT),Badagabettu (No.80) (CT),False,84.40219142765066
29,Karnataka,Badagaulipady (CT),7062,5522,1,Badagaulipady (CT),Badagaulipady (CT),False,78.19314641744548
29,Karnataka,Badami (TMC),30943,22093,1,Badami (TMC),Badami (TMC),False,71.39902401189283
29,Karnataka,Bagalkot,111933,84223,1,Bagalkot (CMC),Bagalkot,False,75.24411924990842
29,Karnataka,Bagepalli (TMC),27011,19715,1,Bagepalli (TMC),Bagepalli (TMC),False,72.98878234793233
29,Karnataka,Bail Hongal (TMC),49182,37271,1,Bail Hongal (TMC),Bail Hongal (TMC),False,75.78179008580375
29,Karnataka,Bajpe (CT),9701,7940,1,Bajpe (CT),Bajpe (CT),False,81.84723224409855
29,Karnataka,Bangarapet (TMC),44849,34424,1,Bangarapet (TMC),Bangarapet (TMC),False,76.75533456710295
29,Karnataka,Bankapura (TMC),22529,15460,1,Bankapura (TMC),Bankapura (TMC),False,68.62266412179856
29,Karnataka,Bannur (TMC),21896,13818,1,Bannur (TMC),Bannur (TMC),False,63.107416879795394
29,Karnataka,Bantval (TMC),40155,32448,1,Bantval (TMC),Bantval (TMC),False,80.80687336570789
29,Karnataka,Basavakalyan,69717,46295,1,Basavakalyan (CMC),Basavakalyan,False,66.40417688655565
29,Karnataka,Basavana Bagevadi (TMC),33198,20801,1,Basavana Bagevadi (TMC),Basavana Bagevadi (TMC),False,62.65738899933731
29,Karnataka,Basettihalli (CT),7943,6483,1,Basettihalli (CT),Basettihalli (CT),False,81.6190356288556
29,Karnataka,Belagavi,978202,784218,2,Belgaum (M Corp. + OG) | Belgaum (M Corp.),Belagavi,True,80.16933107885691
29,Karnataka,Belgaum Cantonment (CB),19411,16045,1,Belgaum Cantonment (CB),Belgaum Cantonment (CB),False,82.6593168821802
29,Karnataka,Bellary,410445,280610,1,Bellary (M Corp.),Bellary,False,68.36725992520313
29,Karnataka,Belma (CT),6452,5023,1,Belma (CT),Belma (CT),False,77.85182889026659
29,Karnataka,Beltangadi (TP),7746,6393,1,Beltangadi (TP),Beltangadi (TP),False,82.53292021688613
29,Karnataka,Belur (TMC),22484,18229,1,Belur (TMC),Belur (TMC),False,81.07543141789716
29,Karnataka,Belvata (CT),8605,6475,1,Belvata (CT),Belvata (CT),False,75.24694944799535
29,Karnataka,Benakanahalli (CT),10999,8122,1,Benakanahalli (CT),Benakanahalli (CT),False,73.8430766433312
29,Karnataka,Bethamangala (CT),10413,7558,1,Bethamangala (CT),Bethamangala (CT),False,72.58234898684337
29,Karnataka,Bhadravati,151102,117705,1,Bhadravati (CMC),Bhadravati,False,77.89771147966275
29,Karnataka,Bhalki (TMC),40333,28315,1,Bhalki (TMC),Bhalki (TMC),False,70.2030595294176
29,Karnataka,Bhatkal (TMC),32000,26162,1,Bhatkal (TMC),Bhatkal (TMC),False,81.75625
29,Karnataka,Bhimarayanagudi (NAC),8029,5029,1,Bhimarayanagudi (NAC),Bhimarayanagudi (NAC),False,62.63544650641425
29,Karnataka,Bhogadi (CT),9041,6889,1,Bhogadi (CT),Bhogadi (CT),False,76.19732330494415
29,Karnataka,Bidadi (CT),9917,7715,1,Bidadi (CT),Bidadi (CT),False,77.7957043460724
29,Karnataka,Bidar,430393,323226,2,Bidar (CMC + OG) | Bidar (CMC),Bidar,True,75.10019912033886
29,Karnataka,Bijapur,327427,237343,1,Bijapur (CMC),Bijapur,False,72.48730251323195
29,Karnataka,Bilgi (TP),17792,11733,1,Bilgi (TP),Bilgi (TP),False,65.94536870503596
29,Karnataka,Birur (TMC),22723,17016,1,Birur (TMC),Birur (TMC),False,74.884478281917
29,Karnataka,Bobruwada (CT),5409,4520,1,Bobruwada (CT),Bobruwada (CT),False,83.5644296542799
29,Karnataka,Bommasandra (CT),15254,12104,1,Bommasandra (CT),Bommasandra (CT),False,79.3496787727809
29,Karnataka,Bondathila (CT),5858,4699,1,Bondathila (CT),Bondathila (CT),False,80.2150904745647
29,Karnataka,Byadgi (TMC),30014,21432,1,Byadgi (TMC),Byadgi (TMC),False,71.40667688412074
29,Karnataka,Byrapura (CT),14276,10733,1,Byrapura (CT),Byrapura (CT),False,75.18212384421406
29,Karnataka,Challakere (TMC),55194,40658,1,Challakere (TMC),Challakere (TMC),False,73.66380403667065
29,Karnataka,Chamarajanagar,69875,46886,1,Chamarajanagar (CMC),Chamarajanagar,False,67.09982110912344
29,Karnataka,Channagiri (TP),21313,16215,1,Channagiri (TP),Channagiri (TP),False,76.0803265612537
29,Karnataka,Channapatna,71942,54127,1,Channapatna (CMC),Channapatna,False,75.23699646937811
29,Karnataka,Channarayapatna (TMC + OG),40417,31913,1,Channarayapatna (TMC + OG),Channarayapatna (TMC + OG),False,78.95934878887597
29,Karnataka,Channarayapatna (TMC),38792,30828,1,Channarayapatna (TMC),Channarayapatna (TMC),False,79.46999381315734
29,Karnataka,Chelur (CT),5911,3849,1,Chelur (CT),Chelur (CT),False,65.11588563694806
29,Karnataka,Chikkaballapura,63652,47766,1,Chikkaballapura (CMC),Chikkaballapura,False,75.04241814868347
29,Karnataka,Chikkabanavara (CT),14409,11144,1,Chikkabanavara (CT),Chikkabanavara (CT),False,77.34055104448608
29,Karnataka,Chikkabidarakallu (CT),11554,9383,1,Chikkabidarakallu (CT),Chikkabidarakallu (CT),False,81.20997057296174
29,Karnataka,Chikkajajur (CT),6236,4788,1,Chikkajajur (CT),Chikkajajur (CT),False,76.77998717126363
29,Karnataka,Chikmagalur,118401,96359,1,Chikmagalur (CMC),Chikmagalur,False,81.3836031790272
29,Karnataka,Chiknayakanhalli (TMC),23206,18073,1,Chiknayakanhalli (TMC),Chiknayakanhalli (TMC),False,77.88072050331812
29,Karnataka,Chikodi (TMC),38307,28867,1,Chikodi (TMC),Chikodi (TMC),False,75.35698436317122
29,Karnataka,Chincholi (TP),20897,13841,1,Chincholi (TP),Chincholi (TP),False,66.23438771115471
29,Karnataka,Chintamani,76068,56743,1,Chintamani (CMC),Chintamani,False,74.59509912183836
29,Karnataka,Chitapur (TMC),31299,17469,1,Chitapur (TMC),Chitapur (TMC),False,55.813284769481456
29,Karnataka,Chitgoppa (TMC),25298,15761,1,Chitgoppa (TMC),Chitgoppa (TMC),False,62.30136769705115
29,Karnataka,Chitradurga,286059,224967,2,Chitradurga (CMC + OG) | Chitradurga (CMC),Chitradurga,True,78.64356653697314
29,Karnataka,Dandeli,52069,40587,1,Dandeli (CMC),Dandeli,False,77.94849142484011
29,Karnataka,Davanagere,434971,329003,1,Davanagere (M Corp.),Davanagere,False,75.63791609095779
29,Karnataka,Devadurga (TMC),28929,16926,1,Devadurga (TMC),Devadurga (TMC),False,58.508762833143216
29,Karnataka,Devanahalli (TMC),28051,20006,1,Devanahalli (TMC),Devanahalli (TMC),False,71.32009554026595
29,Karnataka,Dod Ballapur,177747,135836,2,Dod Ballapur (CMC + OG) | Dod Ballapur (CMC),Dod Ballapur,True,76.42098038222868
29,Karnataka,Dommasandra (CT),12610,9481,1,Dommasandra (CT),Dommasandra (CT),False,75.18636003172085
29,Karnataka,Donimalai Township (CT),6672,5333,1,Donimalai Township (CT),Donimalai Township (CT),False,79.9310551558753
29,Karnataka,Elwala (CT),9826,6589,1,Elwala (CT),Elwala (CT),False,67.05678811316915
29,Karnataka,Gadag-Betigeri,172612,130696,1,Gadag-Betigeri (CMC),Gadag-Betigeri,False,75.71663615507612
29,Karnataka,Gajendragarh (TMC),32359,22209,1,Gajendragarh (TMC),Gajendragarh (TMC),False,68.63314688340184
29,Karnataka,Gangawati,220171,144115,2,Gangawati (CMC + OG) | Gangawati (CMC),Gangawati,True,65.45594106399118
29,Karnataka,Gargeswari (CT),5343,3982,1,Gargeswari (CT),Gargeswari (CT),False,74.52741905296651
29,Karnataka,Gauribidanur (TMC),37947,29054,1,Gauribidanur (TMC),Gauribidanur (TMC),False,76.564682320078
29,Karnataka,Gogipeth (CT),7544,4575,1,Gogipeth (CT),Gogipeth (CT),False,60.644220572640506
29,Karnataka,Gokak,79121,56710,1,Gokak (CMC),Gokak,False,71.67502938537177
29,Karnataka,Gokak Falls (NAC),8080,6080,1,Gokak Falls (NAC),Gokak Falls (NAC),False,75.24752475247524
29,Karnataka,Gonikoppal (CT),8306,6395,1,Gonikoppal (CT),Gonikoppal (CT),False,76.9925355164941
29,Karnataka,Gubbi (TP),18446,15012,1,Gubbi (TP),Gubbi (TP),False,81.38349777729589
29,Karnataka,Gudibanda (TP),9441,6162,1,Gudibanda (TP),Gudibanda (TP),False,65.26850969176994
29,Karnataka,Gudur (CT),11969,7368,1,Gudur (CT),Gudur (CT),False,61.5590274876765
29,Karnataka,Gulbarga,1076734,771957,2,Gulbarga (M Corp. + OG) | Gulbarga (M Corp.),Gulbarga,True,71.69430890080558
29,Karnataka,Guledgudda (TMC),33382,23705,1,Guledgudda (TMC),Guledgudda (TMC),False,71.01132346773711
29,Karnataka,Gundlupet (TMC),28105,20191,1,Gundlupet (TMC),Gundlupet (TMC),False,71.84130937555595
29,Karnataka,Gurmatkal (TP),20614,12356,1,Gurmatkal (TP),Gurmatkal (TP),False,59.939846706122054
29,Karnataka,Haliyal (TP),24238,17813,1,Haliyal (TP),Haliyal (TP),False,73.49203729680667
29,Karnataka,Hangal (TMC),28159,20504,1,Hangal (TMC),Hangal (TMC),False,72.81508576298874
29,Karnataka,Hanur (TP),11066,7297,1,Hanur (TP),Hanur (TP),False,65.94071932044099
29,Karnataka,Haralahalli (CT),4476,3549,1,Haralahalli (CT),Haralahalli (CT),False,79.28954423592494
29,Karnataka,Haralapura (CT),4655,3763,1,Haralapura (CT),Haralapura (CT),False,80.83780880773362
29,Karnataka,Harapanahalli (TMC),47039,29478,1,Harapanahalli (TMC),Harapanahalli (TMC),False,62.66714853632093
29,Karnataka,Harekala (CT),6814,5108,1,Harekala (CT),Harekala (CT),False,74.9633108306428
29,Karnataka,Harihar,160666,121271,2,Harihar (CMC + OG) | Harihar (CMC),Harihar,True,75.48018871447599
29,Karnataka,Hassan,288442,232529,2,Hassan (CMC + OG) | Hassan (CMC),Hassan,True,80.61551369079399
29,Karnataka,Hatti (CT),16278,10066,1,Hatti (CT),Hatti (CT),False,61.83806364418233
29,Karnataka,Hatti Gold Mines(NAC),13536,10305,1,Hatti Gold Mines(NAC),Hatti Gold Mines(NAC),False,76.13031914893617
29,Karnataka,Haveri,67102,52831,1,Haveri (CMC),Haveri,False,78.73237757443891
29,Karnataka,Hebbagodi (CT),34827,28258,1,Hebbagodi (CT),Hebbagodi (CT),False,81.13819737559939
29,Karnataka,Heggadadevankote (TP),14313,10061,1,Heggadadevankote (TP),Heggadadevankote (TP),False,70.29274086494794
29,Karnataka,Hindalgi (CT),13741,11417,1,Hindalgi (CT),Hindalgi (CT),False,83.08711156393275
29,Karnataka,Hinkal (CT),23162,17293,1,Hinkal (CT),Hinkal (CT),False,74.66108280804767
29,Karnataka,Hirekerur (TP),19191,15119,1,Hirekerur (TP),Hirekerur (TP),False,78.78172059819707
29,Karnataka,Hiriyur (TMC),56416,42258,1,Hiriyur (TMC),Hiriyur (TMC),False,74.9042824730573
29,Karnataka,Holalkere (TP),15783,12613,1,Holalkere (TP),Holalkere (TP),False,79.91509852372806
29,Karnataka,Hole Narsipur (TMC),29974,22667,1,Hole Narsipur (TMC),Hole Narsipur (TMC),False,75.62220591179022
29,Karnataka,Homnabad (TMC),44483,31301,1,Homnabad (TMC),Homnabad (TMC),False,70.3662073151541
29,Karnataka,Honavar (TP),19109,16190,1,Honavar (TP),Honavar (TP),False,84.72447537809408
29,Karnataka,Hongalli (CT),9074,6511,1,Hongalli (CT),Hongalli (CT),False,71.75446330174124
29,Karnataka,Honnali (TP),17928,13245,1,Honnali (TP),Honnali (TP),False,73.87884872824631
29,Karnataka,Hoovina Hadagalli (TMC),27967,18949,1,Hoovina Hadagalli (TMC),Hoovina Hadagalli (TMC),False,67.75485393499481
29,Karnataka,Hosakote (TMC),56980,43246,1,Hosakote (TMC),Hosakote (TMC),False,75.8968058968059
29,Karnataka,Hosanagara (TP),5839,4774,1,Hosanagara (TP),Hosanagara (TP),False,81.76057544100017
29,Karnataka,Hosdurga (TMC),28370,22332,1,Hosdurga (TMC),Hosdurga (TMC),False,78.7169545294325
29,Karnataka,Hospet,206167,141475,1,Hospet (CMC),Hospet,False,68.62155437097111
29,Karnataka,Hubli-Dharwad,943788,727103,1,Hubli-Dharwad (M Corp.),Hubli-Dharwad,False,77.04092444489652
29,Karnataka,Hukeri (TP),22988,16277,1,Hukeri (TP),Hukeri (TP),False,70.80650774317036
29,Karnataka,Huliyar (CT),14304,10801,1,Huliyar (CT),Huliyar (CT),False,75.51034675615213
29,Karnataka,Hunasamaranahalli (CT),13389,10927,1,Hunasamaranahalli (CT),Hunasamaranahalli (CT),False,81.61177085667339
29,Karnataka,Hungund (TP),20877,14568,1,Hungund (TP),Hungund (TP),False,69.78014082483115
29,Karnataka,Hunsur (TMC),50865,36630,1,Hunsur (TMC),Hunsur (TMC),False,72.01415511648482
29,Karnataka,Hutagalli (CT),18308,14924,1,Hutagalli (CT),Hutagalli (CT),False,81.51627703736072
29,Karnataka,Ilkal,60242,41139,1,Ilkal (CMC),Ilkal,False,68.28956541947478
29,Karnataka,Indi (TMC),38217,25053,1,Indi (TMC),Indi (TMC),False,65.55459612214459
29,Karnataka,Jagalur (TP),17257,13535,1,Jagalur (TP),Jagalur (TP),False,78.43194066176045
29,Karnataka,Jali (CT),10802,8429,1,Jali (CT),Jali (CT),False,78.03184595445288
29,Karnataka,Jamkhandi,68938,47271,1,Jamkhandi (CMC),Jamkhandi,False,68.57030955351185
29,Karnataka,Jevargi (TP),25686,15950,1,Jevargi (TP),Jevargi (TP),False,62.09608346959433
29,Karnataka,Jigani (CT),17036,12859,1,Jigani (CT),Jigani (CT),False,75.48133364639587
29,Karnataka,Jog Kargal (TP),10847,8425,1,Jog Kargal (TP),Jog Kargal (TP),False,77.67124550566977
29,Karnataka,Kadakola (CT),6436,3879,1,Kadakola (CT),Kadakola (CT),False,60.27035425730267
29,Karnataka,Kadigenahalli (CT),6587,4241,1,Kadigenahalli (CT),Kadigenahalli (CT),False,64.38439350235312
29,Karnataka,Kadur (TMC),34151,25922,1,Kadur (TMC),Kadur (TMC),False,75.90407308717168
29,Karnataka,Kadwad (CT),4403,3450,1,Kadwad (CT),Kadwad (CT),False,78.35566659096071
29,Karnataka,Kairangala (CT),5788,4669,1,Kairangala (CT),Kairangala (CT),False,80.66689702833449
29,Karnataka,Kakati (CT),13946,10497,1,Kakati (CT),Kakati (CT),False,75.26889430661122
29,Karnataka,Kalghatgi (TP),16917,11694,1,Kalghatgi (TP),Kalghatgi (TP),False,69.12573151267955
29,Karnataka,Kamalapuram (TP),25552,14927,1,Kamalapuram (TP),Kamalapuram (TP),False,58.41812773951158
29,Karnataka,Kamalnagar (CT),10252,6932,1,Kamalnagar (CT),Kamalnagar (CT),False,67.61607491221226
29,Karnataka,Kamatgi (CT),15620,9961,1,Kamatgi (CT),Kamatgi (CT),False,63.770806658130596
29,Karnataka,Kampli (TMC),39307,24750,1,Kampli (TMC),Kampli (TMC),False,62.965883939247455
29,Karnataka,Kanakapura (TMC),54014,39141,1,Kanakapura (TMC),Kanakapura (TMC),False,72.46454622875551
29,Karnataka,Kangrali (BK) (CT),10496,7839,1,Kangrali (BK) (CT),Kangrali (BK) (CT),False,74.68559451219512
29,Karnataka,Kangrali (KH) (CT),8204,6366,1,Kangrali (KH) (CT),Kangrali (KH) (CT),False,77.59629449049244
29,Karnataka,Kariyangala (CT),4698,3766,1,Kariyangala (CT),Kariyangala (CT),False,80.16177096636868
29,Karnataka,Karkal (TMC),25800,22034,1,Karkal (TMC),Karkal (TMC),False,85.40310077519379
29,Karnataka,Karwar,140894,119298,2,Karwar (CMC + OG) | Karwar (CMC),Karwar,True,84.67216488991724
29,Karnataka,Kawalettu (CT),6265,4683,1,Kawalettu (CT),Kawalettu (CT),False,74.74860335195531
29,Karnataka,Kenjar (CT),5338,4150,1,Kenjar (CT),Kenjar (CT),False,77.74447358561258
29,Karnataka,Kerur (TP),19731,12501,1,Kerur (TP),Kerur (TP),False,63.35715371750038
29,Karnataka,Khanapur (TP),19309,15301,1,Khanapur (TP),Khanapur (TP),False,79.24284012636595
29,Karnataka,Kodiyal (CT),7061,5256,1,Kodiyal (CT),Kodiyal (CT),False,74.43704857668885
29,Karnataka,Kolambe (CT),5592,4480,1,Kolambe (CT),Kolambe (CT),False,80.11444921316166
29,Karnataka,Kolar,138462,102954,1,Kolar (CMC),Kolar,False,74.35541881527061
29,Karnataka,Kollegal,57149,42547,1,Kollegal (CMC),Kollegal,False,74.4492467059791
29,Karnataka,Konaje (CT),11368,9440,1,Konaje (CT),Konaje (CT),False,83.04011259676284
29,Karnataka,Konappana Agrahara (CT),20622,16102,1,Konappana Agrahara (CT),Konappana Agrahara (CT),False,78.08166036271943
29,Karnataka,Konnur (TP),19386,12783,1,Konnur (TP),Konnur (TP),False,65.93933766635716
29,Karnataka,Koorgalli (CT),7065,4956,1,Koorgalli (CT),Koorgalli (CT),False,70.14861995753715
29,Karnataka,Koppa (TP),4993,4313,1,Koppa (TP),Koppa (TP),False,86.38093330662929
29,Karnataka,Koppal,70698,48806,1,Koppal (CMC),Koppal,False,69.03448470960988
29,Karnataka,Korangrapady (CT),4944,4090,1,Korangrapady (CT),Korangrapady (CT),False,82.72653721682848
29,Karnataka,Koratagere (TP),15265,11539,1,Koratagere (TP),Koratagere (TP),False,75.59122174909925
29,Karnataka,Kotekara (CT),16505,13678,1,Kotekara (CT),Kotekara (CT),False,82.87185701302636
29,Karnataka,Koteshwar (CT),10229,8009,1,Koteshwar (CT),Koteshwar (CT),False,78.29699872910354
29,Karnataka,Kotturu (TP),26289,19673,1,Kotturu (TP),Kotturu (TP),False,74.83358058503556
29,Karnataka,Krishnarajanagara (TMC),35805,27985,1,Krishnarajanagara (TMC),Krishnarajanagara (TMC),False,78.15947493366848
29,Karnataka,Krishnarajpet (TMC),25946,19402,1,Krishnarajpet (TMC),Krishnarajpet (TMC),False,74.77838587836276
29,Karnataka,Kudchi (TP),23154,14507,1,Kudchi (TP),Kudchi (TP),False,62.65440096743543
29,Karnataka,Kudligi (TP),26680,18022,1,Kudligi (TP),Kudligi (TP),False,67.5487256371814
29,Karnataka,Kudremukh (NAC),2241,1864,1,Kudremukh (NAC),Kudremukh (NAC),False,83.17715305667113
29,Karnataka,Kudur (CT),9114,6563,1,Kudur (CT),Kudur (CT),False,72.01009436032477
29,Karnataka,Kumbalagodu (CT),10178,7629,1,Kumbalagodu (CT),Kumbalagodu (CT),False,74.9557869915504
29,Karnataka,Kumta (TMC + OG),36719,30468,1,Kumta (TMC + OG),Kumta (TMC + OG),False,82.97611590729595
29,Karnataka,Kumta (TMC),29266,24393,1,Kumta (TMC),Kumta (TMC),False,83.3492790268571
29,Karnataka,Kundapura (TMC),30444,25191,1,Kundapura (TMC),Kundapura (TMC),False,82.7453685455262
29,Karnataka,Kundgol (TP),18726,12731,1,Kundgol (TP),Kundgol (TP),False,67.98568834775179
29,Karnataka,Kunigal (TMC),34155,25666,1,Kunigal (TMC),Kunigal (TMC),False,75.14565949348558
29,Karnataka,Kurekuppa (CT),22560,14088,1,Kurekuppa (CT),Kurekuppa (CT),False,62.4468085106383
29,Karnataka,Kurgunta (CT),6472,3417,1,Kurgunta (CT),Kurgunta (CT),False,52.796662546353524
29,Karnataka,Kushalnagar (TP),15326,12205,1,Kushalnagar (TP),Kushalnagar (TP),False,79.6359128278742
29,Karnataka,Kushtagi (TMC),24878,17413,1,Kushtagi (TMC),Kushtagi (TMC),False,69.99356861484041
29,Karnataka,Kuvettu (CT),7041,5489,1,Kuvettu (CT),Kuvettu (CT),False,77.95767646641102
29,Karnataka,Lakshmeshwar (TMC),36754,25459,1,Lakshmeshwar (TMC),Lakshmeshwar (TMC),False,69.26865103118028
29,Karnataka,Lingsugur (TMC),35411,23214,1,Lingsugur (TMC),Lingsugur (TMC),False,65.5559007088193
29,Karnataka,Londa (CT),5956,4319,1,Londa (CT),Londa (CT),False,72.51511081262592
29,Karnataka,Machche (CT),18073,13532,1,Machche (CT),Machche (CT),False,74.87412161788302
29,Karnataka,Madanaiyakanahalli (CT),12563,9686,1,Madanaiyakanahalli (CT),Madanaiyakanahalli (CT),False,77.09941892859986
29,Karnataka,Maddur (TMC),28754,21293,1,Maddur (TMC),Maddur (TMC),False,74.05230576615426
29,Karnataka,Madhugiri (TMC),29159,22171,1,Madhugiri (TMC),Madhugiri (TMC),False,76.03484344456257
29,Karnataka,Madikeri,33381,28213,1,Madikeri (CMC),Madikeri,False,84.51813906114256
29,Karnataka,Magadi (TMC),27605,19158,1,Magadi (TMC),Magadi (TMC),False,69.40047092917949
29,Karnataka,Mahalingpur (TMC),36055,23812,1,Mahalingpur (TMC),Mahalingpur (TMC),False,66.04354458466231
29,Karnataka,Malavalli (TMC),37601,26780,1,Malavalli (TMC),Malavalli (TMC),False,71.22151006622164
29,Karnataka,Mallar (CT),7765,6357,1,Mallar (CT),Mallar (CT),False,81.86735350933677
29,Karnataka,Malur (TMC),40050,29244,1,Malur (TMC),Malur (TMC),False,73.0187265917603
29,Karnataka,Mandya,137358,105316,1,Mandya (CMC),Mandya,False,76.67263646820717
29,Karnataka,Mangaluru,988455,843935,2,Mangalore (M Corp. + OG) | Mangalore (M Corp.),Mangaluru,True,85.37920289745107
29,Karnataka,Manipura (CT),5001,4080,1,Manipura (CT),Manipura (CT),False,81.58368326334733
29,Karnataka,Manjanady (CT),10401,8078,1,Manjanady (CT),Manjanady (CT),False,77.66560907605037
29,Karnataka,Manvi (TMC),46465,27247,1,Manvi (TMC),Manvi (TMC),False,58.63983643602712
29,Karnataka,Maragondahalli (CT),8824,5906,1,Maragondahalli (CT),Maragondahalli (CT),False,66.93109700815957
29,Karnataka,Matadakurubarahatti (CT),5884,4287,1,Matadakurubarahatti (CT),Matadakurubarahatti (CT),False,72.8585995921142
29,Karnataka,Mellahalli (CT),6393,4678,1,Mellahalli (CT),Mellahalli (CT),False,73.17378382605976
29,Karnataka,Molakalmuru (TP),15797,11285,1,Molakalmuru (TP),Molakalmuru (TP),False,71.43761473697538
29,Karnataka,Moodabettu (CT),5018,4254,1,Moodabettu (CT),Moodabettu (CT),False,84.77481068154643
29,Karnataka,Mouje Nandgad (CT),8837,6320,1,Mouje Nandgad (CT),Mouje Nandgad (CT),False,71.51748330881522
29,Karnataka,Mudalgi (TMC),29128,16615,1,Mudalgi (TMC),Mudalgi (TMC),False,57.04133479813238
29,Karnataka,Mudbidri (TMC),29431,24377,1,Mudbidri (TMC),Mudbidri (TMC),False,82.82763072950291
29,Karnataka,Muddebihal (TMC),34217,24877,1,Muddebihal (TMC),Muddebihal (TMC),False,72.70362685214951
29,Karnataka,Mudgal (TP),22731,13642,1,Mudgal (TP),Mudgal (TP),False,60.0149575469623
29,Karnataka,Mudhol (TMC),52199,35376,1,Mudhol (TMC),Mudhol (TMC),False,67.77141324546447
29,Karnataka,Mudigere (TP),9677,8036,1,Mudigere (TP),Mudigere (TP),False,83.04226516482382
29,Karnataka,Muduperar (CT),5686,4553,1,Muduperar (CT),Muduperar (CT),False,80.07386563489271
29,Karnataka,Mudushedde (CT),8155,6468,1,Mudushedde (CT),Mudushedde (CT),False,79.31330472103004
29,Karnataka,Mulbagal (TMC),57276,39671,1,Mulbagal (TMC),Mulbagal (TMC),False,69.26286751868147
29,Karnataka,Mulgund (TP),18763,11952,1,Mulgund (TP),Mulgund (TP),False,63.69983478121836
29,Karnataka,Mulki (TP),17274,13646,1,Mulki (TP),Mulki (TP),False,78.9973370383235
29,Karnataka,Mulur (CT),5445,4446,1,Mulur (CT),Mulur (CT),False,81.65289256198346
29,Karnataka,Mundargi (TMC),24919,17178,1,Mundargi (TMC),Mundargi (TMC),False,68.93535053573578
29,Karnataka,Mundgod (TP),18866,14208,1,Mundgod (TP),Mundgod (TP),False,75.31008162832609
29,Karnataka,Munirabad Project Area (CT),8672,6669,1,Munirabad Project Area (CT),Munirabad Project Area (CT),False,76.90267527675276
29,Karnataka,Munnur (CT),8919,7342,1,Munnur (CT),Munnur (CT),False,82.31864558807041
29,Karnataka,Munnuru (CT),8864,6728,1,Munnuru (CT),Munnuru (CT),False,75.90252707581227
29,Karnataka,Mutga (CT),7561,5830,1,Mutga (CT),Mutga (CT),False,77.1062028832165
29,Karnataka,Mysuru,1813612,1439036,2,Mysore (M Corp. + OG) | Mysore (M Corp.),Mysuru,True,79.34640926504677
29,Karnataka,Nadsal (CT),11611,9892,1,Nadsal (CT),Nadsal (CT),False,85.19507363706829
29,Karnataka,Nagamangala (TP),17776,13758,1,Nagamangala (TP),Nagamangala (TP),False,77.39648964896489
29,Karnataka,Nanjangud (TMC),50598,37445,1,Nanjangud (TMC),Nanjangud (TMC),False,74.00490137950116
29,Karnataka,Narasimharajapura (TP),7458,6182,1,Narasimharajapura (TP),Narasimharajapura (TP),False,82.89085545722715
29,Karnataka,Naregal (TP),16690,11710,1,Naregal (TP),Naregal (TP),False,70.1617735170761
29,Karnataka,Nargund (TMC),36291,23648,1,Nargund (TMC),Nargund (TMC),False,65.16216141743132
29,Karnataka,Narikombu (CT),7800,6045,1,Narikombu (CT),Narikombu (CT),False,77.5
29,Karnataka,Navalgund (TMC),24613,16544,1,Navalgund (TMC),Navalgund (TMC),False,67.21651159956122
29,Karnataka,Navoor (CT),5365,4075,1,Navoor (CT),Navoor (CT),False,75.95526561043803
29,Karnataka,Neermarga (CT),5503,4627,1,Neermarga (CT),Neermarga (CT),False,84.08141013992368
29,Karnataka,Nelamangala (TMC),37232,29790,1,Nelamangala (TMC),Nelamangala (TMC),False,80.0118177911474
29,Karnataka,Nipani,62865,48229,1,Nipani  (CMC),Nipani,False,76.71836474986081
29,Karnataka,Pandavapura (TP),20399,14489,1,Pandavapura (TP),Pandavapura (TP),False,71.02799156821413
29,Karnataka,Pavagada (TMC),28486,20829,1,Pavagada (TMC),Pavagada (TMC),False,73.12012918626694
29,Karnataka,Peeranwadi (CT),17874,12682,1,Peeranwadi (CT),Peeranwadi (CT),False,70.9522211032785
29,Karnataka,Piriyapatna (TP),16685,11994,1,Piriyapatna (TP),Piriyapatna (TP),False,71.88492658076116
29,Karnataka,Pudu (CT),13533,10321,1,Pudu (CT),Pudu (CT),False,76.26542525677974
29,Karnataka,Puttur (TMC),53061,44340,1,Puttur (TMC),Puttur (TMC),False,83.56419969469103
29,Karnataka,Rabkavi Banhatti,77004,49105,1,Rabkavi Banhatti (CMC),Rabkavi Banhatti,False,63.76941457586619
29,Karnataka,Raichur,234073,159008,1,Raichur (CMC),Raichur,False,67.93094461984082
29,Karnataka,Ramanagara,95167,66743,1,Ramanagara (CMC),Ramanagara,False,70.13250391417193
29,Karnataka,Ramdurg (TMC + OG),34800,24808,1,Ramdurg (TMC + OG),Ramdurg (TMC + OG),False,71.28735632183908
29,Karnataka,Ramdurg (TMC),33338,23868,1,Ramdurg (TMC),Ramdurg (TMC),False,71.59397684324195
29,Karnataka,Ranibennur,106406,81001,1,Ranibennur (CMC),Ranibennur,False,76.1244666654136
29,Karnataka,Raybag (TP),18736,13859,1,Raybag (TP),Raybag (TP),False,73.96989752348419
29,Karnataka,Robertson Pet,305463,251069,2,Robertson Pet (CMC + OG) | Robertson Pet (CMC),Robertson Pet,True,82.19293335035667
29,Karnataka,Ron (TMC),23311,15964,1,Ron (TMC),Ron (TMC),False,68.4826905752649
29,Karnataka,Sadalgi (TP),23790,16648,1,Sadalgi (TP),Sadalgi (TP),False,69.97898276586801
29,Karnataka,Sagar,54550,44695,1,Sagar (CMC),Sagar,False,81.93400549954171
29,Karnataka,Saidapur (CT),5432,3104,1,Saidapur (CT),Saidapur (CT),False,57.14285714285714
29,Karnataka,Sajipanadu (CT),5847,4243,1,Sajipanadu (CT),Sajipanadu (CT),False,72.56712844193603
29,Karnataka,Sakleshpur (TMC),23352,18376,1,Sakleshpur (TMC),Sakleshpur (TMC),False,78.69133264816718
29,Karnataka,Saligram (TP),15123,12012,1,Saligram (TP),Saligram (TP),False,79.42868478476493
29,Karnataka,Sambra (CT),13159,10549,1,Sambra (CT),Sambra (CT),False,80.16566608404894
29,Karnataka,Sandur (TMC),37431,25021,1,Sandur (TMC),Sandur (TMC),False,66.84566268600892
29,Karnataka,Sankeshwar (TMC),34637,25481,1,Sankeshwar (TMC),Sankeshwar (TMC),False,73.56583999769033
29,Karnataka,Sanoor (CT),6881,5724,1,Sanoor (CT),Sanoor (CT),False,83.18558349077169
29,Karnataka,Saragur (TP),11425,7663,1,Saragur (TP),Saragur (TP),False,67.0722100656455
29,Karnataka,Sarjapura (CT),11807,8441,1,Sarjapura (CT),Sarjapura (CT),False,71.4914881002795
29,Karnataka,Satyamangala (CT),18002,15190,1,Satyamangala (CT),Satyamangala (CT),False,84.37951338740139
29,Karnataka,Saundatti-Yellamma (TMC),41215,27950,1,Saundatti-Yellamma (TMC),Saundatti-Yellamma (TMC),False,67.81511585587772
29,Karnataka,Savanur (TMC),40567,24323,1,Savanur (TMC),Savanur (TMC),False,59.95760100574359
29,Karnataka,Sedam (TMC),39341,26002,1,Sedam (TMC),Sedam (TMC),False,66.09389695228896
29,Karnataka,Shahabad,47582,29444,1,Shahabad (CMC),Shahabad,False,61.880543062502625
29,Karnataka,Shahabad ACC (NAC + OG),13680,9582,1,Shahabad ACC (NAC + OG),Shahabad ACC (NAC + OG),False,70.04385964912281
29,Karnataka,Shahabad ACC (NAC),5027,4040,1,Shahabad ACC (NAC),Shahabad ACC (NAC),False,80.36602347324447
29,Karnataka,Shahpur (TMC),53366,32818,1,Shahpur (TMC),Shahpur (TMC),False,61.49608364876513
29,Karnataka,Shaktinagar (CT),17088,11397,1,Shaktinagar (CT),Shaktinagar (CT),False,66.69592696629213
29,Karnataka,Shiggaon (TMC),28207,19733,1,Shiggaon (TMC),Shiggaon (TMC),False,69.95781189066544
29,Karnataka,Shikarpur (TMC),36015,28205,1,Shikarpur (TMC),Shikarpur (TMC),False,78.31459114257949
29,Karnataka,Shimoga,322650,254531,1,Shimoga (CMC),Shimoga,False,78.88764915543159
29,Karnataka,Shirhatti (TP),17610,11688,1,Shirhatti (TP),Shirhatti (TP),False,66.37137989778536
29,Karnataka,Shorapur (TMC),51398,30516,1,Shorapur (TMC),Shorapur (TMC),False,59.37195999844352
29,Karnataka,Shravanabelgola (CT),6485,4971,1,Shravanabelgola (CT),Shravanabelgola (CT),False,76.65381649961449
29,Karnataka,Shrirangapattana (TMC),25061,18133,1,Shrirangapattana (TMC),Shrirangapattana (TMC),False,72.35545269542317
29,Karnataka,Siddapur (TP),14204,11783,1,Siddapur (TP),Siddapur (TP),False,82.95550549141088
29,Karnataka,Sidlaghatta (TMC),51159,32888,1,Sidlaghatta (TMC),Sidlaghatta (TMC),False,64.28585390644852
29,Karnataka,Sindgi (TMC),37226,24710,1,Sindgi (TMC),Sindgi (TMC),False,66.37833772094773
29,Karnataka,Sindhnur,75837,48524,1,Sindhnur (CMC),Sindhnur,False,63.98459854688344
29,Karnataka,Sira,57554,42578,1,Sira (CMC),Sira,False,73.97921951558536
29,Karnataka,Siralkoppa (TP),16864,12817,1,Siralkoppa (TP),Siralkoppa (TP),False,76.00213472485768
29,Karnataka,Sirsi,62882,52387,1,Sirsi (CMC),Sirsi,False,83.3100092236252
29,Karnataka,Siruguppa (TMC),52492,30754,1,Siruguppa (TMC),Siruguppa (TMC),False,58.58797531052351
29,Karnataka,Someshwar (CT),24066,20333,1,Someshwar (CT),Someshwar (CT),False,84.48848998587218
29,Karnataka,Somvarpet (TP),6729,5472,1,Somvarpet (TP),Somvarpet (TP),False,81.31966116807845
29,Karnataka,Sorab (TP),11332,8966,1,Sorab (TP),Sorab (TP),False,79.1210730674197
29,Karnataka,Sringeri (TP),3922,3306,1,Sringeri (TP),Sringeri (TP),False,84.2937276899541
29,Karnataka,Srinivaspur (TMC),26793,19774,1,Srinivaspur (TMC),Srinivaspur (TMC),False,73.80285895569739
29,Karnataka,Srirampura (CT),11234,8309,1,Srirampura (CT),Srirampura (CT),False,73.96296955670286
29,Karnataka,Sulebhavi (CT),8503,5589,1,Sulebhavi (CT),Sulebhavi (CT),False,65.72974244384335
29,Karnataka,Sulya (TP),19958,16401,1,Sulya (TP),Sulya (TP),False,82.1775729030965
29,Karnataka,Talapady (CT),9532,7590,1,Talapady (CT),Talapady (CT),False,79.62652119177507
29,Karnataka,Talikota (TMC),31693,21352,1,Talikota (TMC),Talikota (TMC),False,67.3713438298678
29,Karnataka,Talipady (CT),7237,6116,1,Talipady (CT),Talipady (CT),False,84.5101561420478
29,Karnataka,Tarikere (TMC),35942,27264,1,Tarikere (TMC),Tarikere (TMC),False,75.8555450447944
29,Karnataka,Tattilli (Mundgod) (CT),3670,3320,1,Tattilli (Mundgod) (CT),Tattilli (Mundgod) (CT),False,90.46321525885558
29,Karnataka,Tekkalakote (TP),26224,10448,1,Tekkalakote (TP),Tekkalakote (TP),False,39.84136668700427
29,Karnataka,Tenkanidyoor (CT),6188,5356,1,Tenkanidyoor (CT),Tenkanidyoor (CT),False,86.5546218487395
29,Karnataka,Terdal (TMC),26088,15795,1,Terdal (TMC),Terdal (TMC),False,60.545078196872126
29,Karnataka,Thokur-62 (CT),7433,6017,1,Thokur-62 (CT),Thokur-62 (CT),False,80.94981837750572
29,Karnataka,Thumbe (CT),6230,4879,1,Thumbe (CT),Thumbe (CT),False,78.31460674157303
29,Karnataka,Tiptur,59543,47358,1,Tiptur (CMC),Tiptur,False,79.5357976588348
29,Karnataka,Tirthahalli (TP),14528,12081,1,Tirthahalli (TP),Tirthahalli (TP),False,83.15666299559471
29,Karnataka,Tirumakudal Narsipur (TP),9980,6979,1,Tirumakudal  Narsipur (TP),Tirumakudal Narsipur (TP),False,69.92985971943888
29,Karnataka,Tonse East (CT),7911,6696,1,Tonse East (CT),Tonse East (CT),False,84.64163822525597
29,Karnataka,Tumkur,302143,241270,1,Tumkur (CMC),Tumkur,False,79.85291732722585
29,Karnataka,Turuvekere (TP),14194,11430,1,Turuvekere (TP),Turuvekere (TP),False,80.5269832323517
29,Karnataka,Udupi,270266,231238,2,Udupi (CMC + OG) | Udupi (CMC),Udupi,True,85.55941183870705
29,Karnataka,Udyavara (CT),11854,9991,1,Udyavara (CT),Udyavara (CT),False,84.28378606377595
29,Karnataka,Ullal (TMC),53773,44109,1,Ullal (TMC),Ullal (TMC),False,82.02815539397095
29,Karnataka,Uppinangady (CT),7813,6034,1,Uppinangady (CT),Uppinangady (CT),False,77.23025726353512
29,Karnataka,Vaddu (CT),12453,8259,1,Vaddu (CT),Vaddu (CT),False,66.32136834497712
29,Karnataka,Varamballi (CT),6809,5673,1,Varamballi (CT),Varamballi (CT),False,83.31619914818621
29,Karnataka,Venkatapura (CT),6928,5586,1,Venkatapura (CT),Venkatapura (CT),False,80.62933025404158
29,Karnataka,Vijayapura (TMC),34866,25051,1,Vijayapura (TMC),Vijayapura (TMC),False,71.84936614466815
29,Karnataka,Virajpet (TP),17246,14531,1,Virajpet (TP),Virajpet (TP),False,84.2572190652905
29,Karnataka,Vittal (CT),17618,14308,1,Vittal (CT),Vittal (CT),False,81.21239641275967
29,Karnataka,Wadi (TMC),37988,22434,1,Wadi (TMC),Wadi (TMC),False,59.05549120774981
29,Karnataka,Yadgir,74294,47361,1,Yadgir (CMC),Yadgir,False,63.74808194470617
29,Karnataka,Yelandur (TP),8779,6098,1,Yelandur (TP),Yelandur (TP),False,69.46121426130539
29,Karnataka,Yelbarga (TP),14814,10274,1,Yelbarga (TP),Yelbarga (TP),False,69.35331443229377
29,Karnataka,Yellapur (TP),20452,16372,1,Yellapur (TP),Yellapur (TP),False,80.05085077254058
29,Karnataka,Yellur (CT),11850,8758,1,Yellur (CT),Yellur (CT),False,73.90717299578058
29,Karnataka,Yenagudde (CT),5017,4262,1,Yenagudde (CT),Yenagudde (CT),False,84.95116603547937
30,Goa,Aldona (CT),6270,5261,1,Aldona (CT),Aldona (CT),False,83.90749601275917
30,Goa,Anjuna (CT),9636,7656,1,Anjuna (CT),Anjuna (CT),False,79.45205479452055
30,Goa,Aquem (CT),6511,5194,1,Aquem (CT),Aquem (CT),False,79.77269236676395
30,Goa,Arambol (CT),5322,4280,1,Arambol (CT),Arambol (CT),False,80.42089440060127
30,Goa,Bambolim (CT),6885,5971,1,Bambolim (CT),Bambolim (CT),False,86.72476397966594
30,Goa,Bandora (CT),12722,10409,1,Bandora (CT),Bandora (CT),False,81.81889639993712
30,Goa,Benaulim (CT),11919,9536,1,Benaulim (CT),Benaulim (CT),False,80.00671197248091
30,Goa,Bicholim (M Cl),16986,13971,1,Bicholim (M Cl),Bicholim (M Cl),False,82.25008830801836
30,Goa,Borim (CT),8257,6764,1,Borim (CT),Borim (CT),False,81.91837229017803
30,Goa,Calangute (CT),13810,11054,1,Calangute (CT),Calangute (CT),False,80.04344677769733
30,Goa,Calapor (CT),14077,11628,1,Calapor (CT),Calapor (CT),False,82.60282730695461
30,Goa,Canacona (M Cl),12434,9980,1,Canacona (M Cl),Canacona (M Cl),False,80.26379282612193
30,Goa,Candola (CT),5354,4353,1,Candola (CT),Candola (CT),False,81.30369816959283
30,Goa,Candolim (CT),8500,6701,1,Candolim (CT),Candolim (CT),False,78.83529411764705
30,Goa,Carapur (CT),5500,4510,1,Carapur (CT),Carapur (CT),False,82.0
30,Goa,Chicalim (CT),6933,5886,1,Chicalim (CT),Chicalim (CT),False,84.8983124188663
30,Goa,Chimbel (CT),15289,10774,1,Chimbel (CT),Chimbel (CT),False,70.46896461508274
30,Goa,Chinchinim (CT),6908,5526,1,Chinchinim (CT),Chinchinim (CT),False,79.994209612044
30,Goa,Colvale (CT),4818,3946,1,Colvale (CT),Colvale (CT),False,81.90120381901204
30,Goa,Corlim (CT),6568,5245,1,Corlim (CT),Corlim (CT),False,79.85688185140073
30,Goa,Cortalim (CT),9080,7111,1,Cortalim (CT),Cortalim (CT),False,78.31497797356828
30,Goa,Cumbarjua (CT),4917,4076,1,Cumbarjua (CT),Cumbarjua (CT),False,82.89607484238357
30,Goa,Cuncolim (M Cl),16623,13663,1,Cuncolim (M Cl),Cuncolim (M Cl),False,82.19334656800818
30,Goa,Curchorem-Cacora (M Cl),22730,18066,1,Curchorem-Cacora (M Cl),Curchorem-Cacora (M Cl),False,79.4808622965244
30,Goa,Curti (CT),16385,12817,1,Curti (CT),Curti (CT),False,78.22398535245651
30,Goa,Curtorim (CT),12886,10051,1,Curtorim (CT),Curtorim (CT),False,77.99937917119354
30,Goa,Davorlim (CT),15350,11921,1,Davorlim (CT),Davorlim (CT),False,77.6612377850163
30,Goa,Goa Velha (CT),4322,3473,1,Goa Velha (CT),Goa Velha (CT),False,80.35631652012957
30,Goa,Guirim (CT),5036,4123,1,Guirim (CT),Guirim (CT),False,81.87053216838761
30,Goa,Jua (CT),4134,3484,1,Jua (CT),Jua (CT),False,84.27672955974843
30,Goa,Mandrem (CT),8336,6811,1,Mandrem (CT),Mandrem (CT),False,81.70585412667947
30,Goa,Mapusa (M Cl),39989,33320,1,Mapusa (M Cl),Mapusa (M Cl),False,83.32291380129536
30,Goa,Marcaim (CT),6215,4967,1,Marcaim (CT),Marcaim (CT),False,79.9195494770716
30,Goa,Margao (M Cl),87650,71928,1,Margao (M Cl),Margao (M Cl),False,82.062749572162
30,Goa,Mercurim (CT),4970,3982,1,Mercurim (CT),Mercurim (CT),False,80.12072434607646
30,Goa,Moira (CT),4299,3562,1,Moira (CT),Moira (CT),False,82.856478250756
30,Goa,Morjim (CT),6760,5530,1,Morjim (CT),Morjim (CT),False,81.80473372781066
30,Goa,Mormugao (M Cl),94393,76068,1,Mormugao (M Cl),Mormugao (M Cl),False,80.58648416725816
30,Goa,Murda (CT),7517,6117,1,Murda (CT),Murda (CT),False,81.37554875615271
30,Goa,Navelim (CT),12323,10066,1,Navelim (CT),Navelim (CT),False,81.68465471070357
30,Goa,Nerul (CT),5042,4134,1,Nerul (CT),Nerul (CT),False,81.99127330424434
30,Goa,Nuvem (CT),9288,7224,1,Nuvem (CT),Nuvem (CT),False,77.77777777777779
30,Goa,Onda (CT),5863,4578,1,Onda (CT),Onda (CT),False,78.08289271703906
30,Goa,Orgao (CT),4602,3893,1,Orgao (CT),Orgao (CT),False,84.59365493263799
30,Goa,Pale (CT),6043,4822,1,Pale (CT),Pale (CT),False,79.79480390534502
30,Goa,Panaji,111008,94724,2,Panaji (M Corp. + OG) | Panaji (M Corp.),Panaji,True,85.33078697030845
30,Goa,Parcem (CT),4627,3754,1,Parcem (CT),Parcem (CT),False,81.13248325048627
30,Goa,Penha-de-Franca (CT),15342,12873,1,Penha-de-Franca (CT),Penha-de-Franca (CT),False,83.90692217442314
30,Goa,Pernem (M Cl),5021,4212,1,Pernem (M Cl),Pernem (M Cl),False,83.88767177853018
30,Goa,Pilerne (CT),5827,4891,1,Pilerne (CT),Pilerne (CT),False,83.93684571820835
30,Goa,Ponda (M Cl),22664,19302,1,Ponda (M Cl),Ponda (M Cl),False,85.16590187080833
30,Goa,Priol (CT),8164,6705,1,Priol (CT),Priol (CT),False,82.12885840274376
30,Goa,Quela (CT),6852,5669,1,Quela (CT),Quela (CT),False,82.73496789258611
30,Goa,Quepem (M Cl),14795,11098,1,Quepem (M Cl),Quepem (M Cl),False,75.0118283203785
30,Goa,Raia (CT),10706,8387,1,Raia (CT),Raia (CT),False,78.33924901924154
30,Goa,Reis Magos (CT),8053,6555,1,Reis Magos (CT),Reis Magos (CT),False,81.39823668198187
30,Goa,Saligao (CT),6280,5260,1,Saligao (CT),Saligao (CT),False,83.7579617834395
30,Goa,Salvador do Mundo (CT),6373,5341,1,Salvador do Mundo (CT),Salvador do Mundo (CT),False,83.80668445002354
30,Goa,Sancoale (CT),21923,16656,1,Sancoale (CT),Sancoale (CT),False,75.97500342106464
30,Goa,Sanguem (M Cl),6444,5109,1,Sanguem (M Cl),Sanguem (M Cl),False,79.2830540037244
30,Goa,Sanquelim (M Cl),13651,11204,1,Sanquelim (M Cl),Sanquelim (M Cl),False,82.07457329133396
30,Goa,Sanvordem (CT),5103,3844,1,Sanvordem (CT),Sanvordem (CT),False,75.32823829120126
30,Goa,Sao Jose de Areal (CT),10229,7672,1,Sao Jose de Areal (CT),Sao Jose de Areal (CT),False,75.00244403167466
30,Goa,Siolim (CT),10936,8848,1,Siolim (CT),Siolim (CT),False,80.90709583028529
30,Goa,Socorro (CT),12908,10725,1,Socorro (CT),Socorro (CT),False,83.08800743724822
30,Goa,Usgao (CT),12436,9743,1,Usgao (CT),Usgao (CT),False,78.34512705049855
30,Goa,Valpoi (M Cl),8532,7068,1,Valpoi (M Cl),Valpoi (M Cl),False,82.84106891701828
30,Goa,Varca (CT),5439,4371,1,Varca (CT),Varca (CT),False,80.36403750689465
30,Goa,Verna (CT),6632,5005,1,Verna (CT),Verna (CT),False,75.46743063932449
30,Goa,Xeldem (CT),7434,5421,1,Xeldem (CT),Xeldem (CT),False,72.92171105730428
31,Lakshadweep,Amini (CT),7661,6062,1,Amini (CT),Amini (CT),False,79.1280511682548
31,Lakshadweep,Andrott (CT),11191,8887,1,Andrott (CT),Andrott (CT),False,79.41202752211599
31,Lakshadweep,Kadmat (CT),5404,4563,1,Kadmat (CT),Kadmat (CT),False,84.43745373797186
31,Lakshadweep,Kalpeni (CT),4419,3778,1,Kalpeni (CT),Kalpeni (CT),False,85.49445575922154
31,Lakshadweep,Kavaratti (CT),11210,9207,1,Kavaratti (CT),Kavaratti (CT),False,82.13202497769848
31,Lakshadweep,Minicoy (CT),10447,8768,1,Minicoy (CT),Minicoy (CT),False,83.92840049775056
32,Kerala,Abdu Rahiman Nagar (CT),41993,33129,1,Abdu Rahiman Nagar (CT),Abdu Rahiman Nagar (CT),False,78.89172004857953
32,Kerala,Adat (CT),5721,5057,1,Adat (CT),Adat (CT),False,88.39363747596573
32,Kerala,Adichanalloor (CT),27240,23095,1,Adichanalloor (CT),Adichanalloor (CT),False,84.7834067547724
32,Kerala,Adinad (CT),22250,18643,1,Adinad (CT),Adinad (CT),False,83.78876404494382
32,Kerala,Adoor,29171,25772,1,Adoor (M),Adoor,False,88.34801686606562
32,Kerala,Aimanam (CT),34470,30723,1,Aimanam (CT),Aimanam (CT),False,89.12967798085292
32,Kerala,Ajanur (CT),33079,25791,1,Ajanur (CT),Ajanur (CT),False,77.9678950391487
32,Kerala,Akathiyoor (CT),5847,5086,1,Akathiyoor (CT),Akathiyoor (CT),False,86.98477851889858
32,Kerala,Ala (CT),10493,8914,1,Ala (CT),Ala (CT),False,84.95187267702278
32,Kerala,Alamcode (CT),48680,40193,2,Alamcode (CT),Alamcode (CT),True,82.56573541495482
32,Kerala,Alangad (CT),47329,41015,1,Alangad (CT),Alangad (CT),False,86.65934205244142
32,Kerala,Alappuzha,174176,152107,1,Alappuzha (M),Alappuzha,False,87.32948282197319
32,Kerala,Alappuzha (M + OG),240991,209201,1,Alappuzha (M + OG),Alappuzha (M + OG),False,86.8086360071538
32,Kerala,Alathur (CT),26720,21391,1,Alathur (CT),Alathur (CT),False,80.05613772455091
32,Kerala,Alur (CT),9807,8493,1,Alur (CT),Alur (CT),False,86.60140715815234
32,Kerala,Aluva,22428,20208,1,Aluva (M),Aluva,False,90.10165864098448
32,Kerala,Amballur (CT),40699,35949,2,Amballur (CT),Amballur (CT),True,88.32895157129168
32,Kerala,Ancharakandy (CT),23030,20116,1,Ancharakandy (CT),Ancharakandy (CT),False,87.34693877551021
32,Kerala,Angamaly,33465,29498,1,Angamaly (M),Angamaly,False,88.14582399521889
32,Kerala,Anjur (CT),10860,9463,1,Anjur (CT),Anjur (CT),False,87.13627992633516
32,Kerala,Anthicad (CT),9826,8694,1,Anthicad (CT),Anthicad (CT),False,88.47954406676165
32,Kerala,Ariyallur (CT),22558,18841,1,Ariyallur (CT),Ariyallur (CT),False,83.52247539675504
32,Kerala,Arookutty (CT),19411,16132,1,Arookutty (CT),Arookutty (CT),False,83.10751635670496
32,Kerala,Aroor (CT),39214,34104,1,Aroor (CT),Aroor (CT),False,86.96893966440557
32,Kerala,Athirampuzha (CT),40438,35958,1,Athirampuzha (CT),Athirampuzha (CT),False,88.92131163756862
32,Kerala,Athiyannur (CT),40712,34480,1,Athiyannur (CT),Athiyannur (CT),False,84.69247396345058
32,Kerala,Atholi (CT),28213,24083,1,Atholi (CT),Atholi (CT),False,85.36135823910963
32,Kerala,Attingal,37346,32758,1,Attingal (M),Attingal,False,87.71488245059712
32,Kerala,Avanur (CT),7879,6807,1,Avanur (CT),Avanur (CT),False,86.3942124635106
32,Kerala,Avinissery (CT),13983,12322,1,Avinissery (CT),Avinissery (CT),False,88.12129013802475
32,Kerala,Ayancheri (CT),26293,21823,1,Ayancheri (CT),Ayancheri (CT),False,82.99927737420606
32,Kerala,Ayanivelikulangara (CT),24268,20408,1,Ayanivelikulangara (CT),Ayanivelikulangara (CT),False,84.09428053403659
32,Kerala,Azhikode North (CT),22128,19094,1,Azhikode North (CT),Azhikode North (CT),False,86.28886478669558
32,Kerala,Azhikode South (CT),25195,22047,1,Azhikode South (CT),Azhikode South (CT),False,87.50545743203017
32,Kerala,Azhiyur (CT),30023,25466,1,Azhiyur (CT),Azhiyur (CT),False,84.82163674516204
32,Kerala,Azhoor (CT),27390,21611,1,Azhoor (CT),Azhoor (CT),False,78.90105878057685
32,Kerala,Balusseri (CT),27363,23725,1,Balusseri (CT),Balusseri (CT),False,86.70467419508094
32,Kerala,Bangra Manjeshwar (CT),5791,4687,1,Bangra Manjeshwar (CT),Bangra Manjeshwar (CT),False,80.93593507166293
32,Kerala,Bare (CT),12804,9909,1,Bare (CT),Bare (CT),False,77.38987816307404
32,Kerala,Beypore (CT),69752,59205,1,Beypore (CT),Beypore (CT),False,84.87928661543755
32,Kerala,Bharanikkavu (CT),15922,14102,1,Bharanikkavu (CT),Bharanikkavu (CT),False,88.56927521668132
32,Kerala,Brahmakulam (CT),14390,12483,1,Brahmakulam (CT),Brahmakulam (CT),False,86.74774148714384
32,Kerala,Chala (CT),17088,14686,1,Chala (CT),Chala (CT),False,85.94335205992509
32,Kerala,Chalakudy,49525,43615,1,Chalakudy (M),Chalakudy,False,88.06663301362948
32,Kerala,Changanassery,47685,42222,1,Changanassery (M),Changanassery,False,88.54356715948411
32,Kerala,Chavakkad,39098,32454,1,Chavakkad (M),Chavakkad,False,83.00680341705457
32,Kerala,Chavara (CT),42655,36704,1,Chavara (CT),Chavara (CT),False,86.04852889461962
32,Kerala,Chekkiad (CT),24246,18892,1,Chekkiad (CT),Chekkiad (CT),False,77.91800709395365
32,Kerala,Chelakkara (CT),7528,6293,1,Chelakkara (CT),Chelakkara (CT),False,83.59458023379383
32,Kerala,Chelamattom (CT),16844,14440,1,Chelamattom (CT),Chelamattom (CT),False,85.72785561624318
32,Kerala,Chelambra (CT),34149,28315,1,Chelambra (CT),Chelambra (CT),False,82.91604439368649
32,Kerala,Chelannur (CT),40697,35736,1,Chelannur (CT),Chelannur (CT),False,87.80991227854634
32,Kerala,Cheleri (CT),10848,8892,1,Cheleri (CT),Cheleri (CT),False,81.96902654867256
32,Kerala,Chelora (CT),20952,18079,1,Chelora (CT),Chelora (CT),False,86.2877052310042
32,Kerala,Chemancheri (CT),34819,29594,1,Chemancheri (CT),Chemancheri (CT),False,84.99382521037364
32,Kerala,Chemnad (CT),14323,11610,1,Chemnad (CT),Chemnad (CT),False,81.05843747818194
32,Kerala,Chendamangalam (CT),29326,26183,1,Chendamangalam (CT),Chendamangalam (CT),False,89.2825479097047
32,Kerala,Chendrappini (CT),16404,13996,1,Chendrappini (CT),Chendrappini (CT),False,85.32065349914654
32,Kerala,Chengala (CT),15588,12229,1,Chengala (CT),Chengala (CT),False,78.45137285091096
32,Kerala,Chengalam South (CT),16111,14241,1,Chengalam South (CT),Chengalam South (CT),False,88.39302340016138
32,Kerala,Chengamanad (CT),29576,25132,1,Chengamanad (CT),Chengamanad (CT),False,84.97430348931566
32,Kerala,Chengannur,23466,21299,1,Chengannur (M),Chengannur,False,90.76536265234807
32,Kerala,Chennithala (CT),12360,11009,1,Chennithala (CT),Chennithala (CT),False,89.06957928802589
32,Kerala,Cheppad (CT),20052,17769,1,Cheppad (CT),Cheppad (CT),False,88.61460203470976
32,Kerala,Cheranallur (CT),30594,27110,1,Cheranallur (CT),Cheranallur (CT),False,88.61214617245211
32,Kerala,Cheriyamundam (CT),31212,24783,1,Cheriyamundam (CT),Cheriyamundam (CT),False,79.40215301806998
32,Kerala,Cherpu (CT),7864,6583,1,Cherpu (CT),Cherpu (CT),False,83.71057985757884
32,Kerala,Cherthala,45827,40594,1,Cherthala (M),Cherthala,False,88.5809675518799
32,Kerala,Cherukavu (CT),30126,24644,1,Cherukavu (CT),Cherukavu (CT),False,81.80309367323906
32,Kerala,Cherukunnu (CT),16111,13546,1,Cherukunnu (CT),Cherukunnu (CT),False,84.07920054621066
32,Kerala,Cheruthazham (CT),29348,25012,1,Cheruthazham (CT),Cheruthazham (CT),False,85.22556903366498
32,Kerala,Cheruthuruthi (CT),13828,11330,1,Cheruthuruthi (CT),Cheruthuruthi (CT),False,81.93520393404687
32,Kerala,Cheruvannur (CT),61614,51793,1,Cheruvannur (CT),Cheruvannur (CT),False,84.06044080890706
32,Kerala,Chethipuzha (CT),25145,22439,1,Chethipuzha (CT),Chethipuzha (CT),False,89.23841718035395
32,Kerala,Chevvoor (CT),16086,14306,1,Chevvoor (CT),Chevvoor (CT),False,88.93447718512992
32,Kerala,Chingoli (CT),14981,12825,1,Chingoli (CT),Chingoli (CT),False,85.60843735398171
32,Kerala,Chirakkal (CT),45601,39093,1,Chirakkal (CT),Chirakkal (CT),False,85.72838314949234
32,Kerala,Chiramanangad (CT),11060,9348,1,Chiramanangad (CT),Chiramanangad (CT),False,84.52079566003616
32,Kerala,Chiranellur (CT),9789,8082,1,Chiranellur (CT),Chiranellur (CT),False,82.56205945448973
32,Kerala,Chittanda (CT),5936,4837,1,Chittanda (CT),Chittanda (CT),False,81.48584905660378
32,Kerala,Chittilappilly (CT),6988,6083,1,Chittilappilly (CT),Chittilappilly (CT),False,87.04922724670864
32,Kerala,Chittur-Thathamangalam,32298,26406,1,Chittur-Thathamangalam (M),Chittur-Thathamangalam,False,81.7573843581646
32,Kerala,Chockli (CT),33732,29190,1,Chockli (CT),Chockli (CT),False,86.53504091070793
32,Kerala,Choolissery (CT),5441,4760,1,Choolissery (CT),Choolissery (CT),False,87.48391839735343
32,Kerala,Choondal (CT),12502,10738,1,Choondal (CT),Choondal (CT),False,85.8902575587906
32,Kerala,Choornikkara (CT),43207,36870,1,Choornikkara (CT),Choornikkara (CT),False,85.33339505172773
32,Kerala,Chorode (CT),38245,32467,1,Chorode (CT),Chorode (CT),False,84.89214276375996
32,Kerala,Chowwara (CT),14933,12634,1,Chowwara (CT),Chowwara (CT),False,84.60456706622915
32,Kerala,Desamangalam (CT),8355,6391,1,Desamangalam (CT),Desamangalam (CT),False,76.49311789347696
32,Kerala,Dharmadom (CT),30804,27192,1,Dharmadom (CT),Dharmadom (CT),False,88.27425009738995
32,Kerala,Edacheri (CT),26819,22133,1,Edacheri (CT),Edacheri (CT),False,82.52731272605243
32,Kerala,Edakkalathur (CT),8039,6887,1,Edakkalathur (CT),Edakkalathur (CT),False,85.66985943525313
32,Kerala,Edakkazhiyur (CT),17335,13979,1,Edakkazhiyur (CT),Edakkazhiyur (CT),False,80.64032304586097
32,Kerala,Edakkode (CT),12994,11034,1,Edakkode (CT),Edakkode (CT),False,84.91611513006004
32,Kerala,Edappal (CT),32550,27095,1,Edappal (CT),Edappal (CT),False,83.24116743471582
32,Kerala,Edathala (CT),77811,64450,1,Edathala (CT),Edathala (CT),False,82.82890593874902
32,Kerala,Edathirinji (CT),9849,8632,1,Edathirinji (CT),Edathirinji (CT),False,87.6434155751853
32,Kerala,Edathiruthy (CT),12921,11118,1,Edathiruthy (CT),Edathiruthy (CT),False,86.04597167401904
32,Kerala,Edavilangu (CT),20363,17214,1,Edavilangu (CT),Edavilangu (CT),False,84.53567745420617
32,Kerala,Elamkunnapuzha (CT),26997,23803,1,Elamkunnapuzha (CT),Elamkunnapuzha (CT),False,88.16905582101715
32,Kerala,Elampalloor (CT),33959,28870,1,Elampalloor (CT),Elampalloor (CT),False,85.01428192820755
32,Kerala,Elavally (CT),12819,11103,1,Elavally (CT),Elavally (CT),False,86.61362040720805
32,Kerala,Elayavoor (CT),33853,29697,1,Elayavoor (CT),Elayavoor (CT),False,87.72339231382743
32,Kerala,Eloor (CT),31468,27682,1,Eloor (CT),Eloor (CT),False,87.96873013855345
32,Kerala,Enkakkad (CT),9584,8064,1,Enkakkad (CT),Enkakkad (CT),False,84.14023372287144
32,Kerala,Eramala (CT),34658,29263,1,Eramala (CT),Eramala (CT),False,84.43360840210052
32,Kerala,Eramalloor (CT),33829,27429,1,Eramalloor (CT),Eramalloor (CT),False,81.08132076029442
32,Kerala,Eranellur (CT),10145,8652,1,Eranellur (CT),Eranellur (CT),False,85.28339083292262
32,Kerala,Eranholi (CT),25818,23191,1,Eranholi (CT),Eranholi (CT),False,89.8249283445658
32,Kerala,Erattupetta (CT),34814,28963,1,Erattupetta (CT),Erattupetta (CT),False,83.1935428275981
32,Kerala,Eravattur (CT),17016,14549,1,Eravattur (CT),Eravattur (CT),False,85.50188058298073
32,Kerala,Eravu (CT),4447,3935,1,Eravu (CT),Eravu (CT),False,88.4866201933888
32,Kerala,Eruvatti (CT),16905,14862,1,Eruvatti (CT),Eruvatti (CT),False,87.9148181011535
32,Kerala,Ettumanoor (CT),26993,23967,1,Ettumanoor (CT),Ettumanoor (CT),False,88.78968621494462
32,Kerala,Eyyal (CT),6727,5609,1,Eyyal (CT),Eyyal (CT),False,83.38040731381003
32,Kerala,Ezhome (CT),19261,16307,1,Ezhome (CT),Ezhome (CT),False,84.66330927781527
32,Kerala,Ezhupunna (CT),27528,23545,1,Ezhupunna (CT),Ezhupunna (CT),False,85.53109561174077
32,Kerala,Feroke (CT),32122,27014,1,Feroke (CT),Feroke (CT),False,84.0981258950252
32,Kerala,Guruvayoor,20510,17953,1,Guruvayoor (M),Guruvayoor,False,87.5329107752316
32,Kerala,Haripad (CT),15588,13829,1,Haripad (CT),Haripad (CT),False,88.71567872722606
32,Kerala,Hemambikanagar (CT),28592,24136,1,Hemambikanagar (CT),Hemambikanagar (CT),False,84.41522104085058
32,Kerala,Hosabettu (CT),5179,4035,1,Hosabettu (CT),Hosabettu (CT),False,77.91079358949604
32,Kerala,Irikkur (CT),13820,10861,1,Irikkur (CT),Irikkur (CT),False,78.58900144717799
32,Kerala,Irimbiliyam (CT),30635,25047,1,Irimbiliyam (CT),Irimbiliyam (CT),False,81.75942549371634
32,Kerala,Iringal (CT),25894,21931,1,Iringal (CT),Iringal (CT),False,84.69529620761567
32,Kerala,Iringaprom (CT),12343,10689,1,Iringaprom (CT),Iringaprom (CT),False,86.5996921331929
32,Kerala,Irinjalakuda,28741,25861,1,Irinjalakuda (M),Irinjalakuda,False,89.97947183466128
32,Kerala,Iriveri (CT),17231,14671,1,Iriveri (CT),Iriveri (CT),False,85.1430561197841
32,Kerala,Iroopara (CT),23113,19985,1,Iroopara (CT),Iroopara (CT),False,86.4664907195085
32,Kerala,Kadachira (CT),18979,16652,1,Kadachira (CT),Kadachira (CT),False,87.73908003582908
32,Kerala,Kadamakkudy (CT),16295,14341,1,Kadamakkudy (CT),Kadamakkudy (CT),False,88.00859159251304
32,Kerala,Kadannappalli (CT),10430,8705,1,Kadannappalli (CT),Kadannappalli (CT),False,83.46116970278044
32,Kerala,Kadavallur (CT),12912,11066,1,Kadavallur (CT),Kadavallur (CT),False,85.70322180916976
32,Kerala,Kadikkad (CT),19147,15499,1,Kadikkad (CT),Kadikkad (CT),False,80.9474069044759
32,Kerala,Kadirur (CT),31087,27403,1,Kadirur (CT),Kadirur (CT),False,88.14938720365426
32,Kerala,Kadungalloor (CT),39666,33589,1,Kadungalloor (CT),Kadungalloor (CT),False,84.67957444662936
32,Kerala,Kainoor (CT),7344,6332,1,Kainoor (CT),Kainoor (CT),False,86.22004357298475
32,Kerala,Kaipamangalam (CT),35626,29969,1,Kaipamangalam (CT),Kaipamangalam (CT),False,84.12114747656206
32,Kerala,Kaiparamba (CT),7179,6212,1,Kaiparamba (CT),Kaiparamba (CT),False,86.5301574035381
32,Kerala,Kakkanad (CT),25531,21543,1,Kakkanad (CT),Kakkanad (CT),False,84.3797736085543
32,Kerala,Kakkodi (CT),42866,37853,1,Kakkodi (CT),Kakkodi (CT),False,88.30541688051136
32,Kerala,Kalady (CT),46252,38298,2,Kalady (CT),Kalady (CT),True,82.80290582028886
32,Kerala,Kalamassery,71038,60922,1,Kalamassery (M),Kalamassery,False,85.75973422675189
32,Kerala,Kallelibhagom (CT),21723,18216,1,Kallelibhagom (CT),Kallelibhagom (CT),False,83.85582101919624
32,Kerala,Kallettumkara (CT),7097,6113,1,Kallettumkara (CT),Kallettumkara (CT),False,86.13498661406229
32,Kerala,Kalliasseri (CT),31122,26785,1,Kalliasseri (CT),Kalliasseri (CT),False,86.06452027504659
32,Kerala,Kalliyoor (CT),40816,34919,1,Kalliyoor (CT),Kalliyoor (CT),False,85.55223441787534
32,Kerala,Kallur Thekkummuri (CT),17480,15142,1,Kallur Thekkummuri (CT),Kallur Thekkummuri (CT),False,86.62471395881008
32,Kerala,Kallur Vadakkummuri (CT),25259,21910,1,Kallur Vadakkummuri (CT),Kallur Vadakkummuri (CT),False,86.74135951542024
32,Kerala,Kalpetta,31580,25515,1,Kalpetta (M),Kalpetta,False,80.79480683977201
32,Kerala,Kanayannur (CT),9308,8287,1,Kanayannur (CT),Kanayannur (CT),False,89.03094112591319
32,Kerala,Kandalloor (CT),19925,17433,1,Kandalloor (CT),Kandalloor (CT),False,87.4930991217064
32,Kerala,Kandamkunnu (CT),16025,13533,1,Kandamkunnu (CT),Kandamkunnu (CT),False,84.44929797191888
32,Kerala,Kandanassery (CT),14645,12650,1,Kandanassery (CT),Kandanassery (CT),False,86.37760327756914
32,Kerala,Kanhangad,73342,60314,1,Kanhangad (M),Kanhangad,False,82.23664476016471
32,Kerala,Kanhangad (M + OG),125564,102859,1,Kanhangad (M + OG),Kanhangad (M + OG),False,81.91758784364946
32,Kerala,Kanhirode (CT),15353,13010,1,Kanhirode (CT),Kanhirode (CT),False,84.73913893050218
32,Kerala,Kaniyarkode (CT),13236,10489,1,Kaniyarkode (CT),Kaniyarkode (CT),False,79.24599576911454
32,Kerala,Kanjikkuzhi (CT),23681,21138,1,Kanjikkuzhi (CT),Kanjikkuzhi (CT),False,89.26143321650268
32,Kerala,Kanjiramkulam (CT),19902,16711,1,Kanjiramkulam (CT),Kanjiramkulam (CT),False,83.96643553411718
32,Kerala,Kannadiparamba (CT),13677,11120,1,Kannadiparamba (CT),Kannadiparamba (CT),False,81.30437961541274
32,Kerala,Kannamangalam (CT),64604,52940,2,Kannamangalam (CT),Kannamangalam (CT),True,81.94539037830475
32,Kerala,Kannapuram (CT),18459,15998,1,Kannapuram (CT),Kannapuram (CT),False,86.66775014897881
32,Kerala,Kannur,56823,48536,1,Kannur (M),Kannur,False,85.41611671330271
32,Kerala,Kannur Cantonment (CB),4798,4474,1,Kannur Cantonment (CB),Kannur Cantonment (CB),False,93.24718632763651
32,Kerala,Karakulam (CT),29624,25450,1,Karakulam (CT),Karakulam (CT),False,85.91007291385363
32,Kerala,Karamuck (CT),15129,13349,1,Karamuck (CT),Karamuck (CT),False,88.23451649150638
32,Kerala,Karikkad (CT),13656,11434,1,Karikkad (CT),Karikkad (CT),False,83.72876391329818
32,Kerala,Karivellur (CT),13498,11756,1,Karivellur (CT),Karivellur (CT),False,87.09438435323752
32,Kerala,Kariyannur (CT),6363,5310,1,Kariyannur (CT),Kariyannur (CT),False,83.45120226308345
32,Kerala,Karthikappally (CT),19021,16341,1,Karthikappally (CT),Karthikappally (CT),False,85.9103096577467
32,Kerala,Karumalloor (CT),29805,25013,1,Karumalloor (CT),Karumalloor (CT),False,83.92216071129005
32,Kerala,Karunagappally (CT),25336,21754,1,Karunagappally (CT),Karunagappally (CT),False,85.86201452478687
32,Kerala,Karuvanthuruthy (CT),21952,18365,1,Karuvanthuruthy (CT),Karuvanthuruthy (CT),False,83.65980320699708
32,Kerala,Kasaragod,54172,44478,1,Kasaragod (M),Kasaragod,False,82.10514657018386
32,Kerala,Kattakampal (CT),11836,10221,1,Kattakampal (CT),Kattakampal (CT),False,86.355187563366
32,Kerala,Kattanam (CT),19504,16966,1,Kattanam (CT),Kattanam (CT),False,86.98728465955702
32,Kerala,Kattipparuthi (CT),40318,33024,1,Kattipparuthi (CT),Kattipparuthi (CT),False,81.9088248425021
32,Kerala,Kattur (CT),18017,15569,1,Kattur (CT),Kattur (CT),False,86.41283232502637
32,Kerala,Kayamkulam,68634,58519,1,Kayamkulam (M),Kayamkulam,False,85.26240638750473
32,Kerala,Keekan (CT),9735,7271,1,Keekan (CT),Keekan (CT),False,74.68926553672316
32,Kerala,Keerikkad (CT),10465,9113,1,Keerikkad (CT),Keerikkad (CT),False,87.0807453416149
32,Kerala,Keezhallur (CT),20440,17397,1,Keezhallur (CT),Keezhallur (CT),False,85.11252446183953
32,Kerala,Keezhariyur (CT),15116,12794,1,Keezhariyur (CT),Keezhariyur (CT),False,84.63879333156919
32,Kerala,Keezhattingal (CT),15185,12352,1,Keezhattingal (CT),Keezhattingal (CT),False,81.34343101745142
32,Kerala,Killannur (CT),20339,17656,1,Killannur (CT),Killannur (CT),False,86.8085943261714
32,Kerala,Kizhakkumbhagom (CT),10791,9516,1,Kizhakkumbhagom (CT),Kizhakkumbhagom (CT),False,88.1845982763414
32,Kerala,Kizhakkummuri (CT),4635,4085,1,Kizhakkummuri (CT),Kizhakkummuri (CT),False,88.13376483279396
32,Kerala,Kizhuparamba (CT),22062,18338,1,Kizhuparamba (CT),Kizhuparamba (CT),False,83.12029734384915
32,Kerala,Kizhuppillikkara (CT),5275,4501,1,Kizhuppillikkara (CT),Kizhuppillikkara (CT),False,85.32701421800948
32,Kerala,Kizhuvalam-Koonthalloor (CT),30770,25628,1,Kizhuvalam-Koonthalloor (CT),Kizhuvalam-Koonthalloor (CT),False,83.28891777705557
32,Kerala,Kochi,899551,792757,4,Kochi (M Corp. + OG) (Part) | Kochi (M Corp.) (Part),Kochi,True,88.12807722964013
32,Kerala,Kodamthuruth (CT),21295,18385,1,Kodamthuruth (CT),Kodamthuruth (CT),False,86.33482038037099
32,Kerala,Kodannur (CT),7655,6731,1,Kodannur (CT),Kodannur (CT),False,87.92945787067276
32,Kerala,Kodungallur,33935,29449,1,Kodungallur (M),Kodungallur,False,86.78060998968617
32,Kerala,Kodungallur (M + OG),60190,51760,1,Kodungallur (M + OG),Kodungallur (M + OG),False,85.99435122113309
32,Kerala,Kodur (CT),45459,37055,1,Kodur (CT),Kodur (CT),False,81.51301172485097
32,Kerala,Koduvayur (CT),20703,16789,1,Koduvayur (CT),Koduvayur (CT),False,81.09452736318407
32,Kerala,Koipady (CT),18121,14504,1,Koipady (CT),Koipady (CT),False,80.03973290657248
32,Kerala,Kokkothamangalam (CT),17047,14949,1,Kokkothamangalam (CT),Kokkothamangalam (CT),False,87.69284918167419
32,Kerala,Kolacherry (CT),17095,13808,1,Kolacherry (CT),Kolacherry (CT),False,80.77215560105294
32,Kerala,Kolavelloor (CT),19817,16473,1,Kolavelloor (CT),Kolavelloor (CT),False,83.12559923298178
32,Kerala,Kolazhy (CT),11540,10265,1,Kolazhy (CT),Kolazhy (CT),False,88.95147313691508
32,Kerala,Kollam,715764,609879,3,Kollam (M Corp. + OG) (Part) | Kollam (M Corp.),Kollam,True,85.20671618019348
32,Kerala,Komalapuram (CT),47126,41357,1,Komalapuram (CT),Komalapuram (CT),False,87.7583499554386
32,Kerala,Kondotty (CT),28794,23469,1,Kondotty (CT),Kondotty (CT),False,81.5065638674724
32,Kerala,Koodali (CT),15236,13113,1,Koodali (CT),Koodali (CT),False,86.0658965607771
32,Kerala,Koothali (CT),11389,9573,1,Koothali (CT),Koothali (CT),False,84.05478970936869
32,Kerala,Koothuparamba,29619,25651,1,Koothuparamba (M),Koothuparamba,False,86.60319389581012
32,Kerala,Koottilangadi (CT),36602,30259,1,Koottilangadi (CT),Koottilangadi (CT),False,82.67034588273864
32,Kerala,Koovappady (CT),29339,25188,1,Koovappady (CT),Koovappady (CT),False,85.8515968506084
32,Kerala,Koratty (CT),17618,15527,1,Koratty (CT),Koratty (CT),False,88.131456464979
32,Kerala,Kothamangalam,38837,33986,1,Kothamangalam (M),Kothamangalam,False,87.50933388263769
32,Kerala,Kottakkal (CT),44382,36023,1,Kottakkal (CT),Kottakkal (CT),False,81.16578793204452
32,Kerala,Kottamkara (CT),44402,37773,1,Kottamkara (CT),Kottamkara (CT),False,85.07049232016576
32,Kerala,Kottappally (CT),21169,17636,1,Kottappally (CT),Kottappally (CT),False,83.31050120459163
32,Kerala,Kottappuram (CT),6727,5752,1,Kottappuram (CT),Kottappuram (CT),False,85.50616916902037
32,Kerala,Kottarakkara (CT),29788,26252,1,Kottarakkara (CT),Kottarakkara (CT),False,88.129448099906
32,Kerala,Kottayam,55374,49592,1,Kottayam (M),Kottayam,False,89.5582764474302
32,Kerala,Kottayam-Malabar (CT),19176,16234,1,Kottayam-Malabar (CT),Kottayam-Malabar (CT),False,84.65790571547768
32,Kerala,Kottuvally (CT),42922,37290,1,Kottuvally (CT),Kottuvally (CT),False,86.87852383393133
32,Kerala,Kozhenchery (CT),12021,10752,1,Kozhenchery (CT),Kozhenchery (CT),False,89.44347392063888
32,Kerala,Kozhikode,982000,850507,2,Kozhikode (M Corp. + OG) | Kozhikode (M Corp.),Kozhikode,True,86.60967413441955
32,Kerala,Kozhukkallur (CT),14007,11832,1,Kozhukkallur (CT),Kozhukkallur (CT),False,84.472049689441
32,Kerala,Kozhukkully (CT),9918,8505,1,Kozhukkully (CT),Kozhukkully (CT),False,85.75317604355716
32,Kerala,Krishnapuram (CT),26705,22649,1,Krishnapuram (CT),Krishnapuram (CT),False,84.81183299007677
32,Kerala,Kudappanakkunnu (CT),41583,37318,1,Kudappanakkunnu (CT),Kudappanakkunnu (CT),False,89.74340475675156
32,Kerala,Kudlu (CT),26235,21705,1,Kudlu (CT),Kudlu (CT),False,82.7329902801601
32,Kerala,Kulasekharapuram (CT),26907,22406,1,Kulasekharapuram (CT),Kulasekharapuram (CT),False,83.27201100085479
32,Kerala,Kulathummal (CT),40448,33811,1,Kulathummal (CT),Kulathummal (CT),False,83.59127768987342
32,Kerala,Kumaranellur (CT),7553,6198,1,Kumaranellur (CT),Kumaranellur (CT),False,82.06010856613266
32,Kerala,Kumarapuram (CT),26943,23386,1,Kumarapuram (CT),Kumarapuram (CT),False,86.79805515347215
32,Kerala,Kumbalam (CT),29193,25648,1,Kumbalam (CT),Kumbalam (CT),False,87.8566779707464
32,Kerala,Kumbalangy (CT),42367,36930,1,Kumbalangy (CT),Kumbalangy (CT),False,87.16689876554867
32,Kerala,Kunhimangalam (CT),18965,16045,1,Kunhimangalam (CT),Kunhimangalam (CT),False,84.60321645135777
32,Kerala,Kunjathur (CT),13633,10786,1,Kunjathur (CT),Kunjathur (CT),False,79.11684882270961
32,Kerala,Kunnamangalam (CT),47396,41128,1,Kunnamangalam (CT),Kunnamangalam (CT),False,86.77525529580555
32,Kerala,Kunnamkulam,54071,47473,1,Kunnamkulam (M),Kunnamkulam,False,87.79752547576335
32,Kerala,Kunnathunad (CT),22881,19233,1,Kunnathunad (CT),Kunnathunad (CT),False,84.05664088108037
32,Kerala,Kunnummal (CT),18031,15274,1,Kunnummal (CT),Kunnummal (CT),False,84.70966668515335
32,Kerala,Kurattissery (CT),11849,10373,1,Kurattissery (CT),Kurattissery (CT),False,87.5432525951557
32,Kerala,Kureekkad (CT),13348,11818,1,Kureekkad (CT),Kureekkad (CT),False,88.53760863050645
32,Kerala,Kurichikkara (CT),4081,3579,1,Kurichikkara (CT),Kurichikkara (CT),False,87.69909335947071
32,Kerala,Kurumathur (CT),18641,15181,1,Kurumathur (CT),Kurumathur (CT),False,81.43876401480608
32,Kerala,Kurumpilavu (CT),14329,12375,1,Kurumpilavu (CT),Kurumpilavu (CT),False,86.36331914299672
32,Kerala,Kuruvattur (CT),34241,29907,1,Kuruvattur (CT),Kuruvattur (CT),False,87.34265938494788
32,Kerala,Kuthiathode (CT),23669,20083,1,Kuthiathode (CT),Kuthiathode (CT),False,84.84938104693903
32,Kerala,Kuttiattoor (CT),13244,11196,1,Kuttiattoor (CT),Kuttiattoor (CT),False,84.53639383871942
32,Kerala,Kuttikkattoor (CT),25929,22077,1,Kuttikkattoor (CT),Kuttikkattoor (CT),False,85.14404720583131
32,Kerala,Kuttippuram (CT),25750,21112,1,Kuttippuram (CT),Kuttippuram (CT),False,81.98834951456311
32,Kerala,Kuttoor (CT),12179,10780,1,Kuttoor (CT),Kuttoor (CT),False,88.51301420477871
32,Kerala,Madathumpady (CT),4294,3726,1,Madathumpady (CT),Madathumpady (CT),False,86.77224033535165
32,Kerala,Madayi (CT),35888,29191,1,Madayi (CT),Madayi (CT),False,81.33916629514044
32,Kerala,Madayikonam (CT),14155,12467,1,Madayikonam (CT),Madayikonam (CT),False,88.07488519957613
32,Kerala,Madhur (CT),12685,9862,1,Madhur (CT),Madhur (CT),False,77.74536854552622
32,Kerala,Malappuram,68127,56346,1,Malappuram (M),Malappuram,False,82.70729666651988
32,Kerala,Malappuram (M + OG),101386,83524,1,Malappuram (M + OG),Malappuram (M + OG),False,82.38218294439075
32,Kerala,Malayinkeezhu (CT),37350,32302,1,Malayinkeezhu (CT),Malayinkeezhu (CT),False,86.48460508701473
32,Kerala,Manakkody (CT),7150,6272,1,Manakkody (CT),Manakkody (CT),False,87.72027972027972
32,Kerala,Manakunnam (CT),39538,34889,1,Manakunnam (CT),Manakunnam (CT),False,88.24169153725529
32,Kerala,Manalur (CT),17757,15600,1,Manalur (CT),Manalur (CT),False,87.85267781719885
32,Kerala,Manantheri (CT),14667,12222,1,Manantheri (CT),Manantheri (CT),False,83.32992431990182
32,Kerala,Manavalassery (CT),7364,6389,1,Manavalassery (CT),Manavalassery (CT),False,86.75991309071158
32,Kerala,Mangalpady (CT),12790,10070,1,Mangalpady (CT),Mangalpady (CT),False,78.73338545738858
32,Kerala,Mangattidam (CT),18627,16059,1,Mangattidam (CT),Mangattidam (CT),False,86.21356095989692
32,Kerala,Maniyat (CT),4683,3892,1,Maniyat (CT),Maniyat (CT),False,83.10911808669657
32,Kerala,Maniyoor (CT),12681,10409,1,Maniyoor (CT),Maniyoor (CT),False,82.08343190600111
32,Kerala,Maniyur (CT),21820,18529,1,Maniyur (CT),Maniyur (CT),False,84.91750687442713
32,Kerala,Manjeri,97102,79893,1,Manjeri (M),Manjeri,False,82.27739902370703
32,Kerala,Manjeshwar (CT),8742,7055,1,Manjeshwar (CT),Manjeshwar (CT),False,80.70235644017387
32,Kerala,Mannanchery (CT),32139,27336,1,Mannanchery (CT),Mannanchery (CT),False,85.05553999813311
32,Kerala,Mannar (CT),17067,15120,1,Mannar (CT),Mannar (CT),False,88.59201968711548
32,Kerala,Mannarkad-I (CT),34839,28303,1,Mannarkad-I (CT),Mannarkad-I (CT),False,81.23941559746261
32,Kerala,Maradu (CT),44704,39565,1,Maradu (CT),Maradu (CT),False,88.50438439513243
32,Kerala,Marampilly(CT),23272,18821,1,Marampilly(CT),Marampilly(CT),False,80.87401168786525
32,Kerala,Marancheri (CT),35011,28632,1,Marancheri (CT),Marancheri (CT),False,81.78001199622975
32,Kerala,Marathakkara (CT),15817,13774,1,Marathakkara (CT),Marathakkara (CT),False,87.08351773408359
32,Kerala,Marutharode (CT),24963,20333,1,Marutharode (CT),Marutharode (CT),False,81.45254977366503
32,Kerala,Mattannur,47078,39499,1,Mattannur (M),Mattannur,False,83.9011852670037
32,Kerala,Mattoor (CT),18890,16181,1,Mattoor (CT),Mattoor (CT),False,85.65907887771309
32,Kerala,Mavelikkara,26421,23621,1,Mavelikkara (M),Mavelikkara,False,89.40236932742894
32,Kerala,Mavilayi (CT),12286,10621,1,Mavilayi (CT),Mavilayi (CT),False,86.44798958163764
32,Kerala,Mavoor (CT),29781,24474,1,Mavoor (CT),Mavoor (CT),False,82.17991336758335
32,Kerala,Mayyanad (CT),40039,34283,1,Mayyanad (CT),Mayyanad (CT),False,85.62401658383077
32,Kerala,Mayyil (CT),12490,10131,1,Mayyil (CT),Mayyil (CT),False,81.1128903122498
32,Kerala,Meenad (CT),29716,25421,1,Meenad (CT),Meenad (CT),False,85.54650693229236
32,Kerala,Menhaniam (CT),15768,13349,1,Menhaniam (CT),Menhaniam (CT),False,84.6588026382547
32,Kerala,Meppayyur (CT),13922,11705,1,Meppayyur (CT),Meppayyur (CT),False,84.07556385576785
32,Kerala,Methala (CT),37505,32950,1,Methala (CT),Methala (CT),False,87.85495267297694
32,Kerala,Minalur (CT),6120,5283,1,Minalur (CT),Minalur (CT),False,86.32352941176471
32,Kerala,Mogral (CT),8912,6804,1,Mogral (CT),Mogral (CT),False,76.34649910233394
32,Kerala,Mokeri (CT),19684,16805,1,Mokeri (CT),Mokeri (CT),False,85.3739077423288
32,Kerala,Moonniyur (CT),55535,43974,1,Moonniyur (CT),Moonniyur (CT),False,79.1824975240839
32,Kerala,Moothakunnam (CT),27458,24552,1,Moothakunnam (CT),Moothakunnam (CT),False,89.41656347876757
32,Kerala,Muhamma (CT),25861,22792,1,Muhamma (CT),Muhamma (CT),False,88.13270948532539
32,Kerala,Mulamthuruthy (CT),25852,22822,1,Mulamthuruthy (CT),Mulamthuruthy (CT),False,88.27943679405848
32,Kerala,Mulavukad (CT),21833,19466,1,Mulavukad (CT),Mulavukad (CT),False,89.15861310859708
32,Kerala,Mullassery (CT),12165,10508,1,Mullassery (CT),Mullassery (CT),False,86.37895602137279
32,Kerala,Mundathikode (CT),7672,6193,1,Mundathikode (CT),Mundathikode (CT),False,80.7221063607925
32,Kerala,Munderi (CT),21676,18033,1,Munderi (CT),Munderi (CT),False,83.19339361505813
32,Kerala,Muringur Vadakkummuri (CT),4981,4451,1,Muringur Vadakkummuri (CT),Muringur Vadakkummuri (CT),False,89.35956635213812
32,Kerala,Muthukulam (CT),20740,18208,1,Muthukulam (CT),Muthukulam (CT),False,87.7917068466731
32,Kerala,Muthuthala (CT),24861,20494,1,Muthuthala (CT),Muthuthala (CT),False,82.43433490205543
32,Kerala,Muvattupuzha,30397,26385,1,Muvattupuzha (M),Muvattupuzha,False,86.80132907852749
32,Kerala,Muzhappilangad (CT),23709,20306,1,Muzhappilangad (CT),Muzhappilangad (CT),False,85.64680079294783
32,Kerala,Nadapuram (CT),40230,32357,1,Nadapuram (CT),Nadapuram (CT),False,80.43002734277903
32,Kerala,Nadathara (CT),11969,10338,1,Nadathara (CT),Nadathara (CT),False,86.37313058735066
32,Kerala,Naduvannur (CT),25979,21777,1,Naduvannur (CT),Naduvannur (CT),False,83.82539743639093
32,Kerala,Naduvattom (CT),21273,16978,1,Naduvattom (CT),Naduvattom (CT),False,79.81008790485592
32,Kerala,Nanmanda (CT),27316,23914,1,Nanmanda (CT),Nanmanda (CT),False,87.54576072631424
32,Kerala,Nannambra (CT),40543,31901,1,Nannambra (CT),Nannambra (CT),False,78.68435981550452
32,Kerala,Narath (CT),13092,10647,1,Narath (CT),Narath (CT),False,81.32447296058662
32,Kerala,Nattakam (CT),38599,34868,1,Nattakam (CT),Nattakam (CT),False,90.3339464752973
32,Kerala,Nedumangad,60161,50824,1,Nedumangad (M),Nedumangad,False,84.47997872375792
32,Kerala,Nedumbassery (CT),29706,25846,1,Nedumbassery (CT),Nedumbassery (CT),False,87.00599205547701
32,Kerala,Nedumpana (CT),29454,24452,1,Nedumpana (CT),Nedumpana (CT),False,83.01758674543356
32,Kerala,Nedumpura (CT),12399,9701,1,Nedumpura (CT),Nedumpura (CT),False,78.24018065973061
32,Kerala,Neduva (CT),35996,29045,1,Neduva (CT),Neduva (CT),False,80.68952105789532
32,Kerala,Nelluwaya (CT),5994,5090,1,Nelluwaya (CT),Nelluwaya (CT),False,84.91825158491825
32,Kerala,Nenmenikkara (CT),18067,15763,1,Nenmenikkara (CT),Nenmenikkara (CT),False,87.24746775889743
32,Kerala,New Mahe (CT),10986,9439,1,New Mahe (CT),New Mahe (CT),False,85.91844165301292
32,Kerala,Neyyattinkara,70850,60559,1,Neyyattinkara (M),Neyyattinkara,False,85.47494707127736
32,Kerala,Nilambur (CT),46366,38742,1,Nilambur (CT),Nilambur (CT),False,83.55691670620713
32,Kerala,Njarackal (CT),23760,21130,1,Njarackal (CT),Njarackal (CT),False,88.93097643097643
32,Kerala,North Thrikkaripur (CT),18210,14970,1,North Thrikkaripur (CT),North Thrikkaripur (CT),False,82.20757825370676
32,Kerala,Oachira (CT),28412,24366,1,Oachira (CT),Oachira (CT),False,85.75953822328593
32,Kerala,Olavanna (CT),43895,37564,1,Olavanna (CT),Olavanna (CT),False,85.57694498234423
32,Kerala,Ongallur -I (CT),16998,14000,1,Ongallur -I (CT),Ongallur -I (CT),False,82.36263089775268
32,Kerala,Ongallur -II (CT),26273,20926,1,Ongallur -II (CT),Ongallur -II (CT),False,79.64830814905035
32,Kerala,Oorakam (CT),13149,11358,1,Oorakam (CT),Oorakam (CT),False,86.3791923340178
32,Kerala,Orumanayur (CT),14064,11662,1,Orumanayur (CT),Orumanayur (CT),False,82.92093287827076
32,Kerala,Othukkungal (CT),39139,31558,1,Othukkungal (CT),Othukkungal (CT),False,80.63057308566903
32,Kerala,Ottappalam,53792,45486,1,Ottappalam (M),Ottappalam,False,84.55904223676383
32,Kerala,Padiyam (CT),11623,10233,1,Padiyam (CT),Padiyam (CT),False,88.04095328228513
32,Kerala,Padiyur (CT),8823,7737,1,Padiyur (CT),Padiyur (CT),False,87.69126147568855
32,Kerala,Paduvilayi (CT),20598,17444,1,Paduvilayi (CT),Paduvilayi (CT),False,84.68783377026897
32,Kerala,Paippad (CT),21338,18930,1,Paippad (CT),Paippad (CT),False,88.71496860061862
32,Kerala,Palai,22056,19897,1,Palai (M),Palai,False,90.21128037722161
32,Kerala,Palakkad,130955,111537,1,Palakkad (M),Palakkad,False,85.17200565079608
32,Kerala,Palayad (CT),18141,15255,1,Palayad (CT),Palayad (CT),False,84.09128493467836
32,Kerala,Palissery (CT),7724,6834,1,Palissery (CT),Palissery (CT),False,88.4774728120145
32,Kerala,Pallichal (CT),53861,45652,1,Pallichal (CT),Pallichal (CT),False,84.75891647017323
32,Kerala,Pallikal (CT),46962,37608,1,Pallikal (CT),Pallikal (CT),False,80.08176823814999
32,Kerala,Pallikkara (CT),14334,10842,1,Pallikkara (CT),Pallikkara (CT),False,75.63834240267894
32,Kerala,Pallikkunnu (CT),27820,24655,1,Pallikkunnu (CT),Pallikkunnu (CT),False,88.62329259525521
32,Kerala,Pallippuram (CT),58506,50009,3,Pallippuram (CT),Pallippuram (CT),True,85.47670324411172
32,Kerala,Paluvai (CT),9127,7732,1,Paluvai (CT),Paluvai (CT),False,84.7156787553413
32,Kerala,Panachikkad (CT),43595,39163,1,Panachikkad (CT),Panachikkad (CT),False,89.83369652483083
32,Kerala,Panangad (CT),29977,25960,2,Panangad (CT),Panangad (CT),True,86.59972645695034
32,Kerala,Panayam (CT),25607,21937,1,Panayam (CT),Panayam (CT),False,85.66798141133283
32,Kerala,Panmana (CT),29008,24415,1,Panmana (CT),Panmana (CT),False,84.16643684500828
32,Kerala,Panniyannur (CT),22308,19368,1,Panniyannur (CT),Panniyannur (CT),False,86.82087143625606
32,Kerala,Panoor (CT),17438,14493,1,Panoor (CT),Panoor (CT),False,83.11159536644111
32,Kerala,Pantheeramkavu (CT),24537,21307,1,Pantheeramkavu (CT),Pantheeramkavu (CT),False,86.83620654521744
32,Kerala,Pappinisseri (CT),35134,29766,1,Pappinisseri (CT),Pappinisseri (CT),False,84.72135253600501
32,Kerala,Pappinivattom (CT),15336,13089,1,Pappinivattom (CT),Pappinivattom (CT),False,85.34820031298904
32,Kerala,Parakkad (CT),9093,7953,1,Parakkad (CT),Parakkad (CT),False,87.46288353678653
32,Kerala,Paralam (CT),9187,7874,1,Paralam (CT),Paralam (CT),False,85.70806574507456
32,Kerala,Parappukkara (CT),11893,10478,1,Parappukkara (CT),Parappukkara (CT),False,88.10224501807787
32,Kerala,Parappur (CT),36270,29141,1,Parappur (CT),Parappur (CT),False,80.34463744141163
32,Kerala,Parassala (CT),34096,28452,1,Parassala (CT),Parassala (CT),False,83.44673862036602
32,Kerala,Parasuvaikkal (CT),17698,15040,1,Parasuvaikkal (CT),Parasuvaikkal (CT),False,84.981353825291
32,Kerala,Paravoor,37245,30967,1,Paravoor (M),Paravoor,False,83.1440461806954
32,Kerala,Paravur,31503,28005,1,Paravur (M),Paravur,False,88.8962955908961
32,Kerala,Pariyaram (CT),20405,16668,1,Pariyaram (CT),Pariyaram (CT),False,81.68586130850282
32,Kerala,Pathanamthitta,37538,32910,1,Pathanamthitta (M),Pathanamthitta,False,87.67115989131014
32,Kerala,Pathirappally (CT),27445,23977,1,Pathirappally (CT),Pathirappally (CT),False,87.36381854618328
32,Kerala,Pathiriyad (CT),18008,15565,1,Pathiriyad (CT),Pathiriyad (CT),False,86.43380719680142
32,Kerala,Pathiyoor (CT),23460,20318,1,Pathiyoor (CT),Pathiyoor (CT),False,86.60699062233589
32,Kerala,Pattambi (CT),28632,23888,1,Pattambi (CT),Pattambi (CT),False,83.43112601285276
32,Kerala,Pattiom (CT),20161,17623,1,Pattiom (CT),Pattiom (CT),False,87.41133872327762
32,Kerala,Pavaratty (CT),12299,10496,1,Pavaratty (CT),Pavaratty (CT),False,85.34027156679404
32,Kerala,Payyannur,72111,61019,1,Payyannur (M),Payyannur,False,84.61815811734687
32,Kerala,Pazhanji (CT),14067,12096,1,Pazhanji (CT),Pazhanji (CT),False,85.98848368522073
32,Kerala,Perakam (CT),12072,10517,1,Perakam (CT),Perakam (CT),False,87.11895294897283
32,Kerala,Peralassery (CT),16821,14766,1,Peralassery (CT),Peralassery (CT),False,87.78312823256643
32,Kerala,Peramangalam (CT),13260,11772,1,Peramangalam (CT),Peramangalam (CT),False,88.77828054298642
32,Kerala,Perinad (CT),35173,30076,1,Perinad (CT),Perinad (CT),False,85.50877093224916
32,Kerala,Peringandoor (CT),5577,4572,1,Peringandoor (CT),Peringandoor (CT),False,81.97955890263583
32,Kerala,Peringathur (CT),40292,33829,1,Peringathur (CT),Peringathur (CT),False,83.95959495681525
32,Kerala,Perinjanam (CT),21012,18290,1,Perinjanam (CT),Perinjanam (CT),False,87.04549781077479
32,Kerala,Perinthalmanna,49723,41252,1,Perinthalmanna (M),Perinthalmanna,False,82.9636184461919
32,Kerala,Perole (CT),14965,12498,1,Perole (CT),Perole (CT),False,83.51486802539259
32,Kerala,Perumanna (CT),62738,51966,2,Perumanna (CT),Perumanna (CT),True,82.83018266441391
32,Kerala,Perumbaikad (CT),42839,38040,1,Perumbaikad (CT),Perumbaikad (CT),False,88.79759098018161
32,Kerala,Perumbavoor,28110,24292,1,Perumbavoor (M),Perumbavoor,False,86.4176449662042
32,Kerala,Perumbavoor (CT),9185,7994,1,Perumbavoor (CT),Perumbavoor (CT),False,87.03320631464344
32,Kerala,Peruvallur (CT),34941,27459,1,Peruvallur (CT),Peruvallur (CT),False,78.58676053919464
32,Kerala,Peruvayal (CT),27598,23595,1,Peruvayal (CT),Peruvayal (CT),False,85.49532574824262
32,Kerala,Pilicode (CT),9676,8240,1,Pilicode (CT),Pilicode (CT),False,85.15915667631253
32,Kerala,Pinarayi (CT),16801,14887,1,Pinarayi (CT),Pinarayi (CT),False,88.60782096303792
32,Kerala,Pirayiri (CT),41359,33305,1,Pirayiri (CT),Pirayiri (CT),False,80.52660847699413
32,Kerala,Ponmundam (CT),25855,20497,1,Ponmundam (CT),Ponmundam (CT),False,79.27673564107522
32,Kerala,Ponnani,90491,70714,1,Ponnani (M),Ponnani,False,78.14478787945762
32,Kerala,Pookode (CT),9366,7974,1,Pookode (CT),Pookode (CT),False,85.13773222293402
32,Kerala,Poolacode (CT),29872,25541,1,Poolacode (CT),Poolacode (CT),False,85.5014729512587
32,Kerala,Poomangalam (CT),11141,9766,1,Poomangalam (CT),Poomangalam (CT),False,87.658199443497
32,Kerala,Poothakkulam (CT),29447,24406,1,Poothakkulam (CT),Poothakkulam (CT),False,82.88110843209834
32,Kerala,Porathissery (CT),16768,14603,1,Porathissery (CT),Porathissery (CT),False,87.08850190839695
32,Kerala,Porkulam (CT),6503,5630,1,Porkulam (CT),Porkulam (CT),False,86.57542672612641
32,Kerala,Pottore (CT),7848,6981,1,Pottore (CT),Pottore (CT),False,88.95259938837921
32,Kerala,Poyya (CT),10478,9240,1,Poyya (CT),Poyya (CT),False,88.1847680855125
32,Kerala,Pudussery Central (CT),16629,12911,1,Pudussery Central (CT),Pudussery Central (CT),False,77.64146972157076
32,Kerala,Pudussery West (CT),20140,16166,1,Pudussery West (CT),Pudussery West (CT),False,80.26812313803376
32,Kerala,Pullur (CT),12656,11074,1,Pullur (CT),Pullur (CT),False,87.5
32,Kerala,Punalur,46702,39976,1,Punalur (M),Punalur,False,85.59804719283972
32,Kerala,Punnayur (CT),19387,15856,1,Punnayur (CT),Punnayur (CT),False,81.78676432661062
32,Kerala,Punnayurkulam (CT),14221,11647,1,Punnayurkulam (CT),Punnayurkulam (CT),False,81.9000070318543
32,Kerala,Puranattukara (CT),10655,9473,1,Puranattukara (CT),Puranattukara (CT),False,88.90661661191929
32,Kerala,Puthencruz (CT),22378,19410,1,Puthencruz (CT),Puthencruz (CT),False,86.73697381356689
32,Kerala,Puthenvelikkara (CT),33372,28746,1,Puthenvelikkara (CT),Puthenvelikkara (CT),False,86.13807982740022
32,Kerala,Puthukkad (CT),12615,11048,1,Puthukkad (CT),Puthukkad (CT),False,87.57827982560444
32,Kerala,Puthunagaram (CT),17892,13987,1,Puthunagaram (CT),Puthunagaram (CT),False,78.17460317460318
32,Kerala,Puthuppally (CT),50025,44620,2,Puthuppally (CT),Puthuppally (CT),True,89.19540229885058
32,Kerala,Puthuppariyaram (CT),30895,25911,1,Puthuppariyaram (CT),Puthuppariyaram (CT),False,83.86793979608352
32,Kerala,Puthur (CT),31701,25828,2,Puthur (CT),Puthur (CT),True,81.47377054351598
32,Kerala,Puthuvype (CT),23717,20791,1,Puthuvype (CT),Puthuvype (CT),False,87.66285786566598
32,Kerala,Puzhakkal (CT),8609,7622,1,Puzhakkal (CT),Puzhakkal (CT),False,88.53525380415844
32,Kerala,Puzhathi (CT),35212,30109,1,Puzhathi (CT),Puzhathi (CT),False,85.5077814381461
32,Kerala,Quilandy,71873,61610,1,Quilandy (M),Quilandy,False,85.72064613971867
32,Kerala,Ramanattukara (CT),35937,30529,1,Ramanattukara (CT),Ramanattukara (CT),False,84.95144280268248
32,Kerala,Shiribagilu (CT),7630,5955,1,Shiribagilu (CT),Shiribagilu (CT),False,78.04718217562254
32,Kerala,Shiriya (CT),5277,3866,1,Shiriya (CT),Shiriya (CT),False,73.26132272124313
32,Kerala,Shoranur,43533,37700,1,Shoranur (M),Shoranur,False,86.60096937955115
32,Kerala,South Thrikkaripur (CT),22991,19144,1,South Thrikkaripur (CT),South Thrikkaripur (CT),False,83.26736549084424
32,Kerala,Sreekaryam (CT),23528,20825,1,Sreekaryam (CT),Sreekaryam (CT),False,88.51156069364163
32,Kerala,Talakkad (CT),35820,29058,1,Talakkad (CT),Talakkad (CT),False,81.12227805695143
32,Kerala,Talikkulam (CT),25507,21337,1,Talikkulam (CT),Talikkulam (CT),False,83.65154663425727
32,Kerala,Taliparamba,72465,60914,1,Taliparamba (M),Taliparamba,False,84.05989098185331
32,Kerala,Tanalur (CT),47976,38970,1,Tanalur (CT),Tanalur (CT),False,81.2281140570285
32,Kerala,Thaikattussery (CT),20874,17985,1,Thaikattussery (CT),Thaikattussery (CT),False,86.1598160390917
32,Kerala,Thaikkad (CT),6594,5668,1,Thaikkad (CT),Thaikkad (CT),False,85.9569305429178
32,Kerala,Thalakkulathur (CT),29388,25361,1,Thalakkulathur (CT),Thalakkulathur (CT),False,86.29712807948823
32,Kerala,Thalassery,92558,81320,1,Thalassery (M),Thalassery,False,87.85842390717173
32,Kerala,Thangalur (CT),4587,3936,1,Thangalur (CT),Thangalur (CT),False,85.80771746239371
32,Kerala,Thanneermukkam (CT),31525,27808,1,Thanneermukkam (CT),Thanneermukkam (CT),False,88.20935765265662
32,Kerala,Thanniyam (CT),9743,8578,1,Thanniyam (CT),Thanniyam (CT),False,88.04269732115365
32,Kerala,Thazhakara (CT),14596,13118,1,Thazhakara (CT),Thazhakara (CT),False,89.87393806522334
32,Kerala,Thazhecode (CT),25116,21606,1,Thazhecode (CT),Thazhecode (CT),False,86.0248447204969
32,Kerala,Thazhuthala (CT),37517,31025,1,Thazhuthala (CT),Thazhuthala (CT),False,82.69584455047045
32,Kerala,Thekkumbhagom (CT),10798,8874,1,Thekkumbhagom (CT),Thekkumbhagom (CT),False,82.18188553435822
32,Kerala,Thekkumkara (CT),15258,12674,1,Thekkumkara (CT),Thekkumkara (CT),False,83.06462183772447
32,Kerala,Thenhippalam (CT),32045,26708,1,Thenhippalam (CT),Thenhippalam (CT),False,83.34529567795288
32,Kerala,Thennala (CT),56546,45256,1,Thennala (CT),Thennala (CT),False,80.03395465638596
32,Kerala,Thikkody (CT),27051,22410,1,Thikkody (CT),Thikkody (CT),False,82.84351779971165
32,Kerala,Thirumittacode -II (CT),12855,10274,1,Thirumittacode -II (CT),Thirumittacode -II (CT),False,79.92220925709842
32,Kerala,Thirunavaya (CT),24790,19953,1,Thirunavaya (CT),Thirunavaya (CT),False,80.48810004033885
32,Kerala,Thiruvalla,52883,47768,1,Thiruvalla (M),Thiruvalla,False,90.32770455533915
32,Kerala,Thiruvananthapuram,1531962,1327077,3,Thiruvananthapuram (M Corp. + OG) (Part) | Thiruvananthapuram (M Corp.),Thiruvananthapuram,True,86.62597375130716
32,Kerala,Thiruvankulam (CT),23160,20718,1,Thiruvankulam (CT),Thiruvankulam (CT),False,89.4559585492228
32,Kerala,Thodiyoor (CT),25884,21356,1,Thodiyoor (CT),Thodiyoor (CT),False,82.50656776386958
32,Kerala,Thodupuzha,52045,44799,1,Thodupuzha (M),Thodupuzha,False,86.07743299068115
32,Kerala,Tholur (CT),7454,6487,1,Tholur (CT),Tholur (CT),False,87.02709954386907
32,Kerala,Thottada (CT),40818,35281,1,Thottada (CT),Thottada (CT),False,86.43490616884708
32,Kerala,Thrikkadavoor (CT),39285,33740,1,Thrikkadavoor (CT),Thrikkadavoor (CT),False,85.88519791268932
32,Kerala,Thrikkaruva (CT),25432,21274,1,Thrikkaruva (CT),Thrikkaruva (CT),False,83.65051903114187
32,Kerala,Thrikkodithanam (CT),33819,30006,1,Thrikkodithanam (CT),Thrikkodithanam (CT),False,88.72527277565865
32,Kerala,Thrikkovilvattom (CT),41609,34764,1,Thrikkovilvattom (CT),Thrikkovilvattom (CT),False,83.549232137278
32,Kerala,Thrippunithura,69390,62255,1,Thrippunithura (M),Thrippunithura,False,89.71753855022338
32,Kerala,Thrissur,315957,281061,1,Thrissur (M Corp.),Thrissur,False,88.9554591289321
32,Kerala,Thrithala (CT),27796,22740,1,Thrithala (CT),Thrithala (CT),False,81.81033242193121
32,Kerala,Thuneri (CT),23421,18729,1,Thuneri (CT),Thuneri (CT),False,79.96669655437428
32,Kerala,Thurayur (CT),14176,11638,1,Thurayur (CT),Thurayur (CT),False,82.09650112866818
32,Kerala,Tirur,56058,46711,1,Tirur (M),Tirur,False,83.3261978664954
32,Kerala,Tirurangadi (CT),56632,45302,1,Tirurangadi (CT),Tirurangadi (CT),False,79.99364316993926
32,Kerala,Trikkur (CT),13093,11358,1,Trikkur (CT),Trikkur (CT),False,86.74864431375543
32,Kerala,Triprangode (CT),41167,33049,1,Triprangode (CT),Triprangode (CT),False,80.28032161682901
32,Kerala,Udma (CT),8115,6359,1,Udma (CT),Udma (CT),False,78.36105976586568
32,Kerala,Uliyazhathura (CT),28230,24539,1,Uliyazhathura (CT),Uliyazhathura (CT),False,86.9252568189869
32,Kerala,Ulliyeri (CT),32509,27724,1,Ulliyeri (CT),Ulliyeri (CT),False,85.28099910793934
32,Kerala,Uppala (CT),11542,9070,1,Uppala (CT),Uppala (CT),False,78.58256801247617
32,Kerala,Urakam (CT),29157,23280,1,Urakam (CT),Urakam (CT),False,79.84360530918819
32,Kerala,Vadakara,75295,64016,1,Vadakara (M),Vadakara,False,85.02025366890231
32,Kerala,Vadakkekad (CT),15811,13366,1,Vadakkekad (CT),Vadakkekad (CT),False,84.5360824742268
32,Kerala,Vadakkekara (CT),20571,18045,1,Vadakkekara (CT),Vadakkekara (CT),False,87.72057751203151
32,Kerala,Vadakkumbhagom (CT),11727,10198,1,Vadakkumbhagom (CT),Vadakkumbhagom (CT),False,86.96171228788266
32,Kerala,Vadakkumkara (CT),10407,8978,1,Vadakkumkara (CT),Vadakkumkara (CT),False,86.26885749975978
32,Kerala,Vadakkummuri (CT),9585,8446,1,Vadakkummuri (CT),Vadakkummuri (CT),False,88.1168492436098
32,Kerala,Vadakkumthala (CT),20993,17483,1,Vadakkumthala (CT),Vadakkumthala (CT),False,83.28014099938075
32,Kerala,Vadama (CT),11573,10156,1,Vadama (CT),Vadama (CT),False,87.75598375529249
32,Kerala,Vadanappally (CT),30657,26316,1,Vadanappally (CT),Vadanappally (CT),False,85.84010177121048
32,Kerala,Vaikom,23234,20750,1,Vaikom (M),Vaikom,False,89.30877162778687
32,Kerala,Vakkom (CT),19267,15902,1,Vakkom (CT),Vakkom (CT),False,82.53490424041107
32,Kerala,Valapattanam (CT),7955,6564,1,Valapattanam (CT),Valapattanam (CT),False,82.51414204902578
32,Kerala,Valayam (CT),14328,11523,1,Valayam (CT),Valayam (CT),False,80.42294807370183
32,Kerala,Vallachira (CT),12970,11359,1,Vallachira (CT),Vallachira (CT),False,87.57902852737087
32,Kerala,Vaniyamkulam- II (CT),16085,13914,1,Vaniyamkulam- II (CT),Vaniyamkulam- II (CT),False,86.50295306185888
32,Kerala,Varam (CT),17008,14228,1,Varam (CT),Varam (CT),False,83.65475070555033
32,Kerala,Varappuzha (CT),26750,23486,1,Varappuzha (CT),Varappuzha (CT),False,87.79813084112149
32,Kerala,Varkala,40048,33282,1,Varkala (M),Varkala,False,83.10527367159408
32,Kerala,Vattappara (CT),27140,23272,1,Vattappara (CT),Vattappara (CT),False,85.74797347089167
32,Kerala,Vattiyoorkavu (CT),47187,41235,1,Vattiyoorkavu (CT),Vattiyoorkavu (CT),False,87.38635641172357
32,Kerala,Vayalar (CT),24804,22011,1,Vayalar (CT),Vayalar (CT),False,88.73971940009676
32,Kerala,Vazhakkala (CT),51242,44672,1,Vazhakkala (CT),Vazhakkala (CT),False,87.17848639787674
32,Kerala,Vazhakulam (CT),18358,15134,1,Vazhakulam (CT),Vazhakulam (CT),False,82.43817409303846
32,Kerala,Vazhayur (CT),36909,31229,1,Vazhayur (CT),Vazhayur (CT),False,84.610799533989
32,Kerala,Veiloor (CT),22816,18730,1,Veiloor (CT),Veiloor (CT),False,82.09151472650773
32,Kerala,Vellanikkara (CT),6167,5417,1,Vellanikkara (CT),Vellanikkara (CT),False,87.83849521647478
32,Kerala,Vellookkara (CT),8146,7141,1,Vellookkara (CT),Vellookkara (CT),False,87.6626565185367
32,Kerala,Velloorkunnam (CT),11576,9925,1,Velloorkunnam (CT),Velloorkunnam (CT),False,85.73773324118866
32,Kerala,Velur (CT),13928,12084,1,Velur (CT),Velur (CT),False,86.76048248133257
32,Kerala,Veluthur (CT),11602,10122,1,Veluthur (CT),Veluthur (CT),False,87.24357869332874
32,Kerala,Venganoor (CT),35963,30807,1,Venganoor (CT),Venganoor (CT),False,85.66304257153186
32,Kerala,Vengara (CT),48600,38591,1,Vengara (CT),Vengara (CT),False,79.40534979423867
32,Kerala,Venginissery (CT),5533,4843,1,Venginissery (CT),Venginissery (CT),False,87.52936923911079
32,Kerala,Vengola (CT),32697,27507,1,Vengola (CT),Vengola (CT),False,84.12698412698413
32,Kerala,Venkitangu (CT),11335,9753,1,Venkitangu (CT),Venkitangu (CT),False,86.04322893692104
32,Kerala,Venmanad (CT),8377,7041,1,Venmanad (CT),Venmanad (CT),False,84.05156977438224
32,Kerala,Vijayapuram (CT),29248,26462,1,Vijayapuram (CT),Vijayapuram (CT),False,90.4745623632385
32,Kerala,Vilappil (CT),36212,30691,1,Vilappil (CT),Vilappil (CT),False,84.75367281564122
32,Kerala,Vilavoorkkal (CT),31761,27195,1,Vilavoorkkal (CT),Vilavoorkkal (CT),False,85.62387834136204
32,Kerala,Villiappally (CT),34502,29188,1,Villiappally (CT),Villiappally (CT),False,84.5979943191699
32,Kerala,Vylathur (CT),10298,8779,1,Vylathur (CT),Vylathur (CT),False,85.249563021946
32,Kerala,Wadakkanchery (CT),15674,13197,1,Wadakkanchery (CT),Wadakkanchery (CT),False,84.19675896388924
33,Tamil Nadu,A.Vellalapatti (TP),8325,5270,1,A.Vellalapatti (TP),A.Vellalapatti (TP),False,63.3033033033033
33,Tamil Nadu,Abiramam (TP),8144,6781,1,Abiramam (TP),Abiramam (TP),False,83.26375245579568
33,Tamil Nadu,Achampudur (TP),13566,9000,1,Achampudur (TP),Achampudur (TP),False,66.34232640424591
33,Tamil Nadu,Acharapakkam (TP),10362,7689,1,Acharapakkam (TP),Acharapakkam (TP),False,74.20382165605095
33,Tamil Nadu,Achipatti (CT),9849,8230,1,Achipatti (CT),Achipatti (CT),False,83.56178292212407
33,Tamil Nadu,Adaikkakuzhi (CT),8888,7429,1,Adaikkakuzhi (CT),Adaikkakuzhi (CT),False,83.58460846084608
33,Tamil Nadu,Adikaratti (TP),14178,10630,1,Adikaratti (TP),Adikaratti (TP),False,74.97531386655382
33,Tamil Nadu,Adiramapattinam (TP),31066,23056,1,Adiramapattinam (TP),Adiramapattinam (TP),False,74.2161848966716
33,Tamil Nadu,Adiyanuthu (CT),17851,12643,1,Adiyanuthu (CT),Adiyanuthu (CT),False,70.82516385636659
33,Tamil Nadu,Aduthurai alias Maruthuvakudi (TP),11705,9277,1,Aduthurai alias Maruthuvakudi (TP),Aduthurai alias Maruthuvakudi (TP),False,79.25672789406237
33,Tamil Nadu,Agaram (TP),15610,11055,1,Agaram (TP),Agaram (TP),False,70.81998718770019
33,Tamil Nadu,Agastheeswaram (TP),9717,8089,1,Agastheeswaram (TP),Agastheeswaram (TP),False,83.24585777503344
33,Tamil Nadu,Alagappapuram (TP),9626,8272,1,Alagappapuram (TP),Alagappapuram (TP),False,85.93392894244754
33,Tamil Nadu,Alamathi (CT),7424,5344,1,Alamathi (CT),Alamathi (CT),False,71.98275862068965
33,Tamil Nadu,Alamelumangapuram (CT),7900,5924,1,Alamelumangapuram (CT),Alamelumangapuram (CT),False,74.9873417721519
33,Tamil Nadu,Alampalayam (TP),20286,13816,1,Alampalayam (TP),Alampalayam (TP),False,68.1060830129153
33,Tamil Nadu,Alandur,164430,140143,1,Alandur (M),Alandur,False,85.22958097670741
33,Tamil Nadu,Alanganallur (TP),12331,8707,1,Alanganallur (TP),Alanganallur (TP),False,70.61065607006731
33,Tamil Nadu,Alangayam (TP),18327,12640,1,Alangayam (TP),Alangayam (TP),False,68.96928029682982
33,Tamil Nadu,Alangudi (TP),12367,9587,1,Alangudi (TP),Alangudi (TP),False,77.52082154119834
33,Tamil Nadu,Alangulam (CT),4930,3809,1,Alangulam (CT),Alangulam (CT),False,77.26166328600405
33,Tamil Nadu,Alangulam (TP),20948,15598,1,Alangulam (TP),Alangulam (TP),False,74.4605690280695
33,Tamil Nadu,Alanthurai (TP),7221,4527,1,Alanthurai (TP),Alanthurai (TP),False,62.69214790195263
33,Tamil Nadu,Alapakkam (CT),9404,7070,1,Alapakkam (CT),Alapakkam (CT),False,75.18077413866439
33,Tamil Nadu,Allapuram (TP),31211,24154,1,Allapuram (TP),Allapuram (TP),False,77.38938194867194
33,Tamil Nadu,Alur (TP),15063,12622,1,Alur (TP),Alur (TP),False,83.7947288056828
33,Tamil Nadu,Alwarkurichi (TP),10045,7866,1,Alwarkurichi (TP),Alwarkurichi (TP),False,78.30761572921851
33,Tamil Nadu,Alwarthirunagiri (TP),9289,7660,1,Alwarthirunagiri (TP),Alwarthirunagiri (TP),False,82.4631284314781
33,Tamil Nadu,Amathur (CT),4708,3561,1,Amathur (CT),Amathur (CT),False,75.63721325403569
33,Tamil Nadu,Ambasamudram,35645,28127,1,Ambasamudram (M),Ambasamudram,False,78.90868284471875
33,Tamil Nadu,Ambattur,466205,385138,1,Ambattur (M),Ambattur,False,82.61129760513079
33,Tamil Nadu,Ambur,114608,87198,1,Ambur (M),Ambur,False,76.08369398296803
33,Tamil Nadu,Ammainaickanur (TP),19257,13803,1,Ammainaickanur (TP),Ammainaickanur (TP),False,71.67783143791868
33,Tamil Nadu,Ammanur (CT),7731,6210,1,Ammanur (CT),Ammanur (CT),False,80.32596041909197
33,Tamil Nadu,Ammapattinam (CT),6652,5275,1,Ammapattinam (CT),Ammapattinam (CT),False,79.29945880938064
33,Tamil Nadu,Ammapettai (TP),24249,17305,2,Ammapettai (TP),Ammapettai (TP),True,71.36376757804446
33,Tamil Nadu,Ammavarikuppam (CT),10750,7710,1,Ammavarikuppam (CT),Ammavarikuppam (CT),False,71.72093023255815
33,Tamil Nadu,Ammoor (TP),12513,8982,1,Ammoor (TP),Ammoor (TP),False,71.78134739870534
33,Tamil Nadu,Anaimalai (TP),17208,12350,1,Anaimalai (TP),Anaimalai (TP),False,71.76894467689446
33,Tamil Nadu,Anaiyur,63917,52942,1,Anaiyur (M),Anaiyur,False,82.82929424096875
33,Tamil Nadu,Anaiyur (CT),24436,17469,1,Anaiyur (CT),Anaiyur (CT),False,71.48878703552136
33,Tamil Nadu,Anakaputhur,48050,37494,1,Anakaputhur (M),Anakaputhur,False,78.03121748178981
33,Tamil Nadu,Ananthapuram (TP),6892,4669,1,Ananthapuram (TP),Ananthapuram (TP),False,67.74521183981427
33,Tamil Nadu,Andankoil East (CT),19779,15249,1,Andankoil  East (CT),Andankoil East (CT),False,77.09692097679357
33,Tamil Nadu,Andipalayam (CT),25539,18682,1,Andipalayam (CT),Andipalayam (CT),False,73.15086730099064
33,Tamil Nadu,Andipatti Jakkampatti (TP),27287,20926,1,Andipatti Jakkampatti (TP),Andipatti Jakkampatti (TP),False,76.68853300106278
33,Tamil Nadu,Anjugrammam (TP),10982,9204,1,Anjugrammam (TP),Anjugrammam (TP),False,83.809870697505
33,Tamil Nadu,Annalagraharam (CT),11129,8450,1,Annalagraharam (CT),Annalagraharam (CT),False,75.92775631233714
33,Tamil Nadu,Annamalai Nagar (TP),16289,14570,1,Annamalai Nagar (TP),Annamalai Nagar (TP),False,89.44686598317884
33,Tamil Nadu,Annavasal (TP),8906,6157,1,Annavasal (TP),Annavasal (TP),False,69.13316865034808
33,Tamil Nadu,Annur (TP),20079,14764,1,Annur (TP),Annur (TP),False,73.52955824493252
33,Tamil Nadu,Anthiyur (TP),21086,15549,1,Anthiyur (TP),Anthiyur (TP),False,73.74087071990894
33,Tamil Nadu,Anuppankulam (CT),13526,9377,1,Anuppankulam (CT),Anuppankulam (CT),False,69.32574301345556
33,Tamil Nadu,Appakudal (TP),10610,6954,1,Appakudal (TP),Appakudal (TP),False,65.54194156456174
33,Tamil Nadu,Arachalur (TP),12034,8004,1,Arachalur (TP),Arachalur (TP),False,66.51155060661459
33,Tamil Nadu,Arakandanallur (TP),5713,4322,1,Arakandanallur (TP),Arakandanallur (TP),False,75.6520217048836
33,Tamil Nadu,Arakonam,78395,64133,1,Arakonam (M),Arakonam,False,81.80751323426239
33,Tamil Nadu,Aralvaimozhi (TP),22846,18344,1,Aralvaimozhi (TP),Aralvaimozhi (TP),False,80.29414339490502
33,Tamil Nadu,Arani,63671,48961,1,Arani (M),Arani,False,76.89686042311257
33,Tamil Nadu,Arani (TP),12833,9240,1,Arani (TP),Arani (TP),False,72.0018701784462
33,Tamil Nadu,Aranthangi,40814,33043,1,Aranthangi (M),Aranthangi,False,80.95996471798892
33,Tamil Nadu,Arasiramani (TP),14834,8634,1,Arasiramani (TP),Arasiramani (TP),False,58.20412565727383
33,Tamil Nadu,Arasur (CT),11510,8477,1,Arasur (CT),Arasur (CT),False,73.64900086880974
33,Tamil Nadu,Aravakurichi (TP),12412,9169,1,Aravakurichi (TP),Aravakurichi (TP),False,73.87205929745407
33,Tamil Nadu,Aravankad (TS) (CT),4438,3897,1,Aravankad (TS) (CT),Aravankad (TS) (CT),False,87.80982424515548
33,Tamil Nadu,Arcot,55955,44382,1,Arcot (M),Arcot,False,79.31730855151461
33,Tamil Nadu,Arimalam (TP),8948,6364,1,Arimalam (TP),Arimalam (TP),False,71.12203844434511
33,Tamil Nadu,Ariyalur,28902,21977,1,Ariyalur (M),Ariyalur,False,76.039720434572
33,Tamil Nadu,Ariyappampalayam (TP),15706,9712,1,Ariyappampalayam (TP),Ariyappampalayam (TP),False,61.83624092703426
33,Tamil Nadu,Ariyur (CT),7251,5423,1,Ariyur (CT),Ariyur (CT),False,74.7896841814922
33,Tamil Nadu,Arumanai (TP),16283,13348,1,Arumanai (TP),Arumanai (TP),False,81.97506601977523
33,Tamil Nadu,Arumbanur (CT),6148,4233,1,Arumbanur (CT),Arumbanur (CT),False,68.85165907612232
33,Tamil Nadu,Arumbavur (TP),12467,8546,1,Arumbavur (TP),Arumbavur (TP),False,68.5489692788963
33,Tamil Nadu,Arumuganeri (TP),27266,22230,1,Arumuganeri (TP),Arumuganeri (TP),False,81.5301107606543
33,Tamil Nadu,Aruppukkottai,87722,72035,1,Aruppukkottai (M),Aruppukkottai,False,82.11737078497983
33,Tamil Nadu,Asaripallam (TP),16822,14447,1,Asaripallam (TP),Asaripallam (TP),False,85.88158364047082
33,Tamil Nadu,Ashokapuram (CT),12993,10556,1,Ashokapuram (CT),Ashokapuram (CT),False,81.24374663280229
33,Tamil Nadu,Athani (TP),8430,5141,1,Athani (TP),Athani (TP),False,60.98457888493476
33,Tamil Nadu,Athanur (TP),9827,6516,1,Athanur (TP),Athanur (TP),False,66.3071130558665
33,Tamil Nadu,Athimarapatti (CT),22218,16943,1,Athimarapatti (CT),Athimarapatti (CT),False,76.2579890179134
33,Tamil Nadu,Athipatti (CT),8384,6422,1,Athipatti (CT),Athipatti (CT),False,76.59828244274809
33,Tamil Nadu,Athipattu (CT),11034,8205,1,Athipattu (CT),Athipattu (CT),False,74.3610657966286
33,Tamil Nadu,Athivilai (CT),7401,6287,1,Athivilai (CT),Athivilai (CT),False,84.94798000270234
33,Tamil Nadu,Athur (TP),22048,17815,2,Athur (TP),Athur (TP),True,80.80097968069666
33,Tamil Nadu,Attayampatti (TP),13852,9576,1,Attayampatti (TP),Attayampatti (TP),False,69.13081143517181
33,Tamil Nadu,Attur,61793,46126,1,Attur (M),Attur,False,74.64599550110854
33,Tamil Nadu,Avadattur (CT),9869,5661,1,Avadattur (CT),Avadattur (CT),False,57.36143479582532
33,Tamil Nadu,Avadi,345996,282879,1,Avadi (M),Avadi,False,81.75788159400686
33,Tamil Nadu,Avalapalli (CT),17859,13760,1,Avalapalli (CT),Avalapalli (CT),False,77.04798700935103
33,Tamil Nadu,Avalpoondurai (TP),11789,8029,1,Avalpoondurai (TP),Avalpoondurai (TP),False,68.10586139621681
33,Tamil Nadu,Avanashi (TP),28868,22801,1,Avanashi (TP),Avanashi (TP),False,78.98364971594846
33,Tamil Nadu,Avaniapuram,89635,70586,1,Avaniapuram (M),Avaniapuram,False,78.7482568193228
33,Tamil Nadu,Ayacode (CT),8874,7318,1,Ayacode (CT),Ayacode (CT),False,82.46562993013298
33,Tamil Nadu,Ayakudi (TP),27156,18681,1,Ayakudi (TP),Ayakudi (TP),False,68.79142730888202
33,Tamil Nadu,Ayappakkam (CT),29511,24234,1,Ayappakkam (CT),Ayappakkam (CT),False,82.11853207278642
33,Tamil Nadu,Aygudi (TP),15129,10521,1,Aygudi (TP),Aygudi (TP),False,69.54193932183225
33,Tamil Nadu,Ayothiapattinam (TP),11517,8298,1,Ayothiapattinam (TP),Ayothiapattinam (TP),False,72.05001302422505
33,Tamil Nadu,Ayyalur (TP),17100,9218,1,Ayyalur (TP),Ayyalur (TP),False,53.906432748538016
33,Tamil Nadu,Ayyampalayam (TP),12175,8394,1,Ayyampalayam (TP),Ayyampalayam (TP),False,68.94455852156057
33,Tamil Nadu,Ayyampettai (CT),6610,4780,1,Ayyampettai (CT),Ayyampettai (CT),False,72.31467473524961
33,Tamil Nadu,Ayyampettai (TP),16263,12904,1,Ayyampettai (TP),Ayyampettai (TP),False,79.34575416589806
33,Tamil Nadu,Ayyappanthangal (CT),23808,18213,1,Ayyappanthangal (CT),Ayyappanthangal (CT),False,76.49949596774194
33,Tamil Nadu,Azhagiapandipuram (TP),11392,9533,1,Azhagiapandipuram (TP),Azhagiapandipuram (TP),False,83.6815308988764
33,Tamil Nadu,B. Meenakshipuram (TP),7846,4730,1,B. Meenakshipuram (TP),B. Meenakshipuram (TP),False,60.285495794035185
33,Tamil Nadu,B.Mallapuram (TP),12705,8802,1,B.Mallapuram (TP),B.Mallapuram (TP),False,69.27981109799292
33,Tamil Nadu,Balakrishnampatti (TP),8635,6081,1,Balakrishnampatti (TP),Balakrishnampatti (TP),False,70.42269832078749
33,Tamil Nadu,Balakrishnapuram (CT),25627,20572,1,Balakrishnapuram (CT),Balakrishnapuram (CT),False,80.27471026651578
33,Tamil Nadu,Balasamudram (TP),14179,8534,1,Balasamudram (TP),Balasamudram (TP),False,60.18760138232597
33,Tamil Nadu,Bargur (TP),16366,11598,1,Bargur (TP),Bargur (TP),False,70.86643040449712
33,Tamil Nadu,Batlagundu (TP),22928,18406,1,Batlagundu (TP),Batlagundu (TP),False,80.27739009071877
33,Tamil Nadu,Belur (TP),8736,6198,1,Belur (TP),Belur (TP),False,70.9478021978022
33,Tamil Nadu,Bhavani,39225,30250,1,Bhavani (M),Bhavani,False,77.11918419375398
33,Tamil Nadu,Bhavanisagar (TP),7710,5590,1,Bhavanisagar (TP),Bhavanisagar (TP),False,72.50324254215305
33,Tamil Nadu,Bhuvanagiri (TP),21956,16452,1,Bhuvanagiri (TP),Bhuvanagiri (TP),False,74.931681544908
33,Tamil Nadu,Bikketti (TP),5864,4620,1,Bikketti (TP),Bikketti (TP),False,78.78581173260572
33,Tamil Nadu,Bodinayakanur,75675,57649,1,Bodinayakanur (M),Bodinayakanur,False,76.17971589032045
33,Tamil Nadu,Boothapandi (TP),15931,13116,1,Boothapandi (TP),Boothapandi (TP),False,82.33004833343796
33,Tamil Nadu,Boothipuram (TP),11022,7266,1,Boothipuram (TP),Boothipuram (TP),False,65.92270005443658
33,Tamil Nadu,Brahmana Periya Agraharam (TP),24798,17295,1,Brahmana Periya Agraharam (TP),Brahmana Periya Agraharam (TP),False,69.74352770384709
33,Tamil Nadu,Chakkarapalli (CT),6227,4740,1,Chakkarapalli (CT),Chakkarapalli (CT),False,76.12012204914083
33,Tamil Nadu,Chathirareddipatti (CT),5360,4284,1,Chathirareddipatti (CT),Chathirareddipatti (CT),False,79.92537313432835
33,Tamil Nadu,Chatrapatti (CT),6948,4635,1,Chatrapatti (CT),Chatrapatti (CT),False,66.70984455958549
33,Tamil Nadu,Chenbagaramanputhur (CT),5028,4037,1,Chenbagaramanputhur  (CT),Chenbagaramanputhur (CT),False,80.2903739061257
33,Tamil Nadu,Chengalpattu,62579,52094,1,Chengalpattu (M),Chengalpattu,False,83.24517809488806
33,Tamil Nadu,Chengam (TP),26980,19282,1,Chengam (TP),Chengam (TP),False,71.46775389177168
33,Tamil Nadu,Chengappalli (CT),6587,4292,1,Chengappalli (CT),Chengappalli (CT),False,65.15864581751936
33,Tamil Nadu,Chennagiri (CT),5338,3114,1,Chennagiri (CT),Chennagiri (CT),False,58.336455601348824
33,Tamil Nadu,Chennai,4646732,3776276,1,Chennai (M Corp.),Chennai,False,81.267350903818
33,Tamil Nadu,Chennasamudram (TP),8111,5557,1,Chennasamudram (TP),Chennasamudram (TP),False,68.51189742325238
33,Tamil Nadu,Chennimalai (TP),15500,11716,1,Chennimalai (TP),Chennimalai (TP),False,75.58709677419355
33,Tamil Nadu,Cheranmadevi (TP),18327,14921,1,Cheranmadevi (TP),Cheranmadevi (TP),False,81.41539804659791
33,Tamil Nadu,Chetpet (TP),19827,14802,1,Chetpet (TP),Chetpet (TP),False,74.65577243153277
33,Tamil Nadu,Chettiarpatti (TP),17520,13186,1,Chettiarpatti (TP),Chettiarpatti (TP),False,75.26255707762557
33,Tamil Nadu,Chettinaickenpatti (CT),17701,13206,1,Chettinaickenpatti (CT),Chettinaickenpatti (CT),False,74.6059544658494
33,Tamil Nadu,Chettipalayam (CT),37620,27931,1,Chettipalayam (CT),Chettipalayam (CT),False,74.24508240297713
33,Tamil Nadu,Chettipalayam (TP),10366,7304,1,Chettipalayam (TP),Chettipalayam (TP),False,70.46112290179433
33,Tamil Nadu,Chettithangal (CT),7780,5714,1,Chettithangal (CT),Chettithangal (CT),False,73.44473007712082
33,Tamil Nadu,Chidambaram,62153,51736,1,Chidambaram (M),Chidambaram,False,83.23974707576465
33,Tamil Nadu,Chidambaram (Nm) (CT),6039,5072,1,Chidambaram  (Nm) (CT),Chidambaram (Nm) (CT),False,83.98741513495612
33,Tamil Nadu,Chinna Anuppanadi (CT),26158,19094,1,Chinna Anuppanadi (CT),Chinna Anuppanadi (CT),False,72.99487728419604
33,Tamil Nadu,Chinnakalayamputhur (CT),5162,3941,1,Chinnakalayamputhur (CT),Chinnakalayamputhur (CT),False,76.3463773731112
33,Tamil Nadu,Chinnakkampalayam (TP),11546,6797,1,Chinnakkampalayam (TP),Chinnakkampalayam (TP),False,58.86887233674
33,Tamil Nadu,Chinnalapatti (TP),26285,20936,1,Chinnalapatti (TP),Chinnalapatti (TP),False,79.64999048887198
33,Tamil Nadu,Chinnamanur,42305,31987,1,Chinnamanur (M),Chinnamanur,False,75.61044793759602
33,Tamil Nadu,Chinnampalayam (CT),8695,7408,1,Chinnampalayam (CT),Chinnampalayam (CT),False,85.19838987924095
33,Tamil Nadu,Chinnamudalaipatti (CT),8928,7154,1,Chinnamudalaipatti (CT),Chinnamudalaipatti (CT),False,80.12992831541219
33,Tamil Nadu,Chinnasalem (TP),25106,18366,1,Chinnasalem (TP),Chinnasalem (TP),False,73.15382777025413
33,Tamil Nadu,Chinnasekkadu (TP),12396,9509,1,Chinnasekkadu (TP),Chinnasekkadu (TP),False,76.71022910616327
33,Tamil Nadu,Chinnathadagam (CT),8407,5720,1,Chinnathadagam (CT),Chinnathadagam (CT),False,68.0385393124777
33,Tamil Nadu,Chinnavedampatti (TP),20122,15423,1,Chinnavedampatti (TP),Chinnavedampatti (TP),False,76.64745055163502
33,Tamil Nadu,Chinniam palayam (CT),8232,6380,1,Chinniam palayam (CT),Chinniam palayam (CT),False,77.50242954324587
33,Tamil Nadu,Chithode (TP),8550,6219,1,Chithode (TP),Chithode (TP),False,72.73684210526315
33,Tamil Nadu,Chitlapakkam (TP),37906,32222,1,Chitlapakkam (TP),Chitlapakkam (TP),False,85.0050123990925
33,Tamil Nadu,Cholapuram (TP),6803,5420,1,Cholapuram (TP),Cholapuram (TP),False,79.6707334999265
33,Tamil Nadu,Choozhal (CT),6807,5723,1,Choozhal (CT),Choozhal (CT),False,84.07521668870281
33,Tamil Nadu,Coimbatore,1050721,866098,1,Coimbatore (M Corp.),Coimbatore,False,82.42892261599415
33,Tamil Nadu,Colachel,23227,18702,1,Colachel (M),Colachel,False,80.51836225082877
33,Tamil Nadu,Coonoor,45494,38574,1,Coonoor (M),Coonoor,False,84.78920297182046
33,Tamil Nadu,Courtalam (TP),2089,1473,1,Courtalam (TP),Courtalam (TP),False,70.51220679751077
33,Tamil Nadu,Cuddalore,173636,137031,1,Cuddalore (M),Cuddalore,False,78.91854223778479
33,Tamil Nadu,Dalavaipatti (CT),7732,4798,1,Dalavaipatti (CT),Dalavaipatti (CT),False,62.05380237972064
33,Tamil Nadu,Damalerimuthur (CT),5250,3314,1,Damalerimuthur (CT),Damalerimuthur (CT),False,63.12380952380953
33,Tamil Nadu,Dasanaickenpatti (CT),5857,4321,1,Dasanaickenpatti (CT),Dasanaickenpatti (CT),False,73.77497012122247
33,Tamil Nadu,Denkanikottai (TP),24252,16338,1,Denkanikottai (TP),Denkanikottai (TP),False,67.36763978228599
33,Tamil Nadu,Desur (TP),4597,3485,1,Desur (TP),Desur (TP),False,75.81031107243855
33,Tamil Nadu,Devadanapatti (TP),19285,12563,1,Devadanapatti (TP),Devadanapatti (TP),False,65.14389421830438
33,Tamil Nadu,Devakottai,51865,41984,1,Devakottai (M),Devakottai,False,80.94861660079052
33,Tamil Nadu,Devarshola (TP),24954,18467,1,Devarshola (TP),Devarshola (TP),False,74.00416766851006
33,Tamil Nadu,Devasthanam (CT),4963,3533,1,Devasthanam (CT),Devasthanam (CT),False,71.18678218819262
33,Tamil Nadu,Devikapuram (CT),9800,6804,1,Devikapuram (CT),Devikapuram (CT),False,69.42857142857143
33,Tamil Nadu,Devipattinam (CT),11599,8959,1,Devipattinam  (CT),Devipattinam (CT),False,77.23941719113718
33,Tamil Nadu,Dhalavoipuram (CT),5474,4322,1,Dhalavoipuram (CT),Dhalavoipuram (CT),False,78.95506028498356
33,Tamil Nadu,Dhali (TP),5874,3998,1,Dhali (TP),Dhali (TP),False,68.06264896152537
33,Tamil Nadu,Dhaliyur (TP),11500,8279,1,Dhaliyur (TP),Dhaliyur (TP),False,71.99130434782609
33,Tamil Nadu,Dharamapuram (CT),17476,14494,1,Dharamapuram  (CT),Dharamapuram (CT),False,82.93659876401924
33,Tamil Nadu,Dharapadavedu,38833,31835,1,Dharapadavedu (M),Dharapadavedu,False,81.97924445703396
33,Tamil Nadu,Dharapuram,56007,45028,1,Dharapuram (M),Dharapuram,False,80.3970932204903
33,Tamil Nadu,Dharasuram (TP),15326,11715,1,Dharasuram (TP),Dharasuram (TP),False,76.4387315672713
33,Tamil Nadu,Dharmapuri,68619,52892,1,Dharmapuri (M),Dharmapuri,False,77.08069193663563
33,Tamil Nadu,Dindigul,207327,169370,1,Dindigul (M),Dindigul,False,81.69220603201705
33,Tamil Nadu,Doramangalam (CT),5322,3115,1,Doramangalam (CT),Doramangalam (CT),False,58.53062758361518
33,Tamil Nadu,Dusi (CT),5577,3706,1,Dusi (CT),Dusi (CT),False,66.451497220728
33,Tamil Nadu,Edaganasalai (TP),33245,20216,1,Edaganasalai (TP),Edaganasalai (TP),False,60.809144232215374
33,Tamil Nadu,Edaicode (TP),25378,20985,1,Edaicode (TP),Edaicode (TP),False,82.68973126329891
33,Tamil Nadu,Edakalinadu (TP),28172,19979,1,Edakalinadu (TP),Edakalinadu (TP),False,70.91793269913389
33,Tamil Nadu,Edappadi,54823,35453,1,Edappadi (M),Edappadi,False,64.66811374787954
33,Tamil Nadu,Edayanchavadi (CT),12119,9340,1,Edayanchavadi (CT),Edayanchavadi (CT),False,77.06906510438155
33,Tamil Nadu,Elathur (TP),7827,4361,1,Elathur (TP),Elathur (TP),False,55.717388526894084
33,Tamil Nadu,Elayirampannai (CT),6814,5099,1,Elayirampannai (CT),Elayirampannai (CT),False,74.83122982095686
33,Tamil Nadu,Ellakkudy (CT),16244,14366,1,Ellakkudy (CT),Ellakkudy (CT),False,88.43880817532627
33,Tamil Nadu,Ellandaikuttai (CT),16160,10180,1,Ellandaikuttai (CT),Ellandaikuttai (CT),False,62.995049504950494
33,Tamil Nadu,Elumalai (TP),15746,9134,1,Elumalai (TP),Elumalai (TP),False,58.008383081417506
33,Tamil Nadu,Eral (TP),9478,7904,1,Eral (TP),Eral (TP),False,83.39312091158472
33,Tamil Nadu,Eranapuram (CT),8871,6011,1,Eranapuram (CT),Eranapuram (CT),False,67.76011723593733
33,Tamil Nadu,Eraniel (TP),10375,8801,1,Eraniel (TP),Eraniel (TP),False,84.8289156626506
33,Tamil Nadu,Eriodu (TP),8890,6307,1,Eriodu (TP),Eriodu (TP),False,70.94488188976378
33,Tamil Nadu,Erode (M.Corp),157101,125814,1,Erode (M.Corp),Erode (M.Corp),False,80.08478622032959
33,Tamil Nadu,Erumaipatti (TP),12085,9304,1,Erumaipatti (TP),Erumaipatti (TP),False,76.98800165494416
33,Tamil Nadu,Erumapalayam (CT),10220,7014,1,Erumapalayam (CT),Erumapalayam (CT),False,68.63013698630137
33,Tamil Nadu,Eruvadi (TP),18067,14806,1,Eruvadi (TP),Eruvadi (TP),False,81.95051751812697
33,Tamil Nadu,Ethapur (TP),10968,8422,1,Ethapur (TP),Ethapur (TP),False,76.78701677607586
33,Tamil Nadu,Ettayapuram (TP),12772,9644,1,Ettayapuram (TP),Ettayapuram (TP),False,75.50892577513311
33,Tamil Nadu,Ettimadai (TP),9352,6125,1,Ettimadai (TP),Ettimadai (TP),False,65.4940119760479
33,Tamil Nadu,Ezhudesam (TP),24657,19774,1,Ezhudesam (TP),Ezhudesam (TP),False,80.19629314190696
33,Tamil Nadu,Ganapathipuram (TP),14598,11852,1,Ganapathipuram (TP),Ganapathipuram (TP),False,81.18920400054802
33,Tamil Nadu,Gandhinagar (TP),9114,8110,1,Gandhinagar (TP),Gandhinagar (TP),False,88.98398068904982
33,Tamil Nadu,Gandipuram (CT),6106,5239,1,Gandipuram (CT),Gandipuram (CT),False,85.80085162135605
33,Tamil Nadu,Gangaikondan (TP),6434,5058,1,Gangaikondan (TP),Gangaikondan (TP),False,78.6136151694125
33,Tamil Nadu,Gangavalli (TP),12015,8126,1,Gangavalli (TP),Gangavalli (TP),False,67.632126508531
33,Tamil Nadu,Ganguvarpatti (TP),11942,7628,1,Ganguvarpatti (TP),Ganguvarpatti (TP),False,63.8753977558198
33,Tamil Nadu,Gerugambakkam (CT),11551,8987,1,Gerugambakkam (CT),Gerugambakkam (CT),False,77.802787637434
33,Tamil Nadu,Gingee (TP),27045,20673,1,Gingee (TP),Gingee (TP),False,76.43926788685525
33,Tamil Nadu,Gobichettipalayam,59523,46738,1,Gobichettipalayam (M),Gobichettipalayam,False,78.52090788434722
33,Tamil Nadu,Gopalasamudram (TP),10694,8269,1,Gopalasamudram (TP),Gopalasamudram (TP),False,77.32373293435572
33,Tamil Nadu,Goundampalayam,83908,67608,1,Goundampalayam (M),Goundampalayam,False,80.57396195833532
33,Tamil Nadu,Gudalur,91450,67380,2,Gudalur (M),Gudalur,True,73.67960634226354
33,Tamil Nadu,Gudalur (TP),38859,30152,1,Gudalur (TP),Gudalur (TP),False,77.59335031781569
33,Tamil Nadu,Gudiyatham,91558,70921,1,Gudiyatham (M),Gudiyatham,False,77.46018916970664
33,Tamil Nadu,Gummidipoondi (TP),18891,14132,1,Gummidipoondi (TP),Gummidipoondi (TP),False,74.8081096818591
33,Tamil Nadu,Gunduuppalavadi (CT),7281,5473,1,Gunduuppalavadi (CT),Gunduuppalavadi (CT),False,75.16824612003845
33,Tamil Nadu,Hale-Dharmapuri (CT),4902,3076,1,Hale-Dharmapuri (CT),Hale-Dharmapuri (CT),False,62.749898000815996
33,Tamil Nadu,Hanumanthampatti (TP),10619,7536,1,Hanumanthampatti (TP),Hanumanthampatti (TP),False,70.96713438176853
33,Tamil Nadu,Harur (TP),25469,18913,1,Harur (TP),Harur (TP),False,74.25890298009344
33,Tamil Nadu,Harveypatti (TP),9016,7529,1,Harveypatti (TP),Harveypatti (TP),False,83.50709849157055
33,Tamil Nadu,Highways (TP),4882,3802,1,Highways (TP),Highways (TP),False,77.87791888570258
33,Tamil Nadu,Hosur,116821,89593,1,Hosur (M),Hosur,False,76.69254671677182
33,Tamil Nadu,Hubbathala (CT),10852,8678,1,Hubbathala (CT),Hubbathala (CT),False,79.96682639144858
33,Tamil Nadu,Huligal (TP),12960,9865,1,Huligal (TP),Huligal (TP),False,76.11882716049382
33,Tamil Nadu,Idikarai (TP),8686,6308,1,Idikarai (TP),Idikarai (TP),False,72.62261109831914
33,Tamil Nadu,Iduvai (CT),8006,5212,1,Iduvai (CT),Iduvai (CT),False,65.10117411941044
33,Tamil Nadu,Ilampillai (TP),11797,8959,1,Ilampillai (TP),Ilampillai (TP),False,75.94303636517759
33,Tamil Nadu,Ilanji (TP),10282,7478,1,Ilanji (TP),Ilanji (TP),False,72.72904104259872
33,Tamil Nadu,Ilayangudi (TP),24767,19665,1,Ilayangudi (TP),Ilayangudi (TP),False,79.40000807526144
33,Tamil Nadu,Iluppaiyurani (CT),18032,13384,1,Iluppaiyurani (CT),Iluppaiyurani (CT),False,74.22360248447205
33,Tamil Nadu,Iluppur (TP),14127,10122,1,Iluppur (TP),Iluppur (TP),False,71.65003185389679
33,Tamil Nadu,Inam Karur,67131,52622,1,Inam Karur (M),Inam Karur,False,78.3870343060583
33,Tamil Nadu,Inam Maniyachi (CT),18258,14542,1,Inam Maniyachi (CT),Inam Maniyachi (CT),False,79.64727790557563
33,Tamil Nadu,Injambakkam (CT),21158,16727,1,Injambakkam (CT),Injambakkam (CT),False,79.05756687777674
33,Tamil Nadu,Iravadanallur (CT),7423,5810,1,Iravadanallur (CT),Iravadanallur (CT),False,78.27024114239526
33,Tamil Nadu,Irugur (TP),25691,20108,1,Irugur (TP),Irugur (TP),False,78.26865439258884
33,Tamil Nadu,Jaffrabad (CT),8121,5346,1,Jaffrabad (CT),Jaffrabad (CT),False,65.82933136313261
33,Tamil Nadu,Jagathala (TP),14383,11577,1,Jagathala (TP),Jagathala (TP),False,80.49085726204547
33,Tamil Nadu,Jalakandapuram (TP),16184,11951,1,Jalakandapuram (TP),Jalakandapuram (TP),False,73.84453781512606
33,Tamil Nadu,Jalladiampet (CT),19100,14616,1,Jalladiampet (CT),Jalladiampet (CT),False,76.52356020942408
33,Tamil Nadu,Jambai (TP),16522,9964,1,Jambai (TP),Jambai (TP),False,60.307468829439536
33,Tamil Nadu,Jayankondam,33945,24442,1,Jayankondam (M),Jayankondam,False,72.00471350714392
33,Tamil Nadu,Jolarpet,29662,22079,1,Jolarpet (M),Jolarpet,False,74.43530442991032
33,Tamil Nadu,K.Madapur (CT),5626,3790,1,K.Madapur (CT),K.Madapur (CT),False,67.36580163526484
33,Tamil Nadu,Kadambathur (CT),11235,8533,1,Kadambathur (CT),Kadambathur (CT),False,75.95015576323988
33,Tamil Nadu,Kadambur (TP),4155,2903,1,Kadambur (TP),Kadambur (TP),False,69.8676293622142
33,Tamil Nadu,Kadaparai (CT),9574,6678,1,Kadaparai (CT),Kadaparai (CT),False,69.7514100689367
33,Tamil Nadu,Kadathur (TP),11382,7997,1,Kadathur (TP),Kadathur (TP),False,70.26005974345458
33,Tamil Nadu,Kadayal (TP),21665,17178,1,Kadayal (TP),Kadayal (TP),False,79.28917609046849
33,Tamil Nadu,Kadayam (CT),5430,4312,1,Kadayam (CT),Kadayam (CT),False,79.41068139963167
33,Tamil Nadu,Kadayampatti (TP),11390,7086,1,Kadayampatti (TP),Kadayampatti (TP),False,62.212467076382794
33,Tamil Nadu,Kadayanallur,90364,64880,1,Kadayanallur (M),Kadayanallur,False,71.79850382895843
33,Tamil Nadu,Kadhirvedu (CT),7580,6164,1,Kadhirvedu (CT),Kadhirvedu (CT),False,81.31926121372032
33,Tamil Nadu,Kailasagiri (CT),9421,6580,1,Kailasagiri (CT),Kailasagiri (CT),False,69.84396560874642
33,Tamil Nadu,Kakkalur (CT),14528,11757,1,Kakkalur (CT),Kakkalur (CT),False,80.92648678414098
33,Tamil Nadu,Kalakad (TP),30921,24409,1,Kalakad (TP),Kalakad (TP),False,78.93987904660264
33,Tamil Nadu,Kalambur (TP),14304,10401,1,Kalambur (TP),Kalambur (TP),False,72.71392617449665
33,Tamil Nadu,Kalapatti (TP),39586,31958,1,Kalapatti (TP),Kalapatti (TP),False,80.73056130955388
33,Tamil Nadu,Kalappanaickenpatti (TP),10831,7314,1,Kalappanaickenpatti (TP),Kalappanaickenpatti (TP),False,67.52839073031114
33,Tamil Nadu,Kalavai (TP),9773,7051,1,Kalavai (TP),Kalavai (TP),False,72.14775401616699
33,Tamil Nadu,Kalinjur (TP),19828,15625,1,Kalinjur (TP),Kalinjur (TP),False,78.80270324793221
33,Tamil Nadu,Kaliyakkavilai (TP),15625,12733,1,Kaliyakkavilai (TP),Kaliyakkavilai (TP),False,81.49119999999999
33,Tamil Nadu,Kalladaikurichi (TP),26398,20701,1,Kalladaikurichi (TP),Kalladaikurichi (TP),False,78.41881960754603
33,Tamil Nadu,Kallakkurichi,52507,40472,1,Kallakkurichi (M),Kallakkurichi,False,77.07924657664692
33,Tamil Nadu,Kallakudi (TP),11604,9277,1,Kallakudi (TP),Kallakudi (TP),False,79.94657014822475
33,Tamil Nadu,Kallangudy (CT),6396,4833,1,Kallangudy (CT),Kallangudy (CT),False,75.56285178236398
33,Tamil Nadu,Kallukuttam (TP),19093,16229,1,Kallukuttam (TP),Kallukuttam (TP),False,84.99973812391977
33,Tamil Nadu,Kalparapatti (CT),5046,2486,1,Kalparapatti (CT),Kalparapatti (CT),False,49.266745937376136
33,Tamil Nadu,Kalugumalai (TP),14738,10643,1,Kalugumalai (TP),Kalugumalai (TP),False,72.21468313203962
33,Tamil Nadu,Kamayagoundanpatti (TP),16134,11232,1,Kamayagoundanpatti (TP),Kamayagoundanpatti (TP),False,69.61695797694311
33,Tamil Nadu,Kambainallur (TP),12194,7663,1,Kambainallur (TP),Kambainallur (TP),False,62.84238149909792
33,Tamil Nadu,Kambam,68090,52124,1,Kambam (M),Kambam,False,76.5516228521075
33,Tamil Nadu,Kamuthi (TP),14754,11726,1,Kamuthi (TP),Kamuthi (TP),False,79.476752067236
33,Tamil Nadu,Kanadukathan (TP),5275,4178,1,Kanadukathan (TP),Kanadukathan (TP),False,79.20379146919431
33,Tamil Nadu,Kanakkampalayam (CT),28619,22826,2,Kanakkampalayam (CT),Kanakkampalayam (CT),True,79.75820259268318
33,Tamil Nadu,Kanam (TP),3134,2418,1,Kanam (TP),Kanam (TP),False,77.15379706445438
33,Tamil Nadu,Kancheepuram,164384,130703,1,Kancheepuram (M),Kancheepuram,False,79.51077963792098
33,Tamil Nadu,Kandanur (TP),7696,5631,1,Kandanur (TP),Kandanur (TP),False,73.16787941787942
33,Tamil Nadu,Kangeyam (TP),32147,24977,1,Kangeyam (TP),Kangeyam (TP),False,77.69620804429651
33,Tamil Nadu,Kangeyanallur (CT),15177,12313,1,Kangeyanallur (CT),Kangeyanallur (CT),False,81.12934044936418
33,Tamil Nadu,Kaniyambadi (CT),9597,7009,1,Kaniyambadi (CT),Kaniyambadi (CT),False,73.03323955402729
33,Tamil Nadu,Kaniyur (CT),12011,8648,1,Kaniyur (CT),Kaniyur (CT),False,72.00066605611522
33,Tamil Nadu,Kaniyur (TP),6180,4585,1,Kaniyur (TP),Kaniyur (TP),False,74.19093851132686
33,Tamil Nadu,Kanjikoil (TP),11294,7317,1,Kanjikoil (TP),Kanjikoil (TP),False,64.78661236054542
33,Tamil Nadu,Kannamangalam (TP),7399,5553,1,Kannamangalam (TP),Kannamangalam (TP),False,75.05068252466549
33,Tamil Nadu,Kannampalayam (TP),15868,12578,1,Kannampalayam (TP),Kannampalayam (TP),False,79.26644819763044
33,Tamil Nadu,Kannanendal (CT),31095,26783,1,Kannanendal (CT),Kannanendal (CT),False,86.13281878115453
33,Tamil Nadu,Kannankurichi (TP),19765,14090,1,Kannankurichi (TP),Kannankurichi (TP),False,71.28762964836832
33,Tamil Nadu,Kannanoor (CT),7747,6574,1,Kannanoor (CT),Kannanoor (CT),False,84.85865496321156
33,Tamil Nadu,Kannapalayam (CT),4704,3373,1,Kannapalayam (CT),Kannapalayam (CT),False,71.70493197278913
33,Tamil Nadu,Kannivadi (TP),14754,9991,2,Kannivadi (TP),Kannivadi (TP),True,67.71722922597262
33,Tamil Nadu,Kanniyakumari (TP),22453,18432,1,Kanniyakumari (TP),Kanniyakumari (TP),False,82.09147998040352
33,Tamil Nadu,Kappiyarai (TP),15998,13489,1,Kappiyarai (TP),Kappiyarai (TP),False,84.31678959869984
33,Tamil Nadu,Karadipatti (CT),7289,5644,1,Karadipatti (CT),Karadipatti (CT),False,77.43174646727947
33,Tamil Nadu,Karaikkudi,106714,86955,1,Karaikkudi (M),Karaikkudi,False,81.48415390670391
33,Tamil Nadu,Karaipudur (CT),28602,20710,1,Karaipudur (CT),Karaipudur (CT),False,72.40752394937418
33,Tamil Nadu,Karamadai (TP),35166,27171,1,Karamadai (TP),Karamadai (TP),False,77.26497184780754
33,Tamil Nadu,Karambakkam (CT),21376,17148,1,Karambakkam (CT),Karambakkam (CT),False,80.22080838323353
33,Tamil Nadu,Karambakkudi (TP),14626,11000,1,Karambakkudi (TP),Karambakkudi (TP),False,75.20853274989744
33,Tamil Nadu,Kariamangalam (TP),13511,9072,1,Kariamangalam (TP),Kariamangalam (TP),False,67.14528902375841
33,Tamil Nadu,Kariapatti (TP),18191,13820,1,Kariapatti (TP),Kariapatti (TP),False,75.97163432466604
33,Tamil Nadu,Karugampattur (CT),6343,4645,1,Karugampattur (CT),Karugampattur (CT),False,73.23033265016554
33,Tamil Nadu,Karukkalvadi (CT),12052,6226,1,Karukkalvadi (CT),Karukkalvadi (CT),False,51.65947560570859
33,Tamil Nadu,Karumandi Chellipalayam (TP),23868,17890,1,Karumandi Chellipalayam (TP),Karumandi Chellipalayam (TP),False,74.95391318920731
33,Tamil Nadu,Karumathampatti (TP),35062,26180,1,Karumathampatti (TP),Karumathampatti (TP),False,74.66773144715077
33,Tamil Nadu,Karungal (TP),16691,13808,1,Karungal (TP),Karungal (TP),False,82.72721826133844
33,Tamil Nadu,Karunguzhi (TP),12485,9133,1,Karunguzhi (TP),Karunguzhi (TP),False,73.15178213856628
33,Tamil Nadu,Karuppur (TP),13967,9288,1,Karuppur (TP),Karuppur (TP),False,66.49960621464881
33,Tamil Nadu,Karur,70980,57998,1,Karur (M),Karur,False,81.71034094111018
33,Tamil Nadu,Kasinayagampatti (CT),4779,3288,1,Kasinayagampatti  (CT),Kasinayagampatti (CT),False,68.80100439422473
33,Tamil Nadu,Kasipalayam (E),73425,57806,1,Kasipalayam  (E) (M),Kasipalayam (E),False,78.72795369424583
33,Tamil Nadu,Kasipalayam (G) (TP),9093,5611,1,Kasipalayam (G) (TP),Kasipalayam (G) (TP),False,61.70680743429011
33,Tamil Nadu,Katpadi (TP),28797,24222,1,Katpadi (TP),Katpadi (TP),False,84.1129284300448
33,Tamil Nadu,Kattathurai (CT),17271,14401,1,Kattathurai (CT),Kattathurai (CT),False,83.3825487811939
33,Tamil Nadu,Kattiganapalli (CT),22714,17961,1,Kattiganapalli (CT),Kattiganapalli (CT),False,79.0745795544598
33,Tamil Nadu,Kattimancode (CT),8541,7108,1,Kattimancode (CT),Kattimancode (CT),False,83.22210513991337
33,Tamil Nadu,Kattivakkam,36617,27279,1,Kattivakkam (M),Kattivakkam,False,74.49818390365131
33,Tamil Nadu,Kattumannarkoil (TP),27294,21184,1,Kattumannarkoil (TP),Kattumannarkoil (TP),False,77.61412764710192
33,Tamil Nadu,Kattupakkam (CT),23910,18695,1,Kattupakkam (CT),Kattupakkam (CT),False,78.18904224173986
33,Tamil Nadu,Kattuputhur (TP),10933,7977,1,Kattuputhur (TP),Kattuputhur (TP),False,72.9625903228757
33,Tamil Nadu,Kaveripakkam (TP),14583,10583,1,Kaveripakkam (TP),Kaveripakkam (TP),False,72.5708016183227
33,Tamil Nadu,Kaveripattinam (TP),15006,12027,1,Kaveripattinam (TP),Kaveripattinam (TP),False,80.14794082367052
33,Tamil Nadu,Kayalpattinam,40588,32998,1,Kayalpattinam (M),Kayalpattinam,False,81.29989159357446
33,Tamil Nadu,Kayatharu (TP),10400,7491,1,Kayatharu (TP),Kayatharu (TP),False,72.02884615384615
33,Tamil Nadu,Keelakarai,38355,31692,1,Keelakarai (M),Keelakarai,False,82.62807978099335
33,Tamil Nadu,Keelamanjakudi (CT),6274,4455,1,Keelamanjakudi (CT),Keelamanjakudi (CT),False,71.00733184571246
33,Tamil Nadu,Keeramangalam (TP),9357,7130,1,Keeramangalam (TP),Keeramangalam (TP),False,76.19963663567383
33,Tamil Nadu,Keeranur (TP),18867,13917,2,Keeranur (TP),Keeranur (TP),True,73.76371442200667
33,Tamil Nadu,Keeripatti (TP),10208,6977,1,Keeripatti (TP),Keeripatti (TP),False,68.34835423197492
33,Tamil Nadu,Keezhkulam (TP),17327,14156,1,Keezhkulam (TP),Keezhkulam (TP),False,81.69908235701506
33,Tamil Nadu,Kelamangalam (TP),13321,8861,1,Kelamangalam (TP),Kelamangalam (TP),False,66.51903010284514
33,Tamil Nadu,Kembainaickenpalayam (TP),11103,5901,1,Kembainaickenpalayam (TP),Kembainaickenpalayam (TP),False,53.147797892461504
33,Tamil Nadu,Kethi (TP),23229,18987,1,Kethi (TP),Kethi (TP),False,81.73834431099057
33,Tamil Nadu,Kila Ambur (CT),6233,4417,1,Kila Ambur (CT),Kila Ambur (CT),False,70.86475212578213
33,Tamil Nadu,Kilampadi (TP),6422,4087,1,Kilampadi (TP),Kilampadi (TP),False,63.640610401744
33,Tamil Nadu,Kilapavoor (TP),22231,16121,1,Kilapavoor (TP),Kilapavoor (TP),False,72.51585623678648
33,Tamil Nadu,Kilkunda (TP),8886,7072,1,Kilkunda (TP),Kilkunda (TP),False,79.58586540625703
33,Tamil Nadu,Killai (TP),13608,9166,1,Killai (TP),Killai (TP),False,67.35743680188125
33,Tamil Nadu,Killiyoor (TP),20938,16947,1,Killiyoor (TP),Killiyoor (TP),False,80.93896265163816
33,Tamil Nadu,Kilmanavur (CT),5145,3789,1,Kilmanavur (CT),Kilmanavur (CT),False,73.64431486880466
33,Tamil Nadu,Kilpennathur (TP),13718,9744,1,Kilpennathur (TP),Kilpennathur (TP),False,71.03076250182242
33,Tamil Nadu,Kilpudupakkam (CT),6912,5613,1,Kilpudupakkam (CT),Kilpudupakkam (CT),False,81.20659722222221
33,Tamil Nadu,Kilvaithinankuppam (CT),5321,4334,1,Kilvaithinankuppam (CT),Kilvaithinankuppam (CT),False,81.45085510242436
33,Tamil Nadu,Kilvelur (TP),8272,6667,1,Kilvelur (TP),Kilvelur (TP),False,80.59719535783366
33,Tamil Nadu,Kinathukadavu (TP),8653,6565,1,Kinathukadavu (TP),Kinathukadavu (TP),False,75.86964058707963
33,Tamil Nadu,Kodaikanal,36501,29119,1,Kodaikanal (M),Kodaikanal,False,79.77589655077944
33,Tamil Nadu,Kodavasal (TP),14639,11527,1,Kodavasal (TP),Kodavasal (TP),False,78.74171733041875
33,Tamil Nadu,Kodivalasa (CT),9024,6158,1,Kodivalasa (CT),Kodivalasa (CT),False,68.24024822695036
33,Tamil Nadu,Kodumudi (TP),13225,9761,1,Kodumudi (TP),Kodumudi (TP),False,73.80718336483932
33,Tamil Nadu,Koil palayam (CT),5025,3729,1,Koil palayam (CT),Koil palayam (CT),False,74.20895522388061
33,Tamil Nadu,Koilambakkam (CT),27374,20458,1,Koilambakkam (CT),Koilambakkam (CT),False,74.73515014247096
33,Tamil Nadu,Kolappalur (TP),9607,6184,1,Kolappalur (TP),Kolappalur (TP),False,64.36973040491308
33,Tamil Nadu,Kolathupalayam (TP),17819,11637,1,Kolathupalayam (TP),Kolathupalayam (TP),False,65.30669510073517
33,Tamil Nadu,Kolathur (TP),12748,8461,1,Kolathur (TP),Kolathur (TP),False,66.37119548164418
33,Tamil Nadu,Kollancode (TP),38385,29351,1,Kollancode (TP),Kollancode (TP),False,76.4647648821154
33,Tamil Nadu,Kollankoil (TP),9196,6098,1,Kollankoil (TP),Kollankoil (TP),False,66.31143975641584
33,Tamil Nadu,Komaralingam (TP),13642,8638,1,Komaralingam (TP),Komaralingam (TP),False,63.31916141328251
33,Tamil Nadu,Kombai (TP),15960,10897,1,Kombai (TP),Kombai (TP),False,68.27694235588973
33,Tamil Nadu,Konavattam (CT),11472,8321,1,Konavattam (CT),Konavattam (CT),False,72.53312412831241
33,Tamil Nadu,Kondalampatti (CT),20318,12678,1,Kondalampatti (CT),Kondalampatti (CT),False,62.39787380647701
33,Tamil Nadu,Kondappanaickenpatti (CT),6892,4727,1,Kondappanaickenpatti (CT),Kondappanaickenpatti (CT),False,68.58676726639582
33,Tamil Nadu,Kondasamudram (CT),21335,15672,1,Kondasamudram (CT),Kondasamudram (CT),False,73.45676119053199
33,Tamil Nadu,Kondichettipatti (CT),10300,8315,1,Kondichettipatti (CT),Kondichettipatti (CT),False,80.72815533980582
33,Tamil Nadu,Kondur (CT),12506,10495,1,Kondur (CT),Kondur (CT),False,83.91971853510314
33,Tamil Nadu,Konerikuppam (CT),11406,8878,1,Konerikuppam (CT),Konerikuppam (CT),False,77.83622654743118
33,Tamil Nadu,Konganapuram (TP),9286,6027,1,Konganapuram (TP),Konganapuram (TP),False,64.90415679517554
33,Tamil Nadu,Kooraikundu (CT),22361,17291,1,Kooraikundu (CT),Kooraikundu (CT),False,77.32659541165422
33,Tamil Nadu,Koothappar (TP),15943,13535,1,Koothappar (TP),Koothappar (TP),False,84.89619268644546
33,Tamil Nadu,Koradacheri (TP),6450,5223,1,Koradacheri (TP),Koradacheri (TP),False,80.97674418604652
33,Tamil Nadu,Kosavampatti (CT),10356,7714,1,Kosavampatti (CT),Kosavampatti (CT),False,74.48821938972576
33,Tamil Nadu,Kotagiri (TP),28207,22451,1,Kotagiri (TP),Kotagiri (TP),False,79.59371787145035
33,Tamil Nadu,Kothanallur (TP),17662,14663,1,Kothanallur (TP),Kothanallur (TP),False,83.0200430302344
33,Tamil Nadu,Kottagoundampatty (CT),7891,6247,1,Kottagoundampatty (CT),Kottagoundampatty (CT),False,79.16613863895577
33,Tamil Nadu,Kottaiyur (TP),14766,12017,1,Kottaiyur (TP),Kottaiyur (TP),False,81.38290667750238
33,Tamil Nadu,Kottakuppam (TP),31726,22641,1,Kottakuppam (TP),Kottakuppam (TP),False,71.36418079808358
33,Tamil Nadu,Kottaram (TP),11055,9214,1,Kottaram (TP),Kottaram (TP),False,83.34690185436455
33,Tamil Nadu,Kottivakkam (CT),20217,16014,1,Kottivakkam (CT),Kottivakkam (CT),False,79.21056536578128
33,Tamil Nadu,Kottur (TP),26627,18162,1,Kottur (TP),Kottur (TP),False,68.20896082923349
33,Tamil Nadu,Kovalam (CT),8124,5925,1,Kovalam (CT),Kovalam (CT),False,72.93205317577548
33,Tamil Nadu,Kovilpatti,95057,77249,1,Kovilpatti (M),Kovilpatti,False,81.2659772557518
33,Tamil Nadu,Kovur (CT),10961,8506,1,Kovur (CT),Kovur (CT),False,77.60240853936683
33,Tamil Nadu,Krishnagiri,71323,54766,1,Krishnagiri (M),Krishnagiri,False,76.78588954474714
33,Tamil Nadu,Krishnarayapuram (TP),10792,7429,1,Krishnarayapuram (TP),Krishnarayapuram (TP),False,68.83802816901408
33,Tamil Nadu,Krishnasamudram (CT),13146,11317,1,Krishnasamudram (CT),Krishnasamudram (CT),False,86.08702266849232
33,Tamil Nadu,Kuchanur (TP),7024,4783,1,Kuchanur (TP),Kuchanur (TP),False,68.09510250569475
33,Tamil Nadu,Kuhalur (TP),11753,6865,1,Kuhalur (TP),Kuhalur (TP),False,58.410618565472646
33,Tamil Nadu,Kulappuram (CT),7677,6512,1,Kulappuram  (CT),Kulappuram (CT),False,84.82480135469585
33,Tamil Nadu,Kulasekaram (TP),17267,14191,1,Kulasekaram (TP),Kulasekaram (TP),False,82.18567209127237
33,Tamil Nadu,Kulathur (CT),11083,7649,1,Kulathur (CT),Kulathur (CT),False,69.01560949201479
33,Tamil Nadu,Kulithalai,27910,22668,1,Kulithalai (M),Kulithalai,False,81.21820136151918
33,Tamil Nadu,Kullursandai (CT),5383,3530,1,Kullursandai (CT),Kullursandai (CT),False,65.57681590191343
33,Tamil Nadu,Kumaragiri (CT),13344,10815,1,Kumaragiri (CT),Kumaragiri (CT),False,81.04766187050359
33,Tamil Nadu,Kumarapalayam,71594,51648,1,Kumarapalayam (M),Kumarapalayam,False,72.14012347403414
33,Tamil Nadu,Kumarapuram (TP),14728,11794,1,Kumarapuram (TP),Kumarapuram (TP),False,80.07876154263987
33,Tamil Nadu,Kumbakonam,140156,116626,1,Kumbakonam (M),Kumbakonam,False,83.2115642569708
33,Tamil Nadu,Kundrathur (TP + OG),54986,42055,1,Kundrathur (TP + OG),Kundrathur (TP + OG),False,76.48310479031026
33,Tamil Nadu,Kundrathur (TP),42126,32279,1,Kundrathur (TP),Kundrathur (TP),False,76.6248872430328
33,Tamil Nadu,Kuniyamuthur,95924,76688,1,Kuniyamuthur (M),Kuniyamuthur,False,79.94662441099204
33,Tamil Nadu,Kunnathur (TP),8774,6642,1,Kunnathur (TP),Kunnathur (TP),False,75.70093457943925
33,Tamil Nadu,Kurichi,123667,99529,1,Kurichi (M),Kurichi,False,80.48145422788618
33,Tamil Nadu,Kurinjipadi (TP),27471,19497,1,Kurinjipadi (TP),Kurinjipadi (TP),False,70.97302610025118
33,Tamil Nadu,Kurudampalayam (CT),18749,15425,1,Kurudampalayam (CT),Kurudampalayam (CT),False,82.27105445623766
33,Tamil Nadu,Kurukkupatti (CT),5037,3289,1,Kurukkupatti (CT),Kurukkupatti (CT),False,65.29680365296804
33,Tamil Nadu,Kurumbalur (TP),12420,8825,1,Kurumbalur (TP),Kurumbalur (TP),False,71.05475040257649
33,Tamil Nadu,Kurumbapatti (CT),6182,4072,1,Kurumbapatti (CT),Kurumbapatti (CT),False,65.8686509220317
33,Tamil Nadu,Kuruppanaickenpalayam (CT),7484,5328,1,Kuruppanaickenpalayam (CT),Kuruppanaickenpalayam (CT),False,71.1918760021379
33,Tamil Nadu,Kuthalam (TP),16125,13221,1,Kuthalam (TP),Kuthalam (TP),False,81.9906976744186
33,Tamil Nadu,Kuthanallur,25423,19996,1,Kuthanallur (M),Kuthanallur,False,78.65318805805767
33,Tamil Nadu,Kuthankuzhi (CT),5118,3972,1,Kuthankuzhi (CT),Kuthankuzhi (CT),False,77.60844079718639
33,Tamil Nadu,Kuzhithurai,21307,18322,1,Kuzhithurai (M),Kuzhithurai,False,85.99051954756652
33,Tamil Nadu,Labbaikudikadu (TP),11891,9696,1,Labbaikudikadu (TP),Labbaikudikadu (TP),False,81.54066100412076
33,Tamil Nadu,Lakkampatti (TP),11716,8197,1,Lakkampatti (TP),Lakkampatti (TP),False,69.96415158757256
33,Tamil Nadu,Lakkiampatti (CT),39697,31459,1,Lakkiampatti (CT),Lakkiampatti (CT),False,79.24780210091443
33,Tamil Nadu,Lakshminarayanapuram (CT),12648,8972,1,Lakshminarayanapuram (CT),Lakshminarayanapuram (CT),False,70.93611638203669
33,Tamil Nadu,Lalgudi (TP),23740,19618,1,Lalgudi (TP),Lalgudi (TP),False,82.636899747262
33,Tamil Nadu,Lalpet (TP),16561,12156,1,Lalpet (TP),Lalpet (TP),False,73.401364651893
33,Tamil Nadu,Madaharpakkam (CT),4250,2776,1,Madaharpakkam (CT),Madaharpakkam (CT),False,65.31764705882352
33,Tamil Nadu,Madambakkam (CT),11673,9041,1,Madambakkam (CT),Madambakkam (CT),False,77.45224021245609
33,Tamil Nadu,Madambakkam (TP),31681,26419,1,Madambakkam (TP),Madambakkam (TP),False,83.39067579937503
33,Tamil Nadu,Madathukulam (TP),20620,15374,1,Madathukulam (TP),Madathukulam (TP),False,74.55868089233753
33,Tamil Nadu,Madavaram,119105,96012,1,Madavaram (M),Madavaram,False,80.61122538936233
33,Tamil Nadu,Madippakkam (CT),35752,31123,1,Madippakkam (CT),Madippakkam (CT),False,87.05247258894607
33,Tamil Nadu,Madukkarai (TP),30357,23046,1,Madukkarai (TP),Madukkarai (TP),False,75.91659254867082
33,Tamil Nadu,Madukkur (TP),16266,12497,1,Madukkur (TP),Madukkur (TP),False,76.82896840034428
33,Tamil Nadu,Madurai,1017865,834104,1,Madurai (M Corp.),Madurai,False,81.94642708021202
33,Tamil Nadu,Maduranthakam,30796,23221,1,Maduranthakam (M),Maduranthakam,False,75.40264969476556
33,Tamil Nadu,Maduravoyal,86195,66408,1,Maduravoyal (M),Maduravoyal,False,77.04391205986425
33,Tamil Nadu,Majaragollappatti (CT),4727,3155,1,Majaragollappatti (CT),Majaragollappatti (CT),False,66.74423524434103
33,Tamil Nadu,Makkinampatti (CT),8134,6298,1,Makkinampatti (CT),Makkinampatti (CT),False,77.42807966560117
33,Tamil Nadu,Malayadi (CT),7812,6307,1,Malayadi (CT),Malayadi (CT),False,80.73476702508961
33,Tamil Nadu,Mallamooppampatti (CT),10199,6412,1,Mallamooppampatti (CT),Mallamooppampatti (CT),False,62.86890871654084
33,Tamil Nadu,Mallankinaru (TP),12986,9406,1,Mallankinaru (TP),Mallankinaru (TP),False,72.43184968427538
33,Tamil Nadu,Mallasamudram (TP),18007,12499,1,Mallasamudram (TP),Mallasamudram (TP),False,69.41189537402121
33,Tamil Nadu,Mallur (TP),10331,7091,1,Mallur (TP),Mallur (TP),False,68.6380795663537
33,Tamil Nadu,Malumichampatti (CT),12936,10023,1,Malumichampatti (CT),Malumichampatti (CT),False,77.48144712430427
33,Tamil Nadu,Mamallapuram (TP),15172,11631,1,Mamallapuram (TP),Mamallapuram (TP),False,76.66095438966516
33,Tamil Nadu,Mamsapuram (TP),18635,13110,1,Mamsapuram (TP),Mamsapuram (TP),False,70.35148913335122
33,Tamil Nadu,Manachanallur (TP),25931,20302,1,Manachanallur (TP),Manachanallur (TP),False,78.29239134626509
33,Tamil Nadu,Manakudi (CT),4083,3108,1,Manakudi (CT),Manakudi (CT),False,76.12049963262308
33,Tamil Nadu,Manali,35248,26268,1,Manali (M),Manali,False,74.5233772128915
33,Tamil Nadu,Manalmedu (TP),9017,6708,1,Manalmedu (TP),Manalmedu (TP),False,74.39281357435954
33,Tamil Nadu,Manalurpet (TP),8523,5621,1,Manalurpet (TP),Manalurpet (TP),False,65.95095623606711
33,Tamil Nadu,Manamadurai (TP),32257,25100,1,Manamadurai (TP),Manamadurai (TP),False,77.81256781473789
33,Tamil Nadu,Manapakkam (CT),13344,10623,1,Manapakkam (CT),Manapakkam (CT),False,79.60881294964028
33,Tamil Nadu,Manapparai,40510,31995,1,Manapparai (M),Manapparai,False,78.98049864231054
33,Tamil Nadu,Manavalakurichi (TP),10969,9383,1,Manavalakurichi (TP),Manavalakurichi (TP),False,85.54107028899625
33,Tamil Nadu,Mancad (CT),4889,4063,1,Mancad (CT),Mancad (CT),False,83.10492943342197
33,Tamil Nadu,Mandaikadu (TP),13317,10745,1,Mandaikadu (TP),Mandaikadu (TP),False,80.68634076744011
33,Tamil Nadu,Mandapam (TP),18427,14181,1,Mandapam (TP),Mandapam (TP),False,76.95772507733217
33,Tamil Nadu,Mangadu (TP),38188,29421,1,Mangadu (TP),Mangadu (TP),False,77.04252644809888
33,Tamil Nadu,Mangalam (CT),17699,12970,1,Mangalam (CT),Mangalam (CT),False,73.28097632634612
33,Tamil Nadu,Mangalampet (TP),9278,6977,1,Mangalampet (TP),Mangalampet (TP),False,75.19939642164259
33,Tamil Nadu,Manickapuram (CT),6215,4325,1,Manickapuram (CT),Manickapuram (CT),False,69.58970233306516
33,Tamil Nadu,Manimutharu (TP),11323,8952,1,Manimutharu (TP),Manimutharu (TP),False,79.06031970325886
33,Tamil Nadu,Manjakollai (CT),5040,4063,1,Manjakollai (CT),Manjakollai (CT),False,80.61507936507937
33,Tamil Nadu,Manjalumoodu (CT),6840,5229,1,Manjalumoodu (CT),Manjalumoodu (CT),False,76.44736842105263
33,Tamil Nadu,Mannarai (CT),17261,12393,1,Mannarai (CT),Mannarai (CT),False,71.79769422397312
33,Tamil Nadu,Mannargudi,66999,55556,1,Mannargudi (M),Mannargudi,False,82.92064060657621
33,Tamil Nadu,Manthithoppu (CT),6143,4349,1,Manthithoppu (CT),Manthithoppu (CT),False,70.79602799934885
33,Tamil Nadu,Mappilaiurani (CT),40035,30441,1,Mappilaiurani (CT),Mappilaiurani (CT),False,76.0359685275384
33,Tamil Nadu,Maraimalainagar,81872,64410,1,Maraimalainagar (M),Maraimalainagar,False,78.67158491303499
33,Tamil Nadu,Marakkanam (TP),22034,14859,1,Marakkanam (TP),Marakkanam (TP),False,67.4366887537442
33,Tamil Nadu,Maramangalathupatti (CT),12448,9503,1,Maramangalathupatti (CT),Maramangalathupatti (CT),False,76.34158097686375
33,Tamil Nadu,Marandahalli (TP),12451,8455,1,Marandahalli (TP),Marandahalli (TP),False,67.90619227371295
33,Tamil Nadu,Markayankottai (TP),6135,4089,1,Markayankottai (TP),Markayankottai (TP),False,66.65036674816626
33,Tamil Nadu,Marudur (TP),10925,7299,1,Marudur (TP),Marudur (TP),False,66.81006864988558
33,Tamil Nadu,Marungur (TP),11236,9244,1,Marungur (TP),Marungur (TP),False,82.27127091491634
33,Tamil Nadu,Maruthancode (CT),8277,6720,1,Maruthancode (CT),Maruthancode (CT),False,81.18883653497645
33,Tamil Nadu,Masinaickenpatty (CT),9098,6423,1,Masinaickenpatty (CT),Masinaickenpatty (CT),False,70.59793361178282
33,Tamil Nadu,Mathicode (CT),6532,5338,1,Mathicode (CT),Mathicode (CT),False,81.72075933864053
33,Tamil Nadu,Mathigiri (TP),23129,17357,1,Mathigiri (TP),Mathigiri (TP),False,75.0443166587401
33,Tamil Nadu,Mathur (CT),27674,22254,1,Mathur (CT),Mathur (CT),False,80.4148298041483
33,Tamil Nadu,Mayiladuthurai,85632,71549,1,Mayiladuthurai (M),Mayiladuthurai,False,83.5540452167414
33,Tamil Nadu,Mecheri (TP),25676,16694,1,Mecheri (TP),Mecheri (TP),False,65.01791556317184
33,Tamil Nadu,Medavakkam (CT),29710,23339,1,Medavakkam (CT),Medavakkam (CT),False,78.55604173678896
33,Tamil Nadu,Meenambakkam (TP + OG),24334,19490,2,Meenambakkam (TP + OG) (Part),Meenambakkam (TP + OG),True,80.09369606312156
33,Tamil Nadu,Meenambakkam (TP),4286,3583,1,Meenambakkam (TP),Meenambakkam (TP),False,83.59776014932338
33,Tamil Nadu,Melacheval (TP),8435,6424,1,Melacheval (TP),Melacheval (TP),False,76.15886188500296
33,Tamil Nadu,Melachokkanathapuram (TP),15625,10635,1,Melachokkanathapuram (TP),Melachokkanathapuram (TP),False,68.06400000000001
33,Tamil Nadu,Melagaram (TP),14535,11766,1,Melagaram (TP),Melagaram (TP),False,80.94943240454077
33,Tamil Nadu,Melamadai (CT),43797,35612,1,Melamadai (CT),Melamadai (CT),False,81.311505354248
33,Tamil Nadu,Melaparthibanur (CT),8232,6199,1,Melaparthibanur (CT),Melaparthibanur (CT),False,75.30369290573373
33,Tamil Nadu,Melathiruppanthuruthi (TP),9074,7005,1,Melathiruppanthuruthi (TP),Melathiruppanthuruthi (TP),False,77.1985893762398
33,Tamil Nadu,Melattur (TP),8131,5805,1,Melattur (TP),Melattur (TP),False,71.39343254212274
33,Tamil Nadu,Melpattampakkam (TP),6887,5193,1,Melpattampakkam (TP),Melpattampakkam (TP),False,75.40293306229128
33,Tamil Nadu,Melur,40017,31802,1,Melur (M),Melur,False,79.47122472948996
33,Tamil Nadu,Melvisharam,44786,32797,1,Melvisharam (M),Melvisharam,False,73.23047380877952
33,Tamil Nadu,Methukummal (CT),19417,15955,1,Methukummal (CT),Methukummal (CT),False,82.1702631714477
33,Tamil Nadu,Mettamalai (CT),5175,3375,1,Mettamalai (CT),Mettamalai (CT),False,65.21739130434783
33,Tamil Nadu,Mettunasuvanpalayam (CT),17240,13296,1,Mettunasuvanpalayam (CT),Mettunasuvanpalayam (CT),False,77.12296983758701
33,Tamil Nadu,Mettupalayam,69213,53367,1,Mettupalayam (M),Mettupalayam,False,77.10545706731395
33,Tamil Nadu,Mettupalayam (TP),7681,5702,1,Mettupalayam (TP),Mettupalayam (TP),False,74.23512563468299
33,Tamil Nadu,Mettur,52813,40572,1,Mettur (M),Mettur,False,76.82199458466665
33,Tamil Nadu,Mevalurkuppam (CT),3805,2827,1,Mevalurkuppam (CT),Mevalurkuppam (CT),False,74.2969776609724
33,Tamil Nadu,Midalam (CT),8625,6838,1,Midalam (CT),Midalam (CT),False,79.28115942028985
33,Tamil Nadu,Milavittan (CT),45863,36165,1,Milavittan (CT),Milavittan (CT),False,78.85441423369602
33,Tamil Nadu,Minampalli-Pachamadevi (CT),9031,6029,1,Minampalli-Pachamadevi (CT),Minampalli-Pachamadevi (CT),False,66.75894142398406
33,Tamil Nadu,Minjur (TP),28337,22301,1,Minjur (TP),Minjur (TP),False,78.69922715883827
33,Tamil Nadu,Modakurichi (TP),9907,6578,1,Modakurichi (TP),Modakurichi (TP),False,66.39749671949127
33,Tamil Nadu,Mohanur (TP),14315,10520,1,Mohanur (TP),Mohanur (TP),False,73.4893468389801
33,Tamil Nadu,Molachur (CT),8887,6474,1,Molachur (CT),Molachur (CT),False,72.8479801957916
33,Tamil Nadu,Mookondapalli (CT),39245,30143,1,Mookondapalli (CT),Mookondapalli (CT),False,76.80723659064849
33,Tamil Nadu,Moolakaraipatti (TP),11112,8262,1,Moolakaraipatti (TP),Moolakaraipatti (TP),False,74.35205183585313
33,Tamil Nadu,Moovarasampettai (CT),9672,7995,1,Moovarasampettai (CT),Moovarasampettai (CT),False,82.66129032258065
33,Tamil Nadu,Mopperipalayam (TP),10923,7438,1,Mopperipalayam (TP),Mopperipalayam (TP),False,68.09484573835027
33,Tamil Nadu,Morattupalayam (CT),5798,3676,1,Morattupalayam (CT),Morattupalayam (CT),False,63.40117281821318
33,Tamil Nadu,Mudukulathur (TP),14789,11382,1,Mudukulathur (TP),Mudukulathur (TP),False,76.9626073432957
33,Tamil Nadu,Mugalivakkam (CT),25117,20736,1,Mugalivakkam (CT),Mugalivakkam (CT),False,82.55763029024166
33,Tamil Nadu,Mukasipidariyur (CT),14143,9791,1,Mukasipidariyur (CT),Mukasipidariyur (CT),False,69.22859365056918
33,Tamil Nadu,Mukkudal (TP),14983,11741,1,Mukkudal (TP),Mukkudal (TP),False,78.36214376293132
33,Tamil Nadu,Mulagumudu (TP),19538,16555,1,Mulagumudu (TP),Mulagumudu (TP),False,84.73231651141366
33,Tamil Nadu,Mulanur (TP),15223,10464,1,Mulanur (TP),Mulanur (TP),False,68.73809367404586
33,Tamil Nadu,Mullipattu (CT),4956,3723,1,Mullipattu (CT),Mullipattu (CT),False,75.12106537530266
33,Tamil Nadu,Muruganpalayam (CT),26349,18366,1,Muruganpalayam (CT),Muruganpalayam (CT),False,69.70283502220198
33,Tamil Nadu,Musiri (TP),28727,22464,1,Musiri (TP),Musiri (TP),False,78.19821074250704
33,Tamil Nadu,Muthanampalayam (CT),26014,19394,1,Muthanampalayam (CT),Muthanampalayam (CT),False,74.55216421926654
33,Tamil Nadu,Muthugoundam Pudur (CT),10259,7421,1,Muthugoundam Pudur (CT),Muthugoundam Pudur (CT),False,72.33648503752802
33,Tamil Nadu,Muthukadu (CT),7610,5691,1,Muthukadu (CT),Muthukadu (CT),False,74.7831800262812
33,Tamil Nadu,Muthupet (TP),21722,16777,1,Muthupet (TP),Muthupet (TP),False,77.23506122824786
33,Tamil Nadu,Muthur (TP),13212,8621,1,Muthur (TP),Muthur (TP),False,65.25128670905238
33,Tamil Nadu,Muttayyapuram (CT),32494,25210,1,Muttayyapuram (CT),Muttayyapuram (CT),False,77.58355388687143
33,Tamil Nadu,Muzhucode (CT),8000,6464,1,Muzhucode (CT),Muzhucode (CT),False,80.80000000000001
33,Tamil Nadu,Mylaudy (TP),10070,8261,1,Mylaudy (TP),Mylaudy (TP),False,82.03574975173782
33,Tamil Nadu,Nadaikavu (CT),8727,7309,1,Nadaikavu (CT),Nadaikavu (CT),False,83.7515755700699
33,Tamil Nadu,Nadukuthagai (CT),9251,7371,1,Nadukuthagai (CT),Nadukuthagai (CT),False,79.67787266241487
33,Tamil Nadu,Naduvaneri (CT),8485,5098,1,Naduvaneri (CT),Naduvaneri (CT),False,60.082498526812024
33,Tamil Nadu,Naduvattam (TP),8505,5957,1,Naduvattam (TP),Naduvattam (TP),False,70.04115226337449
33,Tamil Nadu,Nagamalaipudukottai (CT),15769,12414,1,Nagamalaipudukottai (CT),Nagamalaipudukottai (CT),False,78.72407888895935
33,Tamil Nadu,Nagamangalam (CT),5785,3873,1,Nagamangalam (CT),Nagamangalam (CT),False,66.94900605012964
33,Tamil Nadu,Nagapattinam,102905,81031,1,Nagapattinam (M),Nagapattinam,False,78.74350128759535
33,Tamil Nadu,Nagavakulam (CT),23284,20016,1,Nagavakulam (CT),Nagavakulam (CT),False,85.96461089159938
33,Tamil Nadu,Nagercoil,224849,194361,1,Nagercoil (M),Nagercoil,False,86.4406779661017
33,Tamil Nadu,Nagojanahalli (TP),9953,6621,1,Nagojanahalli (TP),Nagojanahalli (TP),False,66.52265648548178
33,Tamil Nadu,Nallampatti (TP),3874,2272,1,Nallampatti (TP),Nallampatti (TP),False,58.64739287558079
33,Tamil Nadu,Nallipalayam (CT),5078,3992,1,Nallipalayam (CT),Nallipalayam (CT),False,78.61362741236707
33,Tamil Nadu,Nalloor (TP),17989,15024,1,Nalloor (TP),Nalloor (TP),False,83.5177052643282
33,Tamil Nadu,Nallur (CT),27423,20665,2,Nallur (CT),Nallur (CT),True,75.3564526127703
33,Tamil Nadu,Namagiripettai (TP),21250,14140,1,Namagiripettai (TP),Namagiripettai (TP),False,66.54117647058824
33,Tamil Nadu,Namakkal,55145,45508,1,Namakkal (M),Namakkal,False,82.52425423882491
33,Tamil Nadu,Nambiyur (TP),16379,10808,1,Nambiyur (TP),Nambiyur (TP),False,65.98693448928506
33,Tamil Nadu,Nandambakkam (TP),11239,9223,1,Nandambakkam (TP),Nandambakkam (TP),False,82.0624610730492
33,Tamil Nadu,Nandivaram - Guduvancheri (TP),44098,36090,1,Nandivaram - Guduvancheri (TP),Nandivaram - Guduvancheri (TP),False,81.84044627874279
33,Tamil Nadu,Nangavalli (TP),10809,7275,1,Nangavalli (TP),Nangavalli (TP),False,67.30502359145156
33,Tamil Nadu,Nangavaram (TP),17629,11471,1,Nangavaram (TP),Nangavaram (TP),False,65.06892052867434
33,Tamil Nadu,Nanguneri (TP),6640,4912,1,Nanguneri (TP),Nanguneri (TP),False,73.97590361445782
33,Tamil Nadu,Nanjikottai (CT),32689,27842,1,Nanjikottai (CT),Nanjikottai (CT),False,85.17238214689957
33,Tamil Nadu,Nannilam (TP),12618,10171,1,Nannilam (TP),Nannilam (TP),False,80.60706926612775
33,Tamil Nadu,Naranammalpuram (TP),17094,13114,1,Naranammalpuram (TP),Naranammalpuram (TP),False,76.71697671697672
33,Tamil Nadu,Naranapuram (CT),11665,7979,1,Naranapuram (CT),Naranapuram (CT),False,68.40120017145307
33,Tamil Nadu,Narasimhanaicken-palayam (TP),17858,14424,1,Narasimhanaicken-palayam (TP),Narasimhanaicken-palayam (TP),False,80.77052301489529
33,Tamil Nadu,Narasingam (CT),5971,4506,1,Narasingam (CT),Narasingam (CT),False,75.464746273656
33,Tamil Nadu,Narasingapuram,23084,17217,1,Narasingapuram (M),Narasingapuram,False,74.58412753422284
33,Tamil Nadu,Narasingapuram (CT),11454,9053,1,Narasingapuram (CT),Narasingapuram (CT),False,79.03789069320761
33,Tamil Nadu,Naravarikuppam (TP),20946,16370,1,Naravarikuppam (TP),Naravarikuppam (TP),False,78.15334670104077
33,Tamil Nadu,Nasiyanur (TP),10970,7220,1,Nasiyanur (TP),Nasiyanur (TP),False,65.8158614402917
33,Tamil Nadu,Natchiarkoil (CT),7505,5916,1,Natchiarkoil (CT),Natchiarkoil (CT),False,78.82744836775483
33,Tamil Nadu,Natham (TP),23660,17123,1,Natham (TP),Natham (TP),False,72.37109044801352
33,Tamil Nadu,Nathampannai (CT),8915,6811,1,Nathampannai (CT),Nathampannai (CT),False,76.39932697700505
33,Tamil Nadu,Natrampalli (TP),10390,7321,1,Natrampalli (TP),Natrampalli (TP),False,70.46198267564966
33,Tamil Nadu,Nattalam (CT),7674,6498,1,Nattalam  (CT),Nattalam (CT),False,84.67552775605942
33,Tamil Nadu,Nattapettai (CT),19883,14284,1,Nattapettai (CT),Nattapettai (CT),False,71.84026555348791
33,Tamil Nadu,Nattarasankottai (TP),5860,4342,1,Nattarasankottai (TP),Nattarasankottai (TP),False,74.09556313993174
33,Tamil Nadu,Navalpattu (CT),16788,13967,1,Navalpattu (CT),Navalpattu (CT),False,83.19633071241363
33,Tamil Nadu,Navlock Garden (CT),20171,15775,1,Navlock Garden (CT),Navlock Garden (CT),False,78.20633582866492
33,Tamil Nadu,Nazarathpettai (CT),8660,6689,1,Nazarathpettai (CT),Nazarathpettai (CT),False,77.24018475750577
33,Tamil Nadu,Nazerath (TP),16584,14267,1,Nazerath (TP),Nazerath (TP),False,86.02870236372408
33,Tamil Nadu,Nedungundram (CT),14390,11072,1,Nedungundram (CT),Nedungundram (CT),False,76.94232105628909
33,Tamil Nadu,Needamangalam (TP),9336,7726,1,Needamangalam (TP),Needamangalam (TP),False,82.75492716366753
33,Tamil Nadu,Neelagiri (CT),16197,13670,1,Neelagiri (CT),Neelagiri (CT),False,84.39834537259986
33,Tamil Nadu,Neelambur (CT),8382,5875,1,Neelambur (CT),Neelambur (CT),False,70.09067048437127
33,Tamil Nadu,Neelankarai (CT),28458,21976,1,Neelankarai (CT),Neelankarai (CT),False,77.22257361726052
33,Tamil Nadu,Neikkarapatti (TP),11753,8461,1,Neikkarapatti (TP),Neikkarapatti (TP),False,71.99013017952863
33,Tamil Nadu,Nellikuppam,46678,34461,1,Nellikuppam (M),Nellikuppam,False,73.8270705685762
33,Tamil Nadu,Nelliyalam,44590,34774,1,Nelliyalam (M),Nelliyalam,False,77.98609553711594
33,Tamil Nadu,Nemili (TP),10806,8137,1,Nemili (TP),Nemili (TP),False,75.30075883768276
33,Tamil Nadu,Nemilicheri (CT),5743,4767,1,Nemilicheri (CT),Nemilicheri (CT),False,83.00539787567473
33,Tamil Nadu,Neripperichal (CT),53579,38859,1,Neripperichal (CT),Neripperichal (CT),False,72.52654958099255
33,Tamil Nadu,Nerkunram (CT),59790,45381,1,Nerkunram (CT),Nerkunram (CT),False,75.90065228299046
33,Tamil Nadu,Nerkuppai (TP),7165,4561,1,Nerkuppai (TP),Nerkuppai (TP),False,63.65666434054431
33,Tamil Nadu,Nerunjipettai (TP),6791,4106,1,Nerunjipettai (TP),Nerunjipettai (TP),False,60.46237667501104
33,Tamil Nadu,Neykkarappatti (CT),12090,7703,1,Neykkarappatti (CT),Neykkarappatti (CT),False,63.71381306865178
33,Tamil Nadu,Neyveli (TS) (CT),105731,89232,1,Neyveli (TS) (CT),Neyveli (TS) (CT),False,84.39530506663135
33,Tamil Nadu,Neyyoor (TP),12917,10957,1,Neyyoor (TP),Neyyoor (TP),False,84.82619803359913
33,Tamil Nadu,Nilaiyur (I Bit) (CT),14684,10930,1,Nilaiyur  (I Bit) (CT),Nilaiyur (I Bit) (CT),False,74.43475892127486
33,Tamil Nadu,Nilakkottai (TP),22197,17033,1,Nilakkottai (TP),Nilakkottai (TP),False,76.73559490021175
33,Tamil Nadu,Nolambur (CT),21973,18507,1,Nolambur (CT),Nolambur (CT),False,84.22609566285897
33,Tamil Nadu,Nullivilai (CT),16138,13537,1,Nullivilai (CT),Nullivilai (CT),False,83.88276118478126
33,Tamil Nadu,O' Valley (TP),21943,17122,1,O' Valley (TP),O' Valley (TP),False,78.02943991250056
33,Tamil Nadu,Odaipatti (TP),13892,9699,1,Odaipatti (TP),Odaipatti (TP),False,69.81716095594587
33,Tamil Nadu,Odaiyakulam (TP),13370,9044,1,Odaiyakulam (TP),Odaiyakulam (TP),False,67.64397905759162
33,Tamil Nadu,Oddanchatram (TP),30064,23183,1,Oddanchatram (TP),Oddanchatram (TP),False,77.11216072378924
33,Tamil Nadu,Odugathur (TP),8998,6213,1,Odugathur (TP),Odugathur (TP),False,69.04867748388531
33,Tamil Nadu,Oggiyamduraipakkam (CT),76600,56397,1,Oggiyamduraipakkam (CT),Oggiyamduraipakkam (CT),False,73.62532637075718
33,Tamil Nadu,Olagadam (TP),9958,6016,1,Olagadam (TP),Olagadam (TP),False,60.413737698333
33,Tamil Nadu,Omalur (TP),16279,12454,1,Omalur (TP),Omalur (TP),False,76.50347072916027
33,Tamil Nadu,Orathanadu (Mukthambalpuram) (TP),10247,7773,1,Orathanadu (Mukthambalpuram) (TP),Orathanadu (Mukthambalpuram) (TP),False,75.85634819947302
33,Tamil Nadu,Orikkai (CT),12638,9482,1,Orikkai (CT),Orikkai (CT),False,75.02769425542016
33,Tamil Nadu,Othakadai (CT),15152,12300,1,Othakadai (CT),Othakadai (CT),False,81.17740232312566
33,Tamil Nadu,Othakalmandapam (TP),12207,9133,1,Othakalmandapam (TP),Othakalmandapam (TP),False,74.81772753338248
33,Tamil Nadu,Ottapparai (CT),9493,6447,1,Ottapparai (CT),Ottapparai (CT),False,67.91319919941009
33,Tamil Nadu,Overi (CT),5694,4804,1,Overi (CT),Overi (CT),False,84.36951176677205
33,Tamil Nadu,P.J. Cholapuram (TP),7484,4708,1,P.J. Cholapuram (TP),P.J. Cholapuram (TP),False,62.907536076964185
33,Tamil Nadu,P.Mettupalayam (TP),9109,5878,1,P.Mettupalayam (TP),P.Mettupalayam (TP),False,64.52958612361401
33,Tamil Nadu,P.N.Patti (TP),25133,17274,1,P.N.Patti (TP),P.N.Patti (TP),False,68.73035451398559
33,Tamil Nadu,Pachchal (CT),16789,12308,1,Pachchal (CT),Pachchal (CT),False,73.30990529513372
33,Tamil Nadu,Pacode (TP),24050,19733,1,Pacode (TP),Pacode (TP),False,82.04989604989605
33,Tamil Nadu,Padaiveedu (TP),10451,6660,1,Padaiveedu (TP),Padaiveedu (TP),False,63.72595923835039
33,Tamil Nadu,Padandal (CT),8429,5841,1,Padandal (CT),Padandal (CT),False,69.29647645034999
33,Tamil Nadu,Padappai (CT),14063,10767,1,Padappai (CT),Padappai (CT),False,76.56261110716063
33,Tamil Nadu,Padianallur (CT),23819,19172,1,Padianallur (CT),Padianallur (CT),False,80.49036483479574
33,Tamil Nadu,Padikkasu vaithanpatti (CT),9538,6951,1,Padikkasu vaithanpatti (CT),Padikkasu vaithanpatti (CT),False,72.87691339903543
33,Tamil Nadu,Padirikuppam (CT),18745,15686,1,Padirikuppam (CT),Padirikuppam (CT),False,83.68098159509204
33,Tamil Nadu,Padmanabhapuram,21342,17911,1,Padmanabhapuram (M),Padmanabhapuram,False,83.9237184893637
33,Tamil Nadu,Painkulam (CT),23630,19011,1,Painkulam  (CT),Painkulam (CT),False,80.45281421921287
33,Tamil Nadu,Paiyur (CT),7555,4811,1,Paiyur (CT),Paiyur (CT),False,63.67968232958305
33,Tamil Nadu,Palaganangudy (CT),13469,10631,1,Palaganangudy (CT),Palaganangudy (CT),False,78.92939342193185
33,Tamil Nadu,Palakkodu (TP),20959,14409,1,Palakkodu (TP),Palakkodu (TP),False,68.7485089937497
33,Tamil Nadu,Palamedu (TP),10493,7564,1,Palamedu (TP),Palamedu (TP),False,72.08615267321072
33,Tamil Nadu,Palangarai (CT),17248,12265,1,Palangarai (CT),Palangarai (CT),False,71.10969387755102
33,Tamil Nadu,Palani,70467,55636,1,Palani (M),Palani,False,78.95326890601274
33,Tamil Nadu,Palani Chettipatti (TP),14879,11688,1,Palani Chettipatti (TP),Palani Chettipatti (TP),False,78.55366624101082
33,Tamil Nadu,Palappallam (TP),18589,15237,1,Palappallam (TP),Palappallam (TP),False,81.96783043735543
33,Tamil Nadu,Palavakkam (CT),26766,21235,1,Palavakkam (CT),Palavakkam (CT),False,79.33572442651125
33,Tamil Nadu,Palavansathu (CT),22176,17378,1,Palavansathu (CT),Palavansathu (CT),False,78.36399711399712
33,Tamil Nadu,Palayam (TP),15336,9802,1,Palayam (TP),Palayam (TP),False,63.91497130933751
33,Tamil Nadu,Palayampatti (CT),18576,14536,1,Palayampatti (CT),Palayampatti (CT),False,78.25150732127476
33,Tamil Nadu,Palladam,42225,31281,1,Palladam (M),Palladam,False,74.0817051509769
33,Tamil Nadu,Pallanthurai (CT),5386,4448,1,Pallanthurai (CT),Pallanthurai (CT),False,82.58447827701448
33,Tamil Nadu,Pallapalayam (TP),19173,14082,2,Pallapalayam (TP),Pallapalayam (TP),True,73.44703489281802
33,Tamil Nadu,Pallapatti (CT),27925,20483,1,Pallapatti (CT),Pallapatti (CT),False,73.35004476275738
33,Tamil Nadu,Pallapatti (TP),30624,25126,1,Pallapatti (TP),Pallapatti (TP),False,82.04676071055381
33,Tamil Nadu,Pallathur (TP),9580,7401,1,Pallathur (TP),Pallathur (TP),False,77.25469728601253
33,Tamil Nadu,Pallavaram,215417,179375,1,Pallavaram (M),Pallavaram,False,83.26872995167513
33,Tamil Nadu,Pallavaram (M + OG),233984,193933,2,Pallavaram (M + OG) (Part),Pallavaram (M + OG),True,82.88301764223195
33,Tamil Nadu,Pallikaranai (TP),43493,34625,1,Pallikaranai (TP),Pallikaranai (TP),False,79.61051203641965
33,Tamil Nadu,Pallikonda (TP),23067,17482,1,Pallikonda (TP),Pallikonda (TP),False,75.78792213985346
33,Tamil Nadu,Pallipalayam,40140,26681,1,Pallipalayam (M),Pallipalayam,False,66.46985550572995
33,Tamil Nadu,Pallipalayam Agraharam (CT),16479,10751,1,Pallipalayam Agraharam (CT),Pallipalayam Agraharam (CT),False,65.24060926027065
33,Tamil Nadu,Pallipattu (TP),8721,6479,1,Pallipattu (TP),Pallipattu (TP),False,74.29193899782135
33,Tamil Nadu,Pallippadai (CT),6369,4935,1,Pallippadai (CT),Pallippadai (CT),False,77.48469147432878
33,Tamil Nadu,Paloor (CT),6818,5653,1,Paloor (CT),Paloor (CT),False,82.91287767673805
33,Tamil Nadu,Palugal (TP),18276,15185,1,Palugal (TP),Palugal (TP),False,83.08710877653753
33,Tamil Nadu,Pammal,75870,61557,1,Pammal (M),Pammal,False,81.13483590351917
33,Tamil Nadu,Panagudi (TP),29895,22899,1,Panagudi (TP),Panagudi (TP),False,76.59809332664325
33,Tamil Nadu,Panaimarathupatti (TP),9368,6361,1,Panaimarathupatti (TP),Panaimarathupatti (TP),False,67.90136635354398
33,Tamil Nadu,Panapakkam (TP),11536,8243,1,Panapakkam (TP),Panapakkam (TP),False,71.45457697642163
33,Tamil Nadu,Pandamangalam (TP),7259,5357,1,Pandamangalam (TP),Pandamangalam (TP),False,73.79804380768701
33,Tamil Nadu,Pandavarmangalam (CT),14954,12443,1,Pandavarmangalam (CT),Pandavarmangalam (CT),False,83.20850608532834
33,Tamil Nadu,Pannaikadu (TP),8731,6645,1,Pannaikadu (TP),Pannaikadu (TP),False,76.10812049020731
33,Tamil Nadu,Pannaipuram (TP),9323,6403,1,Pannaipuram (TP),Pannaipuram (TP),False,68.67960956773571
33,Tamil Nadu,Panpoli (TP),9313,6189,1,Panpoli (TP),Panpoli (TP),False,66.45549232255986
33,Tamil Nadu,Panruti,60323,45959,1,Panruti (M),Panruti,False,76.18818692704275
33,Tamil Nadu,Papanasam (TP),17548,14061,1,Papanasam (TP),Papanasam (TP),False,80.12878960565305
33,Tamil Nadu,Pappankurichi (CT),24023,19365,1,Pappankurichi (CT),Pappankurichi (CT),False,80.61024851184283
33,Tamil Nadu,Papparapatti (CT),9592,6044,1,Papparapatti (CT),Papparapatti (CT),False,63.01084236864053
33,Tamil Nadu,Papparapatti (TP),12174,8936,1,Papparapatti (TP),Papparapatti (TP),False,73.40233284047972
33,Tamil Nadu,Pappireddipatti (TP),9369,6834,1,Pappireddipatti (TP),Pappireddipatti (TP),False,72.94268331732309
33,Tamil Nadu,Paramakudi,95579,77837,1,Paramakudi (M),Paramakudi,False,81.43734502348843
33,Tamil Nadu,Paramathi (TP),11986,9036,1,Paramathi (TP),Paramathi (TP),False,75.38795261137994
33,Tamil Nadu,Parangipettai (TP),25541,19850,1,Parangipettai (TP),Parangipettai (TP),False,77.71817861477625
33,Tamil Nadu,Paraniputhur (CT),15225,11670,1,Paraniputhur (CT),Paraniputhur (CT),False,76.65024630541872
33,Tamil Nadu,Paravai (TP),20042,15356,1,Paravai (TP),Paravai (TP),False,76.61909989023052
33,Tamil Nadu,Pasur (TP),3670,2386,1,Pasur (TP),Pasur (TP),False,65.01362397820164
33,Tamil Nadu,Pathamadai (TP),16625,12645,1,Pathamadai (TP),Pathamadai (TP),False,76.06015037593986
33,Tamil Nadu,Pattanam (CT),9196,7239,1,Pattanam (CT),Pattanam (CT),False,78.71900826446281
33,Tamil Nadu,Pattinam (TP),8912,5844,1,Pattinam (TP),Pattinam (TP),False,65.57450628366249
33,Tamil Nadu,Pattinamkattan (CT),17601,14822,1,Pattinamkattan (CT),Pattinamkattan (CT),False,84.21112436793365
33,Tamil Nadu,Pattiveeranpatti (TP),8602,6992,1,Pattiveeranpatti (TP),Pattiveeranpatti (TP),False,81.28342245989305
33,Tamil Nadu,Pattukkottai,73135,59005,1,Pattukkottai (M),Pattukkottai,False,80.67956518766664
33,Tamil Nadu,Pavali (CT),7622,5241,1,Pavali (CT),Pavali (CT),False,68.76147992652847
33,Tamil Nadu,Peddikuppam (CT),8044,6023,1,Peddikuppam (CT),Peddikuppam (CT),False,74.87568373943311
33,Tamil Nadu,Peerkankaranai (TP + OG),29250,24082,1,Peerkankaranai (TP + OG),Peerkankaranai (TP + OG),False,82.33162393162394
33,Tamil Nadu,Peerkankaranai (TP),25871,21438,1,Peerkankaranai (TP),Peerkankaranai (TP),False,82.86498395887287
33,Tamil Nadu,Pennadam (TP),19494,13622,1,Pennadam (TP),Pennadam (TP),False,69.87791115214938
33,Tamil Nadu,Pennagaram (TP),17480,11416,1,Pennagaram (TP),Pennagaram (TP),False,65.30892448512586
33,Tamil Nadu,Pennathur (TP),9425,6816,1,Pennathur (TP),Pennathur (TP),False,72.3183023872679
33,Tamil Nadu,Peraiyur (TP),10394,7451,1,Peraiyur (TP),Peraiyur (TP),False,71.68558783913797
33,Tamil Nadu,Peralam (TP),6149,4965,1,Peralam (TP),Peralam (TP),False,80.74483655879004
33,Tamil Nadu,Perambakkam (CT),6462,4751,1,Perambakkam (CT),Perambakkam (CT),False,73.52212937171154
33,Tamil Nadu,Perambalur,49648,40099,1,Perambalur (M),Perambalur,False,80.76659684176603
33,Tamil Nadu,Peranamallur (TP),5801,4021,1,Peranamallur (TP),Peranamallur (TP),False,69.31563523530426
33,Tamil Nadu,Peravurani (TP),22084,16906,1,Peravurani (TP),Peravurani (TP),False,76.55316065930086
33,Tamil Nadu,Periagaram (CT),4916,3294,1,Periagaram (CT),Periagaram (CT),False,67.00569568755085
33,Tamil Nadu,Periakottai (CT),17356,14069,1,Periakottai (CT),Periakottai (CT),False,81.0613044480295
33,Tamil Nadu,Periapattinam (CT),9730,7344,1,Periapattinam  (CT),Periapattinam (CT),False,75.47790339157245
33,Tamil Nadu,Periya Negamam (TP),7098,5216,1,Periya Negamam (TP),Periya Negamam (TP),False,73.48548887010425
33,Tamil Nadu,Periyakodiveri (TP),12330,7685,1,Periyakodiveri (TP),Periyakodiveri (TP),False,62.32765612327656
33,Tamil Nadu,Periyakulam,42976,34313,1,Periyakulam (M),Periyakulam,False,79.84223752792256
33,Tamil Nadu,Periyakurichi (CT),7599,5682,1,Periyakurichi (CT),Periyakurichi (CT),False,74.7729964469009
33,Tamil Nadu,Periyamanali (CT),6878,4752,1,Periyamanali (CT),Periyamanali (CT),False,69.0898517010759
33,Tamil Nadu,Periyanaicken-palayam (TP),25930,21043,1,Periyanaicken-palayam (TP),Periyanaicken-palayam (TP),False,81.15310451214809
33,Tamil Nadu,Periyapatti (CT),15690,12501,1,Periyapatti (CT),Periyapatti (CT),False,79.67495219885278
33,Tamil Nadu,Periyasemur,55282,40977,1,Periyasemur (M),Periyasemur,False,74.12358453022684
33,Tamil Nadu,Pernampattu,51271,35344,1,Pernampattu (M),Pernampattu,False,68.93565563378908
33,Tamil Nadu,Perumagalur (TP),5604,3771,1,Perumagalur (TP),Perumagalur (TP),False,67.29122055674517
33,Tamil Nadu,Perumagoundampatti (CT),7796,5377,1,Perumagoundampatti (CT),Perumagoundampatti (CT),False,68.97126731657261
33,Tamil Nadu,Perumanallur (CT),7356,5465,1,Perumanallur (CT),Perumanallur (CT),False,74.29309407286569
33,Tamil Nadu,Perumandi (CT),8620,7229,1,Perumandi (CT),Perumandi (CT),False,83.8631090487239
33,Tamil Nadu,Perundurai (TP),24930,19498,1,Perundurai (TP),Perundurai (TP),False,78.21099077416767
33,Tamil Nadu,Perungalathur (TP),37342,30426,1,Perungalathur (TP),Perungalathur (TP),False,81.47929944834235
33,Tamil Nadu,Perungudi (TP),43111,32704,1,Perungudi (TP),Perungudi (TP),False,75.8599893298694
33,Tamil Nadu,Perungulam (TP),7203,5888,1,Perungulam (TP),Perungulam (TP),False,81.74371789532138
33,Tamil Nadu,Perur (TP),8004,6144,1,Perur (TP),Perur (TP),False,76.7616191904048
33,Tamil Nadu,Perur Chettipalayam (CT),17809,13228,1,Perur Chettipalayam (CT),Perur Chettipalayam (CT),False,74.2770509293054
33,Tamil Nadu,Peruvilai (CT),6090,5130,1,Peruvilai (CT),Peruvilai (CT),False,84.23645320197043
33,Tamil Nadu,Pethampalayam (TP),7152,4228,1,Pethampalayam (TP),Pethampalayam (TP),False,59.11633109619687
33,Tamil Nadu,Pethanaickenpalayam (TP),17678,11709,1,Pethanaickenpalayam (TP),Pethanaickenpalayam (TP),False,66.23486819775994
33,Tamil Nadu,Pichandarkovil (CT),17257,14644,1,Pichandarkovil (CT),Pichandarkovil (CT),False,84.85831836356262
33,Tamil Nadu,Pillanallur (TP),11181,7596,1,Pillanallur (TP),Pillanallur (TP),False,67.93667829353367
33,Tamil Nadu,Polichalur (CT),21906,17634,1,Polichalur (CT),Polichalur (CT),False,80.49849356340728
33,Tamil Nadu,Pollachi,90180,74079,1,Pollachi (M),Pollachi,False,82.14570858283433
33,Tamil Nadu,Polur (TP),28123,20787,1,Polur (TP),Polur (TP),False,73.91458948191871
33,Tamil Nadu,Ponmanai (TP),15554,13051,1,Ponmanai (TP),Ponmanai (TP),False,83.90767648193392
33,Tamil Nadu,Ponnamaravathi (TP),12676,10174,1,Ponnamaravathi (TP),Ponnamaravathi (TP),False,80.26191227516567
33,Tamil Nadu,Ponnampatti (TP),12167,8761,1,Ponnampatti (TP),Ponnampatti (TP),False,72.00624640420811
33,Tamil Nadu,Ponneri (TP),31025,24007,1,Ponneri (TP),Ponneri (TP),False,77.3795326349718
33,Tamil Nadu,Poolambadi (TP),10737,6941,1,Poolambadi (TP),Poolambadi (TP),False,64.64561795659868
33,Tamil Nadu,Poolampatti (TP),9477,5836,1,Poolampatti (TP),Poolampatti (TP),False,61.58066898807639
33,Tamil Nadu,Poolankinar (CT),4849,3939,1,Poolankinar (CT),Poolankinar (CT),False,81.23324396782841
33,Tamil Nadu,Pooluvapatti (TP),12853,8120,1,Pooluvapatti (TP),Pooluvapatti (TP),False,63.17591223838792
33,Tamil Nadu,Poonamallee,57224,45136,1,Poonamallee (M),Poonamallee,False,78.87599608555851
33,Tamil Nadu,Poonamallee (M + OG),60607,47600,1,Poonamallee (M + OG),Poonamallee (M + OG),False,78.53878264886895
33,Tamil Nadu,Poravacheri (CT),4422,3520,1,Poravacheri (CT),Poravacheri (CT),False,79.60199004975125
33,Tamil Nadu,Porur (TP),46690,38940,1,Porur (TP),Porur (TP),False,83.40115656457485
33,Tamil Nadu,Pothanur (TP),18455,13851,1,Pothanur (TP),Pothanur (TP),False,75.05283121105391
33,Tamil Nadu,Pothatturpettai (TP),22040,14527,1,Pothatturpettai (TP),Pothatturpettai (TP),False,65.91197822141561
33,Tamil Nadu,Pudiyamputhur (CT),8012,6067,1,Pudiyamputhur (CT),Pudiyamputhur (CT),False,75.7239141288068
33,Tamil Nadu,Pudukkottai,117630,96714,1,Pudukkottai (M),Pudukkottai,False,82.21882172915073
33,Tamil Nadu,Pudukkottai (CT),26116,21839,1,Pudukkottai (CT),Pudukkottai (CT),False,83.62306631949762
33,Tamil Nadu,Pudupalayam (TP),11382,7239,1,Pudupalayam (TP),Pudupalayam (TP),False,63.6004217185029
33,Tamil Nadu,Pudupalayam Agraharam (CT),5704,3649,1,Pudupalayam Agraharam (CT),Pudupalayam Agraharam (CT),False,63.972650771388494
33,Tamil Nadu,Pudupatti (TP),11511,8407,1,Pudupatti (TP),Pudupatti (TP),False,73.03448874989141
33,Tamil Nadu,Pudupattinam (CT),31361,25038,2,Pudupattinam (CT),Pudupattinam (CT),True,79.83801536940787
33,Tamil Nadu,Pudur (S) (TP),12457,8876,1,Pudur (S) (TP),Pudur (S) (TP),False,71.25311070081078
33,Tamil Nadu,Puduvayal (TP),11284,8658,1,Puduvayal (TP),Puduvayal (TP),False,76.72811059907833
33,Tamil Nadu,Puliankudi,66034,45946,1,Puliankudi (M),Puliankudi,False,69.57930762940303
33,Tamil Nadu,Puliyoorsalai (CT),6361,5128,1,Puliyoorsalai (CT),Puliyoorsalai (CT),False,80.61625530576954
33,Tamil Nadu,Puliyur (TP),12720,9390,1,Puliyur (TP),Puliyur (TP),False,73.82075471698113
33,Tamil Nadu,Pullampadi (TP),10241,7838,1,Pullampadi (TP),Pullampadi (TP),False,76.53549458060736
33,Tamil Nadu,Punjai Thottakurichi (TP),10969,7744,1,Punjai Thottakurichi (TP),Punjai Thottakurichi (TP),False,70.59896070744827
33,Tamil Nadu,Punjaipugalur (TP),23408,17828,1,Punjaipugalur (TP),Punjaipugalur (TP),False,76.16199589883801
33,Tamil Nadu,Punjaipuliampatti,18967,14112,1,Punjaipuliampatti (M),Punjaipuliampatti,False,74.4029103179206
33,Tamil Nadu,Puthagaram (CT),10263,8349,1,Puthagaram (CT),Puthagaram (CT),False,81.35048231511254
33,Tamil Nadu,Puthalam (TP),13073,10951,1,Puthalam (TP),Puthalam (TP),False,83.76807159794998
33,Tamil Nadu,Putheri (CT),5576,4850,1,Putheri (CT),Putheri (CT),False,86.97991391678622
33,Tamil Nadu,Puthukkadai (TP),9909,8134,1,Puthukkadai (TP),Puthukkadai (TP),False,82.08699162377636
33,Tamil Nadu,Puthur Agraharam (CT),11173,5748,1,Puthur Agraharam (CT),Puthur Agraharam (CT),False,51.44544884990603
33,Tamil Nadu,Puvalur (TP),7905,6280,1,Puvalur (TP),Puvalur (TP),False,79.44339025932953
33,Tamil Nadu,Puzhal (TP),31665,25161,1,Puzhal (TP),Puzhal (TP),False,79.45997157745146
33,Tamil Nadu,Puzhithivakkam (Ullagaram),53322,45616,1,Puzhithivakkam (Ullagaram) (M),Puzhithivakkam (Ullagaram),False,85.54817898803496
33,Tamil Nadu,R.Pudupatti (TP),7478,4739,1,R.Pudupatti (TP),R.Pudupatti (TP),False,63.37255950788981
33,Tamil Nadu,R.S.Mangalam (TP),14565,11566,1,R.S.Mangalam (TP),R.S.Mangalam (TP),False,79.40954342602127
33,Tamil Nadu,Rajapalayam,130442,101581,1,Rajapalayam (M),Rajapalayam,False,77.8744576133454
33,Tamil Nadu,Rajapalayam (CT),5807,3604,1,Rajapalayam (CT),Rajapalayam (CT),False,62.06302738074737
33,Tamil Nadu,Ramalingapuram (CT),4505,3233,1,Ramalingapuram (CT),Ramalingapuram (CT),False,71.76470588235294
33,Tamil Nadu,Ramanathapuram,61440,51254,1,Ramanathapuram (M),Ramanathapuram,False,83.42122395833333
33,Tamil Nadu,Ramapuram (CT),52295,42301,1,Ramapuram (CT),Ramapuram (CT),False,80.88918634668705
33,Tamil Nadu,Rameswaram,44856,32908,1,Rameswaram (M),Rameswaram,False,73.36365257713572
33,Tamil Nadu,Ranipettai,50764,41117,1,Ranipettai (M),Ranipettai,False,80.99637538413049
33,Tamil Nadu,Rasipuram,50244,39047,1,Rasipuram (M),Rasipuram,False,77.71475201019027
33,Tamil Nadu,Rayagiri (TP),11223,7802,1,Rayagiri (TP),Rayagiri (TP),False,69.51795420119397
33,Tamil Nadu,Reethapuram (TP),21177,17415,1,Reethapuram (TP),Reethapuram (TP),False,82.23544411389715
33,Tamil Nadu,Rosalpatti (CT),22524,17116,1,Rosalpatti (CT),Rosalpatti (CT),False,75.99005505238856
33,Tamil Nadu,Rudravathi (TP),6807,4387,1,Rudravathi (TP),Rudravathi (TP),False,64.44836198031439
33,Tamil Nadu,S. Kannanur (TP),13073,9823,1,S. Kannanur (TP),S. Kannanur (TP),False,75.13960070374054
33,Tamil Nadu,S.Kodikulam (TP),12713,7486,1,S.Kodikulam (TP),S.Kodikulam (TP),False,58.88460630850311
33,Tamil Nadu,S.Nallur,70115,53886,1,S.Nallur (M),S.Nallur,False,76.85374028381943
33,Tamil Nadu,Sakkarakottai (CT),15355,12291,1,Sakkarakottai (CT),Sakkarakottai (CT),False,80.04558775643112
33,Tamil Nadu,Sakkimangalam (CT),10854,6759,1,Sakkimangalam (CT),Sakkimangalam (CT),False,62.27197346600332
33,Tamil Nadu,Salamedu (CT),20854,17075,1,Salamedu (CT),Salamedu (CT),False,81.87877625395608
33,Tamil Nadu,Salangapalayam (TP),15609,9396,1,Salangapalayam (TP),Salangapalayam (TP),False,60.19604074572362
33,Tamil Nadu,Salem,829267,633314,1,Salem (M Corp.),Salem,False,76.37033669493661
33,Tamil Nadu,Samalapuram (TP),20691,14332,1,Samalapuram (TP),Samalapuram (TP),False,69.26683098931903
33,Tamil Nadu,Samanatham (CT),4477,3122,1,Samanatham (CT),Samanatham (CT),False,69.73419700692428
33,Tamil Nadu,Samathur (TP),5762,4211,1,Samathur (TP),Samathur (TP),False,73.0822631030892
33,Tamil Nadu,Samayanallur (CT),9227,7086,1,Samayanallur (CT),Samayanallur (CT),False,76.7963585130595
33,Tamil Nadu,Sambavar Vadagarai (TP),16709,11065,1,Sambavar Vadagarai (TP),Sambavar Vadagarai (TP),False,66.22179663654319
33,Tamil Nadu,Samusigapuram (CT),14601,10952,1,Samusigapuram (CT),Samusigapuram (CT),False,75.00856105746182
33,Tamil Nadu,Sankaramanallur (TP),10283,6599,1,Sankaramanallur (TP),Sankaramanallur (TP),False,64.17387921812701
33,Tamil Nadu,Sankarankoil,57277,42900,1,Sankarankoil (M),Sankarankoil,False,74.89917418859228
33,Tamil Nadu,Sankaraperi (CT),19844,16194,1,Sankaraperi (CT),Sankaraperi (CT),False,81.60653094134247
33,Tamil Nadu,Sankarapuram (CT),26536,21772,1,Sankarapuram (CT),Sankarapuram (CT),False,82.04703044920109
33,Tamil Nadu,Sankarapuram (TP),15664,10980,1,Sankarapuram (TP),Sankarapuram (TP),False,70.097037793667
33,Tamil Nadu,Sankari (TP),29467,22034,1,Sankari (TP),Sankari (TP),False,74.77517222655852
33,Tamil Nadu,Sankarnagar (TP),7095,5931,1,Sankarnagar (TP),Sankarnagar (TP),False,83.59408033826638
33,Tamil Nadu,Sanniyasigundu (CT),7823,5048,1,Sanniyasigundu (CT),Sanniyasigundu (CT),False,64.52767480506199
33,Tamil Nadu,Saravanampatti (TP),32920,26959,1,Saravanampatti (TP),Saravanampatti (TP),False,81.89246658566222
33,Tamil Nadu,Sarcarsamakulam (TP),10289,8047,1,Sarcarsamakulam (TP),Sarcarsamakulam (TP),False,78.20973855573914
33,Tamil Nadu,Sathankulam (TP),14193,11875,1,Sathankulam (TP),Sathankulam (TP),False,83.66800535475234
33,Tamil Nadu,Sathiyavijayanagaram (CT),5894,4320,1,Sathiyavijayanagaram (CT),Sathiyavijayanagaram (CT),False,73.29487614523244
33,Tamil Nadu,Sathkar (CT),8632,5434,1,Sathkar (CT),Sathkar (CT),False,62.951807228915655
33,Tamil Nadu,Sathuvachari,56951,46186,1,Sathuvachari (M),Sathuvachari,False,81.0977858158768
33,Tamil Nadu,Sathyamangalam,37816,27234,1,Sathyamangalam (M),Sathyamangalam,False,72.01713560397715
33,Tamil Nadu,Sattur,29398,23180,1,Sattur (M),Sattur,False,78.84890128580176
33,Tamil Nadu,Sayalgudi (TP),14801,10338,1,Sayalgudi (TP),Sayalgudi (TP),False,69.84663198432538
33,Tamil Nadu,Sayapuram (TP),12792,10667,1,Sayapuram (TP),Sayapuram (TP),False,83.3880550343965
33,Tamil Nadu,Seerapalli (TP),12403,8338,1,Seerapalli (TP),Seerapalli (TP),False,67.22567120857858
33,Tamil Nadu,Seithur (TP),20228,13261,1,Seithur (TP),Seithur (TP),False,65.55764287126755
33,Tamil Nadu,Selathampatti (CT),6659,3688,1,Selathampatti (CT),Selathampatti (CT),False,55.383691244931676
33,Tamil Nadu,Sembakkam (TP),45356,37335,1,Sembakkam (TP),Sembakkam (TP),False,82.31545991710027
33,Tamil Nadu,Sembedu (CT),12548,8099,1,Sembedu (CT),Sembedu (CT),False,64.54415046222506
33,Tamil Nadu,Sembianallur (CT),7586,5168,1,Sembianallur (CT),Sembianallur (CT),False,68.12549433166359
33,Tamil Nadu,Semmipalayam (CT),8429,6413,1,Semmipalayam (CT),Semmipalayam (CT),False,76.08257207260648
33,Tamil Nadu,Senapiratti (CT),22447,18062,1,Senapiratti (CT),Senapiratti (CT),False,80.46509555842651
33,Tamil Nadu,Sengamalanachiarpatti (CT),13811,10509,1,Sengamalanachiarpatti (CT),Sengamalanachiarpatti (CT),False,76.0915212511766
33,Tamil Nadu,Senneerkuppam (CT),16237,12432,1,Senneerkuppam (CT),Senneerkuppam (CT),False,76.56586807907864
33,Tamil Nadu,Senthamangalam (TP),19750,13616,1,Senthamangalam (TP),Senthamangalam (TP),False,68.94177215189873
33,Tamil Nadu,Sentharapatti (TP),14308,9229,1,Sentharapatti (TP),Sentharapatti (TP),False,64.50237629298294
33,Tamil Nadu,Senur (CT),9078,6037,1,Senur (CT),Senur (CT),False,66.50143203348755
33,Tamil Nadu,Sethiathoppu (TP),8824,6500,1,Sethiathoppu (TP),Sethiathoppu (TP),False,73.66273798730735
33,Tamil Nadu,Sevilimedu (TP),23454,18474,1,Sevilimedu (TP),Sevilimedu (TP),False,78.76694806855974
33,Tamil Nadu,Sevugampatti (TP),11730,8077,1,Sevugampatti (TP),Sevugampatti (TP),False,68.85763000852515
33,Tamil Nadu,Sevur (CT),21655,14752,2,Sevur (CT),Sevur (CT),True,68.12283537289309
33,Tamil Nadu,Shenbakkam (TP),17109,12529,1,Shenbakkam (TP),Shenbakkam (TP),False,73.23046349874335
33,Tamil Nadu,Shenkottai,26823,20945,1,Shenkottai (M),Shenkottai,False,78.08597099504156
33,Tamil Nadu,Sholavandan (TP),22578,16783,1,Sholavandan (TP),Sholavandan (TP),False,74.33342191513863
33,Tamil Nadu,Sholinganallur (TP + OG),35602,27041,1,Sholinganallur (TP + OG),Sholinganallur (TP + OG),False,75.9535981124656
33,Tamil Nadu,Sholinganallur (TP),26644,19868,1,Sholinganallur (TP),Sholinganallur (TP),False,74.56838312565681
33,Tamil Nadu,Sholingur (TP),30856,23594,1,Sholingur (TP),Sholingur (TP),False,76.46486906922479
33,Tamil Nadu,Sholur (TP),9745,6482,1,Sholur (TP),Sholur (TP),False,66.51616213442792
33,Tamil Nadu,Sikkarayapuram (CT),10187,7416,1,Sikkarayapuram (CT),Sikkarayapuram (CT),False,72.79866496515166
33,Tamil Nadu,Silaiman (CT),6436,5143,1,Silaiman (CT),Silaiman (CT),False,79.90988191423244
33,Tamil Nadu,Silapadi (CT),17824,13892,1,Silapadi  (CT),Silapadi (CT),False,77.93985637342908
33,Tamil Nadu,Singampuneri (TP),18143,13815,1,Singampuneri (TP),Singampuneri (TP),False,76.14506972386043
33,Tamil Nadu,Singaperumalkoil (CT),13566,10347,1,Singaperumalkoil (CT),Singaperumalkoil (CT),False,76.27156125608138
33,Tamil Nadu,Sircar Periapalayam (CT),5986,4091,1,Sircar Periapalayam (CT),Sircar Periapalayam (CT),False,68.34279986635482
33,Tamil Nadu,Sirkali,34927,28465,1,Sirkali (M),Sirkali,False,81.49855412717955
33,Tamil Nadu,Sirugamani (TP),10743,8111,1,Sirugamani (TP),Sirugamani (TP),False,75.50032579353999
33,Tamil Nadu,Sirukalathur (CT),6117,4661,1,Sirukalathur (CT),Sirukalathur (CT),False,76.19748242602583
33,Tamil Nadu,Sirukaveripakkam (CT),8032,5091,1,Sirukaveripakkam (CT),Sirukaveripakkam (CT),False,63.3839641434263
33,Tamil Nadu,Sirumugai (TP),18223,13284,1,Sirumugai (TP),Sirumugai (TP),False,72.89688854744006
33,Tamil Nadu,Sithayankottai (TP),13634,9492,1,Sithayankottai (TP),Sithayankottai (TP),False,69.62006747836291
33,Tamil Nadu,Sithurajapuram (CT),16860,12567,1,Sithurajapuram (CT),Sithurajapuram (CT),False,74.53736654804271
33,Tamil Nadu,Sivaganga,40403,33881,1,Sivaganga (M),Sivaganga,False,83.85763433408411
33,Tamil Nadu,Sivagiri (TP),41019,27330,2,Sivagiri (TP),Sivagiri (TP),True,66.62766035251957
33,Tamil Nadu,Sivagiripatti (CT),17306,13508,1,Sivagiripatti (CT),Sivagiripatti (CT),False,78.05385415462845
33,Tamil Nadu,Sivagnanapuram (CT),10107,7797,1,Sivagnanapuram (CT),Sivagnanapuram (CT),False,77.14455327990501
33,Tamil Nadu,Sivakasi,71040,56565,1,Sivakasi (M),Sivakasi,False,79.6241554054054
33,Tamil Nadu,Sivanthipuram (CT),14281,11757,1,Sivanthipuram (CT),Sivanthipuram (CT),False,82.32616763531966
33,Tamil Nadu,Somayampalayam (CT),14787,11213,1,Somayampalayam (CT),Somayampalayam (CT),False,75.83012105227564
33,Tamil Nadu,Soolakkarai (CT),4990,3728,1,Soolakkarai (CT),Soolakkarai (CT),False,74.70941883767534
33,Tamil Nadu,Soorapattu (CT),10444,8237,1,Soorapattu (CT),Soorapattu (CT),False,78.86824971275374
33,Tamil Nadu,Srikalikapuram (CT),5044,3355,1,Srikalikapuram (CT),Srikalikapuram (CT),False,66.5146708961142
33,Tamil Nadu,Srimushnam (TP),13971,9507,1,Srimushnam (TP),Srimushnam (TP),False,68.04809963495812
33,Tamil Nadu,Sriperumbudur (TP),24864,18860,1,Sriperumbudur (TP),Sriperumbudur (TP),False,75.85263835263835
33,Tamil Nadu,Sriramapuram (TP),10653,6794,1,Sriramapuram (TP),Sriramapuram (TP),False,63.77546231108609
33,Tamil Nadu,Srivaikuntam (TP),15847,12476,1,Srivaikuntam (TP),Srivaikuntam (TP),False,78.72783492143624
33,Tamil Nadu,Srivilliputhur,75396,58687,1,Srivilliputhur (M),Srivilliputhur,False,77.83834686190248
33,Tamil Nadu,St.Thomas Mount-cum-Pallavaram (CB),43795,35732,1,St.Thomas Mount-cum-Pallavaram (CB),St.Thomas Mount-cum-Pallavaram (CB),False,81.58922251398562
33,Tamil Nadu,SuPallipattu (CT),4998,3704,1,SuPallipattu (CT),SuPallipattu (CT),False,74.10964385754302
33,Tamil Nadu,Suchindrum (TP),13193,11439,1,Suchindrum (TP),Suchindrum (TP),False,86.70507087091639
33,Tamil Nadu,Suleeswaranpatti (TP),20104,15276,1,Suleeswaranpatti (TP),Suleeswaranpatti (TP),False,75.98487863111818
33,Tamil Nadu,Sulur (TP),27909,21951,1,Sulur (TP),Sulur (TP),False,78.65204772653983
33,Tamil Nadu,Sumaitheerthapuram (CT),6879,5064,1,Sumaitheerthapuram (CT),Sumaitheerthapuram (CT),False,73.61535106846927
33,Tamil Nadu,Sundarapandiam (TP),8513,5643,1,Sundarapandiam (TP),Sundarapandiam (TP),False,66.28685539762715
33,Tamil Nadu,Sundarapandianpattinam (CT),4007,3213,1,Sundarapandianpattinam (CT),Sundarapandianpattinam (CT),False,80.18467681557276
33,Tamil Nadu,Sundarapandiapuram (TP),8987,5830,1,Sundarapandiapuram (TP),Sundarapandiapuram (TP),False,64.87148102815178
33,Tamil Nadu,Surampatti,41782,31830,1,Surampatti (M),Surampatti,False,76.18113063041501
33,Tamil Nadu,Surandai (TP),35272,25792,1,Surandai (TP),Surandai (TP),False,73.12315717849852
33,Tamil Nadu,Suriyampalayam (TP),28585,19620,1,Suriyampalayam (TP),Suriyampalayam (TP),False,68.63739723631275
33,Tamil Nadu,Swamimalai (TP),7289,5854,1,Swamimalai (TP),Swamimalai (TP),False,80.31280010975442
33,Tamil Nadu,T.Kallupatti (TP),10762,8429,1,T.Kallupatti (TP),T.Kallupatti (TP),False,78.32187325775878
33,Tamil Nadu,TNPL Pugalur (TP),5556,4383,1,TNPL Pugalur (TP),TNPL Pugalur (TP),False,78.88768898488121
33,Tamil Nadu,Tajpura (CT),8075,5804,1,Tajpura (CT),Tajpura (CT),False,71.87616099071208
33,Tamil Nadu,Tambaram,174787,145037,1,Tambaram (M),Tambaram,False,82.97928335631369
33,Tamil Nadu,Tenkasi,70545,55374,1,Tenkasi (M),Tenkasi,False,78.4945779289815
33,Tamil Nadu,Terkukallikulam (CT),5980,5144,1,Terkukallikulam (CT),Terkukallikulam (CT),False,86.0200668896321
33,Tamil Nadu,Thadikarankonam (CT),6241,4938,1,Thadikarankonam (CT),Thadikarankonam (CT),False,79.12193558724563
33,Tamil Nadu,Thadikombu (TP),18838,12835,1,Thadikombu (TP),Thadikombu (TP),False,68.13355982588385
33,Tamil Nadu,Thakkolam (TP),13983,10047,1,Thakkolam (TP),Thakkolam (TP),False,71.8515340055782
33,Tamil Nadu,Thalainayar (TP),12798,9719,1,Thalainayar (TP),Thalainayar (TP),False,75.94155336771371
33,Tamil Nadu,Thalakudi (CT),5740,4674,1,Thalakudi (CT),Thalakudi (CT),False,81.42857142857143
33,Tamil Nadu,Thamaraikulam (TP),12372,9154,1,Thamaraikulam (TP),Thamaraikulam (TP),False,73.9896540575493
33,Tamil Nadu,Thammampatti (TP),21503,15695,1,Thammampatti (TP),Thammampatti (TP),False,72.9898153745989
33,Tamil Nadu,Thanakkankulam (CT),14328,11069,1,Thanakkankulam (CT),Thanakkankulam (CT),False,77.25432719151311
33,Tamil Nadu,Thanjavur,222943,185364,1,Thanjavur (M),Thanjavur,False,83.14412204016273
33,Tamil Nadu,Thanthoni,53854,41597,1,Thanthoni (M),Thanthoni,False,77.24031641103724
33,Tamil Nadu,Thappakuttai (CT),6986,4092,1,Thappakuttai (CT),Thappakuttai (CT),False,58.574291440022904
33,Tamil Nadu,Tharamangalam (TP),30222,19044,1,Tharamangalam (TP),Tharamangalam (TP),False,63.013698630136986
33,Tamil Nadu,Tharangambadi (TP),23191,18036,1,Tharangambadi (TP),Tharangambadi (TP),False,77.77154930792118
33,Tamil Nadu,Thathaiyangarpet (TP),12980,9475,1,Thathaiyangarpet (TP),Thathaiyangarpet (TP),False,72.99691833590138
33,Tamil Nadu,Thathankuttai (CT),24708,16334,1,Thathankuttai (CT),Thathankuttai (CT),False,66.10814311154282
33,Tamil Nadu,Thazhakudy (TP),8992,7475,1,Thazhakudy (TP),Thazhakudy (TP),False,83.12944839857651
33,Tamil Nadu,Thedavur (TP),8230,5097,1,Thedavur (TP),Thedavur (TP),False,61.931956257594166
33,Tamil Nadu,Theerthagiriyampattu (CT),5412,4074,1,Theerthagiriyampattu (CT),Theerthagiriyampattu (CT),False,75.27716186252772
33,Tamil Nadu,Thenambakkam (CT),13994,9705,1,Thenambakkam (CT),Thenambakkam (CT),False,69.35115049306846
33,Tamil Nadu,Thengampudur (TP),14538,12335,1,Thengampudur (TP),Thengampudur (TP),False,84.84660888705461
33,Tamil Nadu,Theni Allinagaram,94453,73248,1,Theni Allinagaram (M),Theni Allinagaram,False,77.54968079362222
33,Tamil Nadu,Thenkarai (TP),22187,14072,2,Thenkarai (TP),Thenkarai (TP),True,63.42452787668454
33,Tamil Nadu,Thenthamaraikulam (TP),11872,10131,1,Thenthamaraikulam (TP),Thenthamaraikulam (TP),False,85.33524258760107
33,Tamil Nadu,Thenthiruperai (TP),4934,4009,1,Thenthiruperai (TP),Thenthiruperai (TP),False,81.25253344142683
33,Tamil Nadu,Therur (TP),7615,6608,1,Therur (TP),Therur (TP),False,86.77609980302036
33,Tamil Nadu,Thevaram (TP),16079,11185,1,Thevaram (TP),Thevaram (TP),False,69.56278375520866
33,Tamil Nadu,Thevur (TP),8548,5146,1,Thevur (TP),Thevur (TP),False,60.20121665886757
33,Tamil Nadu,Thiagadurgam (TP),18605,12737,1,Thiagadurgam (TP),Thiagadurgam (TP),False,68.46009137328674
33,Tamil Nadu,Thikkanamcode (CT),14086,11818,1,Thikkanamcode (CT),Thikkanamcode (CT),False,83.89890671588812
33,Tamil Nadu,Thindal (CT),15440,12080,1,Thindal (CT),Thindal (CT),False,78.23834196891191
33,Tamil Nadu,Thingalnagar (TP),13567,11564,1,Thingalnagar (TP),Thingalnagar (TP),False,85.23623498194148
33,Tamil Nadu,Thirparappu (TP),22401,17919,1,Thirparappu (TP),Thirparappu (TP),False,79.99196464443553
33,Tamil Nadu,Thirukarungudi (TP),9342,7151,1,Thirukarungudi (TP),Thirukarungudi (TP),False,76.5467779918647
33,Tamil Nadu,Thirukkattupalli (TP),12972,10004,1,Thirukkattupalli (TP),Thirukkattupalli (TP),False,77.11995066296639
33,Tamil Nadu,Thirumalayampalayam (TP),12164,8124,1,Thirumalayampalayam (TP),Thirumalayampalayam (TP),False,66.78724103913186
33,Tamil Nadu,Thirumalpur (CT),4803,3377,1,Thirumalpur (CT),Thirumalpur (CT),False,70.31022277743078
33,Tamil Nadu,Thirumangalam,51194,41934,1,Thirumangalam (M),Thirumangalam,False,81.91194280579755
33,Tamil Nadu,Thirumazhisai (TP),19733,14247,1,Thirumazhisai (TP),Thirumazhisai (TP),False,72.19885471038361
33,Tamil Nadu,Thirumuruganpoondi (TP),31528,23348,1,Thirumuruganpoondi (TP),Thirumuruganpoondi (TP),False,74.0548084242578
33,Tamil Nadu,Thirunagar (TP),16598,14511,1,Thirunagar (TP),Thirunagar (TP),False,87.42619592722015
33,Tamil Nadu,Thirunageswaram (TP),15082,11715,1,Thirunageswaram (TP),Thirunageswaram (TP),False,77.67537461875082
33,Tamil Nadu,Thiruneermalai (TP),30702,24616,1,Thiruneermalai (TP),Thiruneermalai (TP),False,80.17718715393134
33,Tamil Nadu,Thirunindravur (TP),37095,31121,1,Thirunindravur (TP),Thirunindravur (TP),False,83.8954036932201
33,Tamil Nadu,Thiruparankundram,48810,38827,1,Thiruparankundram (M),Thiruparankundram,False,79.54722392952263
33,Tamil Nadu,Thiruparankundram (M + OG),50004,39857,1,Thiruparankundram (M + OG),Thiruparankundram (M + OG),False,79.70762339012879
33,Tamil Nadu,Thiruporur (TP),13666,10239,1,Thiruporur (TP),Thiruporur (TP),False,74.92316698375531
33,Tamil Nadu,Thiruppalai (CT),19305,16600,1,Thiruppalai (CT),Thiruppalai (CT),False,85.98808598808598
33,Tamil Nadu,Thiruppanandal (TP),11169,8437,1,Thiruppanandal (TP),Thiruppanandal (TP),False,75.53943952010029
33,Tamil Nadu,Thirupuvanam (TP),39543,30498,2,Thirupuvanam (TP),Thirupuvanam (TP),True,77.1261664517108
33,Tamil Nadu,Thiruthangal,55362,39800,1,Thiruthangal (M),Thiruthangal,False,71.89046638488495
33,Tamil Nadu,Thiruthuraipoondi,24404,19569,1,Thiruthuraipoondi (M),Thiruthuraipoondi,False,80.1876741517784
33,Tamil Nadu,Thiruvaiyaru (TP),16164,13196,1,Thiruvaiyaru (TP),Thiruvaiyaru (TP),False,81.63820836426628
33,Tamil Nadu,Thiruvalam (TP),9153,6941,1,Thiruvalam (TP),Thiruvalam (TP),False,75.8330601988419
33,Tamil Nadu,Thiruvallur,56074,44731,1,Thiruvallur (M),Thiruvallur,False,79.77137354210507
33,Tamil Nadu,Thiruvarur,58301,47804,1,Thiruvarur (M),Thiruvarur,False,81.99516303322413
33,Tamil Nadu,Thiruvattar (TP),18985,15579,1,Thiruvattar (TP),Thiruvattar (TP),False,82.05952067421649
33,Tamil Nadu,Thiruvenkadam (TP),8337,5866,1,Thiruvenkadam (TP),Thiruvenkadam (TP),False,70.36104114189756
33,Tamil Nadu,Thiruvennainallur (TP),9623,6977,1,Thiruvennainallur (TP),Thiruvennainallur (TP),False,72.50337732515847
33,Tamil Nadu,Thiruverumbur (TP),23156,18563,1,Thiruverumbur (TP),Thiruverumbur (TP),False,80.16496804283987
33,Tamil Nadu,Thiruvidaimarudur (TP),14786,11685,1,Thiruvidaimarudur (TP),Thiruvidaimarudur (TP),False,79.02745840660084
33,Tamil Nadu,Thiruvithancode (TP),18723,15639,1,Thiruvithancode (TP),Thiruvithancode (TP),False,83.5282807242429
33,Tamil Nadu,Thisayanvilai (TP),23702,19146,1,Thisayanvilai (TP),Thisayanvilai (TP),False,80.77799341827694
33,Tamil Nadu,Thondamuthur (TP),11492,8167,1,Thondamuthur (TP),Thondamuthur (TP),False,71.0668290985033
33,Tamil Nadu,Thondi (TP),18465,14534,1,Thondi (TP),Thondi (TP),False,78.71107500676956
33,Tamil Nadu,Thoothukkudi,237830,199432,1,Thoothukkudi (M Corp.),Thoothukkudi,False,83.85485430769877
33,Tamil Nadu,Thorapadi (TP),24359,18254,2,Thorapadi (TP),Thorapadi (TP),True,74.9373948027423
33,Tamil Nadu,Thottipalayam (CT),40503,30066,1,Thottipalayam (CT),Thottipalayam (CT),False,74.23153840456263
33,Tamil Nadu,Thottiyam (TP),14909,11474,1,Thottiyam (TP),Thottiyam (TP),False,76.96022536722785
33,Tamil Nadu,Thozhur (CT),5698,4547,1,Thozhur (CT),Thozhur (CT),False,79.7999297999298
33,Tamil Nadu,Thudiyalur (TP),33924,27978,1,Thudiyalur (TP),Thudiyalur (TP),False,82.47258577997879
33,Tamil Nadu,Thuraiyur,32439,25615,1,Thuraiyur (M),Thuraiyur,False,78.96359320570919
33,Tamil Nadu,Thuthipattu (CT),9143,6444,1,Thuthipattu (CT),Thuthipattu (CT),False,70.48014874767581
33,Tamil Nadu,Thuvakudi,38887,31716,1,Thuvakudi  (M),Thuvakudi,False,81.55939002751562
33,Tamil Nadu,Timiri (TP),16246,11938,1,Timiri (TP),Timiri (TP),False,73.48270343469162
33,Tamil Nadu,Tindivanam,72796,56920,1,Tindivanam (M),Tindivanam,False,78.19110940161548
33,Tamil Nadu,Tiruchendur (TP),32171,26122,1,Tiruchendur (TP),Tiruchendur (TP),False,81.19735165210903
33,Tamil Nadu,Tiruchengode,95335,72327,1,Tiruchengode (M),Tiruchengode,False,75.86615618608066
33,Tamil Nadu,Tiruchirappalli,847387,701459,1,Tiruchirappalli (M Corp.),Tiruchirappalli,False,82.77906080692765
33,Tamil Nadu,Tirukalukundram (TP),29391,22358,1,Tirukalukundram (TP),Tirukalukundram (TP),False,76.07090605967814
33,Tamil Nadu,Tirukkoyilur (TP),30212,23373,1,Tirukkoyilur (TP),Tirukkoyilur (TP),False,77.36329935125116
33,Tamil Nadu,Tirumalaigiri (CT),4107,2314,1,Tirumalaigiri (CT),Tirumalaigiri (CT),False,56.34282931580229
33,Tamil Nadu,Tirunelveli,473637,385976,1,Tirunelveli (M Corp.),Tirunelveli,False,81.49194425266607
33,Tamil Nadu,Tirupathur,64125,48874,1,Tirupathur (M),Tirupathur,False,76.2167641325536
33,Tamil Nadu,Tirupathur (TP),25980,21035,1,Tirupathur (TP),Tirupathur (TP),False,80.96612779060816
33,Tamil Nadu,Tirupattur (CT),19487,14106,1,Tirupattur (CT),Tirupattur (CT),False,72.38671935136244
33,Tamil Nadu,Tiruppur (M.Corp),444352,347351,1,Tiruppur (M.Corp),Tiruppur (M.Corp),False,78.17023440875703
33,Tamil Nadu,Tirusulam (CT),14086,9948,1,Tirusulam (CT),Tirusulam (CT),False,70.62331392872355
33,Tamil Nadu,Tiruttani,44781,33728,1,Tiruttani (M),Tiruttani,False,75.31765704204908
33,Tamil Nadu,Tiruvannamalai,145278,113865,1,Tiruvannamalai (M),Tiruvannamalai,False,78.3773179696857
33,Tamil Nadu,Tiruverkadu,62824,46710,1,Tiruverkadu (M),Tiruverkadu,False,74.350566662422
33,Tamil Nadu,Tiruverkadu (M + OG),64698,47974,2,Tiruverkadu (M + OG) (Part),Tiruverkadu (M + OG),True,74.15066926334663
33,Tamil Nadu,Tiruvethipuram,37802,28954,1,Tiruvethipuram (M),Tiruvethipuram,False,76.59383101423205
33,Tamil Nadu,Tiruvottiyur,249446,197146,1,Tiruvottiyur (M),Tiruvottiyur,False,79.03353832091916
33,Tamil Nadu,Tittacheri (TP),9245,7250,1,Tittacheri (TP),Tittacheri (TP),False,78.42076798269335
33,Tamil Nadu,Tittakudi (TP),22894,16136,1,Tittakudi (TP),Tittakudi (TP),False,70.48134882501965
33,Tamil Nadu,Tittangulam (CT),9115,6713,1,Tittangulam (CT),Tittangulam (CT),False,73.64783324190894
33,Tamil Nadu,Udangudi (TP),19738,16535,1,Udangudi (TP),Udangudi (TP),False,83.77241868477049
33,Tamil Nadu,Udayarpalayam (TP),12688,8922,1,Udayarpalayam (TP),Udayarpalayam (TP),False,70.31841109709961
33,Tamil Nadu,Udhagamandalam,88430,72643,1,Udhagamandalam (M),Udhagamandalam,False,82.14746126880019
33,Tamil Nadu,Udumalaipettai,61133,51263,1,Udumalaipettai  (M),Udumalaipettai,False,83.85487379974809
33,Tamil Nadu,Ullur (CT),11673,9558,1,Ullur (CT),Ullur (CT),False,81.88126445643793
33,Tamil Nadu,Ulundurpettai (TP),23734,17313,1,Ulundurpettai (TP),Ulundurpettai (TP),False,72.94598466335215
33,Tamil Nadu,Unjalur (TP),2482,1865,1,Unjalur (TP),Unjalur (TP),False,75.14101531023368
33,Tamil Nadu,Unnamalaikadai (TP),23656,19658,1,Unnamalaikadai (TP),Unnamalaikadai (TP),False,83.09942509299965
33,Tamil Nadu,Uppidamangalam (TP),11292,7460,1,Uppidamangalam (TP),Uppidamangalam (TP),False,66.06447042153737
33,Tamil Nadu,Uppiliapuram (TP),7705,5333,1,Uppiliapuram (TP),Uppiliapuram (TP),False,69.21479558728099
33,Tamil Nadu,Urapakkam (CT),29122,23649,1,Urapakkam (CT),Urapakkam (CT),False,81.20664789506216
33,Tamil Nadu,Usilampatti,35219,27608,1,Usilampatti (M),Usilampatti,False,78.38950566455605
33,Tamil Nadu,Usuppur (CT),8221,6677,1,Usuppur (CT),Usuppur (CT),False,81.21882982605523
33,Tamil Nadu,Uthamapalayam (TP),29050,22308,1,Uthamapalayam (TP),Uthamapalayam (TP),False,76.79173838209982
33,Tamil Nadu,Uthangarai (TP),18470,14311,1,Uthangarai (TP),Uthangarai (TP),False,77.48240389821332
33,Tamil Nadu,Uthayendram (TP),13837,10275,1,Uthayendram (TP),Uthayendram (TP),False,74.25742574257426
33,Tamil Nadu,Uthiramerur (TP),25194,18506,1,Uthiramerur (TP),Uthiramerur (TP),False,73.45399698340876
33,Tamil Nadu,Uthukkottai (TP),12740,9048,1,Uthukkottai (TP),Uthukkottai (TP),False,71.0204081632653
33,Tamil Nadu,Uthukuli (TP),10130,7636,1,Uthukuli (TP),Uthukuli (TP),False,75.38005923000988
33,Tamil Nadu,V. Pudur (TP),8891,6413,1,V. Pudur (TP),V. Pudur (TP),False,72.12911933415815
33,Tamil Nadu,V.Pudupatti (TP),8316,5418,1,V.Pudupatti (TP),V.Pudupatti (TP),False,65.15151515151516
33,Tamil Nadu,Vadakarai Keezhpadugai (TP),20821,14024,1,Vadakarai Keezhpadugai (TP),Vadakarai Keezhpadugai (TP),False,67.35507420392872
33,Tamil Nadu,Vadakkanandal (TP),23034,15516,1,Vadakkanandal (TP),Vadakkanandal (TP),False,67.36129200312581
33,Tamil Nadu,Vadakkuvalliyur (TP),29417,24071,1,Vadakkuvalliyur (TP),Vadakkuvalliyur (TP),False,81.82683482340144
33,Tamil Nadu,Vadalur (TP),39514,29494,1,Vadalur (TP),Vadalur (TP),False,74.641899073746
33,Tamil Nadu,Vadamadurai (TP),18015,12747,1,Vadamadurai (TP),Vadamadurai (TP),False,70.75770191507077
33,Tamil Nadu,Vadavalli (TP),39873,32687,1,Vadavalli (TP),Vadavalli (TP),False,81.97777944975296
33,Tamil Nadu,Vaddakkankulam (CT),9220,7809,1,Vaddakkankulam (CT),Vaddakkankulam (CT),False,84.69631236442517
33,Tamil Nadu,Vadi (CT),4937,3339,1,Vadi (CT),Vadi (CT),False,67.63216528256027
33,Tamil Nadu,Vadipatti (TP),26830,19355,1,Vadipatti (TP),Vadipatti (TP),False,72.1393961982855
33,Tamil Nadu,Vadugapatti (TP),22861,16152,2,Vadugapatti (TP),Vadugapatti (TP),True,70.65307729320676
33,Tamil Nadu,Vaitheeswarankoil (TP),7676,5912,1,Vaitheeswarankoil (TP),Vaitheeswarankoil (TP),False,77.01928087545596
33,Tamil Nadu,Valangaiman (TP),11754,9270,1,Valangaiman (TP),Valangaiman (TP),False,78.86676875957122
33,Tamil Nadu,Valasaravakkam,47378,40929,1,Valasaravakkam (M),Valasaravakkam,False,86.38819705348475
33,Tamil Nadu,Valathur (CT),5529,4222,1,Valathur (CT),Valathur (CT),False,76.3610056068005
33,Tamil Nadu,Valavandankottai (CT),9202,6854,1,Valavandankottai (CT),Valavandankottai (CT),False,74.48380786785481
33,Tamil Nadu,Valavanur (TP),16745,12792,1,Valavanur (TP),Valavanur (TP),False,76.39295312033443
33,Tamil Nadu,Valayambattu (CT),10076,6063,1,Valayambattu (CT),Valayambattu (CT),False,60.172687574434306
33,Tamil Nadu,Vallam (CT),7745,5913,1,Vallam (CT),Vallam (CT),False,76.34602969657843
33,Tamil Nadu,Vallam (TP),16758,13476,1,Vallam (TP),Vallam (TP),False,80.41532402434657
33,Tamil Nadu,Valparai,70859,55602,1,Valparai (M),Valparai,False,78.46850788184987
33,Tamil Nadu,Valvaithankoshtam (TP),16965,14319,1,Valvaithankoshtam (TP),Valvaithankoshtam (TP),False,84.40318302387267
33,Tamil Nadu,Vanagaram (CT),19208,15261,1,Vanagaram (CT),Vanagaram (CT),False,79.45127030403998
33,Tamil Nadu,Vanapadi (CT),5334,3860,1,Vanapadi (CT),Vanapadi (CT),False,72.36595425571804
33,Tamil Nadu,Vanavasi (TP),7130,5097,1,Vanavasi (TP),Vanavasi (TP),False,71.4866760168303
33,Tamil Nadu,Vandalur (CT),16852,13619,1,Vandalur (CT),Vandalur (CT),False,80.81533349157371
33,Tamil Nadu,Vandavasi,31320,24209,1,Vandavasi (M),Vandavasi,False,77.29565772669221
33,Tamil Nadu,Vandiyur (CT),28646,21935,1,Vandiyur (CT),Vandiyur (CT),False,76.5726453955177
33,Tamil Nadu,Vanganur (CT),6584,4653,1,Vanganur (CT),Vanganur (CT),False,70.67132442284326
33,Tamil Nadu,Vaniputhur (TP),12044,7569,1,Vaniputhur (TP),Vaniputhur (TP),False,62.844569910328794
33,Tamil Nadu,Vaniyambadi,95061,70696,1,Vaniyambadi (M),Vaniyambadi,False,74.3690893215935
33,Tamil Nadu,Vanniyoor (CT),4319,3619,1,Vanniyoor (CT),Vanniyoor (CT),False,83.79254457050244
33,Tamil Nadu,Varadarajanpettai (TP),8259,5850,1,Varadarajanpettai (TP),Varadarajanpettai (TP),False,70.83181983290955
33,Tamil Nadu,Vasudevanallur (TP),21361,14169,1,Vasudevanallur (TP),Vasudevanallur (TP),False,66.33116427133561
33,Tamil Nadu,Vathirairuppu (TP),16784,12189,1,Vathirairuppu (TP),Vathirairuppu (TP),False,72.6227359389895
33,Tamil Nadu,Vavarai (CT),8362,6576,1,Vavarai (CT),Vavarai (CT),False,78.64147333173882
33,Tamil Nadu,Vazhapadi (TP),17559,13070,1,Vazhapadi (TP),Vazhapadi (TP),False,74.43476279970386
33,Tamil Nadu,Vedapatti (TP),11658,8562,1,Vedapatti (TP),Vedapatti (TP),False,73.44312918167782
33,Tamil Nadu,Vedaranyam,34266,26680,1,Vedaranyam (M),Vedaranyam,False,77.8614369929376
33,Tamil Nadu,Vedasandur (TP),11730,9160,1,Vedasandur (TP),Vedasandur (TP),False,78.09036658141517
33,Tamil Nadu,Veeraganur ((TP),11624,7591,1,Veeraganur ((TP),Veeraganur ((TP),False,65.30454232622162
33,Tamil Nadu,Veerakeralam (TP),23841,19554,1,Veerakeralam (TP),Veerakeralam (TP),False,82.01837171259595
33,Tamil Nadu,Veerakkalpudur (TP),16665,13216,1,Veerakkalpudur (TP),Veerakkalpudur (TP),False,79.3039303930393
33,Tamil Nadu,Veerapandi (CT),50301,37904,1,Veerapandi (CT),Veerapandi (CT),False,75.35436671239141
33,Tamil Nadu,Veerapandi (TP),33111,24620,2,Veerapandi (TP),Veerapandi (TP),True,74.35595421461146
33,Tamil Nadu,Veerapandianpattinam (Town) (CT),6015,4880,1,Veerapandianpattinam (Town) (CT),Veerapandianpattinam (Town) (CT),False,81.13050706566915
33,Tamil Nadu,Veerappanchatiram,84453,63621,1,Veerappanchatiram (M),Veerappanchatiram,False,75.33302546978793
33,Tamil Nadu,Veeravanallur (TP),19585,15466,1,Veeravanallur (TP),Veeravanallur (TP),False,78.96859841715599
33,Tamil Nadu,Velampalayam,87427,68208,1,Velampalayam (M),Velampalayam,False,78.01708854244113
33,Tamil Nadu,Velankanni (TP),11108,8401,1,Velankanni (TP),Velankanni (TP),False,75.63017644940582
33,Tamil Nadu,Velayudampalayam (CT),9192,6377,1,Velayudampalayam (CT),Velayudampalayam (CT),False,69.37554395126196
33,Tamil Nadu,Vellakinar (TP),15998,12590,1,Vellakinar (TP),Vellakinar (TP),False,78.6973371671459
33,Tamil Nadu,Vellakkalpatty (CT),5475,3925,1,Vellakkalpatty (CT),Vellakkalpatty (CT),False,71.68949771689498
33,Tamil Nadu,Vellakoil,40359,30013,1,Vellakoil (M),Vellakoil,False,74.36507346564582
33,Tamil Nadu,Vellalur (TP),24872,19571,1,Vellalur (TP),Vellalur (TP),False,78.68687680926342
33,Tamil Nadu,Vellamcode (CT),12715,10257,1,Vellamcode (CT),Vellamcode (CT),False,80.6685017695635
33,Tamil Nadu,Vellaravalli (CT),5070,3187,1,Vellaravalli (CT),Vellaravalli (CT),False,62.85996055226825
33,Tamil Nadu,Vellimalai (TP),13182,10680,1,Vellimalai (TP),Vellimalai (TP),False,81.01957214383249
33,Tamil Nadu,Vellore (M. Corp),185803,143342,1,Vellore (M. Corp),Vellore (M. Corp),False,77.14730117382389
33,Tamil Nadu,Vellottamparappu (TP),7621,5290,1,Vellottamparappu (TP),Vellottamparappu (TP),False,69.41346280015746
33,Tamil Nadu,Velur (TP),25012,18565,1,Velur (TP),Velur (TP),False,74.22437230129539
33,Tamil Nadu,Vembadithalam (CT),7331,5363,1,Vembadithalam (CT),Vembadithalam (CT),False,73.15509480289182
33,Tamil Nadu,Vengampudur (TP),7443,5283,1,Vengampudur (TP),Vengampudur (TP),False,70.97944377267231
33,Tamil Nadu,Vengathur (CT),23292,18350,1,Vengathur (CT),Vengathur (CT),False,78.78241456294006
33,Tamil Nadu,Vengavasal (CT),13671,11311,1,Vengavasal (CT),Vengavasal (CT),False,82.73718089386291
33,Tamil Nadu,Vengikkal (CT),18244,14628,1,Vengikkal (CT),Vengikkal (CT),False,80.17978513483885
33,Tamil Nadu,Venkarai (TP),9330,6350,1,Venkarai (TP),Venkarai (TP),False,68.06002143622723
33,Tamil Nadu,Venkatachalapuram (CT),9540,7787,1,Venkatachalapuram (CT),Venkatachalapuram (CT),False,81.62473794549267
33,Tamil Nadu,Venkatapuram (CT),7430,4938,1,Venkatapuram (CT),Venkatapuram (CT),False,66.46029609690444
33,Tamil Nadu,Vennanthur (TP),14568,9724,1,Vennanthur (TP),Vennanthur (TP),False,66.74903898956617
33,Tamil Nadu,Veppathur (TP),7949,6033,1,Veppathur (TP),Veppathur (TP),False,75.89633916215877
33,Tamil Nadu,Verkilambi (TP),19730,16304,1,Verkilambi (TP),Verkilambi (TP),False,82.63558033451596
33,Tamil Nadu,Vettaikaranpudur (TP),17392,10651,1,Vettaikaranpudur (TP),Vettaikaranpudur (TP),False,61.24080036798528
33,Tamil Nadu,Vettavalam (TP),15506,11377,1,Vettavalam (TP),Vettavalam (TP),False,73.37159809106153
33,Tamil Nadu,Vijayapuri (CT),7222,5086,1,Vijayapuri (CT),Vijayapuri (CT),False,70.42370534477985
33,Tamil Nadu,Vikramasingapuram,47241,38398,1,Vikramasingapuram (M),Vikramasingapuram,False,81.28109057809954
33,Tamil Nadu,Vikravandi (TP),12022,8956,1,Vikravandi (TP),Vikravandi (TP),False,74.49675594742972
33,Tamil Nadu,Vilacheri (CT),7787,5856,1,Vilacheri (CT),Vilacheri (CT),False,75.20226017721843
33,Tamil Nadu,Vilangudi (TP),30884,25997,1,Vilangudi (TP),Vilangudi (TP),False,84.1762725035617
33,Tamil Nadu,Vilankurichi (CT),24235,19831,1,Vilankurichi (CT),Vilankurichi (CT),False,81.82793480503405
33,Tamil Nadu,Vilapakkam (TP),8174,5934,1,Vilapakkam (TP),Vilapakkam (TP),False,72.59603621238072
33,Tamil Nadu,Vilar (CT),9028,7018,1,Vilar (CT),Vilar (CT),False,77.73593265396545
33,Tamil Nadu,Vilathikulam (TP),15277,12113,1,Vilathikulam (TP),Vilathikulam (TP),False,79.28912744648818
33,Tamil Nadu,Vilathurai (CT),19758,16336,1,Vilathurai (CT),Vilathurai (CT),False,82.680433242231
33,Tamil Nadu,Vilavancode (CT),6731,5522,1,Vilavancode (CT),Vilavancode (CT),False,82.03833011439608
33,Tamil Nadu,Vilavur (TP),14320,11831,1,Vilavur (TP),Vilavur (TP),False,82.61871508379889
33,Tamil Nadu,Villukuri (TP),15304,12473,1,Villukuri (TP),Villukuri (TP),False,81.50156821745949
33,Tamil Nadu,Viluppuram,96253,77571,1,Viluppuram (M),Viluppuram,False,80.59073483423893
33,Tamil Nadu,Viraganur (CT),7121,5509,1,Viraganur (CT),Viraganur (CT),False,77.36272995365819
33,Tamil Nadu,Viralimalai (CT),10883,8179,1,Viralimalai (CT),Viralimalai (CT),False,75.15390976752734
33,Tamil Nadu,Virinchipuram (CT),7699,5773,1,Virinchipuram (CT),Virinchipuram (CT),False,74.98376412521107
33,Tamil Nadu,Virudampattu (CT),7662,5765,1,Virudampattu (CT),Virudampattu (CT),False,75.24145131819368
33,Tamil Nadu,Virudhachalam,73585,57083,1,Virudhachalam (M),Virudhachalam,False,77.57423387918733
33,Tamil Nadu,Virudhunagar,72296,60929,1,Virudhunagar (M),Virudhunagar,False,84.2771384308952
33,Tamil Nadu,Virupakshipuram (CT),14779,11158,1,Virupakshipuram (CT),Virupakshipuram (CT),False,75.4990188781379
33,Tamil Nadu,Viswanatham (CT),25555,18040,1,Viswanatham (CT),Viswanatham (CT),False,70.59283897476033
33,Tamil Nadu,Walajabad (TP),14684,11279,1,Walajabad (TP),Walajabad (TP),False,76.8114955053119
33,Tamil Nadu,Walajapet,32397,25028,1,Walajapet (M),Walajapet,False,77.2540667345742
33,Tamil Nadu,Walajapet (M + OG),47498,35991,1,Walajapet (M + OG),Walajapet (M + OG),False,75.77371678807529
33,Tamil Nadu,Wellington (CB),19462,16526,1,Wellington (CB),Wellington (CB),False,84.91419175829822
33,Tamil Nadu,Yercaud (CT),11582,8713,1,Yercaud (CT),Yercaud (CT),False,75.22880331548956
33,Tamil Nadu,Zamin Uthukuli (TP),16354,12093,1,Zamin Uthukuli (TP),Zamin Uthukuli (TP),False,73.9452121805063
33,Tamil Nadu,Zuzuvadi (CT),32474,24425,1,Zuzuvadi (CT),Zuzuvadi (CT),False,75.21401736774035
34,Puducherry,Ariankuppam (CT),29808,22326,1,Ariankuppam (CT),Ariankuppam (CT),False,74.89935587761674
34,Puducherry,Karaikal,86838,68706,1,Karaikal (M),Karaikal,False,79.11974020590064
34,Puducherry,Kurumbapet (GP + OG),32871,24652,1,Kurumbapet (GP + OG),Kurumbapet (GP + OG),False,74.99619725593989
34,Puducherry,Kurumbapet (GP),19506,14925,1,Kurumbapet (GP),Kurumbapet (GP),False,76.5149184866195
34,Puducherry,Mahe,41816,36470,1,Mahe (M),Mahe,False,87.21541993495313
34,Puducherry,Manavely (CT),15666,11606,1,Manavely (CT),Manavely (CT),False,74.0840035746202
34,Puducherry,Ozhukarai,300104,240929,1,Ozhukarai (M),Ozhukarai,False,80.28183563031483
34,Puducherry,Puducherry,244377,196951,1,Puducherry (M),Puducherry,False,80.59310000531966
34,Puducherry,Thirumalairayanpattinam (CT),11264,9109,1,Thirumalairayanpattinam (CT),Thirumalairayanpattinam (CT),False,80.8682528409091
34,Puducherry,Villianur (CT),34383,26404,1,Villianur (CT),Villianur (CT),False,76.79376436029433
34,Puducherry,Yanam,55626,39274,1,Yanam (M),Yanam,False,70.60367454068242
35,Andaman and Nicobar Islands,Bakultala (CT),2741,2062,1,Bakultala (CT),Bakultala (CT),False,75.2280189711784
35,Andaman and Nicobar Islands,Bambooflat (CT),7962,6262,1,Bambooflat (CT),Bambooflat (CT),False,78.64858075860337
35,Andaman and Nicobar Islands,Garacharma (CT),14419,11746,1,Garacharma (CT),Garacharma (CT),False,81.46195991400236
35,Andaman and Nicobar Islands,Port Blair (M Cl),108058,87894,1,Port Blair (M Cl),Port Blair (M Cl),False,81.33965092820522
35,Andaman and Nicobar Islands,Prothrapur (CT),10308,8292,1,Prothrapur (CT),Prothrapur (CT),False,80.44237485448195
