State,District,Name,population,literate_population,records,literacy_rate
1,1,Dara Pora (CT),8464,3803,1,44.93147448015123
1,1,Drug Mulla (CT),12930,7534,1,58.26759474091261
1,1,Handwara (MC),13600,9010,1,66.25
1,1,Heri (CT),6348,3472,1,54.694391934467546
1,1,Kral Pora (CT),6518,3228,1,49.52439398588524
1,1,Kupwara (MC),21771,17049,1,78.31059666528868
1,1,Nowangabra (CT),5634,2183,1,38.74689385871494
1,1,Sool Koot (CT),3973,2637,1,66.37301787062673
1,1,Tangdhar (CT),9904,6702,1,67.66962843295639
1,1,Trehgam (CT),15587,9038,1,57.984217617245136
1,2,Badgam (MC),15338,10225,1,66.6644934150476
1,2,Beerwah (MC),8192,3852,1,47.021484375
1,2,Chadura (MC),6482,2966,1,45.75748225856217
1,2,Charar-i-Sharief (MC),11533,6497,1,56.33399809243041
1,2,Ichgam (CT),7461,3379,1,45.28883527677255
1,2,Khansahib (MC),2630,1580,1,60.07604562737643
1,2,Kral Pora (CT),13889,10395,1,74.84340125278997
1,2,Magam (MC),5470,2830,1,51.736745886654475
1,2,Nagam (CT),7365,3819,1,51.85336048879837
1,2,Srinagar (M Corp. + OG) (Part),19552,11841,1,60.56157937806874
1,3,Chuglamsar (CT),10754,7801,1,72.54045006509206
1,3,Leh Ladakh (MC),30870,26341,1,85.32879818594104
1,3,Spituk (CT),4047,2839,1,70.15072893501359
1,4,Kargil (MC),16338,12340,1,75.52944056800098
1,5,Naka Majiari (CT),5033,3153,1,62.64653288297238
1,5,Punch (M Cl),26854,22168,1,82.55008564832055
1,5,Surankote (MC),6743,4862,1,72.10440456769985
1,6,Nowshehra (MC),10408,9211,1,88.49923136049192
1,6,Rajauri (MC),29486,24190,1,82.0389337312623
1,6,Sunderbani (MC),6930,5909,1,85.26695526695526
1,6,Thanamandi (MC),5490,3589,1,65.37340619307832
1,7,Bashohli (MC),5433,4277,1,78.72262101969446
1,7,Billawar (MC),4978,3462,1,69.54600241060666
1,7,Hiranagar (MC),8294,6524,1,78.65927176272004
1,7,Kathua (M Cl + OG),59866,46359,1,77.43794474325995
1,7,Kathua (M Cl),51991,41081,1,79.01559885364775
1,7,Lakhanpur (MC),3461,2877,1,83.12626408552441
1,7,Parole (MC),7681,5341,1,69.53521676864992
1,8,Baramula (M Cl + OG),71434,49797,1,69.71050200184786
1,8,Baramula (M Cl),58053,41085,1,70.77153635471035
1,8,Gulmarg (MC),1965,1950,1,99.23664122137404
1,8,Kunzer (MC),1890,1130,1,59.78835978835979
1,8,Pattan (MC),19538,12988,1,66.47558603746545
1,8,Sopore (M Cl + OG),71292,43892,1,61.56651517701845
1,8,Sopore (M Cl),61098,37297,1,61.04455137647713
1,8,Uri (MC),9366,7508,1,80.162289130899
1,8,Watra Gam (MC),7015,4691,1,66.87099073414112
1,9,Bandipore (MC),37081,24670,1,66.53002885574823
1,9,Hajan (MC),13239,6287,1,47.48848100309691
1,9,Sumbal (MC),15041,6835,1,45.442457283425306
1,10,Badami Bagh (CB),22214,17940,1,80.75988115602773
1,10,Khonmoh  (CT),2664,2013,1,75.56306306306307
1,10,Lasjan (CT),5281,3185,1,60.310547244839995
1,10,Now Gam  (CT),2490,1615,1,64.85943775100401
1,10,Srinagar (M Corp. + OG) (Part),1186867,715903,2,60.31872147426797
1,10,Srinagar (M Corp.),1180570,710969,1,60.222519630348046
1,11,Ganderbal (MC),28233,16052,1,56.855452838876495
1,11,Safa Pora (CT),10471,5765,1,55.056823608060355
1,11,Wail (CT),8335,3979,1,47.73845230953809
1,12,Awantipora (MC),12647,8778,1,69.40776468727762
1,12,Khrew (MC),9851,5371,1,54.52238351436402
1,12,Pampora (MC),21680,12910,1,59.547970479704794
1,12,Pulwama (MC),18440,11329,1,61.43709327548807
1,12,Tral (MC),17844,10391,1,58.232459089890156
1,13,Shupiyan (MC),16360,11244,1,68.72860635696821
1,14,Achhabal (MC),17556,10525,1,59.95101389838232
1,14,Aishmuquam (MC),6519,3329,1,51.06611443472925
1,14,Anantnag (M Cl + OG) (Part),150198,92328,1,61.4708584668238
1,14,Anantnag (M Cl),109433,69445,1,63.458920069814404
1,14,Arwani (MC),11815,5624,1,47.60050782903089
1,14,Bijbehara (MC),22789,14556,1,63.872921146167
1,14,Duru Verinag (MC),22968,13668,1,59.50888192267503
1,14,Koker Nag (MC),6553,4199,1,64.0775217457653
1,14,Mattan (MC),9246,5788,1,62.60004326195111
1,14,Pahalgam (MC),9264,5202,1,56.152849740932645
1,14,Qazi Gund (MC),9871,5498,1,55.698510789180425
1,14,Seer Hamdan (MC),8233,4476,1,54.366573545487675
1,14,Shangus (MC),7875,4480,1,56.888888888888886
1,15,Anantnag (M Cl + OG) (Part),394,156,1,39.59390862944163
1,15,Ashmuji Khalsa (MC),5567,3163,1,56.81695706843901
1,15,Devsar (MC),9765,5740,1,58.78136200716846
1,15,Frisal (MC),5132,2779,1,54.150428682774745
1,15,Kulgam (MC),23584,14009,1,59.40044097693351
1,15,Mehmood Pora (MC),10910,5795,1,53.11640696608616
1,15,Quimoh (MC),13138,7406,1,56.37083269904095
1,15,Yari Pora (MC),12123,6925,1,57.12282438340345
1,16,Bhaderwah (MC),11084,8467,1,76.38939011187297
1,16,Doda (MC),21605,16066,1,74.36241610738254
1,17,Banihal (MC),3900,2942,1,75.43589743589743
1,17,Batote (MC),4315,3347,1,77.56662804171495
1,17,Ramban (MC),3596,2582,1,71.8020022246941
1,18,Kishtwar (MC),14865,11394,1,76.64984863773967
1,19,Chenani (MC),2620,2092,1,79.8473282442748
1,19,Kud (MC),1565,986,1,63.00319488817892
1,19,Ram Nagar (MC),6292,4526,1,71.93261284170374
1,19,Rathian (CT),6365,4229,1,66.44147682639434
1,19,Rehambal (CT),7351,5785,1,78.6967759488505
1,19,Udhampur (M Cl + OG),84015,67854,1,80.76414925906089
1,19,Udhampur (M Cl),35507,29025,1,81.74444475737178
1,20,Katra (MC),9008,6841,1,75.9436056838366
1,20,Marhi (CT),4392,3044,1,69.30783242258653
1,20,Purana Daroorh (MC),675,442,1,65.48148148148148
1,20,Reasi (MC),7796,5959,1,76.43663417136993
1,20,Talwara (CT),5125,2928,1,57.131707317073165
1,21,Akhnoor (MC),20756,17322,1,83.45538639429563
1,21,Arnia (MC),8948,6412,1,71.65847116674117
1,21,Bhalwal (CT),14174,9854,1,69.52165937632284
1,21,Bhore (CT),6360,5074,1,79.77987421383648
1,21,Bishna (MC),10719,8350,1,77.89905774792425
1,21,Chak  Kalu (CT),4725,4127,1,87.34391534391534
1,21,Chak Ratnu (CT),5228,4316,1,82.55547054322876
1,21,Chhatha (CT),4758,3435,1,72.19419924337957
1,21,Dhande Kalan (CT),4887,3985,1,81.5428688356865
1,21,Ghomanhasan (MC),3944,2943,1,74.61967545638946
1,21,Jammu (M Corp. + OG),576198,464730,1,80.65456665937751
1,21,Jammu (M Corp.),502197,411558,1,81.95150508664926
1,21,Jammu Cantt. (CB),28396,21738,1,76.55303563882237
1,21,Jourian (MC),3934,2846,1,72.34367056431114
1,21,Khore (MC),6931,5007,1,72.24065791372097
1,21,Maralia (CT),4327,3385,1,78.22972036052693
1,21,Nagrota (CT),13836,11389,1,82.31425267418328
1,21,Nihalpur Simbal (CT),3869,3073,1,79.42620832256398
1,21,R.S. Pora (MC),15197,11864,1,78.06803974468644
1,21,Raipur Domana (CT),20238,15852,1,78.32789801363771
1,21,Rakh Gadi Garh (CT),7588,6552,1,86.34686346863468
1,22,Bari Brahamana (MC),15453,12580,1,81.4081408140814
1,22,Birpur (CT),7177,5223,1,72.77413961265152
1,22,Gorah Salathian (CT),4629,3846,1,83.08489954633829
1,22,Ramgarh (MC),5612,4160,1,74.12687099073413
1,22,Samba (MC),12700,10252,1,80.7244094488189
1,22,Vijay Pur (MC),8044,6332,1,78.71705619094978
2,23,Bakloh (CB),1805,1488,1,82.4376731301939
2,23,Chamba (M Cl),19933,16580,1,83.17864847238248
2,23,Chuari Khas (NP),3770,2964,1,78.62068965517241
2,23,Dalhousie (CB),3549,3155,1,88.89828120597352
2,23,Dalhousie (M Cl),7051,5972,1,84.69720607006099
2,24,Dera Gopipur (NP),4816,3862,1,80.19102990033223
2,24,Dharmsala (M Cl + OG),30764,24413,1,79.35574047588089
2,24,Dharmsala (M Cl),22579,17867,1,79.13105097657115
2,24,Indora (CT),4534,3600,1,79.40008822232024
2,24,Jawalamukhi (NP),5361,4427,1,82.5778772617049
2,24,Kangra (M Cl),9528,8129,1,85.31696053736356
2,24,Nagrota Bagwan (M Cl),5900,4853,1,82.25423728813558
2,24,Nurpur (M Cl),9807,8096,1,82.55327827062303
2,24,Palampur (M Cl),3543,3004,1,84.78690375388089
2,24,Yol (CB),12028,9814,1,81.59294978383771
2,26,Banjar (NP),1414,1188,1,84.01697312588402
2,26,Bhuntar (NP),4475,3611,1,80.6927374301676
2,26,Kullu (M Cl),18536,15194,1,81.97022011221407
2,26,Manali (M Cl),8096,6019,1,74.3453557312253
2,26,Shamshi (CT),8870,6919,1,78.00450958286359
2,27,Jogindarnagar (NP),5335,4220,1,79.10028116213684
2,27,Mandi (M Cl),26422,22671,1,85.80349708576188
2,27,Rawalsar (NP),1821,1411,1,77.48489840746842
2,27,Sarkaghat (NP),4715,3836,1,81.35737009544009
2,27,Sundarnagar (M Cl),24344,20021,1,82.24203089056851
2,28,Bhota (NP),1453,1196,1,82.31245698554714
2,28,Hamirpur (M Cl),17604,14880,1,84.52624403544648
2,28,Nadaun (NP),4430,3726,1,84.10835214446952
2,28,Tira Sujanpur (NP),7943,6570,1,82.71433967014981
2,29,Daulatpur (NP),3763,3151,1,83.73638054743554
2,29,Gagret (NP),3847,3124,1,81.20613465037691
2,29,Mehatpur Basdehra (NP),9218,7003,1,75.97092644825342
2,29,Santokhgarh (NP),9363,7000,1,74.76236249065471
2,29,Una (M Cl),18722,14456,1,77.21397286614678
2,30,Bilaspur (M Cl),13654,11509,1,84.29031785557346
2,30,Ghumarwin (M Cl),7899,6471,1,81.92176224838587
2,30,Naina Devi (M Cl),1204,937,1,77.82392026578073
2,30,Talai (NP),2372,1887,1,79.5531197301855
2,31,Arki (NP),3040,2622,1,86.25
2,31,Baddi (M Cl + OG),29911,22469,1,75.11952124636422
2,31,Baddi (M Cl),25639,19954,1,77.82674831311674
2,31,Dagshai (CB),2904,2460,1,84.71074380165288
2,31,Kasauli (CB),3885,3174,1,81.69884169884169
2,31,Nalagarh (M Cl),10708,8474,1,79.13709376167351
2,31,Parwanoo (M Cl),8758,6973,1,79.61863439141356
2,31,Sabathu (CB),3685,3093,1,83.9348710990502
2,31,Solan (M Cl),39256,33239,1,84.67240676584471
2,32,Nahan (M Cl),28899,23740,1,82.14817121699713
2,32,Paonta Sahib (M Cl),25183,19997,1,79.40674264384704
2,32,Rajgarh (NP),3083,2472,1,80.18164125851443
2,33,Chaupal (NP) ,1851,1443,1,77.9578606158833
2,33,Jhakhri (CT),4655,3748,1,80.515574650913
2,33,Jubbal (NP),1640,1276,1,77.8048780487805
2,33,Jutogh (CB),2062,1736,1,84.19010669253151
2,33,Kotkhai (NP),1190,985,1,82.77310924369748
2,33,Narkanda (NP),901,677,1,75.13873473917869
2,33,Rampur (M Cl),5655,4822,1,85.26967285587975
2,33,Rohru (M Cl),6875,5464,1,79.47636363636363
2,33,Seoni (NP),2591,2081,1,80.31648012350445
2,33,Shimla (M Corp.),169578,146062,1,86.1326351295569
2,33,Theog (M Cl),4353,3636,1,83.52860096485183
3,35,Baryar (CT),3520,2470,1,70.17045454545455
3,35,Batala (M Cl + OG),158621,120935,1,76.2414812666671
3,35,Batala (M Cl),156619,119734,1,76.44921752788615
3,35,Behrampur (CT),5432,4089,1,75.27614138438881
3,35,Bungal (CT),5257,4023,1,76.5265360471752
3,35,Daulatpur (CT),12988,10866,1,83.66184170003079
3,35,Dera Baba Nanak (M Cl),6394,5068,1,79.26180794494839
3,35,Dhaki (CT),4203,3447,1,82.01284796573876
3,35,Dhariwal (M Cl),16772,13156,1,78.44025757214405
3,35,Dina Nagar (M Cl),23976,19209,1,80.11761761761763
3,35,Fateh Nangal (CT),7721,5747,1,74.43336355394379
3,35,Fatehgarh Churian (M Cl),13070,10015,1,76.62586074980872
3,35,Ghoh (CT),6883,5174,1,75.17071044602645
3,35,Gurdaspur (M Cl + OG),77928,63490,1,81.47264141258597
3,35,Gurdaspur (M Cl),75549,61565,1,81.49015870494645
3,35,Jugial (CT),15210,12462,1,81.93293885601578
3,35,Kot (CT),5406,4011,1,74.1953385127636
3,35,Malikpur (CT),4645,3545,1,76.31862217438106
3,35,Mamun (CT),32689,27548,1,84.27299703264094
3,35,Manwal (CT),6496,5083,1,78.2481527093596
3,35,Narot Mehra (CT),8885,6647,1,74.81148002250984
3,35,Pathankot (M Cl + OG),156306,124240,1,79.48511253566721
3,35,Pathankot (M Cl),148937,118533,1,79.58599944943164
3,35,Qadian (M Cl + OG),23632,18076,1,76.48950575490859
3,35,Qadian (M Cl),21899,16893,1,77.14050869902735
3,35,Sarna (CT),5847,4427,1,75.71404138874637
3,35,Shikar (CT),4001,2847,1,71.15721069732567
3,35,Sri Hargobindpur (M Cl),8241,5988,1,72.66108481980342
3,35,Sujanpur (M Cl),28270,22001,1,77.82454899186416
3,35,Tharial (CT),5081,3757,1,73.94213737453256
3,35,Tibri (CT),11845,9861,1,83.25031658927817
3,36,Begowal (NP),10116,6816,1,67.37841043890866
3,36,Bhulath (NP),10548,7677,1,72.7815699658703
3,36,Chachoki (CT),4307,3287,1,76.31762247504064
3,36,Dhilwan (NP),8157,5834,1,71.52139266887336
3,36,Hussainpur (CT)  ,15575,13617,1,87.42857142857143
3,36,Kapurthala (M Cl),98916,75653,1,76.4820655910065
3,36,Phagwara (M Cl),97864,76223,1,77.88665903703098
3,36,Phagwara Sharki (CT),20102,14885,1,74.04735847179386
3,36,Sultanpur (M Cl),16877,11799,1,69.91171416720981
3,37,Adampur (M Cl),20922,16496,1,78.84523468119683
3,37,Alawalpur (M Cl),7815,5909,1,75.61100447856685
3,37,Apra (CT),6258,4635,1,74.06519654841802
3,37,Bhogpur (NP),17549,13794,1,78.60276938856914
3,37,Chomon (CT),3704,2749,1,74.2170626349892
3,37,Dhin (CT),5961,4260,1,71.46451937594364
3,37,Goraya (NP),16462,12388,1,75.25209573563359
3,37,Jalandhar (M Corp. + OG) (Part),868929,671377,2,77.26488585373488
3,37,Jalandhar (M Corp.),862886,666926,1,77.29016347466525
3,37,Jalandhar Cantt. (CB),47845,38763,1,81.01787020587314
3,37,Jandiala (CT),8487,6243,1,73.55956168257335
3,37,Kartarpur (M Cl),25662,19287,1,75.15782090250175
3,37,Khambra (CT) ,5483,3959,1,72.20499726427138
3,37,Lohian Khass (NP),10362,7474,1,72.12893263848677
3,37,Nakodar (M Cl),36973,27836,1,75.28737186595625
3,37,Nurmahal (M Cl),14560,10542,1,72.40384615384615
3,37,Phillaur (M Cl),24688,18197,1,73.70787427090085
3,37,Raipur Rasulpur (CT),3916,2979,1,76.07252298263533
3,37,Sansarpur (CT),4657,3766,1,80.86751127335194
3,37,Sarai Khas (CT),7044,5434,1,77.14366837024417
3,37,Shahkot (NP),14488,10815,1,74.64798453892877
3,37,Sufipind (CT),9406,7500,1,79.73633850733574
3,38,Chohal (CT),7304,5700,1,78.039430449069
3,38,Dasua (M Cl),25192,19409,1,77.04429977770721
3,38,Gardhiwala (M Cl),7593,5839,1,76.89977610957462
3,38,Garhshankar (M Cl),16955,13038,1,76.8976703037452
3,38,Hariana (M Cl),8928,6945,1,77.78897849462365
3,38,Hazipur (CT),6091,4887,1,80.2331308487933
3,38,Hoshiarpur (M Cl),168653,133367,1,79.07775135929987
3,38,Mahilpur (NP),11360,8986,1,79.10211267605634
3,38,Mukerian (M Cl),29841,23601,1,79.08917261485875
3,38,Rakri (CT),5722,4617,1,80.68857042991961
3,38,Sham Chaurasi (M Cl),4426,3171,1,71.64482602801627
3,38,Talwara (CT),19485,16045,1,82.345393892738
3,38,Urmar Tanda (M Cl),23419,18259,1,77.96660830949229
3,39,Aur (CT),4063,3022,1,74.37853802608909
3,39,Balachaur (M Cl),21631,15555,1,71.91068374092737
3,39,Banga (M Cl),20906,15880,1,75.95905481679901
3,39,Khothran (CT),5046,3653,1,72.39397542608006
3,39,Nawanshahr (M Cl),46024,35169,1,76.4144794020511
3,39,Rahon (M Cl),15676,11140,1,71.06404695075274
3,39,Rail (CT),7589,5388,1,70.99749637633417
3,39,Saloh (CT),4481,3057,1,68.2213791564383
3,40,Amloh (M Cl),14696,11307,1,76.9393032117583
3,40,Bassi Pathana (M Cl),20288,16032,1,79.02208201892745
3,40,Gobindgarh (M Cl + OG),82266,59251,1,72.02367928427297
3,40,Gobindgarh (M Cl),73130,53562,1,73.24217147545467
3,40,Khamanon (NP),10135,7728,1,76.25061667488899
3,40,Sirhind Fatehgarh Sahib (M Cl),58097,43375,1,74.65962097870802
3,41,Akalgarh (CT),7678,6147,1,80.0599114352696
3,41,Baddowal (CT),6825,5246,1,76.86446886446886
3,41,Bhamian Kalan (CT),13174,8677,1,65.86458175193563
3,41,Bhattian (CT),11066,7323,1,66.1756732333273
3,41,Doraha (M Cl),25424,18622,1,73.24575204531152
3,41,Gill (CT),28884,21379,1,74.0167566819
3,41,Halwara (CT),9761,7439,1,76.2114537444934
3,41,Jagraon (M Cl),65240,47538,1,72.86633966891478
3,41,Jodhan (CT),3845,2852,1,74.1742522756827
3,41,Khanna (M Cl),128137,95385,1,74.43985734019057
3,41,Ludhiana (M Corp.),1618879,1230545,1,76.01216644356991
3,41,Machhiwara (M Cl),24916,15881,1,63.738160218333604
3,41,Maloud (NP),7567,5425,1,71.69287696577243
3,41,Mullanpur Dakha (NP),16356,11475,1,70.15774027879678
3,41,Partap Singhwala (CT),10843,7708,1,71.08733745273447
3,41,Payal (M Cl),7923,5536,1,69.87252303420422
3,41,Raikot (M Cl),28734,20226,1,70.39047817916058
3,41,Sahnewal  (NP),22484,17007,1,75.64045543497599
3,41,Samrala (M Cl),19678,14790,1,75.16007724362231
3,41,Tharike (CT),12294,8955,1,72.84040995607613
3,42,Badhni Kalan (NP),6786,4757,1,70.10020630710287
3,42,Bagha Purana (M Cl),25206,17084,1,67.7775132904864
3,42,Dharamkot (M Cl),19057,12614,1,66.19090098126674
3,42,Kot Ise Khan (CT),12800,8509,1,66.4765625
3,42,Moga (M Cl + OG),163397,116922,1,71.55700533057524
3,42,Moga (M Cl),150411,108255,1,71.97279454295231
3,43,Abohar (M Cl),145302,101643,1,69.95292563075526
3,43,Fazilka (M Cl),76492,54111,1,70.74073105684255
3,43,Firozpur (M Cl),110313,78040,1,70.7441552672849
3,43,Firozpur Cantt (CB),53199,40915,1,76.90934040113537
3,43,Guru Har Sahai  (M Cl),17192,11053,1,64.2915309446254
3,43,Jalalabad (M Cl + OG),39525,28117,1,71.13725490196079
3,43,Jalalabad (M Cl),38965,27698,1,71.0843064288464
3,43,Korianwali (CT),5770,3881,1,67.26169844020798
3,43,Makhu (NP),14658,9263,1,63.19416018556419
3,43,Mallanwala Khass (NP),16183,9693,1,59.89618735710314
3,43,Mudki (NP),10415,6263,1,60.134421507441196
3,43,Satyewala (CT),8724,6294,1,72.14580467675378
3,43,Talwandi Bhai (M Cl),17285,11869,1,68.66647382123229
3,43,Zira (M Cl + OG),37498,25549,1,68.13430049602646
3,43,Zira (M Cl),36732,24986,1,68.0224327561799
3,44,Bariwala (NP),8668,5563,1,64.17858790955238
3,44,Gidderbaha (M Cl),45370,30124,1,66.39629711262948
3,44,Malout (M Cl),81406,55394,1,68.04658133307127
3,44,Muktsar (M Cl),116747,78606,1,67.3302097698442
3,45,Faridkot (M Cl + OG),87695,63497,1,72.40663663834881
3,45,Faridkot (M Cl),85435,62323,1,72.9478550945163
3,45,Jaitu (M Cl + OG),37377,24917,1,66.66399122454986
3,45,Jaitu (M Cl),37004,24655,1,66.62793211544698
3,45,Kot Kapura (M Cl),91979,63072,1,68.57217408321465
3,46,Bathinda (M Corp.),285788,207197,1,72.5002449368063
3,46,Bhagta Bhai Ka (NP),14467,9089,1,62.82574134236538
3,46,Bhisiana (CT),4890,3785,1,77.40286298568508
3,46,Bhucho Mandi (M Cl),14961,10098,1,67.4954882695007
3,46,Goniana (M Cl),15208,10883,1,71.56102051551815
3,46,Kot Fatta (M Cl),7412,4166,1,56.206152185644896
3,46,Maur (M Cl),31849,20123,1,63.182517504474234
3,46,Mehna (CT),27733,22498,1,81.12357119676919
3,46,Raman (M Cl),22553,14797,1,65.60989668780208
3,46,Rampura Phul (M Cl + OG),51023,35220,1,69.02769339317562
3,46,Rampura Phul (M Cl),48450,33691,1,69.53766769865841
3,46,Sangat (M Cl),2744,1889,1,68.84110787172013
3,46,Talwandi Sabo (NP),20589,11931,1,57.94841905872068
3,47,Bareta (M Cl),17432,11073,1,63.52111060119321
3,47,Bhikhi (NP),17825,11051,1,61.99719495091164
3,47,Budhlada (M Cl),26172,18680,1,71.37398746752255
3,47,Mansa (M Cl),82956,57260,1,69.02454313129851
3,47,Sardulgarh (NP),19219,12252,1,63.74941464176076
3,48,Alhoran (CT),10218,6989,1,68.3989038950871
3,48,Bhadson (NP),7260,5232,1,72.06611570247934
3,48,Ghagga (NP),10162,5883,1,57.89214721511513
3,48,Ghanaur (NP),6985,4448,1,63.67931281317109
3,48,Nabha (M Cl),67972,52478,1,77.20531983758018
3,48,Nilpur (CT),8391,6053,1,72.13681325229413
3,48,Patiala (M Corp. + OG),446246,345992,1,77.53391627039794
3,48,Patiala (M Corp.),406192,313583,1,77.20068342064836
3,48,Patran (M Cl),27963,19568,1,69.97818545935701
3,48,Rajpura (M Cl),92301,71192,1,77.13025861041592
3,48,Rurki Kasba (CT),10509,7639,1,72.69007517366067
3,48,Samana (M Cl),54072,37897,1,70.08618138777926
3,48,Sanaur (M Cl),21201,14582,1,68.77977453893685
3,49,Ajnala (NP),21107,15378,1,72.8573459042024
3,49,Amritsar (M Corp. + OG) (Part),1159227,871305,2,75.16258679275069
3,49,Amritsar (M Corp.),1132383,855415,1,75.54113758330882
3,49,Amritsar Cantt. (CB),10410,8455,1,81.21998078770413
3,49,Baba Bakala (CT),8946,6419,1,71.75273865414711
3,49,Budha Theh (CT),10979,8355,1,76.09982694234448
3,49,Chogawan (CT),5416,3689,1,68.11299852289513
3,49,Jandiala (M Cl),29232,20456,1,69.97810618500274
3,49,Kathanian (CT),10679,8431,1,78.9493398258264
3,49,Khilchian (CT),4588,2935,1,63.97122929380994
3,49,Majitha (M Cl),14503,9900,1,68.26173895056196
3,49,Mudal (CT),3882,2349,1,60.51004636785162
3,49,Nangli (CT),20440,12898,1,63.10176125244619
3,49,Raja Sansi (NP),14298,9442,1,66.03720800111904
3,49,Ramdas (M Cl),6398,4282,1,66.92716473898092
3,49,Rayya (NP),14506,11029,1,76.03060802426582
3,50,Bhikhiwind (CT),20526,13360,1,65.08818084380785
3,50,Khem Karan (NP),13446,7271,1,54.075561505280376
3,50,Patti (M Cl),40976,28290,1,69.04041390082
3,50,Tarn Taran (M Cl),66847,47128,1,70.50129399973073
3,51,Anandpur Sahib (M Cl),16282,11961,1,73.46149121729518
3,51,Chamkaur Sahib (NP),13920,9799,1,70.39511494252874
3,51,Ghanauli (CT),4894,3765,1,76.93093583980384
3,51,Kotla Nihang (CT),4715,3326,1,70.54082714740191
3,51,Morinda (M Cl),24022,17856,1,74.3318624594122
3,51,Nangal (M Cl + OG),48497,39804,1,82.07517990803555
3,51,Nangal (M Cl),41172,33880,1,82.28893422714467
3,51,Nehon (CT),9439,7398,1,78.37694671045662
3,51,Rupnagar (M Cl),56038,43900,1,78.33969806202934
3,52,Balongi (CT),15982,11157,1,69.80978600926042
3,52,Banur (M Cl),18775,12505,1,66.60452729693742
3,52,Bhankharpur (CT),10768,7856,1,72.95690936106983
3,52,Daper (CT),5936,4434,1,74.6967654986523
3,52,Dera Bassi (M Cl),26295,20771,1,78.99220384103441
3,52,Kharar (M Cl),74460,58362,1,78.38033843674455
3,52,Kurali (M Cl),31060,23834,1,76.73535093367676
3,52,Lalru (CT),21394,15465,1,72.28662241750024
3,52,Mirpur (CT),5967,3732,1,62.54399195575666
3,52,Mubarakpur (CT),5217,3684,1,70.61529614721104
3,52,Mullanpur Garib Dass (CT),6165,4904,1,79.54582319545823
3,52,Naya Gaon (NP),50869,36215,1,71.19267137156224
3,52,S.A.S. Nagar (Mohali) (M Cl + OG),166864,139675,1,83.70589222360725
3,52,S.A.S. Nagar (Mohali) (M Cl),146213,121742,1,83.2634581056404
3,52,Sohana (CT),9306,6697,1,71.96432409198367
3,52,Zirakpur (M Cl),95553,73715,1,77.14566784925644
3,53,Ahmedgarh (M Cl),31302,23127,1,73.88345792601112
3,53,Amargarh (CT),7339,5041,1,68.68783212971795
3,53,Bhawanigarh (M Cl),22320,15433,1,69.14426523297492
3,53,Cheema (NP),11615,6450,1,55.53164012053379
3,53,Dhuri (M Cl),55225,40067,1,72.55228610230874
3,53,Dirba (NP),16952,10041,1,59.231949032562525
3,53,Khanauri (NP),14096,8540,1,60.584562996594784
3,53,Lehragaga (M Cl),22588,15052,1,66.63715247033824
3,53,Longowal (M Cl),23851,14346,1,60.14842144983439
3,53,Malerkotla (M Cl),135424,81937,1,60.504046550094515
3,53,Moonak (NP),18141,10704,1,59.00446502397884
3,53,Sangrur (M Cl),88043,66010,1,74.97472825778313
3,53,Sunam Udham Singh Wala (M Cl + OG),69069,46472,1,67.28344119648467
3,53,Sunam Udham Singh Wala (M Cl),55455,38527,1,69.47434857091336
3,54,Barnala (M Cl),116449,80889,1,69.46302673273279
3,54,Bhadaur (M Cl),18561,10671,1,57.49151446581542
3,54,Dhanaula (M Cl),19920,12477,1,62.6355421686747
3,54,Handiaya (NP),12507,7181,1,57.41584712560965
3,54,Tapa (M Cl),23248,14207,1,61.11063317274604
4,55,Behlana (CT),8281,6400,1,77.28535201062674
4,55,Chandigarh (M Corp. + OG) ,970602,746821,1,76.94410273211882
4,55,Chandigarh (M Corp.) ,961587,739784,1,76.93365238922739
4,55,Daria (CT),14470,10183,1,70.37318590186594
4,55,Khuda Alisher (CT),6831,5176,1,75.77221490264968
4,55,"Mani Majra (R), Basti Kishangarh, Basti Bhagwanpura (CT)",15489,9919,1,64.03899541610176
4,55,Mauli Jagran (CT),10786,6978,1,64.69497496755054
5,56,Barkot (NP),6720,5017,1,74.65773809523809
5,56,Gangotri (NP),110,109,1,99.0909090909091
5,56,Uttarkashi (NPP),17475,14091,1,80.63519313304721
5,57,Badrinathpuri (NP),2438,2265,1,92.90401968826907
5,57,Chamoli Gopeshwar (NPP),21447,17688,1,82.47307315708491
5,57,Gochar (NP),8864,7005,1,79.02752707581227
5,57,Joshimath  (NPP),16709,13332,1,79.78933508887425
5,57,Karnaprayag (NP),8297,6733,1,81.14981318548872
5,57,Nandprayag (NP),1641,1230,1,74.9542961608775
5,58,Kedarnath (NP),612,601,1,98.20261437908496
5,58,Rudraprayag (NPP),9313,7388,1,79.32996886073231
5,59,Chamba (NP)  ,7771,6020,1,77.46750739930512
5,59,Devaprayag (NP) (Part),2152,1761,1,81.83085501858736
5,59,Dhaluwala (CT),18016,13837,1,76.80395204262878
5,59,Kirtinagar (NP),1517,1109,1,73.10481212920237
5,59,Muni Ki Reti (NP),10620,8039,1,75.69679849340866
5,59,Narendranagar (NPP),6049,4956,1,81.93089766903621
5,59,Tehri (NPP),24014,19496,1,81.18597484800533
5,60,Central Hope Town (CT),16880,12357,1,73.20497630331754
5,60,Chakrata (CB),5117,4293,1,83.8968145397694
5,60,Clement Town (CB),22557,17844,1,79.10626413086847
5,60,Dehradun (CB),52716,43618,1,82.74148266181047
5,60,Dehradun (M.Corp + OG),574840,454528,1,79.07035001043768
5,60,Dehradun (M.Corp),569578,449950,1,78.99708205021963
5,60,Doiwala (NP),8709,7000,1,80.3766218854059
5,60,Gumaniwala (CT),6953,5300,1,76.226089457788
5,60,Haripur Kalan (CT),10367,7774,1,74.98794250988713
5,60,Herbertpur (NP),9782,7650,1,78.20486608055613
5,60,Jiwangarh (CT),11870,7783,1,65.56866048862679
5,60,Kharak mafi (CT),8404,6331,1,75.33317467872442
5,60,Landaur (CB),3539,3030,1,85.61740604690591
5,60,Mehu Wala Mafi (CT),13475,8879,1,65.89239332096474
5,60,Mussoorie (NPP),30118,24615,1,81.72853443123714
5,60,Natthan Pur (CT),13905,11524,1,82.87666307083784
5,60,Natthuwa Wala (CT),9206,7274,1,79.01368672604822
5,60,Pratitnagar (CT),9564,7281,1,76.12923462986198
5,60,Raipur (CT),32900,27125,1,82.4468085106383
5,60,Rishikesh (CT),8033,6425,1,79.98257189094983
5,60,Rishikesh (NPP),70499,53500,1,75.88760124257081
5,60,Vikasnagar (NPP),13927,10921,1,78.41602642349393
5,60,Virbhadra IDPL (ITS),8580,6618,1,77.13286713286713
5,61,Devaprayag (NP) (Part),716,585,1,81.70391061452514
5,61,Dogadda (NPP),2422,1955,1,80.71841453344344
5,61,Jonk (CT),4669,3725,1,79.7815378025273
5,61,Kashirampur (CT),10837,8614,1,79.4869428808711
5,61,Kotdwara (NPP + OG),33035,25024,1,75.74996216134403
5,61,Kotdwara (NPP),28859,21635,1,74.96794760733219
5,61,Lansdowne (CB),5667,4940,1,87.17134286218457
5,61,Padampur Sukhran (CT),9802,8047,1,82.09549071618038
5,61,Pauri (NPP),25440,20901,1,82.15801886792453
5,61,Srinagar (NPP),20115,16540,1,82.22719363658962
5,62,Dharchula (NP),7039,5453,1,77.46839039636312
5,62,Didihat (NP),6522,5137,1,78.7641827660227
5,62,Pithoragarh (NPP),56044,45704,1,81.55021054885448
5,63,Bageshwar (NPP),9079,7317,1,80.59257627492015
5,64,Almora (CB),1391,1150,1,82.67433501078361
5,64,Almora (NPP),34122,29462,1,86.34312173964011
5,64,Dwarahat (NP),2749,2264,1,82.35722080756639
5,64,Khatyari (CT),5166,4261,1,82.48161053039101
5,64,Ranikhet (CB),18886,16271,1,86.1537646934237
5,65,Banbasa (CT),7990,5414,1,67.75969962453067
5,65,Champawat (NP),4801,3894,1,81.10810247865028
5,65,Lohaghat (NP),7926,6466,1,81.57961140550088
5,65,Tanakpur (NPP),17626,12042,1,68.31952797004426
5,66,Bhimtal (NP),7722,6435,1,83.33333333333334
5,66,Bhowali (NPP),6309,5250,1,83.21445553970518
5,66,Fatehpur Range (Dhamua Dunga Area) (CT),12791,9587,1,74.95113751856775
5,66,Haldwani Talli (CT),8159,6413,1,78.60031866650324
5,66,Haldwani-cum-Kathgodam (NPP + OG),201461,146632,1,72.78431061098675
5,66,Haldwani-cum-Kathgodam (NPP),156078,109634,1,70.24308358641193
5,66,Kaladhungi (NP),7611,5167,1,67.8885823150703
5,66,Lalkuan (NP),7644,5506,1,72.03035060177918
5,66,Mukhani (CT),22475,18450,1,82.09121245828699
5,66,Nainital (CB),1398,1237,1,88.48354792560801
5,66,Nainital (NPP),41377,34786,1,84.07086062305146
5,66,Ramnagar (NPP),54787,39067,1,71.30706189424498
5,67,Bajpur (NPP),25524,18165,1,71.16831217677479
5,67,Bandiya (CT),11392,6889,1,60.47226123595506
5,67,Dineshpur (NP),11343,7616,1,67.14273119985894
5,67,Gadarpur (NPP),19301,13246,1,68.62856846795503
5,67,Jaspur (NPP),50523,33675,1,66.65281159076063
5,67,Kanchal Gosain (CT),4632,3229,1,69.71070811744386
5,67,Kashipur (NPP),121623,88049,1,72.39502396750615
5,67,Kela Khera (NP),10929,4689,1,42.904199835300574
5,67,Khatima (NPP),15093,11003,1,72.90134499436826
5,67,Kichha (NPP),41965,24624,1,58.67746931967115
5,67,Maholiya (CT),10965,8471,1,77.25490196078432
5,67,Mahua Dabra Haripura (NP),7326,4633,1,63.24051324051324
5,67,Mahua Kheraganj (NP),12584,6952,1,55.24475524475524
5,67,Nagla (CT),22258,16635,1,74.73717315122653
5,67,Rudrapur (NPP + OG),154554,96993,1,62.75670639388174
5,67,Rudrapur (NPP),140857,86153,1,61.163449455831085
5,67,Shaktigarh (NP),6309,4461,1,70.70851165002378
5,67,Sitarganj (NPP),29965,19047,1,63.56415818454864
5,67,Sultanpur (NP),9881,6058,1,61.30958405019735
5,67,Umru Khurd (CT),20593,10687,1,51.896275433399694
5,68,Bahadarabad (CT),10096,7107,1,70.39421553090332
5,68,Bangherimahabatpur (Must) (CT),8583,5577,1,64.97728067109402
5,68,Bhagwanpur (CT),7573,5226,1,69.00831902812624
5,68,Bharat Heavy Electricals Limited Ranipur (ITS),46948,37633,1,80.15889920763398
5,68,Dhandera (CT),23276,16311,1,70.07647362089706
5,68,Hardwar (NPP + OG),231338,170483,1,73.69433469641822
5,68,Hardwar (NPP),228832,168576,1,73.66801845895678
5,68,Jagjeetpur (CT),15043,11180,1,74.3202818586718
5,68,Jhabrera (NP),11186,7499,1,67.0391560879671
5,68,Khanjarpur (CT),6435,4695,1,72.96037296037296
5,68,Laksar (NP),21760,16014,1,73.59375
5,68,Landhaura (NP),18370,9296,1,50.60424605334784
5,68,Manglaur (NPP),52971,26411,1,49.85935700666403
5,68,Maohanpur Mohammadpur (CT),14394,10793,1,74.98263165207726
5,68,Nagala Imarti (CT),5774,2879,1,49.861447869761
5,68,Padali Gujar (CT),12901,6398,1,49.593054801953336
5,68,Piran Kaliyar (CT),10043,4514,1,44.94672906502041
5,68,Rawali Mahdood (CT),17467,12005,1,68.72960439686265
5,68,Roorkee (CB),14689,13076,1,89.01899380488801
5,68,Roorkee (NPP),118200,95048,1,80.41285956006769
5,68,Saidpura (CT),5640,3587,1,63.59929078014185
5,68,Salempur Rajputan (CT),10340,8153,1,78.84912959381045
5,68,Shafipur (CT),11135,9378,1,84.22092501122587
5,68,Shahpur (CT),5684,3138,1,55.20760028149191
5,68,Sunhaira (CT),13248,9337,1,70.47856280193237
6,69,Bir Ghaghar (392) (CT),4943,3355,1,67.87376087396318
6,69,Chandi Mandir (391) (CT),9051,6919,1,76.44459175781681
6,69,HMT Pinjore (CT),3873,3419,1,88.27782081074102
6,69,Kalka (MC + OG),34134,27522,1,80.62928458428547
6,69,Kalka (MC),32255,26036,1,80.7192683304914
6,69,Panchkula (M Cl),211355,162031,1,76.66296042203875
6,69,Pinjore (MC),35912,28437,1,79.1852305635999
6,69,Raipur Rani (CT),9028,6465,1,71.61054497120071
6,69,Ram Garh (232) (CT),4934,3743,1,75.86137008512364
6,70,Ambala (M Cl),195153,152546,1,78.16738661460495
6,70,Ambala Cantt. (CB),55370,44754,1,80.82716272349649
6,70,Ambala Sadar (M Cl + OG),104974,83740,1,79.77213405224151
6,70,Ambala Sadar (M Cl),103093,82283,1,79.81434238988098
6,70,Babiyal (CT),26412,20722,1,78.4567620778434
6,70,Barara (203) (CT),21545,16308,1,75.6927361336737
6,70,Boh(27) (CT),8482,6601,1,77.8236265031832
6,70,Jandli (Part) (113) (CT),14397,11252,1,78.15517121622561
6,70,Kakar Majra (269)(CT),3246,2107,1,64.91065927295132
6,70,Kanwla (110) (CT),5024,3881,1,77.24920382165605
6,70,Kardhan (CT),18662,14429,1,77.3175436716322
6,70,Majra (60) (CT),4884,3056,1,62.571662571662564
6,70,Nanhera(104) (CT),6035,4451,1,73.75310687655345
6,70,Naraingarh (MC),22832,17512,1,76.69936930623686
6,70,Saha (93) (CT),8100,5831,1,71.98765432098766
6,70,Tundla(46) (CT),5658,4193,1,74.10745846588901
6,71,Badhi Majra (126) (CT),9188,5541,1,60.30692207226818
6,71,Bilaspur (CT),11733,8295,1,70.69803119406801
6,71,Buria (CT),10903,7111,1,65.22058149133267
6,71,Chhachhrauli (CT),10533,7989,1,75.84733694104244
6,71,Farakhpur (CT),9569,7327,1,76.57017452189362
6,71,Jagadhri (M Cl),124894,94468,1,75.63854148317773
6,71,Kansepur (CT),18909,13015,1,68.82965783489342
6,71,Mustafabad (CT),9042,6924,1,76.57597876575979
6,71,Radaur (CT),13690,10380,1,75.82176771365961
6,71,Sadaura (CT),14818,10714,1,72.3039546497503
6,71,Sasauli (CT),22479,17954,1,79.87010098313982
6,71,Yamunanagar (M Cl + OG),217071,164926,1,75.97790584647419
6,71,Yamunanagar (M Cl),216677,164672,1,75.9988369785441
6,72,Ismailabad (317)(CT),13726,9774,1,71.20792656272768
6,72,Ladwa (MC),28887,20906,1,72.37165506975455
6,72,Pehowa (MC),38853,28168,1,72.49890613337452
6,72,Shahbad (MC),42607,32048,1,75.21768723449198
6,72,Thanesar (M Cl),155152,118326,1,76.26456636073013
6,73,Cheeka (MC),38952,25477,1,65.40614089135346
6,73,Kaithal (M Cl),144915,100944,1,69.65738536383397
6,73,Kalayat (MC),18660,12182,1,65.28403001071811
6,73,Pundri (MC + OG),33484,22703,1,67.80253255286107
6,73,Pundri (MC),18872,12761,1,67.6186943620178
6,74,Assandh (MC),27125,18192,1,67.06728110599079
6,74,Gharaunda (MC),37816,26608,1,70.36175163951766
6,74,Indri (MC),17487,11415,1,65.27706296105679
6,74,Karnal (M Cl + OG),302140,225567,1,74.65645065201562
6,74,Karnal (M Cl),286827,215199,1,75.02745557426603
6,74,Nilokheri (MC),17938,13295,1,74.11640093655926
6,74,Nissing (MC),17438,11130,1,63.826126849409334
6,74,Taraori (MC),25944,17558,1,67.67653407338884
6,74,Uncha Siwana (CT),8922,6365,1,71.34050661286707
6,75,Asan Khurd (CT),6873,5633,1,81.95838789466026
6,75,Kabri (18) (CT),7049,4057,1,57.55426301603064
6,75,Kachrauli (1) (CT),5400,3252,1,60.22222222222222
6,75,Kheri Nangal (131) (CT),18195,12214,1,67.12833195932949
6,75,Panipat (M Cl + OG),295970,213996,1,72.30327398047099
6,75,Panipat (M Cl),294292,213121,1,72.4182104848246
6,75,Panipat Taraf Ansar (CT),42877,29693,1,69.25158010121977
6,75,Panipat Taraf Makhdum Zadgan (CT),67998,40931,1,60.194417482867145
6,75,Panipat Taraf Rajputan (CT),28803,17412,1,60.45203624622435
6,75,Samalkha (MC + OG),39710,29167,1,73.45001259128682
6,75,Samalkha (MC),38675,28449,1,73.55914673561732
6,75,Sec. 11&12 Part II (CT),8876,7551,1,85.07210455159981
6,75,Sikanderpur (19) (CT),8894,5264,1,59.185968068360694
6,75,Ugra Kheri(19) (CT),24440,14485,1,59.26759410801964
6,76,Badh Malak (68) (CT),6938,4723,1,68.07437301816086
6,76,Bayyanpur (207) (CT),5406,3757,1,69.49685534591194
6,76,Fazalpur (81) (CT),3692,2618,1,70.9100758396533
6,76,Ganaur (MC),35603,26024,1,73.09496390753588
6,76,Gohana (MC),65708,46862,1,71.31856090582578
6,76,Kharkhoda (MC),25051,17351,1,69.26270408366932
6,76,Kundli (55) (CT),21633,14297,1,66.08884574492673
6,76,Sonipat (M Cl + OG),289333,217543,1,75.18775943290257
6,76,Sonipat (M Cl),278149,210112,1,75.53936918701847
6,77,Bhuran (16) (CT),5603,3751,1,66.94627877922541
6,77,Jind (M Cl),167592,122019,1,72.8071745668051
6,77,Julana (MC),18755,12261,1,65.37456678219141
6,77,Narwana (M Cl),62090,41693,1,67.14929940409084
6,77,Safidon (MC),34728,24387,1,70.22287491361438
6,77,Uchana (MC),16815,10932,1,65.01338090990187
6,78,Fatehabad (M Cl),70777,51236,1,72.39074840696837
6,78,Jhakal Mandi (CT),7788,5900,1,75.75757575757575
6,78,Ratia (MC),37152,23667,1,63.703165374677006
6,78,Tohana (M Cl),63871,42244,1,66.1395625557765
6,79,Ellenabad (MC),36623,24171,1,65.99950850558393
6,79,Kalanwali (MC),22095,14836,1,67.14641321565965
6,79,Mandi Dabwali (MC),52873,37386,1,70.70905755300437
6,79,Rania (MC),25123,15299,1,60.89638976236914
6,79,Sirsa (M Cl),182534,131570,1,72.0797221339586
6,80,Adampur (CT),25531,17354,1,67.97226900630606
6,80,Barwala (MC),43384,27527,1,63.449658860409365
6,80,Gangwa (166) (CT),25847,17841,1,69.0254188106937
6,80,Hansi (M Cl),86770,62310,1,71.81053359456033
6,80,Hisar (M Cl + OG),307024,230648,1,75.12376882588984
6,80,Hisar (M Cl),301383,226280,1,75.08054535259122
6,80,Mayyer (151) (CT),6039,4021,1,66.58387150190428
6,80,Narnaund (MC),17242,11147,1,64.65027259018676
6,80,Satrod Kalan(153) (CT),11932,8577,1,71.88233322158901
6,80,Satrod Khas (154) (CT),10932,6923,1,63.327844859129165
6,80,Satrod Khurd (155) (CT),5568,3544,1,63.64942528735632
6,80,Uklana Mandi (CT),13219,9623,1,72.7967319767002
6,81,Bawani khera (MC),20289,12992,1,64.0346986051555
6,81,Bhiwani (M Cl),196057,143446,1,73.1654569844484
6,81,Charkhi Dadri (MC),56337,41475,1,73.61946855530114
6,81,Loharu (MC),13937,8911,1,63.93771973882472
6,81,Siwani (MC),19143,12190,1,63.678629263960715
6,81,Tosham (CT),15559,10695,1,68.73835079375282
6,82,Kalanaur (MC),23319,15962,1,68.45061966636649
6,82,Maham (MC),20484,14664,1,71.5875805506737
6,82,Rohtak (M Cl),374292,284569,1,76.02860867985423
6,82,Sampla (MC),20563,14587,1,70.93809269075524
6,82,Sunari Kalan (101) (CT),7506,5133,1,68.38529176658673
6,83,Bahadurgarh (M Cl),170767,127189,1,74.48101799528011
6,83,Beri (MC),15934,11450,1,71.85891803690222
6,83,Faizabad (87) (CT),1309,979,1,74.78991596638656
6,83,Jhajjar (MC),48424,35831,1,73.9943003469354
6,83,Ladrawan (CT),6905,4187,1,60.63721940622737
6,84,Ateli (MC),7619,5604,1,73.55295970599816
6,84,Kanina (MC),12989,9472,1,72.9232427438602
6,84,Mahendragarh (MC),29128,21177,1,72.70324086789344
6,84,Nagal Chaudhry (CT),8538,5805,1,67.99016163035839
6,84,Narnaul (M Cl),74581,54755,1,73.41682197878816
6,85,Aakera (292) (CT),7110,4913,1,69.0998593530239
6,85,Bawal (MC),16776,11341,1,67.60252742012398
6,85,Bhakali (165) (CT),9970,6875,1,68.95687061183551
6,85,Dharuhera (MC),30344,21554,1,71.03216451357764
6,85,Ghatal Mahaniawas (291) (CT),6005,4115,1,68.52622814321398
6,85,Maheshari (293) (CT),9180,6582,1,71.69934640522875
6,85,Manethi (28) (CT),5070,3647,1,71.93293885601578
6,85,Rampura (132) (CT),5954,4159,1,69.85220020154517
6,85,Rewari (M Cl),143021,109309,1,76.42863635410184
6,86,Badshahpur (87) (CT),15593,10811,1,69.33239274033221
6,86,Bhondsi (168) (CT),17410,13445,1,77.22573233773693
6,86,Farrukhnagar (MC),13513,9278,1,68.65980907274476
6,86,Garhi Harsaru (46) (CT),7894,5813,1,73.63820623258171
6,86,Gurgaon (M Corp. + OG),886519,676571,1,76.31771005471964
6,86,Gurgaon (M Corp.),876969,669708,1,76.3662113484057
6,86,Hailey Mandi (MC),20906,15361,1,73.47651391944896
6,86,Manesar (154) (CT),23448,18105,1,77.21340839303991
6,86,Pataudi (MC),20418,13039,1,63.86031932608483
6,86,Sohna (MC),36552,24606,1,67.3177938279711
6,87,Ferozepur jhirka (MC),24750,14140,1,57.131313131313135
6,87,Khori Kalan (37) (CT),6007,3432,1,57.13334443149659
6,87,Nagina (51) (CT),11417,5916,1,51.81746518349829
6,87,Nuh (MC),16260,9208,1,56.629766297662975
6,87,Pingwan (127) (CT),12612,6203,1,49.18331747542023
6,87,Punahana (MC),24734,13212,1,53.416349963612845
6,87,Salamba (154) (CT),5727,2313,1,40.38763750654793
6,87,Taoru (MC),22599,15724,1,69.57829992477544
6,88,Faridabad (M Corp.),1414050,1028092,1,72.70549131926029
6,88,Piala (54) (CT),4291,2824,1,65.81216499650431
6,88,Tilpat  (CT),20514,14801,1,72.15072633323584
6,89,Baghola (44) (CT),5413,3573,1,66.00775909846665
6,89,Hassan Pur (MC),11569,6947,1,60.04840522084882
6,89,Hathin (MC),14421,8756,1,60.71700991609459
6,89,Hodal (MC),50143,31967,1,63.75167022316176
6,89,Palwal (M Cl + OG),131926,93241,1,70.67674302260359
6,89,Palwal (M Cl),128730,91296,1,70.9205313446749
6,89,Palwal (Rural) (Part) (73) (CT),23072,13327,1,57.762656033287094
7,90,Ali Pur (CT),20332,15285,1,75.17706079087154
7,90,Bakhtawar Pur (CT),12716,9209,1,72.4205725070777
7,90,Bankauli (CT),5339,3890,1,72.86008615845664
7,90,Bankner (CT),14788,10360,1,70.0568028130917
7,90,Barwala (CT),8948,6616,1,73.93831023692445
7,90,Bawana (CT),73680,44079,1,59.824918566775246
7,90,Begum Pur (CT),53682,37244,1,69.37893521105771
7,90,Bhalswa Jahangir Pur (CT),197148,131338,1,66.61898675107027
7,90,Bhor Garh (CT),8627,5870,1,68.04219311464009
7,90,DMC (U) (Part),2088846,1626758,3,77.8783117568265
7,90,Darya Pur Kalan (CT),6310,4584,1,72.64659270998415
7,90,Gheora (CT),6876,4898,1,71.23327515997673
7,90,Ibrahim Pur (CT),10614,7732,1,72.84718296589409
7,90,Kanjhawala (CT),10331,7434,1,71.95818410608848
7,90,Karala (CT),35730,26860,1,75.1749230338651
7,90,Khera Kalan (CT),8252,6261,1,75.87251575375666
7,90,Khera Khurd (CT),9777,7477,1,76.47540145238825
7,90,Kirari Suleman Nagar (CT),283211,193459,1,68.3091405347956
7,90,Lad Pur (CT),5529,4305,1,77.86218122626153
7,90,Libas Pur (CT),44375,32473,1,73.17859154929577
7,90,Mohammad Pur Majri (CT),17462,13076,1,74.8826022219677
7,90,Mubarak Pur Dabas (CT),12043,8420,1,69.91613385369094
7,90,Mukhmel Pur (CT),4931,3684,1,74.71101196511863
7,90,Nithari (CT),50464,35252,1,69.85573874445149
7,90,Pehlad Pur Bangar (CT),22968,15236,1,66.3357715081853
7,90,Pooth Kalan (CT),96002,72228,1,75.23593258473782
7,90,Pooth Khurd (CT),10654,7629,1,71.60690820349164
7,90,Qadi Pur (CT),18369,12572,1,68.44139582993087
7,90,Qutab Garh (CT),7639,5517,1,72.2214949600733
7,90,Rani Khera (CT),16402,11587,1,70.64382392391173
7,90,Sahibabad Daulat Pur (CT),54773,34004,1,62.08168258083362
7,90,Siras Pur (CT),30445,21678,1,71.20381014944984
7,90,Sultan Pur Majra (CT),181554,124546,1,68.59997576478624
7,90,Tikri Khurd (CT),13772,8967,1,65.11036886436247
7,91,Burari  (CT),146190,113616,1,77.71803816950545
7,91,DMC (U) (Part),600943,466650,3,77.65295543836936
7,91,Jharoda Majra Burari  (CT),22878,17087,1,74.68747268117842
7,91,Kamal Pur Majra Burari (CT),43086,31992,1,74.25149700598801
7,91,Mukand Pur (CT),57135,38932,1,68.14036930077886
7,92,Babar Pur (CT),37058,28754,1,77.59188299422527
7,92,Baqiabad (CT),14429,9452,1,65.50696513964932
7,92,DMC (U) (Part),1181607,862206,3,72.96893129441516
7,92,Dayal Pur (CT),20589,16021,1,77.81339550245276
7,92,Gokal Pur (CT),121870,90070,1,73.90662181012554
7,92,Jaffrabad (CT),54601,40573,1,74.30816285416017
7,92,Jiwan Pur alias Johri Pur (CT),43054,31611,1,73.42174943094719
7,92,Karawal Nagar (CT),224281,161750,1,72.11935027933708
7,92,Khajoori Khas (CT),76640,50084,1,65.34968684759916
7,92,Khan Pur Dhani (CT),6994,6058,1,86.61710037174721
7,92,Mandoli (CT),120417,84890,1,70.49669066660023
7,92,Mir Pur Turk (CT),19098,12710,1,66.5514713582574
7,92,Mustafabad (CT),127167,80718,1,63.47401448488995
7,92,Sadat Pur Gujran (CT),97641,68977,1,70.64347968578774
7,92,Tukhmir Pur (CT),5658,4056,1,71.68610816542949
7,92,Ziauddin Pur (CT),68993,49193,1,71.30143637760352
7,93,Chilla Saroda Bangar (CT),83217,63796,1,76.66222045976183
7,93,Chilla Saroda Khadar (CT),11743,10008,1,85.22524056884953
7,93,DMC (U) (Part),1286264,1032601,3,80.27908734132339
7,93,Dallo Pura (CT),154791,112619,1,72.75552196187117
7,93,Gharoli (CT),92540,71495,1,77.25848281824076
7,93,Gharonda Neemka Bangar alias Patpar Ganj (CT),37876,28647,1,75.63364663639244
7,93,Kondli (CT),38207,30472,1,79.75501871384824
7,93,Shakar Pur Baramad (CT),1178,374,1,31.748726655348047
7,94,DMC (U) (Part),2876,1947,1,67.69819193324061
7,94,NDMC (Part),139128,112232,3,80.66816169282961
7,95,DMC (U) (Part),579429,439936,3,75.92578210617694
7,95,NDMC (Part),2891,2424,1,83.84641992390176
7,96,Bakkar Wala (CT),18122,10990,1,60.644520472354046
7,96,Bapraula (CT),52744,37010,1,70.16911876232368
7,96,DMC (U) (Part),1879263,1488080,3,79.18423339362293
7,96,Hastsal (CT),176877,127763,1,72.23268146791273
7,96,Mundka (CT),54541,40102,1,73.52633798426872
7,96,Nangloi Jat (CT),205596,146273,1,71.14583941321816
7,96,Nilothi (CT),43371,30629,1,70.62092181411542
7,96,Quammruddin Nagar (CT),25126,18947,1,75.40794396242936
7,96,Raja Pur Khurd (CT),19312,13566,1,70.24647887323944
7,96,Shafi Pur Ranhola (CT),31944,22058,1,69.05209115952917
7,96,Tikri Kalan (CT),16313,11229,1,68.83467173419972
7,96,Tilang Pur Kotla (CT),13614,10084,1,74.07080946084913
7,97,Chhawala (CT),14662,11913,1,81.25085254399127
7,97,DMC (U) (Part),1578568,1240994,3,78.61517527277887
7,97,Delhi Cantonment (CB) (Part),110351,87721,2,79.49270962655527
7,97,Dindar Pur (CT),35856,27470,1,76.6120035698349
7,97,Ghitorni (CT),14893,11056,1,74.23621835761767
7,97,Jaffar Pur Kalan (CT),6573,4626,1,70.37882245549977
7,97,Jharoda Kalan (CT),19578,14923,1,76.2233118806824
7,97,Kair (CT),4074,3192,1,78.35051546391753
7,97,Kapas Hera (CT),74073,54435,1,73.48831558057591
7,97,Khera (CT),7220,5436,1,75.29085872576178
7,97,Kusum Pur (CT),17028,10719,1,62.94926004228329
7,97,Malik Pur Kohi alias Rang Puri (CT),23726,17946,1,75.63853999831409
7,97,Mitraon (CT),6512,4960,1,76.16707616707616
7,97,Moradabad Pahari (CT),21502,17784,1,82.70858524788392
7,97,NDMC (Part),78663,66142,1,84.08273266974308
7,97,Nangli Sakrawati (CT),37706,27935,1,74.086352304673
7,97,Rajokri (CT),19148,13898,1,72.58199289743054
7,97,Roshan Pura alias Dichaon Khurd (CT),57217,44879,1,78.43647866892707
7,97,Sambhalka (CT),17076,11980,1,70.15694542047318
7,97,Ujwa (CT),4856,3682,1,75.82372322899505
7,98,Aali (CT),27169,19143,1,70.4589789834002
7,98,Asola (CT),13275,9411,1,70.89265536723164
7,98,Aya Nagar (CT),33123,25201,1,76.08308426169127
7,98,Bhati (CT),18864,10231,1,54.23558100084818
7,98,Chandan Hola (CT),6780,4062,1,59.91150442477876
7,98,Chattar Pur (CT),46776,34753,1,74.29664785360013
7,98,DMC (U) (Part),1836759,1421522,3,77.39295138883217
7,98,Deoli (CT),169122,123173,1,72.83085583188468
7,98,Dera Mandi (CT),16725,11063,1,66.14648729446935
7,98,Fateh Pur Beri (CT),8861,6310,1,71.21092427491253
7,98,Jait Pur (CT),59330,41303,1,69.61570874768246
7,98,Jona Pur (CT),10635,7088,1,66.64786083685942
7,98,Kotla Mahigiran (CT),7376,6243,1,84.63937093275487
7,98,Maidan Garhi (CT),11111,8379,1,75.41175411754118
7,98,Mithe Pur (CT),69837,53052,1,75.96546243395335
7,98,Molar Band (CT),91402,69381,1,75.90752937572482
7,98,NDMC (Part),37121,30987,2,83.47566067724469
7,98,Neb Sarai (CT),15640,11892,1,76.03580562659846
7,98,Pul Pehlad (CT),69657,50671,1,72.74358643065307
7,98,Raj Pur Khurd (CT),11161,8798,1,78.82806200161276
7,98,Saidabad (CT),10168,8258,1,81.21557828481511
7,98,Saidul Azaib (CT),17914,13704,1,76.49882773249972
7,98,Sultan Pur (CT),15160,11410,1,75.26385224274406
7,98,Taj Pul (CT),68796,51718,1,75.17588231873947
7,98,Tigri (CT),46974,32513,1,69.21488482990591
8,99,1 GB-A (CT),7297,4893,1,67.05495409072222
8,99,24 AS-C (CT),6648,3707,1,55.76113116726835
8,99,3 STR (CT),11667,8037,1,68.88660323990743
8,99,3 e Village (CT),12134,8329,1,68.64183286632603
8,99,8 LLG (LALGARH) (CT),11361,7313,1,64.36933368541501
8,99,8 PSD-B (CT),11675,7304,1,62.5610278372591
8,99,Anupgarh (M),30877,20787,1,67.32195485312693
8,99,Gajsinghpur (M),9995,6743,1,67.46373186593296
8,99,Ganganagar (M Cl + OG),237780,173610,1,73.01286903860712
8,99,Ganganagar (M Cl),224532,164692,1,73.34901038604742
8,99,Karanpur (M),21297,14144,1,66.41310982767526
8,99,Kesrisinghpur (M),14010,9328,1,66.58101356174161
8,99,Padampur (M),18420,12534,1,68.04560260586318
8,99,Raisinghnagar (M),28330,20423,1,72.08965760677727
8,99,Sadulshahar (M),24980,16137,1,64.59967974379504
8,99,Suratgarh (M),70536,46540,1,65.98049223091755
8,99,Vijainagar (M),18425,12142,1,65.89959294436906
8,100,Bhadra (M),40662,26735,1,65.74934828586888
8,100,Hanumangarh (M Cl),150958,102149,1,67.66716570171836
8,100,Nohar (M),49835,32795,1,65.80716364001205
8,100,Pilibanga (M),37288,22735,1,60.97135807766574
8,100,Rawatsar (M),35102,21022,1,59.88832545154123
8,100,Sangaria (M),36619,26041,1,71.11335645429968
8,101,Beriyawali (CT),11831,7734,1,65.37063646352802
8,101,Bikaner (M Corp.),644406,444264,1,68.94162996620143
8,101,Deshnoke (M),18470,10386,1,56.23172712506768
8,101,Dungargarh (M),53294,31965,1,59.97860922430293
8,101,Kolayat (CT),9684,4857,1,50.154894671623296
8,101,Nokha (M),62699,40391,1,64.42048517520216
8,102,Bidasar (M),35683,19255,1,53.96127007258358
8,102,Chhapar (M),19744,11499,1,58.24047811993517
8,102,Churu (M Cl + OG),120157,76781,1,63.900563429513056
8,102,Churu (M Cl),119856,76564,1,63.87998932051796
8,102,Rajaldesar (M),27419,15089,1,55.031182756482735
8,102,Rajgarh (M),59193,37139,1,62.742216140422016
8,102,Ratangarh (M),71124,46276,1,65.06383218041731
8,102,Ratannagar (M),12841,7933,1,61.77867767307842
8,102,Sardarshahar (M),95911,60658,1,63.24404917058523
8,102,Sujangarh (M),101523,63383,1,62.43215823015474
8,102,Taranagar (M),32640,19757,1,60.53002450980392
8,103,Babai (CT),10620,6800,1,64.030131826742
8,103,Baggar (M),14238,9984,1,70.12220817530552
8,103,Bissau (M),23227,14390,1,61.95376070951909
8,103,Chirawa (M),43953,30428,1,69.22849407321458
8,103,Gothra (CT),16933,13059,1,77.12159688182838
8,103,Islampur (CT),10247,6286,1,61.34478383917244
8,103,Jhunjhunun (M Cl),118473,74880,1,63.20427439163354
8,103,Khetri (M),18209,12792,1,70.25097479268494
8,103,Malsisar (CT),13719,8275,1,60.317807420365924
8,103,Mandawa (M),23335,14695,1,62.97407328047997
8,103,Mukandgarh (M),18469,11532,1,62.439763928745464
8,103,Nawalgarh (M),63948,40977,1,64.07862638393695
8,103,Nooan (CT),6049,3825,1,63.233592329310625
8,103,Pilani (M) ,29741,21332,1,71.7259002723513
8,103,Singhana (CT),11372,7864,1,69.15230390432642
8,103,Surajgarh (M),21666,14987,1,69.1728976276193
8,103,Udaipurwati (M),29236,18511,1,63.31577507182925
8,103,Vidyavihar (M),15644,13194,1,84.33904372283304
8,104,Alwar (M Cl + OG),322568,244812,1,75.89469507204683
8,104,Alwar (M Cl),315379,240423,1,76.23304024681416
8,104,Behror (M),29531,21656,1,73.33310758186312
8,104,Bhiwadi (M),104921,70120,1,66.83123492913717
8,104,Bhoogar (CT),7666,5195,1,67.76676232715889
8,104,Desoola (CT),7306,4461,1,61.05940323022173
8,104,Diwakari (CT),11188,7494,1,66.98248122988917
8,104,Govindgarh (CT),11552,7699,1,66.64646814404432
8,104,Khairthal (M),38298,27317,1,71.32748446394068
8,104,Kherli (M),17634,13728,1,77.84960871044572
8,104,Kishangarh (CT),12429,9076,1,73.02276932979322
8,104,Neemrana (CT),7143,5085,1,71.18857622847543
8,104,Rajgarh (M),26631,18214,1,68.39397694416282
8,104,Ramgarh (CT),13529,9040,1,66.81942493901988
8,104,Shahjahanpur (CT),9837,7254,1,73.74199451052151
8,104,Tapookra (CT),9471,6488,1,68.50385386970753
8,104,Tijara (M),24747,16839,1,68.04461146805674
8,105,Bayana ( Rural ) (CT),5866,3273,1,55.79611319468122
8,105,Bayana (M),38502,27314,1,70.94176925873981
8,105,Bharatpur (M Cl + OG)  ,252838,178503,1,70.59975161961414
8,105,Bharatpur (M Cl)  ,252342,178252,1,70.63905334823374
8,105,Bhusawar (M),19946,13263,1,66.49453524516193
8,105,Deeg (M),44999,29245,1,64.99033311851375
8,105,Kaman (M),38040,23943,1,62.94164037854889
8,105,Kumher (M),23540,15202,1,64.57943925233644
8,105,Nadbai (M),26411,18772,1,71.07644542046874
8,105,Nagar (M),25572,16079,1,62.877365868919135
8,105,Weir (M),19385,11871,1,61.23807067320093
8,106,Bari (M),62721,37230,1,59.35810972401588
8,106,Dhaulpur (M + OG),133075,86625,1,65.09487131316926
8,106,Dhaulpur (M),125989,81973,1,65.06361666494695
8,106,Rajakhera (M),33666,18715,1,55.590209707122916
8,106,Sarmathura (CT),17988,9822,1,54.60306871247498
8,107,Hindaun (M),105452,67600,1,64.10499563782575
8,107,Karauli (M),82960,48078,1,57.95323047251687
8,107,Sapotra (CT),6716,4539,1,67.58487194758786
8,107,Todabhim (M),22977,14209,1,61.84010097053575
8,108,Gangapur City (M),119090,81271,1,68.24334536904861
8,108,Kasba Bonli (CT),15300,9520,1,62.22222222222222
8,108,Mahu Kalan (CT),10971,7525,1,68.58991887703947
8,108,Sawai Madhopur (M),121106,83800,1,69.19558073092993
8,109,Bandikui (M),44664,33061,1,74.02158337811213
8,109,Dausa (M),85960,61450,1,71.48673801768264
8,109,Lalsot (M),34363,22632,1,65.86153711841224
8,109,Mahwa (CT),24846,15655,1,63.00813008130082
8,109,Mandawar (CT),11960,8470,1,70.81939799331104
8,110,Akedadoongar (CT),9062,5769,1,63.661443389980136
8,110,Bagrana (CT),10790,5156,1,47.784986098239116
8,110,Bagru (M),31229,18957,1,60.70319254539051
8,110,Baskhoh (CT),11150,6393,1,57.33632286995516
8,110,Bassi (CT),26029,16851,1,64.73932920972761
8,110,Chaksu (M),33432,20532,1,61.41421392677674
8,110,Chomu (M),64417,43997,1,68.30029340081035
8,110,Govindgarh (CT),7735,5307,1,68.61021331609567
8,110,Jaipur (M Corp.) (Part),3046163,2215535,3,72.73199103265321
8,110,Jamwa Ramgarh (CT),7665,4698,1,61.291585127201564
8,110,Jobner (M),11354,7963,1,70.13387352474899
8,110,Kanota (CT),11250,7280,1,64.71111111111111
8,110,Kishangarh Renwal (M),29201,19062,1,65.27858634978254
8,110,Kotputli (M),49202,34142,1,69.39148815088816
8,110,Manoharpur (CT),20287,12370,1,60.975008626213835
8,110,Phulera (M + OG),26091,19973,1,76.55130121497834
8,110,Phulera (M),23284,17714,1,76.07799347191204
8,110,Sambhar (M),22327,15366,1,68.82250190352488
8,110,Shahpura (M),33895,22118,1,65.25446231007524
8,110,Viratnagar (M),20568,11892,1,57.81796966161027
8,111,Ajeetgarh (CT),15414,10475,1,67.95770079148826
8,111,Bay (CT),5936,3868,1,65.16172506738545
8,111,Danta (CT),15594,9980,1,63.99897396434526
8,111,Fatehpur (M),92595,59205,1,63.93973756682326
8,111,Guhala (CT),6343,3864,1,60.917546902096795
8,111,Kanwat (CT),7903,5463,1,69.12564848791598
8,111,Khandela (M + OG),29044,16933,1,58.30119818206858
8,111,Khandela (M),22756,13200,1,58.006679557039895
8,111,Lachhmangarh (M),53392,33441,1,62.63297872340425
8,111,Losal (M),28504,16406,1,57.556834128543365
8,111,Neem-Ka-Thana (M),36231,26016,1,71.80591206425436
8,111,Ramgarh (CT),7924,5325,1,67.20090863200404
8,111,Ramgarh (M),33024,20408,1,61.79748062015504
8,111,Reengus (M),26139,17499,1,66.94594284402616
8,111,Shrimadhopur (M),31366,22992,1,73.30230185551234
8,111,Sikar (M Cl + OG),244497,159407,1,65.19793698900192
8,111,Sikar (M Cl),237532,154491,1,65.04007881043397
8,112,Basni Belima (CT),29187,18086,1,61.96594374207696
8,112,Borawar (CT),24975,15596,1,62.446446446446444
8,112,Chenar Village (CT),5579,3603,1,64.58146621258291
8,112,Didwana (M + OG),53749,34133,1,63.5044372918566
8,112,Didwana (M),53328,33974,1,63.70762076207621
8,112,Goredi Chancha (CT),10655,7023,1,65.91271703425622
8,112,Gothan (CT),17700,10291,1,58.14124293785311
8,112,Jhagarwas (CT),5728,3384,1,59.0782122905028
8,112,Kuchaman City (M),61969,40569,1,65.46660426987687
8,112,Kuchera (M),23468,11970,1,51.005624680415885
8,112,Ladnu (M),65575,39401,1,60.08539839878002
8,112,Makrana (M + OG) (Part),94487,49441,2,52.32571676526929
8,112,Makrana (M),93094,48682,1,52.293380883837834
8,112,Makrana Village (CT),21808,12309,1,56.44258987527513
8,112,Merta City (M),46070,29095,1,63.1538962448448
8,112,Merta Road (CT),16905,10633,1,62.89855072463768
8,112,Mundwa (M),16871,8692,1,51.52036038172011
8,112,Nagaur (M + OG),105218,64243,1,61.057043471649344
8,112,Nagaur (M),102872,62945,1,61.18768955595303
8,112,Nawa (M),22088,14799,1,67.00018109380659
8,112,Parbatsar (M),15172,9935,1,65.48246770366465
8,113,Bilara (M),39590,24797,1,62.63450366254104
8,113,Jodhpur (M Corp. + OG),1056191,740216,1,70.08353602710116
8,113,Jodhpur (M Corp.),1033756,729012,1,70.52070314464922
8,113,Kuri Bhagtasani (CT),38429,27441,1,71.40701033073981
8,113,Nandri (CT),20827,14433,1,69.29946703797954
8,113,Phalodi (M + OG),49914,30804,1,61.71414833513643
8,113,Phalodi (M),49766,30763,1,61.815295583329984
8,113,Pipar City (M),36810,22302,1,60.586797066014675
8,113,Sangariya (CT),22853,13199,1,57.75609329190916
8,114,Jaisalmer (M),65471,44075,1,67.31988208519802
8,114,Pokaran (M),23554,15289,1,64.91041861254988
8,115,Balotra (M),74496,47965,1,64.3860073024055
8,115,Barmer (M),96225,66289,1,68.88958170953494
8,115,Dhorimanna (CT),6513,3641,1,55.90357746046368
8,115,Utarlai (CT),4603,3762,1,81.7293069737128
8,116,Ahore (CT),16867,10508,1,62.29916404814134
8,116,Bhinmal (M),47932,27847,1,58.09688725694734
8,116,Jalor (M),54081,34625,1,64.02433386956602
8,116,Sanchore (M),32875,18927,1,57.57262357414449
8,117,Abu Road (M + OG),55599,39587,1,71.20092087987194
8,117,Abu Road (M),52363,37677,1,71.95347860130245
8,117,Bhavri (CT),15312,9085,1,59.33254963427377
8,117,Goyli (CT),5728,3283,1,57.31494413407822
8,117,Mount Abu (M),22943,16321,1,71.13716602013686
8,117,Pindwara (M),24487,16015,1,65.40205006738269
8,117,Reodar (CT),8117,4634,1,57.09005790316619
8,117,Santpur (Rural) (CT),9186,6745,1,73.42695406052688
8,117,Sheoganj (M + OG),28053,20605,1,73.45025487470146
8,117,Sheoganj (M),27198,20113,1,73.95029046253401
8,117,Sirohi (M),39229,27522,1,70.15728160289582
8,118,Bali (M),19880,12779,1,64.28068410462777
8,118,Falna (M),24839,16125,1,64.91807238616691
8,118,Jaitaran (M),22621,14521,1,64.19256443128066
8,118,Marwar Junction (CT),12004,8295,1,69.10196601132955
8,118,Pali (M Cl),230075,153880,1,66.88253830272737
8,118,Rani (M),13880,9718,1,70.01440922190201
8,118,Sadri (M),27390,14892,1,54.37020810514787
8,118,Sojat (M),43023,28271,1,65.71136368918951
8,118,Sojat Road (CT),12472,8382,1,67.20654265554843
8,118,Sumerpur (M),37093,25304,1,68.21772302051599
8,118,Takhatgarh (M),16729,9738,1,58.21029350230139
8,119,Ajmer (M Corp.),542321,416511,1,76.80156217443175
8,119,Badlya (CT),5111,2827,1,55.31207200156525
8,119,Baral (CT),6344,4175,1,65.81021437578815
8,119,Beawar (M Cl + OG),151152,111576,1,73.81708478882186
8,119,Beawar (M Cl),145504,107524,1,73.89762480756544
8,119,Boraj-Kazipura (CT),8780,5745,1,65.43280182232346
8,119,Kekri (M),41890,28689,1,68.4865122941036
8,119,Kishangarh (M Cl),154886,104952,1,67.7608047208915
8,119,Nasirabad (CB),50804,39049,1,76.86205810566096
8,119,Pushkar (M),21626,14721,1,68.07084065476741
8,119,Sarwar (M),20372,11017,1,54.07912821519732
8,119,Vijainagar (M),32124,22389,1,69.69555472543892
8,120,Aligarh (CT),7626,4676,1,61.31654864935746
8,120,Banasthali (CT),12835,11119,1,86.63030775223997
8,120,Deoli (M),22065,16935,1,76.75050985723996
8,120,Malpura (M + OG),36028,24233,1,67.26157433107583
8,120,Malpura (M),29295,19537,1,66.6905615292712
8,120,Niwai (M),37765,26336,1,69.73652853170925
8,120,Todaraisingh (M),23559,14715,1,62.46020629058958
8,120,Tonk (M Cl),165294,97064,1,58.72203467760475
8,120,Uniara (M),12551,7879,1,62.77587443231615
8,121,Budhpura (CT),5070,1888,1,37.238658777120314
8,121,Bundi (M + OG) (Part),104919,74903,2,71.39126373678742
8,121,Bundi (M),103286,74602,1,72.22856921557617
8,121,Indragarh (M),7444,4621,1,62.076840408382594
8,121,Kaprain (M),20748,13221,1,63.721804511278194
8,121,Keshoraipatan (M),24627,16987,1,68.97713891257563
8,121,Lakheri (M),29572,19777,1,66.8774516434465
8,121,Nainwa (M),19485,12750,1,65.43494996150885
8,121,Sumerganj Mandi (CT),3633,2695,1,74.18111753371869
8,121,Talera (CT),7203,4684,1,65.02846036373732
8,122,Asind (M),16611,10161,1,61.1703088314972
8,122,Beejoliya Kalan (CT),14140,9722,1,68.75530410183876
8,122,Bhilwara (M Cl),359483,257030,1,71.49990402884143
8,122,Gangapur (M),18777,12481,1,66.46961708473133
8,122,Gulabpura (M),27215,19295,1,70.89840161675546
8,122,Hameer Garh (CT),11678,7808,1,66.86076382942284
8,122,Jahazpur (M),20586,13442,1,65.29680365296804
8,122,Mandalgarh (M),13844,8761,1,63.283733025137245
8,122,Shahpura (M),30320,20489,1,67.57585751978891
8,123,Amet (M),17335,12101,1,69.80674935102394
8,123,Bhim (CT),11568,7725,1,66.77904564315352
8,123,Delwara (CT),4429,2960,1,66.8322420410928
8,123,Deogarh (M),17604,11746,1,66.72347193819587
8,123,Emri (CT),4758,3314,1,69.65111391340899
8,123,Kelwa (CT),11712,7278,1,62.14139344262295
8,123,Nathdwara (M),42016,32233,1,76.71601294744859
8,123,Rajsamand (M),67798,50261,1,74.13345526416708
8,123,Sardargarh (CT),6600,4116,1,62.36363636363637
8,124,Dungarpur (M),47706,37657,1,78.93556366075546
8,124,Galiakot (CT),4707,2842,1,60.3781601869556
8,124,Sagwara (M),29439,20377,1,69.2177044057203
8,124,Seemalwara (CT),6891,4864,1,70.58482078072849
8,125,Banswara (M + OG),101017,75972,1,75.20714335210906
8,125,Banswara (M),99969,75169,1,75.19230961598096
8,125,Garhi (CT),5180,3675,1,70.94594594594594
8,125,Kushalgarh (M),10666,8072,1,75.67972998312395
8,125,Partapur (CT),10758,7694,1,71.51886967837888
8,126,Bari Sadri (M),15713,11094,1,70.60395850569591
8,126,Begun (M),20705,14459,1,69.83337358126056
8,126,Chittaurgarh (M),116406,85849,1,73.74963489854474
8,126,Kapasan (M),20869,14077,1,67.45411854904404
8,126,Nimbahera (M),61949,44557,1,71.92529338649535
8,126,Rawatbhata (M),37699,28385,1,75.29377437067296
8,126,Sawa (CT),11923,8425,1,70.66174620481422
8,127,Chechat (CT),11690,7971,1,68.18648417450812
8,127,Kaithoon (M),24260,15271,1,62.9472382522671
8,127,Khairabad (CT),11993,8221,1,68.54831985324773
8,127,Kota (M Corp.),1001694,728664,1,72.74317306482818
8,127,Kumbhkot (CT),6602,3196,1,48.409572856710085
8,127,Modak (CT),9204,6222,1,67.60104302477184
8,127,Ramganj Mandi (M),41328,28961,1,70.07597754548975
8,127,Sangod (M),21846,14974,1,68.54344044676371
8,127,Satalkheri (CT),15617,8321,1,53.281680220272776
8,127,Suket (CT),22319,13412,1,60.09229804202697
8,127,Udpura (CT),10051,6752,1,67.17739528405133
8,128,Antah (M),32377,21992,1,67.92476140470087
8,128,Atru (CT),11141,7224,1,64.84157616012925
8,128,Baran (M),117992,82495,1,69.91575700047461
8,128,Chhabra (M),32285,20131,1,62.354034381291626
8,128,Chhipabarod (CT),18837,13017,1,69.10336040770824
8,128,Kawai (CT),9487,6042,1,63.687150837988824
8,128,Kherliganj (CT),7022,4464,1,63.57163201367132
8,128,Mangrol (M),25073,16519,1,65.88361983009612
8,129,Aklera (M),26240,16246,1,61.91310975609756
8,129,Bakani (CT),9812,6925,1,70.5768446799837
8,129,Bhawani Mandi (M),42283,30008,1,70.96942033441336
8,129,Jhalawar (M),66919,48145,1,71.9451874654433
8,129,Jhalrapatan (M),37506,26957,1,71.87383351997015
8,129,Khanpur (CT),13848,10186,1,73.55574812247256
8,129,Kolvi @ Mandi Rajendrapur (CT),8584,6347,1,73.93988816402609
8,129,Manoharthana (CT),11292,7333,1,64.93978037548706
8,129,Pirawa (M),12807,8779,1,68.54845006636995
8,130,Bargaon (Rural) (CT),9193,7229,1,78.63591863374306
8,130,Bedla (CT),5766,4607,1,79.89941033645508
8,130,Bhalariya (CT),3962,3222,1,81.32256436143362
8,130,Bhinder (M),17878,12213,1,68.31301040384831
8,130,Bhuwana (CT),17665,13321,1,75.4090008491367
8,130,Bichhri (CT),4295,2716,1,63.23632130384168
8,130,Chawand (CT),4252,2764,1,65.00470366886171
8,130,Fatehnagar (M),22812,15078,1,66.09679116254603
8,130,Gogunda (CT),8751,5788,1,66.14101245571935
8,130,Kanor (M),13239,9025,1,68.16980134451242
8,130,Kherwara Chhaoni (CT),7581,5487,1,72.37831420656904
8,130,Mavli (CT),9199,6707,1,72.91009892379606
8,130,Newa Talai (CT),2525,1544,1,61.148514851485146
8,130,Rishabhdeo (CT),9171,6891,1,75.1390251880929
8,130,Salumbar (M),16425,12469,1,75.91476407914764
8,130,Semari (CT),4612,3224,1,69.90459670424978
8,130,Udaipur (M Cl),451100,361498,1,80.13699844823763
8,131,Chhoti Sadri (M),18360,13482,1,73.4313725490196
8,131,Dhariawad (CT),11368,8274,1,72.78325123152709
8,131,Pratapgarh (M),42079,31687,1,75.30359561776659
9,132,Ambehta (NP),15739,8187,1,52.01728191117606
9,132,Behat (NP),20474,12169,1,59.43635830809808
9,132,Chhutmalpur (CT),14274,9738,1,68.2219419924338
9,132,Chilkana Sultanpur (NP),19501,10909,1,55.940720988667245
9,132,Deoband (NPP),97037,63827,1,65.7759411358554
9,132,Gagalhedi Must. (CT),7776,4495,1,57.806069958847736
9,132,Gangoh (NPP),59279,31949,1,53.8959834005297
9,132,Kailashpur (CT),11422,6552,1,57.362983715636496
9,132,Malhipur (CT),6720,3906,1,58.12500000000001
9,132,Nakur (NPP),22712,14243,1,62.711342021838675
9,132,Nanauta (NP),22551,13158,1,58.34774511108155
9,132,Ramdaspur Urf Nagal (CT),5730,3533,1,61.65794066317627
9,132,Rampur Maniharan (NP),27979,17517,1,62.60767003824297
9,132,Saharanpur (M Corp.),705478,467519,1,66.26981989516328
9,132,Sarsawa (NPP),18956,13093,1,69.07047900400929
9,132,Titron (NP),10898,6267,1,57.50596439713709
9,133,Ailam (NP),12110,8093,1,66.82906688687036
9,133,Almaspur (CT),13318,9090,1,68.25349151524253
9,133,Banat (NP),20728,12449,1,60.05885758394442
9,133,Bhokarhedi (NP),17829,10131,1,56.82315328958438
9,133,Budhana (NP + OG),53722,28681,1,53.38781132496928
9,133,Budhana (NP),39867,23022,1,57.747008804274216
9,133,Charthawal (NP),20653,11765,1,56.96508981745993
9,133,Garhi Pukhta (NP),11748,5849,1,49.78719782090569
9,133,Jalalabad (NP),27921,12290,1,44.01704809999642
9,133,Jansath (NP),19786,11954,1,60.416456080056605
9,133,Jhinjhana (NP),18740,10802,1,57.64140875133405
9,133,Kairana (NPP),89000,34441,1,38.69775280898877
9,133,Kandhla (NPP),46796,21623,1,46.206940764167875
9,133,Khanupur (CT),6681,4778,1,71.51624008381978
9,133,Khatauli (NPP),72949,47519,1,65.1400293355632
9,133,Khatauli Rural (CT),14949,9161,1,61.28169108301559
9,133,Kukra (CT),29454,19146,1,65.00305561214097
9,133,Miranpur (NP),29283,16779,1,57.29945702284602
9,133,Muzaffarnagar (NPP),392768,273175,1,69.55123635326707
9,133,Purquazi (NP + OG),29041,13862,1,47.732516097930514
9,133,Purquazi (NP),27516,13244,1,48.13199592964094
9,133,Sarwat (CT),34846,18761,1,53.839752051885434
9,133,Shahbudinpur (CT),25157,12103,1,48.10987001629765
9,133,Shahpur (NP),20154,10633,1,52.758757566736136
9,133,Shamli (NPP),107266,74886,1,69.81336117688737
9,133,Shekhpura (CT),9529,5767,1,60.520516318606354
9,133,Sisauli (NP),15091,9615,1,63.713471605592744
9,133,Thana Bhawan (NP),36669,18904,1,51.55308298562819
9,133,Un (NP),15124,9688,1,64.05712774398307
9,134,Afzalgarh (NPP),29101,15973,1,54.88814817360228
9,134,Alhaipur (CT),9064,7200,1,79.4351279788173
9,134,Basta (CT),8697,5082,1,58.43394273887548
9,134,Bijnor (NPP),93297,61592,1,66.01712809629463
9,134,Chandpur (NPP),83441,49845,1,59.736820028523155
9,134,Dhampur (NPP),50997,35307,1,69.23348432260721
9,134,Dhampur Husainpur (CT),6752,4115,1,60.94490521327014
9,134,Haldaur (NPP),19567,13212,1,67.52184800940358
9,134,Jalalabad (NP),20360,10383,1,50.99705304518663
9,134,Jhalu (NP),20978,12251,1,58.39927543140433
9,134,Kiratpur (NPP + OG),61946,29319,1,47.32993252187389
9,134,Kiratpur (NPP),61186,28830,1,47.11862190697219
9,134,Kotwali (CT),11221,6247,1,55.67239996435255
9,134,Mandawar (NP),21078,11056,1,52.452794382768765
9,134,Mukrampur Khema (CT),14089,9193,1,65.24948541415289
9,134,Nagina (NPP),95246,49023,1,51.46987800012599
9,134,Najibabad (NPP),88535,51158,1,57.782797763596314
9,134,Nehtaur (NPP),47834,29175,1,60.9921812936405
9,134,Noorpur (NPP),38806,24951,1,64.29675823326289
9,134,Rashidpur Garhi (CT),7870,6311,1,80.19059720457433
9,134,Sadruddin Nagar (CT),3506,2175,1,62.036508841985174
9,134,Sahanpur (NP),21639,10307,1,47.631591108646425
9,134,Sahaspur (NP),24463,12571,1,51.387810162285895
9,134,Seohara (NPP + OG),53296,29957,1,56.20872110477334
9,134,Seohara (NPP),48557,27761,1,57.17198344214016
9,134,Sherkot (NPP),62226,35826,1,57.57400443544499
9,134,Tatarpur Lallu (CT),7847,6084,1,77.53281508856888
9,134,Warhapur (NP),23456,10906,1,46.49556616643929
9,135,Bahjoi (NPP),37037,20004,1,54.01085401085402
9,135,Barwara Mazra (CT),9455,3817,1,40.370174510840826
9,135,Bhojpur Dharampur (NP),31305,13680,1,43.69908960229995
9,135,Bilari (NPP),37567,18804,1,50.05456916975005
9,135,Chandausi (NPP),114383,70813,1,61.90867524020178
9,135,Gadhi (CT),9933,4491,1,45.212926608275446
9,135,Got (CT),6599,2029,1,30.747082891347173
9,135,Kanth (NP),26381,16761,1,63.5343618513324
9,135,Kundarki (NP),29951,11691,1,39.03375513338453
9,135,Moradabad (M Corp.),887871,530584,1,59.75913167566009
9,135,Narauli (NP),18346,4788,1,26.09833206148479
9,135,Pakbara (CT),36728,18917,1,51.50566325419299
9,135,Rustamnagar Sahaspur (CT),18677,7517,1,40.247363066873696
9,135,Sambhal (NPP),220813,89629,1,40.5904543663643
9,135,Sirsi (NP),26519,10533,1,39.718692258380784
9,135,Thakurdwara (NPP),44255,25503,1,57.62738673596204
9,135,Umri Kalan (NP),17803,7145,1,40.13368533393248
9,136,Ajitpur (CT),15373,5872,1,38.19683861315293
9,136,Bilaspur (NPP),43908,22143,1,50.43044547690626
9,136,Kemri (NP),28698,10841,1,37.77615164819848
9,136,Maswasi (NP),17737,7627,1,43.00050741388059
9,136,Milak (NPP),30553,16924,1,55.392269171603445
9,136,Rampur (NPP),325313,169978,1,52.25060172818178
9,136,Saijni Nankar (CT),8572,2203,1,25.69995333644424
9,136,Shahabad (NP),38276,13616,1,35.57320514160309
9,136,Suar (NPP),32158,12551,1,39.0291684806269
9,136,Tanda (NPP),48059,22932,1,47.7163486547785
9,137,Amroha (NPP),198471,106102,1,53.45969940192774
9,137,Bachhraon (NPP),31101,15254,1,49.046654448410024
9,137,Beelna (CT),7024,3915,1,55.737471526195904
9,137,Dhanaura (NPP),30007,19913,1,66.36118239077548
9,137,Gajraula (NP),55048,35005,1,63.58995785496294
9,137,Hasanpur (NPP),61243,32404,1,52.91053671440002
9,137,Joya (NP),18377,10224,1,55.63476084235729
9,137,Naugawan Sadat (NP),32954,19498,1,59.16732414881349
9,137,Ujhari (NP),24488,11588,1,47.321136883371445
9,138,Amehra Adipur (CT),5485,3648,1,66.50865998176846
9,138,Aminagar Urf Bhurbaral (CT),6141,4171,1,67.920534114965
9,138,Bahsuma (NP),11753,7606,1,64.71539181485578
9,138,Daurala (NP),19776,13713,1,69.34162621359224
9,138,Hastinapur (NP),26452,16810,1,63.54907001360955
9,138,Karnawal (NP),11663,7912,1,67.83846351710537
9,138,Kharkhoda (NP),14364,9504,1,66.16541353383458
9,138,Kithaur (NP),27933,13814,1,49.454050764328926
9,138,Lawar (NP),22024,10997,1,49.931892480929896
9,138,Mawana (NPP),81443,49395,1,60.64977960045677
9,138,Meerut (CB),93312,70115,1,75.14038923182441
9,138,Meerut (M Corp.),1305429,858441,1,65.75930211447731
9,138,Mohiuddinpur (CT),5200,3637,1,69.9423076923077
9,138,Parikshitgarh (NP),19830,13496,1,68.0584972264246
9,138,Phalauda (NP),19908,10347,1,51.974080771549126
9,138,Sardhana (NPP),58252,31114,1,53.412758360227976
9,138,Sewalkhas (NP),24882,11072,1,44.49803070492725
9,138,Sindhawali (CT),5335,3028,1,56.7572633552015
9,139,Agarwal Mandi (Tatiri) (NP),13873,10036,1,72.34195920132632
9,139,Aminagar Sarai (NP),11174,7383,1,66.07302666905316
9,139,Baghpat (NPP),50310,25510,1,50.70562512422978
9,139,Baraut (NPP),103764,68690,1,66.19829613353379
9,139,Chhaprauli (NP),18970,11774,1,62.066420664206646
9,139,Doghat (NP),14166,9049,1,63.878300155301424
9,139,Khekada (NP),48676,30791,1,63.25704659380392
9,139,Tikri (NP),14092,8480,1,60.17598637524837
9,140,Abupur (CT),6247,4359,1,69.77749319673443
9,140,Aurangabad Gadana (CT),6170,3943,1,63.90599675850891
9,140,Babugarh (NP),5452,3802,1,69.73587674247982
9,140,Banthla (CT),5766,3993,1,69.25078043704474
9,140,Basantpur Saitli (CT),5563,3919,1,70.44760021571095
9,140,Begumabad Budhana (CT),19898,13461,1,67.65001507689215
9,140,Bisokhar (CT),14332,9568,1,66.75969857661178
9,140,Buxer (CT),11499,7057,1,61.370553961214014
9,140,Dasna (NP),34914,18747,1,53.69479291974566
9,140,Faridnagar (NP),12785,7283,1,56.965193586233866
9,140,Garhmukhteshwar (NPP),46077,24857,1,53.946654513097634
9,140,Ghaziabad (M Corp.),1648643,1220667,1,74.04071105751822
9,140,Hapur (NPP),262983,166740,1,63.403337858340656
9,140,Haqiqatpur Urf Khudawas (CT),15324,9844,1,64.23910206212477
9,140,Khora (CT),190005,135994,1,71.57390594984344
9,140,Loni (NPP),516082,314184,1,60.87869757131619
9,140,Modinagar (NPP),130325,102077,1,78.32495683867255
9,140,Muradgram Pur Pursi (CT),5120,3523,1,68.80859375
9,140,Muradnagar (NPP),95208,59247,1,62.22901436854046
9,140,Niwari (NP),9205,5975,1,64.91037479630636
9,140,Ordnance Factory Muradnagar (CT),7569,6039,1,79.7859690844233
9,140,Patala (NP),9500,6412,1,67.49473684210527
9,140,Pavi Sadakpur (CT),757,544,1,71.86261558784676
9,140,Pilkhuwa (NPP),83736,55936,1,66.80042036877806
9,140,Rori (CT),12350,8014,1,64.89068825910931
9,140,Sikri Kalan (CT),7037,4769,1,67.77035668608782
9,141,Bilaspur (NP),8980,5170,1,57.57238307349666
9,141,Chhapraula (CT),15154,10728,1,70.79318991685363
9,141,Chipyana Buzurg (CT),17400,12678,1,72.86206896551725
9,141,Dadri (NPP),91189,56740,1,62.22241717751045
9,141,Dankaur (NP),13520,8935,1,66.08727810650888
9,141,Greater Noida (CT),102054,75431,1,73.91283046230427
9,141,Jahangirpur (NP),11006,5906,1,53.661639105942214
9,141,Jewar (NP),32269,18184,1,56.35129691034739
9,141,Kherli Hafizpur (CT),7932,5492,1,69.2385274836107
9,141,Noida (CT),637272,477272,1,74.89298133293161
9,141,Patadi (CT),8479,6904,1,81.42469630852695
9,141,Rabupura (NP),15454,7523,1,48.679953410120355
9,141,Salarpur Khadar (CT),13600,10056,1,73.94117647058823
9,142,Anupshahr (NPP),29087,17501,1,60.167772544435664
9,142,Aurangabad (NP),26544,13183,1,49.66470765521399
9,142,Bahalimpura (CT),4921,2782,1,56.533224954277586
9,142,Bhawan Bahadur Nagar (NP),10188,6488,1,63.68276403612093
9,142,Bugrasi (NP),14992,7911,1,52.76814300960512
9,142,Bulandshahr (NPP + OG),230024,153406,1,66.69130177720587
9,142,Bulandshahr (NPP),222519,149312,1,67.10078689909625
9,142,Chhatari (NP),11373,4843,1,42.583311351446405
9,142,Dibai (NPP),39818,23603,1,59.27721131146717
9,142,Gulaothi (NPP),50823,30948,1,60.893689864824985
9,142,Hasangarh (CT),6541,2166,1,33.11420272129644
9,142,Jahangirabad (NPP),59858,34700,1,57.97053025493668
9,142,Kakod (NP),9213,4846,1,52.59958753934657
9,142,Khanpur (NP),17247,7924,1,45.94422218356816
9,142,Khurja (NPP + OG),121207,69204,1,57.095712293844414
9,142,Khurja (NPP),111062,62230,1,56.031766040589936
9,142,Khurja Rural (CT),21383,12143,1,56.788102698405275
9,142,Maina Maujpur (CT),7351,5121,1,69.66399129370153
9,142,Naraura (NP),22775,14036,1,61.62897914379803
9,142,Pahasu (NP),20672,10572,1,51.14164086687306
9,142,Shikarpur (NPP),37969,21088,1,55.54004582685875
9,142,Siana (NPP),44415,26014,1,58.57030282562198
9,142,Sikandrabad (NPP),81028,45198,1,55.780717776571066
9,143,Aligarh (M Corp.),874408,517228,1,59.151791840879774
9,143,Ashrafpur Jalal (CT),11785,7076,1,60.04242681374629
9,143,Atrauli (NPP),50412,23961,1,47.530349916686504
9,143,Beswan (NP),6278,3984,1,63.45970054157375
9,143,Chharra Rafatpur (NP),21146,11296,1,53.419086352028756
9,143,Deosaini (CT),6920,4610,1,66.61849710982659
9,143,Dhanipur (CT),20511,14052,1,68.50958022524499
9,143,Dhaurra Mafi (CT),13241,8818,1,66.59617853636432
9,143,Gabhana (CT),5886,3617,1,61.450900441726134
9,143,Gangiri (CT),5576,2993,1,53.67647058823529
9,143,Harduaganj (NP),13690,8182,1,59.76625273922571
9,143,Iglas (NP),15478,10305,1,66.57836929835896
9,143,Jalali (NP),20238,9515,1,47.01551536713114
9,143,Jatari (NP),18387,11795,1,64.1485832381574
9,143,Kauriaganj (NP),12244,4919,1,40.174779483828814
9,143,Khair (NPP),35751,20334,1,56.876730720819005
9,143,Kwarasi (CT),15763,10159,1,64.44839180359068
9,143,Manjoor Garhi (CT),9381,4585,1,48.87538641935828
9,143,Pilkhana (NP),11518,3942,1,34.22469178676854
9,143,Qasimpur Power House Colony (CT),7791,5959,1,76.48568861506867
9,143,Ramgarh Panjoopur (CT),18897,8454,1,44.73725988252104
9,143,Rampur (CT),5499,3737,1,67.95781051100201
9,143,Sarsaul (CT),9267,5601,1,60.44027193266429
9,143,Vijaigarh (NP),7124,4450,1,62.46490735541831
9,144,Devinagar (CT),5982,4575,1,76.47943831494484
9,144,Garhi Tamana (CT),6269,4050,1,64.60360504067634
9,144,Hasayan (NP),6621,3689,1,55.716659114937315
9,144,Hathras (NPP + OG),143020,94909,1,66.36064886029925
9,144,Hathras (NPP),135594,91026,1,67.13128899508828
9,144,Hathras Dehat (CT),11620,7162,1,61.63511187607573
9,144,Mendu (NP),14484,7616,1,52.58215962441315
9,144,Mursan (NP),13637,7665,1,56.20737698907384
9,144,Purdilnagar (NP),21885,10806,1,49.37628512679918
9,144,Sadabad (NP),40926,24720,1,60.4017006304061
9,144,Sahpau (NP),8920,5036,1,56.45739910313902
9,144,Sasni (NP),13291,8678,1,65.29230306222256
9,144,Sikandrarao (NPP),46038,25698,1,55.81910595594943
9,145,Aurangabad Bangar (CT),15792,10015,1,63.418186423505574
9,145,Bad (CT),14559,9640,1,66.21333882821622
9,145,Bajna (NP),8991,5722,1,63.64141919697476
9,145,Bakalpur Mathura (CT),14455,8190,1,56.65859564164649
9,145,Baldeo (NP),11813,8264,1,69.95682722424448
9,145,Barsana (NP),11184,6619,1,59.18276108726752
9,145,Birjapur (CT),8862,5739,1,64.75964793500339
9,145,Chaumuhan (NP),13173,7381,1,56.03127609504289
9,145,Chhata (NP),23537,13573,1,57.666652504567274
9,145,Farah (NP),10412,6257,1,60.09412216673069
9,145,Gokul (NP),4916,3247,1,66.04963384865744
9,145,Govardhan (NP),22576,14459,1,64.04588944011338
9,145,Isapur Banger (CT),6280,3160,1,50.318471337579616
9,145,Kosi Kalan (NPP + OG),60074,35561,1,59.19532576488997
9,145,Kosi Kalan (NPP),53307,31752,1,59.56440992740165
9,145,Mahaban (NP),10995,4944,1,44.96589358799454
9,145,Mathura (CB),25681,19850,1,77.2944978778085
9,145,Mathura (NPP),349909,229061,1,65.46302038530017
9,145,Nandgaon (NP),11517,6062,1,52.635234870191894
9,145,Pali Khera (CT),8632,5480,1,63.48470806302131
9,145,Radhakund (NP),7511,5056,1,67.31460524563973
9,145,Rajpur Bangar (CT),8683,6074,1,69.95278129678682
9,145,Ranchi Bangar (CT),12536,8672,1,69.17677089980855
9,145,Raya (NP),21344,13551,1,63.48856821589205
9,145,Saunkh (NP),9556,6583,1,68.88865634156551
9,145,Vrindavan (NPP),63005,42917,1,68.1168161257043
9,146,Achhnera (NPP),22781,13372,1,58.698037838549666
9,146,Agra (CB),53053,37796,1,71.24196558158822
9,146,Agra (M Corp.),1585704,1014872,1,64.00135208084232
9,146,Artauni (CT),6061,3696,1,60.98003629764065
9,146,Azizpur (CT),11103,5982,1,53.8773304512294
9,146,Bah (NPP),16211,10950,1,67.54672753068904
9,146,Dayalbagh (NP),2830,2433,1,85.97173144876325
9,146,Dehtora (CT),16020,11298,1,70.52434456928839
9,146,Deoretha (CT),12335,7491,1,60.729631130928254
9,146,Dhanauli (CT),28990,15486,1,53.418420144877544
9,146,Etmadpur (NPP),21897,14161,1,64.67095949216788
9,146,Fatehabad (NP),23278,13858,1,59.53260589397714
9,146,Fatehpur Sikri (NPP),32905,17236,1,52.38109709770552
9,146,Jagner (NP),11575,7677,1,66.32397408207343
9,146,Kalwari (CT),13269,8208,1,61.858467103775716
9,146,Kaulakha (CT),5438,3267,1,60.07723427730783
9,146,Khandauli (CT),8625,4420,1,51.24637681159421
9,146,Kheragarh (NP),21470,14028,1,65.33768048439683
9,146,Kiraoali (NP),23788,12903,1,54.24163443753153
9,146,Nainana Jat (CT),12941,5801,1,44.8265203616413
9,146,Nainana-Brahman (CT),4500,2559,1,56.86666666666667
9,146,Patholi (CT),7884,5118,1,64.91628614916286
9,146,Pinahat (NP),18709,10595,1,56.630498690469835
9,146,Rohta (CT),12063,7362,1,61.02959462820194
9,146,Runkata (CT),15582,8285,1,53.17032473366705
9,146,Shamsabad (NPP),33144,18838,1,56.83683321264784
9,146,Swamibagh (NP),2039,1709,1,83.81559588033349
9,147,Fariha (NP),6887,4443,1,64.51285029766225
9,147,Firozabad (NPP),604214,342252,1,56.64416911888834
9,147,Jasrana (NP),10648,7479,1,70.23854244928626
9,147,Makhanpur (CT),7012,4185,1,59.68339988590987
9,147,Shikohabad (NPP),107404,75113,1,69.93501173140665
9,147,Sirsaganj (NPP + OG),32098,22813,1,71.07296404760422
9,147,Sirsaganj (NPP),31377,22316,1,71.12215954361474
9,147,Tundla (NPP),50423,38263,1,75.88402118081035
9,147,Tundla Kham (CT),7079,4915,1,69.4307105523379
9,147,Tundla Railway Colony (CT),7404,6099,1,82.37439222042138
9,148,Bewar (NP),23729,16639,1,70.12094904968605
9,148,Bhogaon (NP),30874,18345,1,59.41892854829306
9,148,Ghiraur (NP),15911,9854,1,61.931996731820746
9,148,Jyoti Khuriya (NP),5665,4137,1,73.02736098852604
9,148,Karhal (NP),27701,17416,1,62.871376484603445
9,148,Kishni (NP),11098,7752,1,69.85042349972969
9,148,Kuraoali (NP),24969,15799,1,63.2744603308102
9,148,Kusmara (NP),11938,8135,1,68.14374267046406
9,148,Mainpuri (NPP + OG),136557,99876,1,73.13868933851798
9,148,Mainpuri (NPP),120400,88699,1,73.67026578073089
9,149,Allapur (NP),23985,11140,1,46.445695226183034
9,149,Babrala (NP),18108,11039,1,60.962005743317874
9,149,Bilsi (NPP),26604,14334,1,53.87911592241769
9,149,Bisauli (NPP),32780,17781,1,54.24344112263575
9,149,Budaun (NPP),159285,98249,1,61.68126314467778
9,149,Dataganj (NP),26244,14405,1,54.88873647309861
9,149,Faizganj (NP),12334,4879,1,39.55732122587968
9,149,Gawan (NP),9568,5092,1,53.219063545150505
9,149,Gulariya (NP),5539,3150,1,56.869471023650476
9,149,Gunnaur (NP),23665,9036,1,38.182970631734634
9,149,Islamnagar (NP),31022,14154,1,45.62568499774354
9,149,Kachhla (NP),9471,3537,1,37.345581248020274
9,149,Kakrala (NPP),37986,18439,1,48.5415679460854
9,149,Kunwargaon (NP),8053,4353,1,54.05438966844655
9,149,Mundiya (NP),6384,2988,1,46.804511278195484
9,149,Rudayan (NP),7620,3578,1,46.95538057742782
9,149,Sahaswan (NPP),66204,21875,1,33.041810162527945
9,149,Saidpur (NP),15545,7378,1,47.462206497266
9,149,Sakhanu (NP),10627,4235,1,39.85132210407453
9,149,Ujhani (NPP),62039,30854,1,49.733232321604156
9,149,Usawan (NP),13327,6571,1,49.305920312148274
9,149,Usehat (NP),16361,6206,1,37.93166676853493
9,149,Wazirganj (NP),21844,9699,1,44.401208569859
9,150,Aonla (NPP),55629,26902,1,48.35966851821891
9,150,Baheri (NPP),68413,32325,1,47.249791706254655
9,150,Bareilly (CB),30003,23620,1,78.7254607872546
9,150,Bareilly (M Corp. + OG),904797,544408,1,60.169076599502425
9,150,Bareilly (M Corp.),903668,543515,1,60.14542951614974
9,150,Bisharatganj (NP),15975,6159,1,38.55399061032864
9,150,Deoranian (NP),20815,10031,1,48.191208263271676
9,150,Dhaura Tanda (NP),23727,11412,1,48.09710456442028
9,150,Faridpur (NP),7673,2274,1,29.636387332203835
9,150,Faridpur (NPP),78249,34533,1,44.13219338266304
9,150,Fatehganj Pashchimi (NP),26607,12928,1,48.58871725485774
9,150,Fatehganj Purvi (NP),9480,4245,1,44.778481012658226
9,150,Hafiz Ganj (CT),9447,4420,1,46.78733989626336
9,150,Iffco Census Village (CT),4014,3270,1,81.46487294469357
9,150,Kakgaina (CT),17949,11714,1,65.26268872917711
9,150,Kandharpur (CT),11191,7292,1,65.15950317219193
9,150,Kareli (CT),11554,5378,1,46.54665051064566
9,150,Mirganj (NP),17542,8642,1,49.264622049937294
9,150,Mohenpur (CT),21812,12415,1,56.918210159545204
9,150,Nawabganj (NPP),39241,21186,1,53.98944981014755
9,150,Padarathpur (CT),8852,3835,1,43.32354270221419
9,150,Parsona (CT),6946,2275,1,32.75266340339764
9,150,Pipalsana Chaudhari (CT),9713,5638,1,58.04591784206733
9,150,Richha (NP),20977,11415,1,54.41674214616008
9,150,Rithora (NP),17186,6407,1,37.280344466426165
9,150,Saidpur Khajuria (CT),9439,3383,1,35.84066108697955
9,150,Sainthal (NP),15332,7396,1,48.23897730237412
9,150,Shahi (NP),16950,5112,1,30.159292035398227
9,150,Shergarh (NP),16247,4783,1,29.43928109804887
9,150,Shishgarh (NP),25815,8021,1,31.071082703854348
9,150,Sirauli (NP),23650,7608,1,32.169133192389005
9,150,Thiriya Nizamat Khan (NP),23184,10126,1,43.676673567977915
9,151,Barha (CT),10803,6448,1,59.687123947051745
9,151,Barkhera (NP),11964,6480,1,54.16248746238716
9,151,Bilsanda (NP),16036,9806,1,61.14991269643303
9,151,Bisalpur (NPP),73551,39029,1,53.06386045057171
9,151,Gulariya Bhindara (NP),6172,3636,1,58.91121192482177
9,151,Jahanabad (NP),14328,6361,1,44.39558905639308
9,151,Kalinagar (NP),11282,5124,1,45.41747917035986
9,151,Nyoria Husainpur (NP),21812,6914,1,31.698147808545755
9,151,Pakriya Naugwan Mustqil (CT),17472,8174,1,46.783424908424905
9,151,Pilibhit (NPP),127988,82981,1,64.83498452979967
9,151,Puranpur (NPP),40007,24594,1,61.47424200764866
9,152,Allahganj (NP),14755,7681,1,52.05692985428668
9,152,Jalalabad (NPP),38202,22387,1,58.6016438929899
9,152,Kanth (NP),27137,11230,1,41.382614143051924
9,152,Katra (NP),32440,13573,1,41.840320591861904
9,152,Khudaganj (NP),14737,6863,1,46.569858180090925
9,152,Khutar (NP),17423,10064,1,57.762727429260174
9,152,Powayan (NP),28613,18144,1,63.41173592423025
9,152,Railway Settlement Roza (NP),11489,8387,1,73.00026111933153
9,152,Shahjahanpur (CB),18116,13343,1,73.6531243100022
9,152,Shahjahanpur (NPP),329736,195606,1,59.32200305699104
9,152,Tilhar (NPP),61444,26830,1,43.665776967645336
9,153,Barwar (NP),14196,5725,1,40.328261482107635
9,153,Dhaurehra (NP),24518,9104,1,37.13190309160617
9,153,Gola Gokaran Nath (NPP),60172,43736,1,72.68496975337366
9,153,Kheri (NP),33355,17246,1,51.70439214510568
9,153,Lakhimpur (NPP),151993,112043,1,73.71589481094524
9,153,Lalhapur (CT),10784,6566,1,60.88649851632047
9,153,Maigal Ganj (CT),11325,7023,1,62.01324503311258
9,153,Mailani (NP),13416,7635,1,56.909660107334524
9,153,Mohammadi (NPP),44968,24232,1,53.88720868172923
9,153,Oel Dhakwa (NP),12958,7693,1,59.36872974224418
9,153,Paliya Kalan (NPP),41126,23615,1,57.42109614355881
9,153,Saidhari (CT),13092,8009,1,61.1747632141766
9,153,Singahi Bhiraura (NP),19196,8785,1,45.76474265471973
9,153,Suthana Barsola (CT),9936,5698,1,57.347020933977454
9,154,Biswan (NPP),55780,34273,1,61.44316959483685
9,154,Hargaon (NP),20920,13536,1,64.70363288718929
9,154,Khairabad (NPP),48538,26856,1,55.32984465779389
9,154,Laharpur (NPP),61990,31574,1,50.934021616389735
9,154,Mahmudabad (NPP),50777,27493,1,54.14459302440081
9,154,Maholi (NP),21331,14713,1,68.97473161126997
9,154,Misrikh-cum-Neemsar (NPP),18388,12929,1,70.31216010441592
9,154,Naiparapur (CT),10881,7563,1,69.50647918389853
9,154,Paintepur (NP),13917,7378,1,53.014299058705184
9,154,Sidhauli (NP),24976,17246,1,69.05028827674568
9,154,Sitapur (NPP),177234,126848,1,71.57091754403783
9,154,Tambaur-cum-Ahamdabad (NP),26052,10806,1,41.47858129894058
9,155,Beniganj (NP),10173,6540,1,64.28782070185785
9,155,Bilgram (NPP),29768,17663,1,59.33552808384843
9,155,Gopamau (NP),15526,6739,1,43.404611619219374
9,155,Hardoi (NPP + OG),197029,141826,1,71.98229702226577
9,155,Hardoi (NPP),126851,96372,1,75.97259777218942
9,155,Kachhauna Patseni (NP),15647,10179,1,65.05400396242092
9,155,Kursath (NP),5924,4146,1,69.9864956110736
9,155,Madhoganj (NP),11523,7952,1,69.0098064740085
9,155,Mallawan (NPP),36915,21913,1,59.36069348503319
9,155,Pali (NP),18708,10180,1,54.4152234338251
9,155,Pihani (NPP),36014,18777,1,52.138057422113626
9,155,Sandi (NPP),26007,15012,1,57.7229207521052
9,155,Sandila (NPP),58346,33008,1,56.572858465019024
9,155,Shahabad (NPP),80226,44078,1,54.94228803629746
9,156,Achalganj (CT),7748,4929,1,63.61641713990708
9,156,Auras (NP),6466,3798,1,58.73801422827095
9,156,Bangarmau (NPP),44204,26353,1,59.616776762283955
9,156,Bhagwant Nagar (NP),6995,4097,1,58.57040743388134
9,156,Bighapur (NP),6501,4725,1,72.68112598061836
9,156,Fatehpur Chaurasi (NP),6715,4034,1,60.07446016381236
9,156,Gangaghat (NPP),84072,58760,1,69.89247311827957
9,156,Ganj Muradabad (NP),10957,4978,1,45.43214383499133
9,156,Hyderabad (NP),7697,4101,1,53.28049889567363
9,156,Katri Piper Khera (CT),26475,18190,1,68.70632672332388
9,156,Kursath (NP),6770,3567,1,52.68833087149187
9,156,Majhara Pipar Ahatmali (CT),25310,18068,1,71.3868036349269
9,156,Maurawan (NP),15484,9300,1,60.06199948333764
9,156,Mohan (NP),15071,8220,1,54.54183531285249
9,156,Nawabganj (NP),11545,7118,1,61.654395842356
9,156,Nyotini (NP),7577,3882,1,51.2339976243896
9,156,Purwa (NP),24467,15330,1,62.655822127763926
9,156,Rasulabad (NP),7928,4573,1,57.6816347124117
9,156,Safipur (NP),25688,13438,1,52.31236374961071
9,156,Ugu (NP),6318,4172,1,66.03355492244381
9,156,Unnao (NPP),177658,128833,1,72.51742111247454
9,157,Amethi (NP),13530,6915,1,51.108647450110865
9,157,Bakshi Ka Talab (NP),49166,31293,1,63.64764267990074
9,157,Gosainganj (NP),9649,6066,1,62.86661830241476
9,157,Itaunja (NP),7305,4546,1,62.23134839151266
9,157,Kakori (NP),19403,10983,1,56.604648765654794
9,157,Kalli Pashchim (CT),12157,7462,1,61.3802747388336
9,157,Lucknow (CB),63003,48786,1,77.4344078853388
9,157,Lucknow (M Corp.),2817105,2081727,1,73.89596766893672
9,157,Mahona (NP),8557,4596,1,53.71041252775506
9,157,Malihabad (NP),17818,10854,1,60.9159277135481
9,157,Nagram (NP),10648,5671,1,53.25882794891059
9,157,Sarsawan (CT),10655,7504,1,70.42702956358518
9,158,Bachhrawan (NP),12521,9114,1,72.78971328168676
9,158,Dalmau (NP),9983,6854,1,68.65671641791045
9,158,Jais (NPP),26735,14453,1,54.060220684495974
9,158,Lalganj (NP),23124,17846,1,77.1752291991005
9,158,Maharajganj (NP),6673,4685,1,70.20830211299265
9,158,Parsadepur (NP),11853,6618,1,55.83396608453556
9,158,Rae Bareli (NPP),191316,139042,1,72.67661878776475
9,158,Salon (NP),14757,9440,1,63.96964152605543
9,158,Unchahar (NP),11033,7765,1,70.37976978156439
9,159,Amethi Jadid (CT),5642,2779,1,49.25558312655087
9,159,Baroun (CT),5886,3493,1,59.34420659191302
9,159,Farrukhabad-cum-Fatehgarh (NPP),276581,177793,1,64.28243444054364
9,159,Fatehgarh (CB),14793,11478,1,77.59075238288379
9,159,Kaimganj (NPP),34384,23376,1,67.98510935318754
9,159,Kamalganj (NP),15477,10140,1,65.51657297925955
9,159,Kampil (NP),10281,5465,1,53.15630775216419
9,159,Mohammadabad (NP),24687,16545,1,67.0190788674201
9,159,Shamsabad (NP),28454,14333,1,50.37253110283264
9,160,Chhibramau (NPP),60986,41846,1,68.61574787656184
9,160,Gursahaiganj (NPP),46060,26100,1,56.66521927920104
9,160,Kannauj (NPP),84862,52491,1,61.85454031250737
9,160,Samdhan (NP),31479,13257,1,42.11379014581149
9,160,Saurikh (NP),12498,7875,1,63.01008161305809
9,160,Sikanderpur (NP),9209,5929,1,64.38266912802692
9,160,Talgram (NP),11665,5559,1,47.6553793399057
9,160,Tirwaganj (NP),24082,17537,1,72.82202474877502
9,161,Bakewar (NP),14965,10482,1,70.04343468092216
9,161,Bharthana (NPP),44120,33391,1,75.68223028105167
9,161,Ekdil (NP),11310,7333,1,64.83642793987622
9,161,Etawah (NPP),256838,185041,1,72.04580319111658
9,161,Jaswantnagar (NPP),28164,19174,1,68.07981820764097
9,161,Lakhna (NP),10902,8379,1,76.85745734727573
9,162,Achhalda (NP),9431,7210,1,76.45000530166473
9,162,Atasu (NP),11568,8426,1,72.83886583679114
9,162,Auraiya (NPP),87736,67241,1,76.64014771587489
9,162,Babarpur Ajitmal (NP),29284,21426,1,73.16623412102172
9,162,Bidhuna (NP),32252,25243,1,78.26801438670469
9,162,Dibiyapur (NP),27237,21774,1,79.94272496971033
9,162,Jamuhan (CT),7139,4977,1,69.7156464490825
9,162,Kasba Khanpur (CT),11938,6626,1,55.50343441112414
9,162,Phaphund (NP),17637,11990,1,67.98208312071215
9,163,Ahrauli Shekh (CT),7383,5181,1,70.17472572125152
9,163,Akbarpur (NP),20445,13407,1,65.57593543653705
9,163,Amraudha (NP),10436,6358,1,60.92372556535071
9,163,Derapur (NP),7533,5107,1,67.79503517854772
9,163,Gausganj (CT),8700,5844,1,67.17241379310344
9,163,Jhinjhak (NP),24027,17874,1,74.39130977650143
9,163,Pukhrayan (NPP),24258,18233,1,75.16283287987468
9,163,Raniyan (CT),10011,7186,1,71.78104085505943
9,163,Rasulabad (NP),22196,14431,1,65.01621913858354
9,163,Rura (NP),16233,12424,1,76.53545247335674
9,163,Shivli (NP),8621,6373,1,73.92413873100568
9,163,Sikandra (NP),13580,8439,1,62.142857142857146
9,164,Armapur Estate (CT),15463,12507,1,80.88339908167885
9,164,Bilhaur (NPP),20493,12171,1,59.39101156492461
9,164,Bithoor (NP),11300,8031,1,71.070796460177
9,164,Chakeri (CT),7526,5745,1,76.33537071485517
9,164,Choubepur Kalan (CT),10785,7928,1,73.50950394065833
9,164,Ghatampur (NPP),40623,26714,1,65.76077591512197
9,164,Kanpur (CB),108534,76296,1,70.29686549836917
9,164,Kanpur (M Corp. + OG),2768057,2061277,1,74.46656625929306
9,164,Kanpur (M Corp.),2765348,2059105,1,74.46097200063066
9,164,Northern Railway Colony (CT),20916,13893,1,66.42283419391853
9,164,Shivrajpur (NP),11948,8308,1,69.53465015065284
9,165,Jalaun (NPP),56909,38608,1,67.84164191955578
9,165,Kadaura (NP),14903,9015,1,60.491176273233584
9,165,Kalpi (NPP),51670,32464,1,62.82949487129863
9,165,Konch (NPP),53412,33624,1,62.952145585261746
9,165,Kotra (NP),8390,5463,1,65.11323003575686
9,165,Madhogarh (NP),12858,8825,1,68.63431326800435
9,165,Nadigaon (NP),7991,4768,1,59.66712551620573
9,165,Orai (NPP + OG),190575,138141,1,72.48642266824085
9,165,Orai (NPP),187137,135729,1,72.52921656326649
9,165,Rampura (NP),12944,8162,1,63.05624227441285
9,165,Umri (NP),9248,6160,1,66.60899653979239
9,166,Babina (CB),27852,20352,1,73.07195174493752
9,166,Baragaon (NP),8585,5781,1,67.33838089691322
9,166,Barua Sagar (NPP),25028,15596,1,62.31420808694262
9,166,Chirgaon (NPP),16724,12472,1,74.57546041616838
9,166,Deori Singhpura (CT),5800,3630,1,62.58620689655172
9,166,Erich (NP),9531,6050,1,63.47707480851956
9,166,Garautha (NP),10807,7703,1,71.2778754510965
9,166,Gursarai (NPP),26869,19745,1,73.48617365737466
9,166,Jhansi (CB),28343,23354,1,82.39777017252938
9,166,Jhansi (M Corp.),505693,373500,1,73.85904095963362
9,166,Jhansi Railway Settlement (ITS),13602,10754,1,79.06190266137332
9,166,Kathera (NP),7533,4380,1,58.14416567104739
9,166,Khailar (CT),13232,9509,1,71.8636638452237
9,166,Mauranipur (NPP + OG),61449,41103,1,66.88961577893863
9,166,Mauranipur (NPP),58229,38720,1,66.4960758384997
9,166,Moth (NP),12947,9611,1,74.23341314590253
9,166,Parichha (CT),7047,5616,1,79.6934865900383
9,166,Ranipur (NP),18132,11934,1,65.81733951025811
9,166,Samthar (NPP),22455,13489,1,60.07125361834781
9,166,Tondi Fatehpur (NP),11855,6941,1,58.54913538591312
9,167,Banguwan Kalan (CT),2706,1433,1,52.956393200295636
9,167,Lalitpur (NPP),133305,95820,1,71.88027455834364
9,167,Mahroni (NP),9415,6836,1,72.60754115772703
9,167,Mahroni Rural (CT),6509,4335,1,66.60009218005838
9,167,Pali (NP),9267,5525,1,59.62015754828963
9,167,Talbehat (NP),14176,9814,1,69.22968397291196
9,168,Gohand (NP),7503,4572,1,60.935625749700115
9,168,Hamirpur (NPP),35475,26121,1,73.63213530655392
9,168,Kurara (NP),13408,8944,1,66.70644391408115
9,168,Maudaha (NPP),40003,27527,1,68.81233907456941
9,168,Rath (NPP),65056,41901,1,64.40758730939498
9,168,Sarila (NP),9271,5596,1,60.360263186279795
9,168,Sumerpur (NP + OG),39132,26855,1,68.62669937646939
9,168,Sumerpur (NP),27587,19141,1,69.38413020625657
9,169,Charkhari (NPP),27760,17865,1,64.35518731988472
9,169,Kabrai (NP),28564,16563,1,57.98557624982495
9,169,Kharela (NP),13745,8420,1,61.25863950527465
9,169,Kul Pahar (NP),20096,13262,1,65.99323248407643
9,169,Mahoba (NPP),95216,62280,1,65.40917492858344
9,170,Atarra (NPP),47419,32215,1,67.93690292920559
9,170,Baberu (NP),15156,10492,1,69.22670889416732
9,170,Banda (NPP + OG),160473,116330,1,72.49194568556703
9,170,Banda (NPP),154428,111432,1,72.15789882663766
9,170,Bisanda Buzurg (NP),11611,7020,1,60.459908707260354
9,170,Mataundh (NP),9371,5497,1,58.65969480311599
9,170,Naraini (NP),13400,8866,1,66.16417910447761
9,170,Oran (NP),7212,4253,1,58.97115917914587
9,170,Tindwari (NP),11113,7130,1,64.15909295419779
9,171,Chitrakoot Dham (Karwi) (NPP),57402,39132,1,68.17184070241456
9,171,Karwi Mafi (CT),9024,6178,1,68.46187943262412
9,171,Manikpur Sarhat (NP),16467,10080,1,61.213335762433964
9,171,Rajapur (NP),13439,7990,1,59.45382840985193
9,172,Bahuwa (NP),11031,6642,1,60.21212945335872
9,172,Bindki (NPP),36926,25154,1,68.12002383144667
9,172,Fatehpur (NPP),193193,129988,1,67.2840113254621
9,172,Hathgram (NP),11847,7704,1,65.02912129653076
9,172,Khaga (NP),35637,23562,1,66.11667648791986
9,172,Kishunpur (NP),7000,3872,1,55.31428571428572
9,172,Kora Jahanabad (NP),26359,16502,1,62.60480291361584
9,173,Antu (NP),8504,5658,1,66.53339604891816
9,173,Bela Pratapgarh (NPP),76133,56788,1,74.5905192229388
9,173,Dahilamau (CT),6016,4587,1,76.2466755319149
9,173,Karanpur (CT),8185,6072,1,74.18448381185094
9,173,Katra Medniganj (NP),7931,5526,1,69.67595511284831
9,173,Kunda (NP),27179,17870,1,65.74929173258765
9,173,Manikpur (NP),15435,8818,1,57.129899578879176
9,173,Patti (NP),10788,7592,1,70.3744901742677
9,173,Pratapgarh City (NP),15071,9014,1,59.81023157056599
9,174,Ajhuwa (NP),16936,9234,1,54.522909777987714
9,174,Bharwari (NP),17260,11465,1,66.42526071842411
9,174,Chail (NP),9820,5399,1,54.979633401221996
9,174,Karari (NP),16467,10053,1,61.04937147021315
9,174,Kasiya (CT),8490,4349,1,51.22497055359246
9,174,Mahmudpur Taluka Madpur Sult (CT),5065,3715,1,73.34649555774926
9,174,Manjhanpur (NP),16457,9590,1,58.273075287111865
9,174,Sarai Aquil (NP),19538,11498,1,58.849421639881264
9,174,Sirathu (NP),14423,9079,1,62.948069056368304
9,175,Allahabad (CB),26944,18892,1,70.11579572446556
9,175,Allahabad (M Corp. + OG),1168385,887136,1,75.92839688972384
9,175,Allahabad (M Corp.),1112544,846038,1,76.04535191417149
9,175,Arail Uparhar (CT),12190,7482,1,61.378178835110745
9,175,Baswar (CT),5552,2413,1,43.461815561959654
9,175,Bharatganj (NP),16345,9018,1,55.17283572958092
9,175,Bihka Urf Pura Mufti (CT),10749,6653,1,61.89412968648247
9,175,Chak Babura Alimabad (CT),4876,3001,1,61.54634946677605
9,175,Chak Imam Ali (CT),4641,3835,1,82.6330532212885
9,175,Handia (NP),21798,13325,1,61.12946141847876
9,175,Jasra (CT),5483,3675,1,67.02535108517235
9,175,Jhusi (NP),13878,8804,1,63.438535812076665
9,175,Jhusi Kohna (CT),20023,15806,1,78.93921989711832
9,175,Koraon (NP),14821,9417,1,63.538222791984346
9,175,Lal Gopalganj Nindaura (NP),28288,15734,1,55.62075791855203
9,175,Mahewa Patti Pashchim Uparhar (CT),6408,3501,1,54.634831460674164
9,175,Mau Aima (NP),19645,13295,1,67.67625349961823
9,175,Nivi (CT),7125,3750,1,52.63157894736842
9,175,Phulpur (NP),22998,15087,1,65.6013566397078
9,175,Pura Pandey (CT),4066,2835,1,69.72454500737825
9,175,Sarai Abdulmalik (CT),4815,3482,1,72.31568016614746
9,175,Sarai Lahur Urf Lahurpur (CT),4406,3002,1,68.1343622333182
9,175,Shaha Urf Pipalgaon (CT),8342,3875,1,46.45169024214816
9,175,Shankargarh (NP),17785,11442,1,64.33511385999438
9,175,Sirsa (NP),12686,8715,1,68.69777707709287
9,175,Soraon (CT),10624,6633,1,62.43411144578314
9,176,Banki (NP),21317,13008,1,61.0217197541868
9,176,Barel (CT),27207,20095,1,73.85966846767376
9,176,Dariyabad (NP),18338,9875,1,53.849929108954086
9,176,Dewa (NP),15662,7967,1,50.868343761971644
9,176,Dhakauli (CT),5682,3670,1,64.58993312214008
9,176,Fatehpur (NP),35582,20956,1,58.894946883255585
9,176,Haidergarh (NP),17200,10902,1,63.383720930232556
9,176,Nawabganj (NPP + OG),81486,57830,1,70.96924625088973
9,176,Nawabganj (NPP),81163,57573,1,70.93503197269692
9,176,Obaree (CT),11858,9013,1,76.00775847529094
9,176,Ramnagar (NP),14255,8455,1,59.31252192213259
9,176,Satrikh (NP),12107,5765,1,47.617081027504746
9,176,Siddhaur (NP),12438,5679,1,45.65846599131693
9,176,Subeha (NP),13772,6301,1,45.75225094394423
9,176,Tikait Nagar (NP),9456,5048,1,53.384094754653134
9,176,Zaidpur (NP),34443,14270,1,41.430769677438086
9,177,Ayodhya (NPP),55890,39007,1,69.7924494542852
9,177,Bhadarsa (NP),13154,8887,1,67.56119811464193
9,177,Bikapur (NP),14453,8952,1,61.93869784819761
9,177,Faizabad (CB),12391,9783,1,78.95246549915261
9,177,Faizabad (NPP),165228,123895,1,74.98426416830077
9,177,Gaddoo Pur (CT),6478,4530,1,69.9289904291448
9,177,Gosainganj (NP),12931,9512,1,73.55966282576753
9,177,Khojn Pur (CT),9618,7629,1,79.32002495321274
9,177,Pahar Ganj (CT),7019,5518,1,78.61518734862516
9,177,Rudauli (NPP),43091,23859,1,55.36887052980901
9,178,Akbarpur (NPP),111447,72049,1,64.64866707941891
9,178,Ashrafpur Kichhauchha (NP),15838,8603,1,54.31872711200909
9,178,Bhulepur (CT),6445,4580,1,71.06283941039565
9,178,Iltifatganj Bazar (NP),13136,8628,1,65.68209500609014
9,178,Jalalpur (NPP),31972,24194,1,75.67246340547979
9,178,Jalalpur Dehat (CT),6376,4483,1,70.31053952321204
9,178,Tanda (NPP),95516,64736,1,67.77503245529545
9,179,Amethi (NP),13849,9488,1,68.51036175897177
9,179,Dostpur (NP),14011,9155,1,65.34151737920205
9,179,Kadipur (NP),8010,5571,1,69.5505617977528
9,179,Kasba Sultanpur (CT),8304,4978,1,59.94701348747592
9,179,Kathaura (CT),11605,7671,1,66.10081861266696
9,179,Koeripur (NP),8927,5494,1,61.54363167917553
9,179,Korwa (CT),6524,5528,1,84.73329245861436
9,179,Musafirkhana (NP),7999,5876,1,73.45918239779972
9,179,Nihal Garh Chak Jangla (CT),7345,4560,1,62.08304969366917
9,179,Palpur (CT),5702,3827,1,67.11680112241318
9,179,Sultanpur (NPP),107640,84080,1,78.11222593831289
9,180,Bahraich (NPP),186223,119564,1,64.2047437749365
9,180,Jarwal (NP),19289,7927,1,41.095961428793615
9,180,Kewalpur (CT),16445,8201,1,49.869261173609
9,180,Nanpara (NPP),48337,25698,1,53.1642427126218
9,180,Risiya Bazar (NP),13750,6700,1,48.72727272727273
9,181,Bhinga (NP),23780,12607,1,53.01513877207738
9,181,Ikauna (NP),14869,8327,1,56.002421144663394
9,182,Balrampur (NPP + OG),82488,48597,1,58.91402385801571
9,182,Balrampur (NPP),81054,47964,1,59.17536457176698
9,182,Bishunipur (CT),4302,2241,1,52.09205020920502
9,182,Ganwaria Tulsipur (Dehat) (CT),5748,3099,1,53.914405010438415
9,182,Pachperwa (NP),17220,7510,1,43.61207897793264
9,182,Tulsipur (NP),24488,14259,1,58.22852009147338
9,182,Utraula (NPP),32145,19641,1,61.1012599160056
9,183,Colonelganj (NPP),29435,16811,1,57.11228129777476
9,183,Gird Gonda (CT),14391,8694,1,60.41275797373359
9,183,Gonda (NPP),114046,80859,1,70.90033845991968
9,183,"Indian Tehephone Industry, Mankapur (Special Gram) (CT)",6998,6494,1,92.79794226921977
9,183,Janki Nagar (CT),10195,6937,1,68.04315841098578
9,183,Katra (NP),8108,4450,1,54.88406512086827
9,183,Khargupur (NP),10472,5480,1,52.33002291825821
9,183,Mankapur (NP),9461,7015,1,74.14649614205686
9,183,Nawabganj (NPP),17314,12262,1,70.8213006815294
9,183,Pure Tiwari (CT),4609,1827,1,39.6398351052289
9,184,Bansi (NPP),41057,23847,1,58.08266556251066
9,184,Barhani Bazar (NP),14492,9283,1,64.05603091360751
9,184,Domariyaganj (NP),30698,17573,1,57.24477164636133
9,184,Hallaur (CT),6999,4957,1,70.82440348621232
9,184,Itwa (CT),8253,4855,1,58.82709317823822
9,184,Shohratgarh (NP),9326,5934,1,63.62856530130817
9,184,Siddharthnagar (NPP),25422,17023,1,66.96168672803084
9,184,Uska Bazar (NP),24444,14147,1,57.87514318442154
9,185,Basti (NPP),114657,84389,1,73.60126289716284
9,185,Bhabnan Bazar (NP),14282,9701,1,67.92466041170704
9,185,Harraiya (NP),9158,6374,1,69.60034942127102
9,186,Bagh Nagar Urf Bakhira (CT),8477,5330,1,62.876017459006725
9,186,Hariharpur (NP),11285,7100,1,62.91537439078423
9,186,Khalilabad (NPP),47847,34114,1,71.29809601437917
9,186,Ledwa Mahua (CT),13844,7459,1,53.87893672349032
9,186,Maghar (NP),19181,12531,1,65.33027475105573
9,186,Mehdawal (NP),27897,15613,1,55.96659138975517
9,187,Anandnagar (NP),10113,7885,1,77.96895085533471
9,187,Ghughuli (NP),11271,7370,1,65.3890515482211
9,187,Jugauli (CT),6286,3958,1,62.965319758192805
9,187,Maharajganj (NPP),33930,22920,1,67.55083996463307
9,187,Nautanwa (NPP),33753,23218,1,68.7879595887773
9,187,Nichlaul (NP),18414,12400,1,67.34006734006735
9,187,Siswa Bazar (NP),20963,14217,1,67.81949148499737
9,188,Air Force Area (CT),4581,3744,1,81.72888015717092
9,188,Bansgaon (NP),15313,10056,1,65.66969241820675
9,188,Bargo (CT),7139,4952,1,69.36545734696736
9,188,Barhalganj (NP),21290,14079,1,66.12963832785346
9,188,Gola Bazar (NP),13335,8208,1,61.55230596175478
9,188,Gorakhpur (M Corp.),673446,506694,1,75.23899466326922
9,188,Harsewakpur No.2 (CT),8534,4870,1,57.06585423013827
9,188,Jangl Hakeem No 2 (CT),8328,4510,1,54.15465898174831
9,188,Lahsari (CT),5051,2784,1,55.117798455751334
9,188,Mundera Bazar (NP),10818,7884,1,72.87853577371048
9,188,Pipiganj (NP),13517,9093,1,67.27084412221646
9,188,Pipraich (NP),15621,10662,1,68.25427309391205
9,188,Piprayli Bujurg (CT),6270,4081,1,65.08771929824562
9,188,Sahjanwan (NP),32886,22083,1,67.15015508118957
9,189,Fazi Nagar (CT),6216,4237,1,68.16280566280565
9,189,Hata (NP),12801,8829,1,68.97117412702133
9,189,Kaptanganj (NP),23526,12084,1,51.36444784493751
9,189,Khadda (NP),16117,9653,1,59.89328038716882
9,189,Kushinagar (NP),22214,15150,1,68.20023408661204
9,189,Padrauna (NPP),49723,33912,1,68.2018381835368
9,189,Ramkola (NP),14433,8654,1,59.959814314418345
9,189,Sewarhi (NP),23077,16550,1,71.71642761190796
9,190,Bhatni Bazar (NP),15352,10698,1,69.68473163105784
9,190,Bhatpar Rani (NP),14839,10393,1,70.03841229193341
9,190,Deoria (NPP),129479,99562,1,76.8943226314692
9,190,Gaura Barhaj (NPP),36459,22901,1,62.81302284758221
9,190,Gauri Bazar (NP),6468,4530,1,70.03710575139146
9,190,Lar (NP),28307,17944,1,63.390680750344444
9,190,Majhauliraj (NP),20818,11997,1,57.628014218464784
9,190,Rampur Karkhana (NP),9943,6115,1,61.50055315297194
9,190,Rudrapur (NP),34014,21001,1,61.74222379020403
9,190,Salempur (NP),21124,15671,1,74.18576027267562
9,191,Amilo (CT),30339,18301,1,60.321698144302715
9,191,Atrauliya (NP),9374,6477,1,69.09537017281843
9,191,Azamgarh (NPP),110983,83208,1,74.9736446122379
9,191,Azmatgarh (NP),12160,6835,1,56.20888157894737
9,191,Barahatir Jagdishpur (CT),15367,9648,1,62.783887551246174
9,191,Bilariaganj (NP),13096,9558,1,72.98411728772145
9,191,Chak Sikari (CT),8820,4348,1,49.29705215419501
9,191,Hafizpur (CT),8195,5720,1,69.79865771812081
9,191,Ibrahimpur (CT),7853,4980,1,63.41525531643958
9,191,Jiyanpur (NP),11816,7660,1,64.82735274204468
9,191,Katghar Lalganj (NP),13467,9013,1,66.92656122373208
9,191,Mahrajganj (NP),6735,4575,1,67.92873051224944
9,191,Mahul Khas Or Mahul (CT),6246,3878,1,62.08773615113673
9,191,Mehnagar (NP),14841,9521,1,64.15335893807695
9,191,Mubarakpur (NPP),70463,40084,1,56.88659296368307
9,191,Nizamabad (NP),13848,9394,1,67.83651068746389
9,191,Palhni (CT),5189,3571,1,68.81865484679129
9,191,Phulpur (NP),9329,6946,1,74.455997427377
9,191,Sarai Mir (NP),19055,13151,1,69.0160062975597
9,191,Satiyava (CT),6225,3906,1,62.746987951807235
9,192,Adari (NP),13717,9256,1,67.47831158416562
9,192,Amila (NP),5234,3839,1,73.34734428735193
9,192,Atrari (CT),5555,3799,1,68.3888388838884
9,192,Chakmano Urf Dargah (CT),4837,3152,1,65.16435807318585
9,192,Dohrighat (NP),11799,7769,1,65.84456309856768
9,192,Ghosi (NP),39165,25803,1,65.88280352355419
9,192,Khairabad (CT),13016,8279,1,63.60633066994469
9,192,Kopaganj (NP),34782,22850,1,65.69489966074407
9,192,Kurthi Jafarpur (CT),14157,9494,1,67.06223069859433
9,192,Maunath Bhanjan (NPP),278745,182423,1,65.444402590181
9,192,Muhammadabad (NP),41780,28290,1,67.71182383915749
9,192,Para (CT),6427,4168,1,64.85140812198537
9,192,Ratanpura (CT),4405,3139,1,71.25993189557322
9,192,Walidpur (CT),25589,15031,1,58.74008362968463
9,193,Ballia (NPP),104424,77331,1,74.0548149850609
9,193,Bansdih (NP),21201,12996,1,61.29899533040894
9,193,Belthara Road (NP),20404,15378,1,75.367574985297
9,193,Chitbara Gaon (NP),21879,14145,1,64.65103523927054
9,193,Maniyar (NP),19890,11759,1,59.12016088486677
9,193,Middha (CT),6523,4205,1,64.46420358730646
9,193,Premchak Urf Baheri (CT),7063,5360,1,75.88843267733257
9,193,Rasra (NPP),31765,22309,1,70.231386746419
9,193,Reoti (NP),26359,13874,1,52.634773701582006
9,193,Sahatwar (NP),20615,11756,1,57.02643706039292
9,193,Sikanderpur (NP),23986,15842,1,66.04686066872341
9,194,Banjarepur (CT),5108,3326,1,65.11354737666406
9,194,Dhanauha (CT),6212,4090,1,65.84030907920155
9,194,Gaura (CT),5618,3897,1,69.36632253470985
9,194,Jafarabad (NP),10792,6897,1,63.90845070422535
9,194,Jaunpur (NPP),180362,128050,1,70.99610782759117
9,194,Kerakat (NP),13525,9475,1,70.0554528650647
9,194,Khetasarai (NP),19438,11902,1,61.23057927770347
9,194,Machhlishahr (NP),26107,17205,1,65.90186540008428
9,194,Mahimapur (CT),5280,3637,1,68.88257575757576
9,194,Mariahu (NP),22778,15426,1,67.72324172447098
9,194,Mogra Badshahpur (NPP),20004,14337,1,71.67066586682664
9,194,Sadatmasaura (CT),4800,2705,1,56.35416666666667
9,194,Shahganj (NPP),26556,19686,1,74.13014008133754
9,195,Bahadurganj (NP),19992,11852,1,59.28371348539416
9,195,Dildarnagar Fatehpur Bazar (NP),12855,9857,1,76.67833527810191
9,195,Ghazipur (NPP + OG),121020,88656,1,73.25731284085275
9,195,Ghazipur (NPP),110587,81641,1,73.82513315308309
9,195,Jangipur (NP),12223,8324,1,68.10112083776487
9,195,Mohammadabad (NPP),38328,25504,1,66.54143185138803
9,195,Sadat (NP),12361,8255,1,66.78262276514845
9,195,Saidpur (NP),24338,15898,1,65.3217191223601
9,195,Zamania (NPP),33243,21462,1,64.56096020214783
9,196,Bahadurpur (CT),8515,4582,1,53.81092190252495
9,196,Chakia (NP),17356,11321,1,65.22816317123761
9,196,Chandauli (NP),23020,16202,1,70.38227628149436
9,196,Chaurhat (CT),7971,4224,1,52.99209634926609
9,196,Dulhipur (CT),8243,3709,1,44.99575397306806
9,196,Madiya (CT),7891,5272,1,66.81029020402991
9,196,Mughalsarai (NPP),109650,76936,1,70.16507067943456
9,196,Mughalsarai Railway Settlement (ITS),20441,17577,1,85.98894378944279
9,196,Saiyad Raza (NP),18315,12475,1,68.1135681135681
9,196,Sakaldiha (CT),7394,5020,1,67.89288612388424
9,196,Satpokhari (CT),13757,3268,1,23.755179181507597
9,197,Amara Khaira Chak (CT),6577,4192,1,63.73726623080431
9,197,Asapur (CT),6153,4476,1,72.74500243783521
9,197,Baragaon (CT),11383,7307,1,64.1922164631468
9,197,Benipur (CT),12470,6884,1,55.20449077786688
9,197,Bhagawanpur (CT),7269,5996,1,82.48727472829826
9,197,Birbhanpur (CT),8233,5159,1,62.662455969877314
9,197,Chandpur (CT),6427,4476,1,69.64369067994399
9,197,Chhitauni (CT),6195,3252,1,52.493946731234864
9,197,Chhitpur (CT),12156,8645,1,71.11714379730174
9,197,Dindaspur (CT),6352,3719,1,58.54848866498741
9,197,Gangapur (NP),7561,4880,1,64.54172728475069
9,197,Gaura Kala (CT),4653,2994,1,64.34558349451966
9,197,Harpalpur (CT),7710,3501,1,45.40856031128405
9,197,Jalal Patti (CT),6033,4281,1,70.95972153157632
9,197,Kachnar (CT),5870,3787,1,64.5144804088586
9,197,Kakarmatta (CT),7377,5256,1,71.24847498983327
9,197,Kallipur (CT),6295,3684,1,58.522637013502774
9,197,Kandwa (CT),11685,8631,1,73.86392811296534
9,197,Kesaripur (CT),5381,3349,1,62.23750232298829
9,197,Kotwa (CT),20219,10393,2,51.40214649587021
9,197,Lahartara  (CT),5124,3494,1,68.18891491022639
9,197,Lerhupur (CT),6934,4132,1,59.59042399769253
9,197,Lohta (CT),25596,12878,1,50.312548835755585
9,197,Maheshpur (CT),5553,3677,1,66.21645957140284
9,197,Maruadih  (CT),11228,8122,1,72.33701460634128
9,197,Maruadih Railway Settlement (ITS),14298,11719,1,81.96251223947405
9,197,Parmanandpur (CT),5139,2913,1,56.68417980151781
9,197,Phulwaria (CT),20466,14268,1,69.71562591615363
9,197,Ramnagar (NPP),49132,34400,1,70.01546853374583
9,197,Salarpur (CT),10126,6442,1,63.61840805846336
9,197,Sarai Mohana (CT),4824,2177,1,45.12852404643449
9,197,Shivdaspur (CT),16405,11117,1,67.76592502285888
9,197,Sir Gobardhan (CT),11350,7717,1,67.99118942731278
9,197,Susuwahi (CT),10454,8096,1,77.44404055863784
9,197,Suzabad (CT),15384,8966,1,58.28133125325014
9,197,Umarha (CT),6429,4124,1,64.14683465546742
9,197,Varanasi (CB),14119,11070,1,78.40498618882357
9,197,Varanasi (M Corp.),1198491,842497,1,70.29648115839001
9,198,Bhadohi (NPP),94620,58470,1,61.79454660748256
9,198,Ghosia Bazar (NP),20760,11281,1,54.34007707129095
9,198,Gird Baragaon (CT),5241,3090,1,58.9582140812822
9,198,Gopiganj (NPP),19058,13004,1,68.23381257214818
9,198,Gyanpur (NP),12808,9315,1,72.72798251093067
9,198,Hariyawan (CT),6769,3556,1,52.533609100310244
9,198,Jakhaon (CT),6286,3472,1,55.233853006681514
9,198,Khamaria (NP),25929,16792,1,64.76146399784025
9,198,Lachhiman Patti (CT),5580,3208,1,57.491039426523294
9,198,Nai Bazar (NP),13408,8609,1,64.20793556085918
9,198,Suriyawan (NP),18843,11479,1,60.91917422915672
9,199,Ahraura (NPP),24967,15037,1,60.22750030039652
9,199,Anurudhpur Purab Patti (CT),4568,2548,1,55.779334500875656
9,199,Bharuhana (CT),6629,3911,1,58.99834062452859
9,199,Chunar (NPP),37185,24674,1,66.3547129218771
9,199,Garauri (CT),5378,3356,1,62.40238006693938
9,199,Kachhwa (NP),15958,10846,1,67.96591051510215
9,199,Kataka (CT),4926,3047,1,61.85546082013804
9,199,Mirzapur-cum-Vindhyachal (NPP),234871,156408,1,66.59315113402677
9,199,Pipara Dand (CT),5420,2605,1,48.06273062730627
9,199,Tilthi (CT),7665,4667,1,60.887149380300066
9,200,Anpara (CT),17978,13356,1,74.2907998665035
9,200,Bijpur (CT),9420,7295,1,77.4416135881104
9,200,Chopan (NP),14302,10576,1,73.94769962243043
9,200,Churk Ghurma (NP),6883,4650,1,67.55775098067703
9,200,Dudhi (NP),12560,9135,1,72.73089171974523
9,200,Ghorawal (NP),7291,4864,1,66.71238513235495
9,200,Hindalco Industries Ltd. (Renukoot) (ITS),41792,34723,1,83.08527947932619
9,200,Jamshila (CT),7923,6359,1,80.26000252429635
9,200,Kakari (CT),5221,4200,1,80.4443593181383
9,200,Kanaudia Chamical & Industries Ltd. (Renukoot) (ITS),3631,2977,1,81.98843293858441
9,200,Khariya (CT),10482,8370,1,79.85117344018317
9,200,Kota (CT),13409,10588,1,78.96189126705944
9,200,Obra (NP),46574,34264,1,73.56894404603426
9,200,Parasi (CT),23966,18335,1,76.50421430359677
9,200,Pipri (NP),15063,11277,1,74.86556462856004
9,200,Renukoot (NP + OG),20076,13434,1,66.9157202630006
9,200,Renukoot (NP),12409,7746,1,62.422435329196546
9,200,Sonbhadra (NPP),36689,26881,1,73.26719180135736
9,200,Villimar Kundi (CT),21082,11548,1,54.77658666160706
9,201,Aliganj (NPP),28396,17320,1,60.99450626848852
9,201,Awagarh (NP),10983,7779,1,70.82764272056815
9,201,Bhagipur (CT),12414,8211,1,66.14306428226196
9,201,Etah (NPP),118517,87629,1,73.93791607954977
9,201,Jaithara (NP),12009,8076,1,67.24956282787909
9,201,Jalesar (NPP),38130,22866,1,59.96852871754525
9,201,Marehra (NPP),19542,9981,1,51.07460853546208
9,201,Nidhauli Kalan (NP),8418,4549,1,54.03896412449512
9,201,Raja Ka Rampur (NP),11644,6755,1,58.012710408794234
9,201,Sakit (NP),8089,4320,1,53.40585980961799
9,202,Amanpur (NP),10830,6247,1,57.68236380424746
9,202,Bhargain (NP),21891,9491,1,43.355716961308296
9,202,Bilram (NP),12429,4802,1,38.63544935232118
9,202,Ganj Dundawara (NPP),45385,23245,1,51.21736256472402
9,202,Kasganj (NPP),101277,68003,1,67.14555130977419
9,202,Mohanpur (NP),4919,2499,1,50.80300874161415
9,202,Patiyali (NP),14366,6955,1,48.41291939301128
9,202,Sahawar (NP),24067,10979,1,45.61848173848008
9,202,Sidhpura (NP),15740,9519,1,60.47649301143583
9,202,Soron (NPP),27468,13495,1,49.12989660696083
9,202,Sujavalpur (CT),9835,4087,1,41.5556685307575
10,203,Bagaha (Nagar Parishad),112634,55400,1,49.18585862173056
10,203,Bettiah (Nagar Parishad),132209,91298,1,69.05581314433964
10,203,Chanpatia (NP),27095,15105,1,55.74829304299686
10,203,Hat Saraiya (CT),6863,3654,1,53.24202243916655
10,203,Kargahia Purab (CT),9995,6051,1,60.54027013506753
10,203,Narkatiaganj (Nagar Parishad),49507,32202,1,65.04534712262912
10,203,Ramnagar (NP),48411,26725,1,55.20439569519324
10,203,Tola Mansaraut (CT),6451,3642,1,56.45636335451868
10,204,Areraj (NP),26014,15701,1,60.355962174213886
10,204,Chakia (NP),20686,12648,1,61.142801895001455
10,204,Dhaka (NP),42063,18432,1,43.81998430925041
10,204,Kesaria (NP),18984,9444,1,49.74715549936789
10,204,Madhuban (NP),17510,8015,1,45.77384351798972
10,204,Mehsi (NP),25995,13538,1,52.07924600884786
10,204,Motihari (Nagar Parishad),126158,92798,1,73.55696824616751
10,204,Pakri Dayal (NP),29582,12294,1,41.559056182813876
10,204,Raxaul Bazar  (Nagar Parishad),55536,35186,1,63.35710169979832
10,204,Sugauli (NP),38815,20121,1,51.83820687878398
10,205,Sheohar (NP),28116,14075,1,50.06046379285816
10,206,Bairgania (NP),42895,23234,1,54.16482107471733
10,206,Belsand (NP),20566,9440,1,45.90100165321404
10,206,Dumra (NP),15674,12131,1,77.39568712517546
10,206,Janakpur Road (NP),15129,10855,1,71.74961993522373
10,206,Mohanpur (CT),5815,2789,1,47.96216680997421
10,206,Rajopatti urf Kota Bazar (CT),14631,8559,1,58.49907730161985
10,206,Sitamarhi (Nagar Parishad),67818,44598,1,65.76130230912148
10,206,Talkhapur Dumra (CT),7970,4219,1,52.936010037641154
10,207,Ghoghardiha (NP),18257,9703,1,53.146738237388405
10,207,Jainagar (NP),21782,14546,1,66.7799100174456
10,207,Jhanjharpur (NP),30590,15365,1,50.22883295194508
10,207,Madhubani (CT),7070,4566,1,64.58274398868458
10,207,Madhubani (Nagar Parishad),75736,47414,1,62.60430970740467
10,207,Satghara (CT),8060,4849,1,60.16129032258064
10,208,Birpur (NP),19932,13551,1,67.98615291992776
10,208,Nirmali (NP),20189,11533,1,57.12516717024122
10,208,Supaul (Nagar Parishad),65437,38855,1,59.37772208383636
10,209,Araria (Nagar Parishad),79021,47396,1,59.97899292593109
10,209,Forbesganj (Nagar Parishad),50475,33786,1,66.93610698365528
10,209,Jogabani (NP),39281,20183,1,51.38107481988747
10,210,Bahadurganj (NP),36993,18554,1,50.15543481199146
10,210,Kishanganj (Nagar Parishad),105782,65308,1,61.73829195893441
10,210,Thakurganj (NP),18348,11728,1,63.91977327229126
10,211,Banmankhi Bazar (NP),30336,18520,1,61.04957805907173
10,211,Kasba (NP),30421,17523,1,57.60165675027119
10,211,Purnia (M Corp.),282248,174658,1,61.88104078682577
10,212,Katihar (M Corp. + OG),240838,162501,1,67.47315622949867
10,212,Katihar (M Corp.),226261,152000,1,67.17905427802405
10,212,Manihari (NP),26629,14098,1,52.94228097187277
10,212,Raghunathpur (CT),6355,3834,1,60.33044846577498
10,213,Madhepura (Nagar Parishad),54472,35244,1,64.70113085621972
10,213,Murliganj (NP),28691,16132,1,56.22669129692238
10,213,Singhesar Asthan (CT),5298,3120,1,58.89014722536806
10,214,Saharsa (Nagar Parishad),156540,98919,1,63.19087773093139
10,215,Bahadurpur (CT),4406,2706,1,61.416250567408085
10,215,Benipur (Nagar Parishad),75317,37498,1,49.78690069970923
10,215,Darbhanga (M Corp.),296039,201573,1,68.09001516692057
10,215,Padri (CT),7566,4964,1,65.60930478456251
10,216,Damodarpur (CT),13884,9330,1,67.19965427830597
10,216,Dumari urf Damodarpur Shahjahan (CT),6301,3867,1,61.37121091890177
10,216,Kanti (NP),25051,13725,1,54.788232006706316
10,216,Majhauli Khetal (CT),6820,4757,1,69.75073313782991
10,216,Motipur (NP),28572,16029,1,56.10037799244015
10,216,Muzaffarpur (M Corp.),354462,257663,1,72.69128989849406
10,216,Sahebganj (NP),23224,11886,1,51.179813985532206
10,216,Shekhpura (CT),10204,7642,1,74.8921991375931
10,216,Yehiapur (CT),4919,3910,1,79.4877007521854
10,217,Barauli (NP),41877,23582,1,56.31253432671872
10,217,Gopalganj (Nagar Parishad),67339,46237,1,68.66303330907795
10,217,Hathua (CT),7156,4408,1,61.59865846841811
10,217,Kataiya (NP),20193,11637,1,57.62888129549844
10,217,Mirganj (NP),26240,17070,1,65.05335365853658
10,218,Maharajganj (NP),24282,15181,1,62.519561815336466
10,218,Mairwa (NP),23565,14561,1,61.790791427965196
10,218,Siwan (Nagar Parishad),135066,92967,1,68.83079383412553
10,219,Chapra (Nagar Parishad),202352,135951,1,67.18539969953349
10,219,Dighwara (NP),32741,18394,1,56.18032436394734
10,219,Marhaura (NP),29932,16255,1,54.306427903247354
10,219,Revelganj (NP),39039,21044,1,53.90506928968467
10,219,Sanrha (CT),11362,7328,1,64.49568737898257
10,219,Sonepur (NP),37776,25893,1,68.54351969504448
10,220,Hajipur (Nagar Parishad),147688,97372,1,65.93088131737176
10,220,Lalganj (NP),37098,22544,1,60.76877459701332
10,220,Mahnar Bazar (NP),48293,26837,1,55.57120079514629
10,221,Bhagirathpur (CT),5323,2714,1,50.98628592898742
10,221,Bhuindhara (CT),6614,4668,1,70.57756274569095
10,221,Dalsinghsarai (NP),23862,15690,1,65.75308021121448
10,221,Dharampur (CT),5291,3344,1,63.20166320166321
10,221,Mathurapur (CT),7627,5018,1,65.79257899567327
10,221,Rosera (NP),31155,20098,1,64.50970951693147
10,221,Samastipur (Nagar Parishad + OG),67925,50766,1,74.73831431726168
10,221,Samastipur (Nagar Parishad),62935,46416,1,73.75228410264558
10,222,Bakhri (NP),40043,22122,1,55.24561096820918
10,222,Balia (NP),47550,25045,1,52.67087276550999
10,222,Barauni (Nagar Parishad),71660,40529,1,56.557354172481155
10,222,Begusarai (M Corp.) ,252008,162484,1,64.47573092917686
10,222,Bihat (Nagar Parishad),67952,44350,1,65.26665881798917
10,222,Laruara (CT),9376,4694,1,50.06399317406144
10,222,Malhipur (CT),12439,5821,1,46.79636626738484
10,222,Mansur Chak (CT),5359,2602,1,48.55383467064751
10,222,Nurpur (CT),7202,3879,1,53.86003887808942
10,222,Teghra (NP),56234,31155,1,55.40242557883131
10,223,Gogri Jamalpur (NP),37753,20860,1,55.25388710830927
10,223,Khagaria (Nagar Parishad),49406,35124,1,71.09257984860139
10,224,Bhagalpur (M Corp.),400146,273695,1,68.39878444367807
10,224,Colgong (CT),1797,946,1,52.64329437952142
10,224,Colgong (NP),33700,21875,1,64.91097922848664
10,224,Habibpur (CT),12063,6490,1,53.800878720053056
10,224,Naugachhia (NP),49069,27279,1,55.5931443477552
10,224,Nurpur (CT),5595,3628,1,64.84361036639858
10,224,Puraini (CT),30829,13063,1,42.372441532323464
10,224,Sabour (CT),12575,8951,1,71.18091451292247
10,224,Shahjangi (CT),3866,2106,1,54.474909467149516
10,224,Sultanganj (Nagar Parishad),52892,31327,1,59.228238675035925
10,225,Amarpur (NP),25336,14119,1,55.7270287338175
10,225,Banka (NP),45977,29281,1,63.68619092154773
10,226,Asarganj (CT),6327,4761,1,75.24893314366999
10,226,Gazipur (CT),11299,6845,1,60.58058235242056
10,226,Jamalpur (Nagar Parishad),105434,80089,1,75.96126486712066
10,226,Kharagpur (NP),31385,18177,1,57.916202007328344
10,226,Munger (M Corp.),213303,146507,1,68.68492238740195
10,226,Paria (CT),4922,3332,1,67.69605851279967
10,226,Tarapur (CT),7450,5085,1,68.25503355704699
10,227,Barahiya (NP),43032,26746,1,62.15374604945158
10,227,Lakhisarai (Nagar Parishad),99979,57902,1,57.91416197401455
10,228,Barbigha (NP),46075,28318,1,61.46066196418882
10,228,Sheikhpura (Nagar Parishad),62927,35863,1,56.99143451936371
10,229,Biharsharif (M Corp.),297268,189785,1,63.84306417105103
10,229,Ekangar Sarai (CT),6672,4505,1,67.52098321342925
10,229,Hilsa (Nagar Parishad),51052,32705,1,64.06213272741519
10,229,Islampur (NP),35641,22187,1,62.25133974916529
10,229,Rajgir (NP),41587,24121,1,58.001298482698914
10,229,Silao (NP),25674,14439,1,56.23977564851601
10,230,Bakhtiarpur (NP),47897,27477,1,57.366849698310965
10,230,Barh (Nagar Parishad),61470,39168,1,63.71888726207906
10,230,Bihta (NP),47549,29714,1,62.491324738690615
10,230,Bikram (NP),22486,14751,1,65.6008182869341
10,230,Dariapur (CT),4851,2986,1,61.55431869717584
10,230,Dinapur Cantonment (CB),28723,21347,1,74.32023117362392
10,230,Dinapur Nizamat (Nagar Parishad),182429,120135,1,65.85301679009368
10,230,Fatwah (NP),50961,29803,1,58.48197641333569
10,230,Janpur (CT),10614,6112,1,57.58432259280196
10,230,Khagaul (Nagar Parishad),44364,34002,1,76.64322423586691
10,230,Khusrupur (NP),15731,9528,1,60.5683046214481
10,230,Kurthaur (CT),9880,6942,1,70.26315789473684
10,230,Maner (NP),40068,22756,1,56.79345113307378
10,230,Masaurhi (Nagar Parishad),59803,37945,1,63.449994147450795
10,230,Mokameh (Nagar Parishad),60678,37619,1,61.997758660470026
10,230,Naubatpur (NP),25011,14968,1,59.8456679061213
10,230,Nohsa (CT),16680,11161,1,66.91247002398082
10,230,Pareo (CT),8435,4789,1,56.77534084173088
10,230,Pataliputra Housing Colony (CT),3531,3102,1,87.85046728971963
10,230,Patna (M Corp. + OG),1684297,1234991,1,73.3238259048137
10,230,Patna (M Corp.),1684222,1234931,1,73.32352860846136
10,230,Phulwari Sharif (Nagar Parishad),81740,55265,1,67.61071690726695
10,230,Saidpura (CT),7392,4746,1,64.20454545454545
10,231,Arrah (M Corp.),261430,182540,1,69.82366216578052
10,231,Behea (NP),26707,17527,1,65.62698917886696
10,231,Jagdishpur (NP),32447,18751,1,57.78962615958332
10,231,Koilwar (NP),17725,10401,1,58.67983074753174
10,231,Piro (NP),33785,20348,1,60.22791179517537
10,231,Shahpur (NP),17767,10521,1,59.216525018292344
10,232,Buxar (Nagar Parishad),102861,74344,1,72.27617853219394
10,232,Dumraon (Nagar Parishad),53618,32398,1,60.42373829684061
10,232,Sarimpur (CT),8020,4885,1,60.91022443890274
10,233,Anwari (CT),6702,4843,1,72.26201133989854
10,233,Bhabua (Nagar Parishad),50179,35587,1,70.92010602044681
10,233,Ramgarh (CT),8690,5801,1,66.75489067894131
10,234,Bhardua (CT),5317,3588,1,67.48166259168704
10,234,Bikramganj (NP),48465,30452,1,62.83297224801403
10,234,Chanari (CT),6569,4215,1,64.16501750646978
10,234,Dehri (Nagar Parishad),137231,95990,1,69.9477523300129
10,234,Koath (NP),18890,10375,1,54.923239809422974
10,234,Nasriganj (NP),23819,14767,1,61.99672530332927
10,234,Nokha (NP),27302,17113,1,62.68038971503918
10,234,Saraiya (CT),8260,4733,1,57.300242130750604
10,234,Sasaram (Nagar Parishad),147408,102077,1,69.24793769673288
10,234,Telkap (CT),4504,2475,1,54.951154529307274
10,235,Aurangabad (Nagar Parishad),102244,75223,1,73.5720433472869
10,235,Daudnagar (NP),52364,29273,1,55.90291039645558
10,235,Hanspura (CT),7940,5620,1,70.7808564231738
10,235,Nabinagar (NP),23984,14310,1,59.664776517678455
10,235,Obra (CT),14786,9802,1,66.29243879345327
10,235,Rafiganj (NP),35536,23736,1,66.79423683025664
10,236,Bara (CT),5185,3655,1,70.49180327868852
10,236,Bodh Gaya (NP),38439,22121,1,57.54832331746403
10,236,Gaya (M Corp. + OG),474093,334973,1,70.65554648560514
10,236,Gaya (M Corp.),468614,331596,1,70.7610101277384
10,236,Paharpur (CT),1894,1110,1,58.60612460401268
10,236,Sherghati (NP),40666,25389,1,62.43299070476566
10,236,Tikari (NP),21324,14457,1,67.7968486212718
10,237,Bhadauni (CT),20739,11629,1,56.07309899223685
10,237,Hisua (NP),32585,19361,1,59.416909620991255
10,237,Nawada (Nagar Parishad),98029,68758,1,70.14046863683195
10,237,Rajauli (NP),30170,17287,1,57.29864103413988
10,237,Warisaliganj (NP),34056,19885,1,58.38912379610054
10,238,Jamui (Nagar Parishad),87357,56201,1,64.33485582151401
10,238,Jhajha (NP),40646,27624,1,67.96240712493234
10,238,Tola Baliadih (CT),5400,2276,1,42.148148148148145
10,238,Tola Chain (CT),6072,2606,1,42.918313570487484
10,238,Tola Pairamatihana (CT),5858,2570,1,43.87162854216456
10,239,Jehanabad (Nagar Parishad) ,103202,69147,1,67.00160849595939
10,239,Makhdumpur (NP),31994,18293,1,57.176345564793394
10,240,Arwal (Nagar Parishad),51849,32116,1,61.941406777372755
11,241,Mangan (NP),4644,3402,1,73.25581395348837
11,242,Gyalshing (NP),4013,3229,1,80.46349364565162
11,242,Nayabazar Notified Bazar Area,1235,978,1,79.19028340080972
11,243,Jorethang (NP),9009,7161,1,79.48717948717949
11,243,Namchi (M Cl),12190,9814,1,80.50861361771943
11,244,Gangtok (M Corp.),100286,81309,1,81.07711943840616
11,244,Rangpo (NP),10450,8091,1,77.42583732057416
11,244,Rhenak (CT),5883,4590,1,78.02141764405916
11,244,Singtam (NP),5868,4448,1,75.80095432856169
12,245,Tawang (NT),11202,9554,1,85.28834136761293
12,246,Bomdila (NT),8370,5686,1,67.93309438470729
12,246,Dirang (NT),3750,2644,1,70.50666666666666
12,246,Rupa (CT),3812,2699,1,70.80272822665268
12,247,Seppa (NT),18350,11535,1,62.86103542234333
12,248,Itanagar (NT),59490,44172,1,74.25113464447807
12,248,Naharlagun (NT),36158,26329,1,72.81652746280216
12,248,Sagalee (NT),1315,946,1,71.93916349809885
12,249,Daporijo (NT),13405,9219,1,68.77284595300262
12,250,Aalo (NT),20684,15535,1,75.10636240572424
12,250,Basar (NT),4284,3337,1,77.89449112978525
12,251,Boleng (NT),2979,2207,1,74.08526351124539
12,251,Pasighat (NT),24656,17305,1,70.18575600259571
12,252,Yingkiong (NT),6540,4477,1,68.45565749235473
12,253,Changlang (NT),6236,4928,1,79.02501603592046
12,253,Jairampur (NT),7151,5436,1,76.01734023213537
12,253,Miao (NT),5841,4063,1,69.56000684814244
12,254,Deomali (NT),6648,4778,1,71.87123947051745
12,254,Khonsa (NT),9928,7488,1,75.42304593070105
12,254,Longding,4234,2409,1,56.896551724137936
12,255,Ziro (NT),12806,9729,1,75.97220053100109
12,256,Koloriang (NT),2345,1307,1,55.73560767590619
12,257,Anini (NT),2384,1744,1,73.15436241610739
12,258,Roing (NT),11389,9044,1,79.4099569760295
12,259,Namsai (NT),14246,9306,1,65.3235996069072
12,259,Tezu (NT),18184,13504,1,74.26308842938847
12,260,Hawai (NT),982,722,1,73.5234215885947
13,261,Mon (TC),26328,19238,1,73.07049529018535
13,261,Naginimora (TC),8116,5457,1,67.23755544603253
13,262,Changtongya (TC),7532,6269,1,83.23154540626659
13,262,Mokokchung (MC),35913,30738,1,85.59017625929329
13,262,Tsudikong (13th Mile Tuli Paper Mill ) (CT),4416,3545,1,80.27626811594203
13,262,Tuli (TC),7864,6331,1,80.5061037639878
13,263,Satakha Hq. (CT),4964,4321,1,87.04673650282031
13,263,Zunheboto (TC),22633,18411,1,81.34582247161225
13,264,Wokha (TC),35004,29987,1,85.667352302594
13,265,Chumukedima (TC),25885,19980,1,77.18756036314468
13,265,Dimapur (MC),122834,92594,1,75.38140905612453
13,265,Diphupar 'A' (CT),10246,8432,1,82.29552996291235
13,265,Kuda (CT),16108,11745,1,72.91407996026818
13,265,Medziphema (TC),8738,6736,1,77.08857862211033
13,265,Puranabazar 'A' (CT),7385,5945,1,80.50101557210562
13,265,Rangapahar (CT),6673,5783,1,86.66267046306008
13,266,Pfutsero (TC),10371,7839,1,75.58576800694243
13,266,Phek (TC),14204,10821,1,76.18276541819206
13,267,Tuensang (TC),36774,28559,1,77.660847337793
13,268,Longleng (TC),7613,5841,1,76.72402469460134
13,269,Kiphire (TC),16487,11845,1,71.84448353248014
13,270,Kohima (MC),99039,78961,1,79.72717818233221
13,270,Kohima Village (CT),15734,11832,1,75.20020338121266
13,270,Tseminyu (TC),6315,4712,1,74.6159936658749
13,271,Jalukie (TC),8706,6118,1,70.27337468412588
13,271,Peren (TC),5084,3731,1,73.38709677419355
14,272,Kangpokpi (CT),7476,5499,1,73.5553772070626
14,273,Tamenglong (CT),19363,14504,1,74.90574807622787
14,274,Hill Town (CT),2293,1816,1,79.19755778456171
14,274,Rengkai (CT),8293,6868,1,82.81683347401423
14,274,Zenhang Lamka (CT),7771,5733,1,73.77428902329173
14,275,Bishnupur (MCI),12167,9106,1,74.84178515657105
14,275,Kumbi (NP),9546,6306,1,66.05908233815211
14,275,Kwakta (NP),8579,4141,1,48.269029024361814
14,275,Moirang (MCI),19893,14868,1,74.73985824159251
14,275,Nambol (MCI) (Major part),17081,12471,1,73.0109478367777
14,275,Ningthoukhong (MCl),13078,8821,1,67.44915124636795
14,275,Oinam (NP),7161,5062,1,70.68845133361262
14,276,Heirok (NP),2974,1842,1,61.936785474108945
14,276,Kakching (M Cl),32138,23228,1,72.2758105669301
14,276,Kakching Khunou (NP),11379,7595,1,66.74575973284121
14,276,Lilong (Thoubal) (NP) (Major part),22888,14300,1,62.47815449143657
14,276,Samurou (NP) (Minor part),5861,4144,1,70.7046579082068
14,276,Sikhong Sekmai (NP),7390,4438,1,60.05412719891745
14,276,Sugnu (NP),5132,3455,1,67.32268121590023
14,276,Thoubal (MCI),45947,33448,1,72.79691818834745
14,276,Wangjing (NP),8055,5738,1,71.23525760397268
14,276,Yairipok (NP),9569,6746,1,70.49848469014526
14,277,Imphal (MCI + OG) (Major part),193459,159216,1,82.29960870261917
14,277,Imphal (MCI) (Major part),186538,153584,1,82.33389443437798
14,277,Lamjaotongba (CT),10593,7993,1,75.45548947418106
14,277,Lamsang (NP),8130,6132,1,75.42435424354244
14,277,Langjing (CT),5451,4299,1,78.86626307099614
14,277,Lilong (Imphal West) (NP + OG),17566,13715,1,78.07696686781283
14,277,Lilong (Imphal West) (NP),12427,9546,1,76.8166089965398
14,277,Mayang Imphal (MCl),24239,15266,1,62.98114608688478
14,277,Nambol (MCI) (Minor part),5431,4258,1,78.40176763027067
14,277,Naoriya Pakhanglakpa (CT) ,7501,5914,1,78.8428209572057
14,277,Sagolband (Part) (CT),4964,4069,1,81.97018533440773
14,277,Samurou NP (Major part),10721,7655,1,71.40192146255013
14,277,Sekmai Bazar (NP),5065,3676,1,72.57650542941757
14,277,Takyel Mapal (CT),5775,4624,1,80.06926406926407
14,277,Thongkhong Laxmi Bazar (NP),14878,9886,1,66.44710310525608
14,277,Wangoi (NP),9106,6532,1,71.73292334724357
14,278,Andro (NP),8744,4877,1,55.77538883806038
14,278,Chingangbam Leikai (CT),4904,3839,1,78.28303425774877
14,278,Heingang (CT),6115,4577,1,74.84873262469338
14,278,Imphal (MCI + OG) ( Minor part),83737,65958,1,78.76804757753443
14,278,Imphal (MCI) ( Minor part),81705,64344,1,78.75160638883789
14,278,Jiribam (M Cl),7343,5851,1,79.68132915702029
14,278,Khongman (CT) ,6096,4969,1,81.51246719160105
14,278,Khurai Sajor Leikai (CT),7987,6403,1,80.16777263052461
14,278,Kiyamgei (CT),5336,3781,1,70.85832083958022
14,278,Kshetrigao (CT),10534,7036,1,66.79324093411809
14,278,Laipham Siphai (CT),5268,4392,1,83.37129840546697
14,278,Lairikyengbam Leikai (CT),4586,3707,1,80.83296990841691
14,278,Lamlai (NP),4601,3344,1,72.67985220604216
14,278,Lilong (Thoubal) (NP) ( Minor part),2012,1537,1,76.39165009940358
14,278,Luwangsangbam (CT),3458,2770,1,80.1041064198959
14,278,Porompat (CT) ,6191,4817,1,77.80649329672104
14,278,Thongju (CT),10836,8518,1,78.60834256183094
14,278,Torban (Kshetri Leikai) (CT),5459,4407,1,80.72907125847225
14,279,Ukhrul (CT),27187,21185,1,77.92327215213153
14,280,Moreh (ST),16847,10285,1,61.04944500504541
15,281,Lengpui (NT),3282,2710,1,82.5716026812919
15,281,Mamit (NT),7884,6451,1,81.82394723490614
15,281,Zawlnuam (NT),3733,2856,1,76.50683096705063
15,282,Bairabi (NT),4320,3237,1,74.93055555555556
15,282,Kolasib (NT),24272,20375,1,83.94446275543837
15,282,N. Kawnpui (NT),7732,6380,1,82.51422659079152
15,282,Vairengte (NT),10554,8633,1,81.79837028614743
15,283,Aizawl (NT),293416,253192,1,86.29113613436213
15,283,Darlawn (NT),3769,3058,1,81.13557972937119
15,283,Sairang (NT),5950,4867,1,81.7983193277311
15,283,Saitual (NT),11619,9703,1,83.50976848265772
15,284,Biate (NT),2277,1991,1,87.43961352657004
15,284,Champhai (NT),32734,26713,1,81.60628093114192
15,284,Khawhai (NT),2496,2112,1,84.61538461538461
15,284,Khawzawl (NT),11022,8964,1,81.32825258573762
15,285,North Vanlaiphai (NT),3602,3046,1,84.56413103831206
15,285,Serchhip (NT),21158,18179,1,85.92021930239153
15,285,Thenzawl (NT),7259,6157,1,84.81884557101529
15,286,Hnahthial (NT),7187,6068,1,84.4302212327814
15,286,Lunglei (NT),57011,49345,1,86.55347213695602
15,286,Tlabung (NT),4554,3595,1,78.94158981115503
15,287,Lawngtlai (NT)            ,20830,16939,1,81.32021123379741
15,288,Saiha (NT),25110,20270,1,80.72481083233771
16,289,Agartala (M Cl),400004,344711,1,86.17688823111769
16,289,Anandanagar (CT),13814,11009,1,79.69451281308817
16,289,Bankimnagar (CT),11949,8889,1,74.39116244037159
16,289,Bishalgarh (NP),21085,17970,1,85.22646431112165
16,289,Briddhanagar (CT),7041,5808,1,82.48828291435876
16,289,Chandigarh (CT),5607,4884,1,87.10540395933654
16,289,Charipara (CT),19598,15259,1,77.85998571282784
16,289,Dukli (CT),16941,13901,1,82.05536863231214
16,289,Gakulnagar (CT),11369,8561,1,75.30125780631542
16,289,Gandhigram (CT),14572,11930,1,81.8693384573154
16,289,Khowai (NP),18526,16582,1,89.50663931771564
16,289,Madhuban (CT),16579,13562,1,81.80227999276192
16,289,Madhupur (CT),14105,11848,1,83.9985820630982
16,289,Narsingarh (CT),7404,6375,1,86.10210696920583
16,289,Radhakishorenagar (CT),13866,11083,1,79.92932352516948
16,289,Ranirbazar (NP),13104,10968,1,83.69963369963371
16,289,Singarbil (CT),12917,10596,1,82.0314314469304
16,289,Sonamura (NP),11285,8777,1,77.77580859548073
16,289,Taranagar (CT),15481,12837,1,82.9209999354047
16,289,Teliamura (NP),21032,17659,1,83.96253328261697
16,289,Uttar Champamura (CT),11359,9143,1,80.49124042609385
16,290,Amarpur (NP),10838,9248,1,85.32939656763241
16,290,Belonia (NP),19996,17394,1,86.9873974794959
16,290,Dhwajnagar (CT),9052,7885,1,87.10782147591692
16,290,Fulkumari (Part) (CT),11160,9403,1,84.25627240143369
16,290,Gakulpur (CT),8361,6375,1,76.24686042339434
16,290,Lebachhara (CT),5273,3655,1,69.31538023895317
16,290,Matarbari (CT),6530,5457,1,83.56814701378255
16,290,Sabroom (NP),7142,6295,1,88.1405768692243
16,290,Santir Bazar (NP),11921,9834,1,82.49307943964432
16,290,Udaipur (NP),32758,28378,1,86.6292203431223
16,291,Ambassa (NP),16285,13821,1,84.86951182069389
16,291,Kalachhari (CT),4827,4191,1,86.82411435674332
16,291,Kamalpur (NP),10872,9664,1,88.88888888888889
16,291,Manu (CT),8515,6723,1,78.95478567234292
16,292,Dewanpasa (CT),8761,7082,1,80.83552105923981
16,292,Dharmanagar (NP),40595,34951,1,86.09680995196453
16,292,Fatikroy (CT),5371,4371,1,81.38149320424502
16,292,Kailasahar (NP),22405,19265,1,85.98527114483375
16,292,Kanchanpur (CT),15341,12384,1,80.72485496382244
16,292,Kumarghat (NP),13054,10889,1,83.41504519687453
16,292,Panisagar (CT),14758,12393,1,83.97479333242987
17,293,Tura (M),74858,60254,1,80.49106307943039
17,294,Resubelpara (MB),19595,15566,1,79.43863230415923
17,294,Williamnagar (MB),24597,18688,1,75.9767451315201
17,295,Baghmara (MB),13131,9787,1,74.53354656918741
17,296,Mairang (TC),14363,10259,1,71.4265821903502
17,296,Nongstoin (TC),28742,19846,1,69.04877879062
17,297,Nongpoh (TC),17055,11610,1,68.07387862796834
17,297,Umroi (CT),8198,6432,1,78.4581605269578
17,298,Cherrapunjee (CT),11722,9121,1,77.81095376215663
17,298,Lawsohtun (CT),8214,6648,1,80.93498904309715
17,298,Madanriting (CT),29194,23686,1,81.13310954305679
17,298,Mawlai (CT),55012,42714,1,77.64487748127681
17,298,Mawpat (CT),6184,4585,1,74.14294954721863
17,298,Nongkseh (CT),4846,3839,1,79.21997523730913
17,298,Nongmynsong (CT),15017,10574,1,70.41353133115803
17,298,Nongthymmai (CT),38004,32059,1,84.35690979896853
17,298,Pynthormukhrah (CT),27219,21146,1,77.68837944083177
17,298,Shillong (CB),11930,9186,1,76.99916177703268
17,298,Shillong (MB),143229,119642,1,83.5319662917426
17,298,Umlyngka (CT),7381,5051,1,68.43246172605339
17,298,Umpling (CT),8529,6771,1,79.38797045374605
17,299,Jowai (M),28430,22387,1,78.74428420682378
18,300,Gossaigaon (TC),9068,7307,1,80.58006175562417
18,300,Kokrajhar (MB),34136,27923,1,81.79927349425826
18,300,Padmabil (CT),6874,4893,1,71.18126272912424
18,300,Salakati (CT),4863,3292,1,67.69483857701007
18,301,Anand Nagar (CT),2050,1198,1,58.4390243902439
18,301,Bilasipara (TC),37410,26703,1,71.37931034482759
18,301,Chapar (TC),20322,14257,1,70.15549650624938
18,301,Dhubri (MB),63388,49602,1,78.25140405123999
18,301,Gauripur (TC),25124,19876,1,79.1116064320968
18,301,Golokganj (CT),8244,5897,1,71.5308102862688
18,301,Jhagra Pt.III (CT),8838,5573,1,63.057252772120385
18,301,Mankachar (CT),26162,16058,1,61.37909945722804
18,301,Sapatgram (TC),12163,9531,1,78.3606018252076
18,302,Asudubi (CT),7356,3004,1,40.83741163675911
18,302,Bhalukdubi (CT),9636,5190,1,53.86052303860524
18,302,Damara Patpara (CT),4922,3729,1,75.76188541243397
18,302,Goalpara (MB),53430,39627,1,74.16619876473891
18,302,Gobindapur (CT),11863,5295,1,44.63457809997471
18,302,Kharijapikon (CT),5550,4306,1,77.58558558558558
18,302,Lakhipur (TC),15633,10206,1,65.28497409326425
18,302,Nidanpur Pt-II (CT),7954,3658,1,45.989439275836055
18,302,Salpara Molandubi Pt.-I (CT),11709,7463,1,63.73729609701939
18,302,Thekashu Pt-I (CT),4384,3319,1,75.70711678832117
18,302,Thekashu Pt.-II (CT),5625,4392,1,78.08
18,303,Barpeta (MB),42649,35380,1,82.95622406152548
18,303,Barpeta Road (MB),35571,28225,1,79.34834556239633
18,303,Bohari (CT),8264,5735,1,69.3973862536302
18,303,Howli (TC),18301,12698,1,69.38418665646687
18,303,Khaira Bari (CT),10210,6287,1,61.57688540646426
18,303,Pathsala (TC),11242,9467,1,84.21099448496709
18,303,Sarbhog (TC),8112,6479,1,79.86932938856016
18,303,Sarthebari (TC),6913,5849,1,84.60870823086938
18,303,Uttar Athiabari (CT),6091,4476,1,73.48547036611393
18,304,Bhuragaon (Rev.) Town (CT),9845,6138,1,62.3463687150838
18,304,Jagiroad (CT),17739,13882,1,78.25694796775467
18,304,Mairabari Town (CT),7177,4309,1,60.0390135153964
18,304,Marigaon (MB),29164,23174,1,79.46097928953503
18,304,Nakhula Grant (CT),3806,2161,1,56.7787703625854
18,304,Tegheria (CT),5567,4708,1,84.5697862403449
18,305,Borpukhuri (CT),8318,4493,1,54.01538831449868
18,305,Chota Haibor (CT),6315,4433,1,70.19794140934283
18,305,Dhing (TC),19235,15085,1,78.42474655575774
18,305,Dimaruguri (CT),10235,7406,1,72.35955056179775
18,305,Doboka (TC),13118,8440,1,64.33907607867053
18,305,Golaghatia Basti (CT),9809,7785,1,79.36588846977266
18,305,Hojai (MB),36638,29708,1,81.08521207489491
18,305,Jamunamukh (CT),7377,5837,1,79.12430527314626
18,305,Kampur Town (TC),10371,8242,1,79.4716035097869
18,305,Lanka (MB),36805,28571,1,77.6280396685233
18,305,Lumding (MB),31347,26473,1,84.45146265990367
18,305,Lumding Rly. Col. (CT),22658,18696,1,82.5139023744373
18,305,Morongial (CT),10318,6984,1,67.68753634425276
18,305,Nagaon (MB + OG),121628,97516,1,80.17561745650671
18,305,Nagaon (MB),117722,94746,1,80.48283243573844
18,305,Pub - Dhaniram Pather (CT),6280,4412,1,70.2547770700637
18,305,Raha (TC),11030,8704,1,78.91205802357207
18,305,Rupahi Town (CT),8052,5431,1,67.44908097367114
18,306,Barika Chuburi (CT),7911,6755,1,85.38743521678676
18,306,Biswanath Chariali (TC),19145,15714,1,82.07887176808566
18,306,Dhekiajuli (MB),21579,17568,1,81.41248435979425
18,306,Gohpur (TC) (Part),12223,9464,2,77.42780004908778
18,306,Gutlong Gaon (CT),10900,6033,1,55.34862385321101
18,306,Majgaon (CT),8154,7148,1,87.66249693402011
18,306,Rangapara (TC),18393,14525,1,78.97026042516174
18,306,Tezpur (MB + OG),75540,63626,1,84.22822345777071
18,306,Tezpur (MB),58559,48871,1,83.45600163937226
18,307,Bihpuria (TC),12016,9661,1,80.40113182423435
18,307,Dhakuakhana (TC),13502,10619,1,78.64760776181306
18,307,Narayanpur (TC),6001,4743,1,79.03682719546742
18,307,North Lakhimpur (MB),59814,45287,1,75.71304376901729
18,308,Dhemaji (TC),12816,10415,1,81.26560549313359
18,308,Jonai Bazar (CT),4459,3198,1,71.7201166180758
18,308,Lakhi Nepali (CT),5348,3209,1,60.0037397157816
18,308,Silapathar (TC),25662,18794,1,73.23669238562856
18,309,Bahbari Gaon (CT),6821,5662,1,83.008356545961
18,309,Borgolai Grant No.II (CT),5241,3464,1,66.09425682121733
18,309,Chapakhowa Town (CT),10305,7818,1,75.86608442503639
18,309,Digboi (TC),21736,18408,1,84.688995215311
18,309,Digboi Oil Town (CT),12726,10614,1,83.4040546911834
18,309,Doom Dooma (TC),21572,16377,1,75.91785648062303
18,309,Forest Vill. Lakhipathar (CT),6129,4589,1,74.87355196606298
18,309,Kachujan Gaon (CT),3246,2803,1,86.35243376463339
18,309,Lido Tikok (CT),5091,3401,1,66.80416421135337
18,309,Lido Town (CT),11717,8560,1,73.05624306563114
18,309,Makum (TC),16923,11866,1,70.11759144359748
18,309,Margherita (TC),26914,21293,1,79.11495875752397
18,309,Tinsukia (MB + OG),116322,92858,1,79.82840735200564
18,309,Tinsukia (MB),99448,79830,1,80.2731075536964
18,310,Barbari (Amc Area) (CT),2884,2168,1,75.17337031900139
18,310,Chabua (TC),8966,7138,1,79.61186705331251
18,310,Dibrugarh (MB + OG) (Part),145488,117975,2,81.08916199274167
18,310,Dibrugarh (MB),139565,113345,1,81.21305484899509
18,310,Duliajan Oil Town (CT),28626,24312,1,84.92978411234542
18,310,Moran Town (CT),8434,7213,1,85.52288356651648
18,310,Naharkatiya (TC),18937,14917,1,78.77171674499657
18,310,Namrup (CT),15719,13349,1,84.9227050066798
18,310,Niz- Mankata (CT),5924,4707,1,79.45644834571236
18,310,Sarupathar Bengali (CT),8752,7179,1,82.02696526508227
18,311,Amguri (MB),8002,6585,1,82.29192701824543
18,311,Moranhat (TC),5679,4758,1,83.7823560486001
18,311,Nazira (MB),13304,11132,1,83.67408298256164
18,311,Sepon (CT),4234,2863,1,67.61927255550307
18,311,Simaluguri (TC),8286,6756,1,81.53511947863866
18,311,Sivasagar (MB),50781,42044,1,82.79474606644217
18,311,Sonari (MB),19810,15877,1,80.14639071176174
18,312,Charingia Gaon (CT),5094,4044,1,79.38751472320376
18,312,Chekonidhara (CT),9026,7917,1,87.71327276756038
18,312,Dhekorgorha (CT),4708,4024,1,85.47153780798641
18,312,Jorhat (MB + OG) (Part),126736,101887,2,80.39310061860876
18,312,Jorhat (MB),71782,59856,1,83.38580702683124
18,312,Kamalabaria N.C. (CT),10071,8679,1,86.17813523979744
18,312,Kumar Kaibarta Gaon (CT),8056,6661,1,82.6837140019861
18,312,Mariani (TC),20801,17040,1,81.91913850295659
18,312,Naubaisa Goan (CT),5015,4324,1,86.22133599202392
18,312,Nowsolia Gaon (CT),4312,3398,1,78.80333951762523
18,312,Teok (TC) ,8795,7308,1,83.09266628766345
18,312,Titabor Town (TC),17920,14899,1,83.14174107142858
18,313,Barpathar (TC),7657,6165,1,80.51456183884028
18,313,Bokakhat (TC),10143,8349,1,82.31292517006803
18,313,Dergaon (MB),20059,17184,1,85.66728151951743
18,313,Golaghat (MB),41989,34352,1,81.81190311748315
18,313,Mohmaiki (CT),5639,4558,1,80.82993438552934
18,313,Numaligarh Refinery Township (CT),2318,1878,1,81.0181190681622
18,313,Sarupathar (TC),9931,8300,1,83.57667908569127
18,314,Bokajan (TC),19877,15195,1,76.44513759621672
18,314,Diphu (TC),61797,49017,1,79.31938443613767
18,314,Dokmoka (TC),5478,3856,1,70.39065352318364
18,314,Donkamokam (TC),9116,6551,1,71.86265906099166
18,314,Hamren (TC),8747,6354,1,72.64204870241225
18,314,Howraghat (TC),5443,4419,1,81.1868454896197
18,314,Laharijan Natun Bosti (CT),2508,1712,1,68.2615629984051
18,315,Haflong (TC),43756,36016,1,82.310997348935
18,315,Mahur (TC),2121,1681,1,79.25506836397925
18,315,Maibong (TC),6236,4940,1,79.21744708146248
18,315,Umrangso (TC),10376,8227,1,79.2887432536623
18,316,Ambicapur Pt VI (CT),7971,5760,1,72.26194956718103
18,316,Ambicapur Pt VIII (CT),11691,7549,1,64.57103755025233
18,316,Ambikapur Pt. X (CT),14283,11507,1,80.56430721837148
18,316,Dudhpatil Pt V (CT),4121,3441,1,83.49915069157971
18,316,Dudhpatil Pt VI (CT),5083,3561,1,70.05705292150304
18,316,Durga Nagar Pt. V (CT),9051,7589,1,83.8470887194785
18,316,Irongmara (CT),7685,5059,1,65.8295380611581
18,316,Kanakpur I (CT),6219,4595,1,73.88647692555074
18,316,Kanakpur Pt. II (CT),9519,7470,1,78.47462968799243
18,316,Katirail T.E. (CT),6182,4673,1,75.59042381106438
18,316,Lakhipur (MB),10277,8332,1,81.07424345626156
18,316,Niz Katigorah Pt III (CT),5687,4365,1,76.75400035167927
18,316,Silchar (MB + OG),178865,146385,1,81.84105330836105
18,316,Silchar (MB),172830,142294,1,82.33177110455361
18,316,Silchar Pt. X (CT),6313,4785,1,75.79597655631237
18,316,Tarapur Pt VI (CT),8753,6575,1,75.11710270764308
18,316,Tarapur VII (CT),6977,6101,1,87.44446036978644
18,316,Tupkhana Pt I (CT),4640,3491,1,75.23706896551724
18,316,Uttar Krishnapur Pt III (CT),5187,3925,1,75.66994409099672
18,316,Uttar Krishnapur Pt. I (CT),6960,5229,1,75.12931034482759
18,317,Badarpur (TC),13298,11516,1,86.599488644909
18,317,Badarpur Rly. Town (CT),8882,7530,1,84.77820310740825
18,317,Batarashi (CT),7001,4461,1,63.7194686473361
18,317,Chapra (CT),11220,9018,1,80.37433155080214
18,317,Kanisail Pt I (CT),7358,5713,1,77.6433813536287
18,317,Karimganj (MB),56854,49095,1,86.35276321806732
18,317,Mosli Pt I (CT),5087,3704,1,72.81305287988992
18,318,H.P.C. Township (CT),2732,2495,1,91.3250366032211
18,318,Hailakandi (MB),33637,27925,1,83.0186996462229
18,318,Lala (TC),11771,9984,1,84.81862203721009
18,319,Abhayapuri (TC),15847,13138,1,82.9052817567994
18,319,B.R.P.L. Township (CT),6001,5574,1,92.8845192467922
18,319,Bongaigaon (MB),67322,53548,1,79.54012061436083
18,319,Chalantapara Pt IV (CT),5744,2859,1,49.77367688022284
18,319,New Bongaigaon Rly. Col. (CT),14896,11090,1,74.44951664876477
18,320,Basugaon (TC),13849,10562,1,76.26543432738826
18,320,Bijni (TC),13257,10781,1,81.323074602097
18,320,Chatibor Gaon (CT),8231,4096,1,49.76309075446483
18,321,Bamun Sualkuchi (CT),7628,6246,1,81.88253801782905
18,321,Changsari (CT),5354,4324,1,80.762047067613
18,321,Dahali (CT),8397,6372,1,75.88424437299035
18,321,Jalah (CT),6468,4778,1,73.87136672850959
18,321,Kochpara (CT),7540,6450,1,85.54376657824933
18,321,Majarkuri (CT),4727,3824,1,80.8969748254707
18,321,Nahira (CT),11790,8692,1,73.72349448685327
18,321,Niz-Hajo (CT),15188,12052,1,79.3521200948117
18,321,Palasbari (MB),4925,4177,1,84.81218274111674
18,321,Parlli Part (CT),5788,4660,1,80.51140290255702
18,321,Rangia (MB),27889,22244,1,79.75904478468213
18,321,Sanpara (CT),4534,3536,1,77.98853109836789
18,321,Sarpara (CT),6529,5016,1,76.82646653392557
18,321,Sualkuchi (CT),13898,11992,1,86.28579651748453
18,321,Udiana (CT),4644,3563,1,76.7226528854436
18,321,Upar Hali (CT),7095,5611,1,79.08386187455955
18,322,Amin Gaon (CT),8855,6314,1,71.30434782608695
18,322,Azara (CT),8780,7074,1,80.56947608200456
18,322,Barua Bari Gaon (CT),5444,4229,1,77.6818515797208
18,322,Chandrapur Baghicha (CT),5106,3720,1,72.85546415981199
18,322,Dharapur (CT),8095,6587,1,81.37121680049412
18,322,Digaru Gaon (Digarubar Gaon) (CT),3207,2169,1,67.63330215154349
18,322,Garal (CT),4400,3610,1,82.04545454545455
18,322,Guwahati (M Corp. + OG) (Part),962334,797613,2,82.88317777403688
18,322,Guwahati (M Corp.) (Part),957352,793360,2,82.87025044079921
18,322,Kahi Kuchi (CT),9917,7905,1,79.71160633256025
18,322,Majir Gaon (CT),4774,4016,1,84.1223292836196
18,322,North Guwahati (TC),10328,8941,1,86.57048799380325
18,322,Sonapur Gaon (CT),5771,4072,1,70.55969502685842
18,323,Bali Koria (CT),6359,5503,1,86.53876395659695
18,323,Bangaon (CT),5873,4783,1,81.44049037970373
18,323,Belsor (CT),8523,7203,1,84.5124956001408
18,323,Digheli (CT),5285,4325,1,81.83538315988646
18,323,Kakaya (CT),5550,4203,1,75.72972972972974
18,323,Marowa (CT),4004,3266,1,81.56843156843156
18,323,Nalbari (MB),27839,22719,1,81.60853478932432
18,323,Niz-Bahjani (CT),5183,4064,1,78.41018715029907
18,323,Pipalibari (CT),4534,3569,1,78.71636524040582
18,323,Rupiabathan (CT),4981,4011,1,80.52599879542261
18,323,Tihu (TC),4599,3914,1,85.10545770819743
18,324,No.2 Goreswar (CT),5631,4370,1,77.60610903924703
18,324,Takhlibilar Pathar (CT),6611,3607,1,54.56058085009832
18,325,Gerimari Chapori (CT),11004,7178,1,65.23082515448928
18,325,Kharupatia (TC),18501,13959,1,75.44997567699043
18,325,Mangaldoi (MB),25989,21827,1,83.98553234060564
18,326,Kalaigaon Town Part (CT),5112,3280,1,64.16275430359939
18,326,Tangla (TC),17183,13433,1,78.17610428912297
18,326,Udalguri (TC),15279,12196,1,79.82197787813338
19,327,Badamtam Tea Garden (CT),6102,4536,1,74.33628318584071
19,327,Bairatisal (CT),4916,4182,1,85.06916192026037
19,327,Bara Mohansingh (CT),15616,12823,1,82.11449795081968
19,327,Bhimram (CT),11058,7682,1,69.47006691987701
19,327,Cart Road (CT),14444,11976,1,82.91332040985876
19,327,Chongtong Tea Garden (CT),5802,4098,1,70.63081695966909
19,327,Dakshin Bagdogra (CT),2647,1823,1,68.87041934265206
19,327,Darjiling (M),118805,104539,1,87.99208787508942
19,327,Dumriguri (CT),13416,10425,1,77.70572450805008
19,327,Dungra Khasmahal (CT),6789,5444,1,80.18854028575637
19,327,Geni (CT),8747,6332,1,72.39053389733623
19,327,Ging Tea Garden (CT),4089,3086,1,75.47077525067255
19,327,Jitu (CT),5892,4438,1,75.3224711473184
19,327,Kalimpong (M),49403,41184,1,83.36335850049592
19,327,Kalkut (CT),9184,6329,1,68.9133275261324
19,327,Kharibari (CT),6660,4630,1,69.51951951951952
19,327,Kurseong (M),42446,36405,1,85.76779908589738
19,327,Lalman (CT),6894,4902,1,71.10530896431679
19,327,Mangarjung Tea Garden (Nagri) (CT),5644,4090,1,72.46633593196314
19,327,Mathapari (CT),11529,7857,1,68.14988290398126
19,327,Mirik (NA),11513,9394,1,81.59471901328934
19,327,Rongmook Ceder Tea Garden (CT),5150,3455,1,67.08737864077669
19,327,Shyamdhan (CT),5192,3745,1,72.13020030816641
19,327,Siliguri (M Corp.) (Part),294546,228688,1,77.64084387498048
19,327,Singtam Tea Garden (CT),5792,4649,1,80.26588397790056
19,327,Sonada Khasmahal (CT),11635,9482,1,81.49548775247099
19,327,Sukhiapokhri (CT),4450,3650,1,82.02247191011236
19,327,Tari (CT),14558,8690,1,59.69226542107432
19,327,Uttar Bagdogra (CT),25044,20227,1,80.76585210030348
19,328,Alipurduar (M),65232,54418,1,83.42224675006132
19,328,Alipurduar Rly.Jnc. (CT),10733,8755,1,81.57085623777137
19,328,Banarhat Tea Garden (CT),15652,10298,1,65.79350881676463
19,328,Bholar Dabri (CT),12670,10420,1,82.24151539068666
19,328,Binnaguri (CT),58840,34129,1,58.00305914343984
19,328,Birpara (CT),10821,7937,1,73.34811939746788
19,328,Chakiabhita (CT),5251,3704,1,70.5389449628642
19,328,Chalsa Mahabari (CT),4973,3471,1,69.79690327769957
19,328,Chechakhata (CT),7613,6362,1,83.56758176802838
19,328,Dabgram (P) (CT),119040,76092,1,63.92137096774193
19,328,Dakhin Rampur (CT),6392,5124,1,80.16270337922403
19,328,Dakshin Khagrabari (CT),7469,5108,1,68.38934261614675
19,328,Dakshin Odlabari (CT),4997,3125,1,62.5375225135081
19,328,Dhupguri (M),44719,34888,1,78.0160558152016
19,328,Falakata (CT),19716,15395,1,78.08378981537837
19,328,Gairkata (CT),7577,5506,1,72.66728256565924
19,328,Jagijhora Barabak (CT),6474,3954,1,61.07506950880445
19,328,Jalpaiguri (M),107341,89722,1,83.58595504047848
19,328,Jateshwar (CT),8963,6742,1,75.22035032913087
19,328,Jaygaon (CT),42254,25574,1,60.52444738959625
19,328,Kharia (P) (CT),61661,43498,1,70.54377969867501
19,328,Laskarpara (CT),7137,5544,1,77.67969735182851
19,328,Lataguri (CT),4981,3522,1,70.7086930335274
19,328,Mainaguri (CT),30490,24408,1,80.05247622171203
19,328,Mal (M),25218,20354,1,80.71218970576572
19,328,Mangalbari (CT),5934,3710,1,62.521065048870916
19,328,Matialihat (CT),4215,3253,1,77.1767497034401
19,328,Mechiabasti (CT),9592,5407,1,56.36989157631359
19,328,Odlabari (CT),14194,9552,1,67.29604058052698
19,328,Parangarpar (CT),11408,8750,1,76.70056100981768
19,328,Paschim Jitpur (CT),14334,11146,1,77.75917399190735
19,328,Samuktola (CT),8132,5971,1,73.4259714707329
19,328,Siliguri (M Corp.) (Part),218718,167114,1,76.40614855658885
19,328,Sisha-Jumrha (CT),4130,2631,1,63.7046004842615
19,328,Sobhaganj (CT),5488,4147,1,75.56486880466473
19,328,Telipara Tea Garden (D) (CT),11535,6814,1,59.07238838318162
19,328,Uttar Kamakhyaguri (CT),12022,10114,1,84.12909665613043
19,328,Uttar Latabari (CT),16350,12289,1,75.16207951070336
19,328,Uttar Madarihat (CT),9631,7107,1,73.79296023258229
19,328,Uttar Satali (CT),18454,16421,1,88.98341822911023
19,329,Baisguri (CT),5021,3844,1,76.55845449113723
19,329,Baneswar (CT),4841,4108,1,84.85850030985334
19,329,Bhangri Pratham Khanda (CT),4379,3332,1,76.09043160538937
19,329,Chakchaka (CT),8582,7051,1,82.16033558611046
19,329,Chhota Laukuthi (CT),5480,3986,1,72.73722627737226
19,329,Dhaliabari (CT),4383,3112,1,71.00159707962582
19,329,Dinhata (M),36124,30487,1,84.39541579005648
19,329,Guriahati (CT),21064,16348,1,77.61109001139384
19,329,Haldibari (M),14404,10968,1,76.1455151346848
19,329,Kamat Phulbari (P) (CT),5339,3667,1,68.68327402135232
19,329,Khagrabari (CT),23122,18606,1,80.46881757633423
19,329,Kharimala Khagrabari (CT),7844,6461,1,82.36868944416115
19,329,Koch Bihar (M),77935,66404,1,85.20433694745621
19,329,Mathabhanga (M),23890,19571,1,81.9213059857681
19,329,Mekliganj (M),9127,6009,1,65.83762463021804
19,329,Nagar Changrabandha (CT),4483,3172,1,70.75619005130494
19,329,Takagach (CT),12418,8428,1,67.86922209695602
19,329,Tufanganj (M),20998,17727,1,84.42232593580341
19,330,Chopra (CT),5777,3388,1,58.64635624026311
19,330,Dalkhola (M),36930,21207,1,57.424857839155166
19,330,Hanskunda (CT),5939,3219,1,54.201043946792396
19,330,Islampur (M),54340,38540,1,70.92381302907619
19,330,Itahar (CT),6022,4196,1,69.6778478910661
19,330,Kaliaganj (M),53530,41622,1,77.75453016999813
19,330,Kasba (CT),10067,7695,1,76.43786629581803
19,330,Nachhratpur Katabari (CT),6011,4129,1,68.6907336549659
19,330,Raiganj (M),183612,132382,1,72.09877350064265
19,331,Balurghat (M + OG),153279,129780,1,84.66913275791205
19,331,Balurghat (M),151416,128328,1,84.75194167062926
19,331,Chak Bhrigu (CT),6269,5253,1,83.79326846386984
19,331,Dakra (P) (CT),5268,4224,1,80.18223234624145
19,331,Gangarampur (M),56217,42905,1,76.3203301492431
19,331,Gopalpur (CT),7016,4964,1,70.75256556442417
19,331,Harirampur (CT),5021,3780,1,75.28380800637323
19,331,Par Patiram (CT),3225,2118,1,65.67441860465117
19,332,Aiho (CT),5898,4181,1,70.88843675822312
19,332,Alipur (CT),17347,9362,1,53.968985991814144
19,332,Bagbari (CT),8660,4700,1,54.27251732101617
19,332,Baksinagar (CT),7255,5046,1,69.55203308063405
19,332,Baliadanga (CT),12379,8112,1,65.53033362953389
19,332,Bamangram (CT),13550,8195,1,60.47970479704797
19,332,Bandhail (CT),6175,4940,1,80.0
19,332,Bara Suzapur (CT),15808,10315,1,65.25177125506073
19,332,Birodhi (CT),3838,1667,1,43.43408025013027
19,332,Chanchal (CT),5570,3852,1,69.15619389587073
19,332,Chaspara (CT),7731,4933,1,63.80804553097917
19,332,Chhatianmor (CT),5582,3772,1,67.57434611250449
19,332,Chhota Suzapur (CT),11216,7314,1,65.21041369472182
19,332,English Bazar (M),205521,148766,1,72.384817123311
19,332,Jadupur (CT),7585,4624,1,60.96242584047462
19,332,Jagannathpur (CT),13454,7923,1,58.889549576334176
19,332,Jalalpur (CT),5460,3422,1,62.67399267399267
19,332,Jhangra (CT),5022,2843,1,56.610911987256074
19,332,Kachu Pukur (CT),5752,4451,1,77.3817802503477
19,332,Karari Chandpur (CT),10941,4798,1,43.85339548487342
19,332,Kendua (CT),6452,4614,1,71.51270923744575
19,332,Krishnapur (CT),16470,6732,1,40.87431693989071
19,332,Milki (CT),12581,6541,1,51.99109768698832
19,332,Nazirpur (CT),8778,4467,1,50.88858509911142
19,332,Old Malda (M),84012,57076,1,67.937913631386
19,332,Rangabhita (CT),5464,4384,1,80.23426061493412
19,332,Sahapur (CT),9906,6119,1,61.77064405410862
19,332,Silampur (CT),12664,6021,1,47.544219835754895
19,332,Sonatala (CT),10589,5585,1,52.743412975729534
19,333,Ajodhya Nagar (P) (CT),8883,6462,1,72.74569402228977
19,333,Anup Nagar (CT),12940,5150,1,39.799072642967545
19,333,Arjunpur (CT),6042,2785,1,46.09400860642172
19,333,Aurangabad (CT),39261,21027,1,53.55696492702682
19,333,Banjetia (CT),10400,6922,1,66.5576923076923
19,333,Bara Jumla (CT),11074,5332,1,48.14881704894347
19,333,Barua (P) (CT),8852,5589,1,63.13827383642114
19,333,Basudebpur (CT),6830,3607,1,52.81112737920937
19,333,Beldanga (M),29205,21169,1,72.48416367060435
19,333,Benia Gram (CT),15046,7770,1,51.64163232752891
19,333,Berhampore (M),195223,163312,1,83.65407764453984
19,333,Bhabki (CT),7772,4497,1,57.86155429747812
19,333,Bhasaipaikar (CT),23141,8871,1,38.33455771142128
19,333,Chachanda (CT),14244,6556,1,46.02639707947206
19,333,Chakmeghoan (CT),5360,2132,1,39.776119402985074
19,333,Chaltia (CT),25336,19865,1,78.40622039785285
19,333,Charka (CT),8451,4723,1,55.88687729262809
19,333,Dafahat(CT),15688,7382,1,47.0550739418664
19,333,Dafarpur (CT),16587,9014,1,54.34376318803883
19,333,Debipur (CT),6506,3723,1,57.224100830003074
19,333,Dhulian (M),95706,49185,1,51.39176227195787
19,333,Dhusaripara (CT),17800,7788,1,43.752808988764045
19,333,Donalia (CT),6081,2979,1,48.98865318204243
19,333,Farakka Barrage Township (CT),20126,14394,1,71.51942760608169
19,333,Fatellapur (CT),7207,4362,1,60.52449007908977
19,333,Ghorsala (CT),7837,4513,1,57.585810897026924
19,333,Giria (CT),17131,8968,1,52.34954176638842
19,333,Goaljan (CT),4850,3795,1,78.24742268041237
19,333,Gopjan (CT),23415,15925,1,68.01195814648729
19,333,Gora Bazar (CT),5200,4678,1,89.96153846153845
19,333,Hafania (CT),8171,4443,1,54.3752294700771
19,333,Harharia Chak (CT),9411,7206,1,76.56997131016895
19,333,Haridasmati (CT),6627,4974,1,75.05658669081032
19,333,Ichhlampur (CT),6015,2194,1,36.47547797173733
19,333,Islampur (CT),15019,10664,1,71.00339569878155
19,333,Jafrabad (CT),28332,14604,1,51.54595510376959
19,333,Jagtaj (CT),11261,5838,1,51.842642749311786
19,333,Jangipur (M),88165,60735,1,68.88788067827369
19,333,Jaykrishnapur (CT),12599,4921,1,39.058655448845144
19,333,Jiaganj-Azimganj (M),51790,37728,1,72.84804016219347
19,333,Jot Kamal (CT),7685,5212,1,67.82042940793754
19,333,Kakramari (CT),9423,3991,1,42.35381513318476
19,333,Kandi (M),55632,40816,1,73.36784584411849
19,333,Kankuria (CT),36925,15640,1,42.35612728503724
19,333,Kasim Bazar (CT),11724,9872,1,84.20334356874787
19,333,Khanpur (CT),5510,2499,1,45.35390199637024
19,333,Khidirpur (CT),5526,2396,1,43.35866811436844
19,333,Khodarampur (CT),7277,4013,1,55.146351518482895
19,333,Kohetpur (CT),5379,2332,1,43.353783231083845
19,333,Krishna Sali (CT),10742,5575,1,51.89908769316701
19,333,Madna (CT),6312,3015,1,47.76615969581749
19,333,Mahadeb Nagar (CT),21737,9824,1,45.19482909325114
19,333,Mahendrapur (CT),6979,3631,1,52.0275111047428
19,333,Mamrejpur (CT),9851,4507,1,45.75170033499137
19,333,Mirzapur (CT),6083,4015,1,66.00361663652802
19,333,Mithipur (CT),15260,7909,1,51.82830930537352
19,333,Murshidabad (M),44019,32451,1,73.72043890138349
19,333,Nayabahadurpur (CT),9239,4513,1,48.847277843922505
19,333,Osmanpur (CT),10512,5972,1,56.81126331811264
19,333,Paranpara (CT),22297,9408,1,42.19401713234964
19,333,Paschim Punropara (CT),40683,18442,1,45.3309736253472
19,333,Ramakantapur (CT),6347,2967,1,46.74649440680636
19,333,Ramnagar (CT),9528,4698,1,49.30730478589421
19,333,Sahajadpur (CT),23280,12736,1,54.70790378006873
19,333,Salar (CT),22894,13681,1,59.75801520048921
19,333,Serpur (CT),8900,4674,1,52.516853932584276
19,333,Sibdanga Badarpur (CT),12829,10096,1,78.69670278275781
19,333,Sibnagar (CT),6812,3126,1,45.889606576629475
19,333,Srikantabati (CT),14027,9399,1,67.0064874884152
19,333,Srimantapur (P) (CT),4374,2917,1,66.68952903520805
19,333,Teghari (CT),25058,12576,1,50.18756484954905
19,333,Uttar Mahammadpur (CT),8264,3647,1,44.131171345595355
19,334,Ahmadpur (CT),9242,6722,1,72.73317463752434
19,334,Ambhua (CT),10477,5006,1,47.78085329769972
19,334,Barua Gopalpur (CT),6614,2597,1,39.2651950408225
19,334,Bishnupur (CT),8118,5719,1,70.44838630204484
19,334,Bolpur (M),80210,63656,1,79.36167560154594
19,334,Dubrajpur (M),38041,24292,1,63.85741699745012
19,334,Fatehpur (CT),10176,7292,1,71.65880503144653
19,334,Ilambazar (CT),7125,5246,1,73.6280701754386
19,334,Kalipur (CT),4770,3217,1,67.44234800838575
19,334,Karidhya (CT),10466,8005,1,76.48576342442193
19,334,Kashimnagar (CT),9796,5077,1,51.827276439363004
19,334,Labhpur (CT),5419,4193,1,77.37589961247463
19,334,Murarai (CT),5770,3446,1,59.72270363951473
19,334,Nalhati (M),41534,29459,1,70.92743294650165
19,334,Parota (CT),5267,4148,1,78.75450920827795
19,334,Rajnagar (CT),13965,8845,1,63.33691371285356
19,334,Rampurhat (M),57833,44709,1,77.30707381598741
19,334,Sainthia (M),44601,31872,1,71.46028115961526
19,334,Suri (M),67864,53845,1,79.34250854650477
19,334,Surul (CT),12160,8735,1,71.83388157894737
19,335,Alipur (CT),4420,3285,1,74.3212669683258
19,335,Amkula (CT),5445,3239,1,59.48576675849403
19,335,Amlajora (CT),5856,3625,1,61.90232240437158
19,335,Andal(Gram) (CT),6177,4410,1,71.39388052452647
19,335,Arra (CT),7808,5982,1,76.61372950819673
19,335,Asansol (M Corp.),563917,419592,1,74.40669460221983
19,335,Bahir Sarbamangala (P) (CT),12819,8996,1,70.17708089554567
19,335,Bahula (CT),17510,11445,1,65.36264991433467
19,335,Baidyanathpur (CT),15704,9758,1,62.137035150280184
19,335,Baktarnagar (CT),5112,3221,1,63.008607198748045
19,335,Ballavpur (CT),6468,4680,1,72.35621521335807
19,335,Bamunara (CT),6665,4584,1,68.77719429857464
19,335,Banagram (CT),5635,3431,1,60.88731144631766
19,335,Banshra (CT),5703,3746,1,65.68472733648957
19,335,Barddhaman (M),314265,255824,1,81.40391071229695
19,335,Baska (CT),6609,5129,1,77.60629444696626
19,335,Belebathan (CT),4459,2792,1,62.61493608432384
19,335,Bhanowara (CT),8855,5452,1,61.56973461321288
19,335,Bilpahari (CT),8565,5623,1,65.65090484530064
19,335,Budbud (CT),4558,3348,1,73.45326897762176
19,335,Chak Bankola (CT) (Part),13492,8657,2,64.16394900681885
19,335,Chapui (CT),5358,3649,1,68.10377006345651
19,335,Chelad (CT),7471,5085,1,68.06317762013117
19,335,Chhora (CT),13806,8858,1,64.16050992322178
19,335,Chinchuria (CT),6617,4525,1,68.38446425872752
19,335,Chittaranjan (CT),39098,33601,1,85.94045731239449
19,335,Dainhat (M),24397,18353,1,75.22646226995123
19,335,Dakshin Khanda (CT),8449,5907,1,69.9135992425139
19,335,Dalurband (CT),15107,9475,1,62.71926921294764
19,335,Debipur (CT),9967,7402,1,74.265074746664
19,335,Dhatrigram (CT),9951,7704,1,77.41935483870968
19,335,Dignala (CT),13633,10797,1,79.19753539206337
19,335,Domohani (CT),12480,8103,1,64.92788461538461
19,335,Durgapur (M Corp.),566517,439225,1,77.53077136255399
19,335,Egara (CT),7623,5262,1,69.02794175521448
19,335,Gangpur (CT),6347,4780,1,75.31117063179454
19,335,Goda (P) (CT),6483,4936,1,76.13759062162579
19,335,Gopalpur (CT),15967,11405,1,71.42857142857143
19,335,Gopinathpur (CT),4688,3616,1,77.13310580204778
19,335,Guskara (M),35388,25525,1,72.12897027240872
19,335,Haripur (CT),5910,4140,1,70.05076142131979
19,335,Harishpur (CT),8980,5613,1,62.50556792873051
19,335,Hatsimla (CT),7141,5415,1,75.82971572608879
19,335,Hindusthan Cables Town (CT),22599,18177,1,80.43276251161556
19,335,Ichhapur (CT),4795,3375,1,70.38581856100105
19,335,Jaluidanga (CT),4571,3175,1,69.45963684095385
19,335,Jamuria (M + OG),149220,92930,1,62.27717464146897
19,335,Jamuria (M),145276,90854,1,62.53889148930312
19,335,Jemari (J.K. Nagar Township) (CT),13179,8464,1,64.22338568935427
19,335,Kajora (CT),27275,16539,1,60.63794683776352
19,335,Kalna (M),56722,45403,1,80.04477980325095
19,335,Kanksa (CT),23789,17992,1,75.63159443440246
19,335,Katwa (M),81615,65187,1,79.87134717882742
19,335,Kenda (CT),15731,10316,1,65.57752209014048
19,335,Kendra Khottamdi (CT) (Part),10750,6469,2,60.17674418604651
19,335,Khandra (CT),15383,9773,1,63.531170772931155
19,335,Konardihi (CT),8488,5734,1,67.55419415645618
19,335,Kulti (M),313809,209952,1,66.90439088745065
19,335,Kunustara (CT),5127,3451,1,67.31031792471231
19,335,Mahal (CT),4841,3078,1,63.581904565172486
19,335,Mahira (CT),4188,2564,1,61.222540592168095
19,335,Majiara (CT),5444,3341,1,61.370315944158705
19,335,Mandarbani (CT),4592,2914,1,63.458188153310104
19,335,Memari (M),41451,31935,1,77.04277339509301
19,335,Mirzapur (CT),7733,5120,1,66.20975042027673
19,335,Murgathaul (CT),7371,4682,1,63.51919685253019
19,335,Nabaghanapur (CT),5383,4175,1,77.55898198030839
19,335,Nabgram (CT),4626,3032,1,65.54258538694336
19,335,Nari (P) (CT),13072,10404,1,79.58996328029376
19,335,Nasaratpur (CT),17044,9834,1,57.69772353907533
19,335,Nimsa (CT),3459,2074,1,59.95952587453021
19,335,Ondal (CT),19924,14613,1,73.34370608311585
19,335,Palashban (CT),4811,3580,1,74.41280399085429
19,335,Pangachhiya  (CT),9165,6073,1,66.26295690125478
19,335,Panuhat (CT),6473,4817,1,74.41680828054997
19,335,Panuria (CT),8399,5309,1,63.20990594118348
19,335,Parashkol (CT) (Part),11212,7095,2,63.28041384231181
19,335,Parasia (CT),8894,5146,1,57.85923094220823
19,335,Piarinagar (CT),3678,2867,1,77.9499728113105
19,335,Prayagpur (CT),4479,3307,1,73.83344496539405
19,335,Raghunathchak (CT),6006,3768,1,62.73726273726273
19,335,Raipur (CT),5470,3815,1,69.74405850091408
19,335,Ramnagar (CT),5446,3332,1,61.18251928020566
19,335,Raniganj (M),129441,88299,1,68.21563492247434
19,335,Ratibati (CT),4508,2827,1,62.710736468500436
19,335,Sahebganj (CT),4715,3424,1,72.61930010604453
19,335,Sankarpur (CT),6399,4271,1,66.74480387560557
19,335,Sarpi (CT),5549,3656,1,65.88574517931158
19,335,Sashpur (P) (CT),10100,6598,1,65.32673267326733
19,335,Sehara (CT),7858,5679,1,72.2702977856961
19,335,Siduli (CT),8961,5536,1,61.77881932819997
19,335,Sirsha (CT),4600,3394,1,73.78260869565217
19,335,Srirampur (CT),19830,15218,1,76.7423096318709
19,335,Sukdal (CT),13093,10441,1,79.74490185595357
19,335,Topsi (CT),4329,2733,1,63.13236313236313
19,335,Ukhra (CT),24104,17591,1,72.97958845004977
19,335,Uttar Goara (CT),7178,5257,1,73.23767066035107
19,336,Aistala (CT),20662,15913,1,77.01577775626754
19,336,Anulia (CT),5220,3924,1,75.17241379310344
19,336,Bablari Dewanganj (CT),6806,5016,1,73.6996767558037
19,336,Badkulla (CT),18051,14264,1,79.0205528779569
19,336,Bagula (CT),22649,18299,1,80.79385403329066
19,336,Bamanpukur (CT),9137,6262,1,68.53452993323849
19,336,Baruihuda (CT),11474,7296,1,63.587240718145374
19,336,Beharia (CT),9584,6997,1,73.00709515859766
19,336,Belgharia (CT),5858,4552,1,77.70570160464322
19,336,Birnagar (M),30799,23524,1,76.37910321763694
19,336,Chakdaha (M),95203,79834,1,83.85660115752654
19,336,Chanduria (CT),12700,10029,1,78.96850393700787
19,336,Chapra (CT),14123,10086,1,71.41542165262338
19,336,Char Brahmanagar (CT),5053,3541,1,70.07718187215517
19,336,Char Maijdia (CT),5013,3818,1,76.16197885497706
19,336,Cooper's Camp (NA + OG),23119,18220,1,78.80963709503006
19,336,Cooper's Camp (NA),18843,14749,1,78.27309876346654
19,336,Darappur (CT),8275,5766,1,69.6797583081571
19,336,Digha (CT),6916,5968,1,86.29265471370735
19,336,Gadigachha (CT),14085,9486,1,67.3482428115016
19,336,Gangnapur (CT),10168,7979,1,78.47167584579071
19,336,Gangni (CT),5532,3960,1,71.58351409978309
19,336,Gayespur (M),58998,49323,1,83.60113902166175
19,336,Ghoralia (CT),5268,3740,1,70.9946848899013
19,336,Gopalpur (CT),7818,6650,1,85.06011767715528
19,336,Halalpur Krishnapur (CT),5202,3904,1,75.0480584390619
19,336,Harinadibhastsala (CT),4983,2980,1,59.80333132651013
19,336,Harindanga (CT),5440,4141,1,76.12132352941177
19,336,Haringhata Farm (CT),3989,2766,1,69.3406868889446
19,336,Hijuli (CT),13969,10156,1,72.70384422650153
19,336,Jagadanandapur (CT),23822,18950,1,79.54831668205861
19,336,Jangal (CT),5106,3575,1,70.0156678417548
19,336,Kalyani (M),100575,81204,1,80.73974645786727
19,336,Kamgachhi (CT),19998,13467,1,67.34173417341735
19,336,Karimpur (CT),9661,7616,1,78.83241900424387
19,336,Krishnanagar (M),153062,127927,1,83.57854986868067
19,336,Kshidirpur (CT),10556,8181,1,77.50094732853353
19,336,Kulia (P) (CT),10406,8125,1,78.07995387276571
19,336,Lalpur (P) (CT),8536,7505,1,87.92174320524836
19,336,Madanpur (CT),13675,11283,1,82.50822669104205
19,336,Majdia (CT),7831,5362,1,68.47145958370578
19,336,Matiari (CT),14293,9899,1,69.2576785839222
19,336,Mira (CT),14391,9867,1,68.56368563685636
19,336,Nabadwip (M),125543,101960,1,81.2152011661343
19,336,Nasra (CT),10707,8745,1,81.6755393667694
19,336,Nrisinghapur (CT),11336,7315,1,64.5289343683839
19,336,Panpara (CT),5349,3610,1,67.48925032716396
19,336,Parbbatipur (CT),9584,7872,1,82.13689482470785
19,336,Paschimbhatjangla (CT),12963,8483,1,65.44009874257503
19,336,Patuli (CT),6441,5095,1,79.10262381617761
19,336,Phulia (CT),55653,41752,1,75.0220113920184
19,336,Priyanagar (CT),5763,4061,1,70.4667707791081
19,336,Punglia (CT),6857,5265,1,76.7828496427009
19,336,Raghabpur (CT),10280,6968,1,67.78210116731518
19,336,Ranaghat (CT),3982,3273,1,82.19487694625816
19,336,Ranaghat (M),75365,65555,1,86.98334770782193
19,336,Saguna (P) (CT),14991,11933,1,79.60109398972716
19,336,Santipur (M),151777,111806,1,73.66465274712243
19,336,Satigachha (CT),9847,7213,1,73.25073626485224
19,336,Simhat (CT),6945,5723,1,82.4046076313895
19,336,Simurali (CT),5027,4233,1,84.20529142629799
19,336,Sonda (P) (CT),4511,2983,1,66.12724451341167
19,336,Subarnapur (CT),5759,4683,1,81.31620072929327
19,336,Taherpur (NA + OG),38039,30166,1,79.30282078919004
19,336,Taherpur (NA),20894,17980,1,86.05341246290801
19,336,Tiorkhali (CT),11148,6960,1,62.43272335844995
19,336,Uttampur (CT),13000,9460,1,72.76923076923076
19,337,Anarbaria (CT),5895,4432,1,75.18235793044953
19,337,Ashokenagar Kalyangarh (M),121592,103492,1,85.11415224685834
19,337,Babanpur (P) (CT),8942,6953,1,77.75665399239544
19,337,Baduria (M),52493,38770,1,73.85746670984703
19,337,Balibhara (CT),8521,6799,1,79.79110433047765
19,337,Balihati (CT),3637,2239,1,61.56172669782788
19,337,Bamangachhi (CT),6824,5554,1,81.38921453692849
19,337,Bandipur (CT),8115,5611,1,69.14356130622305
19,337,Bankra (CT),6897,2935,1,42.55473394229375
19,337,Bara (CT),5172,4087,1,79.0216550657386
19,337,Bara Bamonia (CT),7193,5745,1,79.8693173919088
19,337,Baranagar (M),245213,208779,1,85.14189704461019
19,337,Barasat (M),278435,229279,1,82.34561028606318
19,337,Barrackpore (M),152783,125144,1,81.9096365433327
19,337,Barrackpur Cantonment (CB),17380,14096,1,81.10471806674339
19,337,Basina (CT),5413,3907,1,72.17808978385368
19,337,Basirhat (M),125254,99633,1,79.54476503744391
19,337,Betpuli (CT),9404,7569,1,80.48702679710762
19,337,Bhatenda (CT),6349,5419,1,85.35202394077808
19,337,Bhatpara (M + OG),386019,297161,1,76.98092580935135
19,337,Bhatpara (M),383762,295253,1,76.93648667663813
19,337,Bidhannagar (M),215514,179271,1,83.18299507224589
19,337,Bilkanda (CT),6081,4605,1,75.72767636901825
19,337,Bira (CT),10741,8361,1,77.84191416069267
19,337,Bishnupur (CT),12660,9332,1,73.7124802527646
19,337,Bongaon (M),108864,89700,1,82.39638447971781
19,337,Chak Barbaria (CT),8088,5936,1,73.39268051434223
19,337,Chak Kanthalia (CT),11108,8722,1,78.51998559596687
19,337,Chandapur Champagachhi (CT),6431,4494,1,69.88026745451718
19,337,Chandpara (CT),7113,5665,1,79.64290735273443
19,337,Chandpur (CT),10930,8232,1,75.3156450137237
19,337,Chandrapur (CT),5047,4401,1,87.20031702001188
19,337,Chatta Baria (CT),12537,9310,1,74.26018983807928
19,337,Chhekati (CT),4995,3832,1,76.71671671671672
19,337,Chikanpara (CT),9594,8058,1,83.9899937460913
19,337,Dakshin Chatra (CT),7275,5829,1,80.12371134020619
19,337,Dandirhat (P) (CT),6387,4152,1,65.00704556129638
19,337,Deara (CT),11994,7274,1,60.64699016174754
19,337,Deora (CT),4360,3716,1,85.22935779816514
19,337,Deulia (CT),9663,7438,1,76.97402463003208
19,337,Dhakuria (CT),10165,7849,1,77.21593703885883
19,337,Dhania (CT),6659,5411,1,81.25844721429644
19,337,Dhanyakuria (CT),5148,4069,1,79.04040404040404
19,337,Digha (CT),8159,5975,1,73.23201372717246
19,337,Dogachhia (CT),5705,4660,1,81.68273444347064
19,337,Dum Dum (M),114786,97997,1,85.37365183907445
19,337,Gangapur (CT),6301,4956,1,78.65418187589272
19,337,Garshyamnagar (CT),7611,6417,1,84.31217973985021
19,337,Garulia (M),85336,67835,1,79.49165651073405
19,337,Ghuni (CT),24249,17165,1,70.78642418244051
19,337,Gobardanga (M),45377,38461,1,84.7587985102585
19,337,Guma (CT),12025,9479,1,78.82744282744282
19,337,Habra (M),147221,121952,1,82.83600844988148
19,337,Halisahar (M),124939,100560,1,80.48727779156228
19,337,Hingalganj (CT),8179,5503,1,67.28206382198313
19,337,Ichhapur Defence Estate (CT),5219,4125,1,79.03812990994443
19,337,Itinda (CT),8679,5650,1,65.09966586012213
19,337,Jafarpur (CT),19062,16598,1,87.07375931171966
19,337,Jatragachhi (CT),6890,4986,1,72.36574746008708
19,337,Jetia (CT),6349,5648,1,88.95889116396283
19,337,Joypul (CT),16134,10926,1,67.72034213462254
19,337,Kamarhati (M),330211,267267,1,80.93824857439637
19,337,Kanchrapara (M + OG),129576,108092,1,83.41976909304192
19,337,Kanchrapara (M),120345,100025,1,83.11521043666127
19,337,Kaugachhi (CT),17001,13883,1,81.65990235868479
19,337,Khardah (M),108496,95469,1,87.99310573661701
19,337,Khorddabamonia (CT),5856,4047,1,69.10860655737704
19,337,Kokapur (CT),6317,5202,1,82.34921640018996
19,337,Koyra (CT),11615,7982,1,68.72148084373654
19,337,Kulberia (CT),6993,5675,1,81.15258115258115
19,337,Madhyamgram (M),196127,161087,1,82.13402540190795
19,337,Maslandapur (CT),10790,8708,1,80.70435588507877
19,337,Mathurapur (CT),6803,5262,1,77.34822872262237
19,337,Minakhan (CT),3474,2522,1,72.59643062751871
19,337,Mohanpur (CT),9096,7712,1,84.78452066842567
19,337,Muragachha (CT),13249,10063,1,75.9529021058193
19,337,Nabadiganta Industrial Township (ITS),1095,918,1,83.83561643835617
19,337,Nagdaha (CT),8192,6284,1,76.708984375
19,337,Naihati (M),217900,173397,1,79.57641119779716
19,337,Nebadhai Duttapukur (CT),25557,20915,1,81.83667879641585
19,337,New Barrackpore (M),76846,67384,1,87.68706243656143
19,337,Noapara (P) (CT),10819,8251,1,76.2639800351234
19,337,Nokpul (CT),7737,6047,1,78.15690836241437
19,337,North Barrackpore (M),132806,116524,1,87.74001174645724
19,337,North DumDum (M),249142,209964,1,84.27483122074962
19,337,Palashi (CT),6748,5452,1,80.79430942501482
19,337,Palladaha (CT),5994,4616,1,77.01034367701034
19,337,Paltapara (CT),6408,4974,1,77.62172284644194
19,337,Panihati (M),377347,322770,1,85.5366545911323
19,337,Patulia (CT),16979,13739,1,80.91760409918135
19,337,Purbba Narayanpur (CT),7950,6212,1,78.13836477987421
19,337,Raghunathpur (P) (CT),5339,4295,1,80.44577636261472
19,337,Raigachhi (CT),8245,5604,1,67.96846573681019
19,337,Rajarhat Gopalpur (M),402844,329020,1,81.67429575716655
19,337,Rekjuani (CT),16553,12969,1,78.34833564912704
19,337,Ruiya (CT),17661,12010,1,68.00294434063755
19,337,Sadigachhi (CT),6248,4484,1,71.76696542893725
19,337,Sadpur (CT),7773,6325,1,81.37141386851924
19,337,Shibalaya (CT),5830,4762,1,81.68096054888507
19,337,Shimulpur (CT),20803,15758,1,75.74869009277508
19,337,Sonatikiri (CT),6919,5845,1,84.47752565399624
19,337,South DumDum (M),403316,344971,1,85.53367582739094
19,337,Sulanggari (CT),13496,10786,1,79.9199762892709
19,337,Taki (M),38263,28939,1,75.631811410501
19,337,Talbandha (CT),17802,12803,1,71.91888551848106
19,337,Teghari (CT),8491,6613,1,77.88246378518431
19,337,Teleni Para (CT),17781,13813,1,77.684044766886
19,337,Titagarh (M),116541,84160,1,72.21492865171913
19,337,Uttar Bagundi (CT),6027,3598,1,59.69802555168408
19,338,Alikhoja (CT),4613,3664,1,79.4277043138955
19,338,Amodghata (CT),7910,6459,1,81.65613147914033
19,338,Arambag (M),66175,48338,1,73.04571212693615
19,338,Badhagachhi (CT),5052,3994,1,79.05779889152811
19,338,Baidyabati (M),121110,98928,1,81.68441912311121
19,338,Baksa (CT),6432,4767,1,74.11380597014924
19,338,Balarambati (CT),5068,4122,1,81.33385951065509
19,338,Bamunari (CT),6266,4997,1,79.74784551548038
19,338,Bansberia (M),103920,80301,1,77.27193995381062
19,338,Bargachhia (CT),4566,3391,1,74.26631625054753
19,338,Barijhati (CT),7136,6007,1,84.17881165919282
19,338,Baruipara (CT),6731,5227,1,77.65562323577477
19,338,Basai (CT),8772,7038,1,80.23255813953489
19,338,Batika (CT),8717,6511,1,74.69312836985202
19,338,Begampur (CT),10487,8504,1,81.09087441594355
19,338,Belumilki (CT),10998,7660,1,69.6490270958356
19,338,Bhadreswar (M),101477,79498,1,78.34090483557851
19,338,Bhagabatipur (CT),7068,5566,1,78.74929258630448
19,338,Borai (CT),6522,5010,1,76.81692732290708
19,338,Chak Banshberia (CT),10357,6070,1,58.60770493386116
19,338,Champdani (M),111251,80988,1,72.79754788721
19,338,Chandannagar (M Corp),166867,139005,1,83.30286995031972
19,338,Chikrand (CT),10375,7966,1,76.78072289156627
19,338,Dakshin Rajyadharpur (CT),11254,9110,1,80.94899591256443
19,338,Dankuni (M),94936,71553,1,75.36972276059662
19,338,Dharmapur (CT),8456,6474,1,76.56102175969725
19,338,Dudhkalmi (CT),5558,4130,1,74.3073047858942
19,338,Gangadharpur (CT),7862,5962,1,75.83312134316968
19,338,Garalgachha (CT),5411,4763,1,88.02439475143227
19,338,Hansghara (CT),7665,5795,1,75.60339204174821
19,338,Hugli-Chinsurah (M + OG),179931,152333,1,84.66189817207707
19,338,Hugli-Chinsurah (M),177259,150287,1,84.7838473645908
19,338,Jagatnagar (CT),5242,4054,1,77.33689431514689
19,338,Janai (CT),12837,10190,1,79.37991742618992
19,338,Jangalpara (CT),7478,5736,1,76.70500133725595
19,338,Jaykrishnapur (CT),5180,3818,1,73.70656370656371
19,338,Jirat (CT),7430,5308,1,71.44010767160161
19,338,Kanaipur (CT),26814,21691,1,80.89430894308943
19,338,Kapashanria (CT),5148,3594,1,69.8135198135198
19,338,Keota (P) (CT),18875,13554,1,71.80927152317881
19,338,Kharsarai (CT),6247,4675,1,74.83592124219626
19,338,Kodalia (CT),8994,6662,1,74.07160329108294
19,338,Kola (CT),7271,5327,1,73.26365011690277
19,338,Konnagar (M),76172,63911,1,83.90353410702095
19,338,Krishnapur (CT),8205,6164,1,75.1249238269348
19,338,Kulihanda (CT),15969,12383,1,77.54399148349927
19,338,Kumirmora (CT),12208,9053,1,74.15629095674967
19,338,Madhusudanpur (CT),6685,5472,1,81.8548990276739
19,338,Manirampur (CT),7428,5381,1,72.44211093161013
19,338,Manushpur (CT),8148,6532,1,80.16691212567501
19,338,Masat (CT),8007,6286,1,78.50630698139128
19,338,Mirdhanga (CT),8482,6232,1,73.47323744399907
19,338,Nababpur (CT),12728,9594,1,75.37712130735386
19,338,Nabagram Colony (CT),18358,16576,1,90.29306024621418
19,338,Naiti (CT),6996,5336,1,76.27215551743853
19,338,Naldanga (CT),13140,10008,1,76.16438356164383
19,338,Namajgram (CT),7252,4869,1,67.14009928295643
19,338,Nasibpur (CT),7517,6026,1,80.16495942530265
19,338,Nawapara (CT),7262,5916,1,81.46516111264116
19,338,Pairagachha (CT),4703,3844,1,81.73506272591963
19,338,Panchghara (CT),8428,5810,1,68.93687707641196
19,338,Pandua (CT),30700,22604,1,73.62866449511401
19,338,Purbba Tajpur (CT),7035,5423,1,77.0859985785359
19,338,Purusottampur (CT),3665,2336,1,63.73806275579808
19,338,Raghunathpur (PS-Dankuni) (CT),9650,7356,1,76.2279792746114
19,338,Raghunathpur (PS-Magra) (CT),14919,12141,1,81.37944902473356
19,338,Rajbalhat (CT),16479,12530,1,76.03616724315796
19,338,Ramanathpur (CT),6811,5227,1,76.74350315665835
19,338,Rishra (CT),16503,13414,1,81.28219111676664
19,338,Rishra (M),124577,98753,1,79.27065188598218
19,338,Serampore (M),181842,148641,1,81.74184181872175
19,338,Shankhanagar (CT),8601,5796,1,67.38751307987442
19,338,Simla (CT),15988,12552,1,78.50888166124594
19,338,Singur (CT),21382,17458,1,81.64811523711532
19,338,Sripur (CT),7224,5478,1,75.83056478405315
19,338,Tarakeswar (M),30947,23711,1,76.61808899085534
19,338,Tisa (CT),4882,3681,1,75.3994264645637
19,338,Uttarpara Kotrung (M),159147,133610,1,83.95382885005687
19,339,Bankura (M),137386,107857,1,78.5065436070633
19,339,Barjora (CT),14012,10535,1,75.18555523836712
19,339,Beliatore (CT),6463,5010,1,77.51818041157357
19,339,Bishnupur (M),67783,51185,1,75.51303424162401
19,339,Ghutgarya (CT),5311,3389,1,63.8109583882508
19,339,Jhanti Pahari (CT),5326,3682,1,69.13255726624108
19,339,Khatra (CT),7382,5658,1,76.64589542129504
19,339,Kotulpur (CT),8483,6653,1,78.4274431215372
19,339,Ledisol (CT),5056,4235,1,83.7618670886076
19,339,Raipur Bazar (CT),6280,4734,1,75.38216560509554
19,339,Simlapal (CT),7206,4374,1,60.69941715237302
19,339,Sonamukhi (M),29085,23028,1,79.17483238782877
19,340,Adra (CT),14956,11565,1,77.32682535437283
19,340,Arra (CT),21272,15604,1,73.35464460323429
19,340,Balarampur (CT),24431,15948,1,65.27772092832876
19,340,Bandoan (CT),5993,4131,1,68.93041882195895
19,340,Barabazar (CT),8056,5751,1,71.38778550148957
19,340,Begun Kodar (CT),6347,3034,1,47.80211123365369
19,340,Chapari (CT),6556,5121,1,78.11165344722392
19,340,Chekya (CT),5995,2790,1,46.538782318598834
19,340,Dubra (CT),5506,3450,1,62.658917544496916
19,340,Hijuli (CT),7917,5604,1,70.78438802576733
19,340,Hutmura (CT),5878,2844,1,48.383804014971076
19,340,Jaypur (CT),10259,5893,1,57.442245832927185
19,340,Jhalda (M),19544,13106,1,67.05894392140812
19,340,Jhalda (P) (CT),9384,4350,1,46.355498721227626
19,340,Kanki (P) (CT),6884,4402,1,63.94538059267868
19,340,Kantaranguri (P) (CT),5435,4445,1,81.78472861085557
19,340,Lagda (CT),5694,3471,1,60.95890410958904
19,340,Lapara (CT),5367,3372,1,62.82839575181666
19,340,Manbazar (CT),9521,6948,1,72.9755277806953
19,340,Murulia (CT),5929,2371,1,39.989880249620505
19,340,Nabagram (CT),5963,3814,1,63.96109340935771
19,340,Par Beliya (CT),5279,3462,1,65.58060238681568
19,340,Puruliya (M),121067,89000,1,73.51301345535943
19,340,Raghabpur (P) (CT),5748,3224,1,56.08907446068198
19,340,Raghunathpur (M),25561,17635,1,68.99182348108447
19,340,Saltor (CT),5094,2961,1,58.12720848056537
19,340,Santaldih Thermal Power Project-Town (CT),2507,2217,1,88.43238930993219
19,340,Shankara (CT),11171,3532,1,31.61758123713186
19,341,Alipukur (CT),5552,3631,1,65.39985590778097
19,341,Amta (CT),16699,12918,1,77.35792562428888
19,341,Anantabati (CT),9171,6702,1,73.07818122342165
19,341,Andul (CT),6302,5626,1,89.27324658838464
19,341,Ankurhati (CT),11130,8136,1,73.09973045822102
19,341,Argari (CT),10715,8156,1,76.11759216052263
19,341,Bagnan (CT),10996,8388,1,76.28228446707894
19,341,Balarampota (CT),5544,4354,1,78.53535353535354
19,341,Bally (CT),113377,92238,1,81.35512493715656
19,341,Bally (M),293373,233702,1,79.66036410985333
19,341,Baluhati (CT),4363,3547,1,81.297272518909
19,341,Ban Harishpur (CT),16067,10684,1,66.4965457148192
19,341,Bangalpur (CT),6760,5418,1,80.14792899408285
19,341,Baniara (CT),5476,3626,1,66.21621621621621
19,341,Baniban (CT),6597,4216,1,63.90783689555859
19,341,Baniban Jagadishpur (CT),7402,4377,1,59.132666846798166
19,341,Bankra (CT),63957,41560,1,64.98115921634849
19,341,Bankul (CT),6779,5008,1,73.87520283227614
19,341,Banupur (CT),9626,6401,1,66.49698732599211
19,341,Bargachhia (CT),4872,3406,1,69.90968801313629
19,341,Barunda (CT),7534,5675,1,75.32519246084416
19,341,Basantapur (CT),13183,9638,1,73.10930744140181
19,341,Basudebpur (CT),13091,9201,1,70.28492857688488
19,341,Batul (CT),4707,3784,1,80.39090715954961
19,341,Begari (CT),5505,4157,1,75.51316984559492
19,341,Beldubi (CT),10871,7650,1,70.37071106613926
19,341,Bhandar Gachha (CT),6156,4236,1,68.81091617933723
19,341,Bhandardaha (CT),5667,4143,1,73.10746426680782
19,341,Bikihakola (CT),14540,10557,1,72.60660247592847
19,341,Bipra Noapara (CT),9408,6673,1,70.92899659863946
19,341,Brindabanpur (CT),12583,8692,1,69.07732655169674
19,341,Chakapara (CT),35282,27897,1,79.06864690210305
19,341,Chamrail (CT),11923,9278,1,77.81598590958652
19,341,Chandipur (CT),6488,4019,1,61.94512946979038
19,341,Chandrapur (CT),11198,7761,2,69.30701911055546
19,341,Chong Ghurali (CT),4596,3549,1,77.21932114882507
19,341,Dafarpur (CT),5461,4208,1,77.05548434352683
19,341,Dakshin Jhapardaha (CT),13704,10546,1,76.95563339171045
19,341,Dakshin Santoshpur (CT),10600,6297,1,59.405660377358494
19,341,Deora (CT),6715,4781,1,71.198808637379
19,341,Deulgram (CT),6517,4734,1,72.6407856375633
19,341,Deulpur (CT),12618,9495,1,75.24964336661911
19,341,Dhuilya (CT),20962,17467,1,83.3269726171167
19,341,Dhulagari (CT),23740,17409,1,73.33192923336142
19,341,Dhulasimla (CT),5462,3478,1,63.67630904430611
19,341,Dhunki (CT),9784,5693,1,58.18683565004088
19,341,Dihimandalghat (CT),7910,5336,1,67.45891276864728
19,341,Dinga Khola (CT),5271,3764,1,71.40959969645229
19,341,Domjur (CT),18433,14396,1,78.09906146584929
19,341,Ekabbarpur (CT),5187,3860,1,74.41681125891652
19,341,Eksara (CT),7500,5197,1,69.29333333333332
19,341,Gabberia (CT),5823,4110,1,70.58217413704277
19,341,Gangadharpur (CT),7533,5383,1,71.45891411124387
19,341,Ghoraberia (CT),4612,3465,1,75.13009540329575
19,341,Ghosal Chak (CT),5681,4165,1,73.31455729625065
19,341,Gondalpara (CT),4474,3589,1,80.21904336164506
19,341,Halyan (CT),6637,4505,1,67.87705288533976
19,341,Haora (M Corp),1077075,874491,1,81.1912819441543
19,341,Hatgachha (CT),5980,4842,1,80.96989966555184
19,341,Hirapur (CT),7177,4395,1,61.237285774000284
19,341,Jagadishpur (CT),16259,12498,1,76.86819607601943
19,341,Jagatballavpur (CT),7113,5240,1,73.66793195557429
19,341,Jala Kendua (CT),6658,4290,1,64.43376389306098
19,341,Jallabad (CT),5381,3851,1,71.56662330421855
19,341,Jaynagar (CT),6977,5120,1,73.3839759208829
19,341,Jaypur Bil (CT),9598,7389,1,76.98478849760366
19,341,Jhorhat (CT),16940,13713,1,80.95041322314049
19,341,Jujarsaha (CT),21820,15515,1,71.1044912923923
19,341,Kaijuri (CT),5932,3366,1,56.743088334457184
19,341,Kalara (CT),27210,19309,1,70.96288129364204
19,341,Kalyanpur (CT),8914,6627,1,74.34372896567197
19,341,Kamalapur (CT),3348,2179,1,65.0836320191159
19,341,Kamranga (CT),4585,4014,1,87.54634678298801
19,341,Kanaipur (CT),4782,3233,1,67.60769552488497
19,341,Kanpur (CT),6069,4504,1,74.21321469764376
19,341,Kantaberia (CT),11507,7329,1,63.6916659424698
19,341,Kantlia (CT),9567,6846,1,71.5584822828473
19,341,Karia (CT),4737,2896,1,61.13573991978045
19,341,Kendua (CT),6338,4604,1,72.64121173871884
19,341,Kesabpur (CT),12073,8623,1,71.4238383169055
19,341,Khadinan (CT),9297,6977,1,75.04571367107668
19,341,Khajutti (CT),7380,5537,1,75.02710027100271
19,341,Khalia (CT),6265,4696,1,74.9561053471668
19,341,Khalisani (CT),12970,9251,1,71.32613723978412
19,341,Khalor (CT),9636,8231,1,85.41926110419261
19,341,Khantora (CT),6547,5362,1,81.90010691919963
19,341,Khasjalalsi (CT),5111,3839,1,75.11250244570535
19,341,Kuldanga (CT),7742,5706,1,73.70188581761819
19,341,Kulitapara (CT),5895,4282,1,72.63782866836303
19,341,Kusadanga (CT),5434,3886,1,71.5126978284873
19,341,Mahiari (CT),18223,15055,1,82.61537617296823
19,341,Mahishrekha (CT),2017,1370,1,67.92265741199802
19,341,Makardaha (CT),8713,7048,1,80.89062320670263
19,341,Mallik Bagan (CT),8869,5916,1,66.70425076107792
19,341,Manikpur (CT),19804,13378,1,67.55200969501111
19,341,Mansinhapur (CT),6004,4828,1,80.41305796135909
19,341,Masila (CT),12239,9775,1,79.86763624479124
19,341,Mirjapur (CT),5114,4119,1,80.54360578803285
19,341,Mugkalyan (CT),7961,6301,1,79.14834819746262
19,341,Nabghara (CT),5875,4139,1,70.45106382978723
19,341,Nalpur (CT),6911,4813,1,69.642598755607
19,341,Natibpur (CT),7212,4881,1,67.67886855241264
19,341,Naul (CT),5865,4187,1,71.38959931798806
19,341,Naupala (CT),7856,5273,1,67.12067209775967
19,341,Nibra (CT),27818,21219,1,76.2779495290819
19,341,Oadipur (CT),5002,3805,1,76.06957217113155
19,341,Osmanpur (CT),5289,3426,1,64.77595008508224
19,341,Panchla (CT),26432,18730,1,70.8610774818402
19,341,Panchpara (CT),19283,14127,1,73.261421977908
19,341,Paniara (CT),7787,5463,1,70.15538718376781
19,341,Paschim Bainan (CT),12405,8578,1,69.14953647722693
19,341,Paschim Gazipur (CT),5409,4217,1,77.96265483453504
19,341,Paschim Panchla (CT),6951,3999,1,57.531290461804055
19,341,Pashchim Khalna (CT),5813,4353,1,74.88388095647687
19,341,Patihal (CT),13573,10149,1,74.7734472850512
19,341,Podara (CT),21589,17800,1,82.44939552549909
19,341,Radhapur (CT),4623,3310,1,71.59852909366212
19,341,Raghudebbati (CT),14165,9977,1,70.43416872573243
19,341,Raghudebpur (CT),7081,5550,1,78.37876006213811
19,341,Ramchandrapur (CT),10312,8150,1,79.03413498836306
19,341,Rudrapur (CT),6810,4774,1,70.10279001468429
19,341,Sahapur (CT),9022,6247,1,69.24185324761693
19,341,Salap (CT),15171,11830,1,77.97772065124249
19,341,Sankrail (CT),29114,21192,1,72.78972315724394
19,341,Sankrailjala (CT),8812,5752,1,65.27462551066728
19,341,Santoshpur (CT),7695,5757,1,74.81481481481481
19,341,Sarenga (CT),25200,17041,1,67.62301587301587
19,341,Shashati (CT),6914,4989,1,72.15794041076077
19,341,Shuvararah (CT),14330,8318,1,58.04605722260992
19,341,Shyampur (CT),7354,5450,1,74.10932825673103
19,341,Tehatta (CT),12770,8243,1,64.54972592012528
19,341,Tentulkuli (CT),7203,5746,1,79.77231709010134
19,341,Udang (CT),6747,5047,1,74.80361642211352
19,341,Ula (CT),6738,4648,1,68.98189373701396
19,341,Uluberia (M + OG),235345,166124,1,70.58743546708024
19,341,Uluberia (M),222240,156712,1,70.51475881929446
19,341,Uttar Jhapardaha (CT),8425,6336,1,75.20474777448071
19,341,Uttar Pirpur (CT),5868,3987,1,67.94478527607362
19,342,Kolkata (M Corp.),4496694,3588137,1,79.79500050481532
19,343,Abhirampur (CT),4618,3559,1,77.067994802945
19,343,Ajodhyanagar (CT),4409,2691,1,61.03424812882739
19,343,Alipur (CT),5937,3429,1,57.75644264780192
19,343,Amtala (CT),8765,6896,1,78.67655447803766
19,343,Asuti (CT),6272,4719,1,75.2391581632653
19,343,Baharu (CT),16155,11152,1,69.0312596719282
19,343,Balarampur (CT),5251,3755,1,71.51018853551705
19,343,Bamna (CT),4517,2822,1,62.47509408899712
19,343,Baneshwarpur (CT),4741,3507,1,73.97173592069184
19,343,Bangsidharpur (M) (P) (CT),5218,3300,1,63.24262169413568
19,343,Banshra (CT),29521,19909,1,67.44012736695912
19,343,Barijpur (CT),5536,3328,1,60.115606936416185
19,343,Barkalikapur (CT),4650,3174,1,68.25806451612904
19,343,Baruipur (M),53128,45434,1,85.51799427797019
19,343,Baruipur (P) (CT),22430,17251,1,76.91038787338385
19,343,Basanti (CT),6625,4729,1,71.3811320754717
19,343,Bayarsing (CT),8346,4554,1,54.56506110711719
19,343,Benjanhari Acharial (P) (CT),5187,3720,1,71.71775592828224
19,343,Berandari Bagaria (CT),10748,6570,1,61.127651656122076
19,343,Bhangar Raghunathpur (CT),6037,3875,1,64.18751035282425
19,343,Bhasa (CT),5559,3726,1,67.02644360496492
19,343,Bidyadharpur (CT),4630,3040,1,65.65874730021598
19,343,Bilandapur (CT),6330,4173,1,65.92417061611374
19,343,Birlapur (CT),22078,14829,1,67.16641000090587
19,343,Bishnupur (CT),5030,4099,1,81.4910536779324
19,343,Bora Gagangohalia (CT),5274,4147,1,78.63102009859689
19,343,Bowali (CT),10968,8694,1,79.26695842450766
19,343,Budge Budge (M),76837,59504,1,77.44185743847365
19,343,Buita (CT),16764,11422,1,68.13409687425435
19,343,Chak Alampur (CT),11144,7727,1,69.33776022972002
19,343,Chak Baria (CT),4914,3440,1,70.00407000407
19,343,Chak Enayetnagar (CT),6754,4524,1,66.98252887177969
19,343,Chak Kashipur (CT),12035,8504,1,70.66057332779393
19,343,Champahati (CT),12111,9211,1,76.05482619106597
19,343,Chanddandaha (CT),5656,4283,1,75.72489391796321
19,343,Chandpala Anantapathpur (CT),5286,3634,1,68.74763526295877
19,343,Chandpur (M) (CT),6777,4679,1,69.0423491220304
19,343,Chata Kalikapur (CT),24985,16715,1,66.90014008405043
19,343,Dakshin Raypur (CT),14076,9608,1,68.25802784882069
19,343,Danga (CT),6766,5026,1,74.283180608927
19,343,Daulatpur (CT),6568,4278,1,65.13398294762484
19,343,Dhamua (CT),10055,6988,1,69.4977623073098
19,343,Dhola (CT),5804,3577,1,61.629910406616126
19,343,Diamond Harbour (M),41802,32753,1,78.35271039663174
19,343,Dighirpar (CT),15881,12543,1,78.98117247024746
19,343,Dihi Kalas (CT),11494,7131,1,62.04106490342788
19,343,Durganagar (CT),4658,3342,1,71.74753112924002
19,343,Fatepur (CT),8105,6549,1,80.80197409006786
19,343,Ganye Gangadharpur (CT),5210,4179,1,80.21113243761995
19,343,Garia (CT),4805,4035,1,83.97502601456816
19,343,Gaur Daha (CT),5260,3373,1,64.1254752851711
19,343,Ghola Noapara (CT),6210,3839,1,61.81964573268921
19,343,Gobindapur (CT),9763,5980,1,61.25166444740346
19,343,Hanspukuria (CT),3887,3127,1,80.44764599948546
19,343,Hariharpur (CT),12027,8333,1,69.2857736758959
19,343,Hasimnagar (CT),5267,4008,1,76.09644959179799
19,343,Jaynagar Mazilpur (M),25922,20898,1,80.61877941516859
19,343,Joka (CT),9302,7803,1,83.88518598150935
19,343,Kalaria (CT),10075,7091,1,70.38213399503722
19,343,Kalikapota (CT),13086,8455,1,64.61103469356564
19,343,Kalikapur (CT),5860,4419,1,75.40955631399318
19,343,Kalikapur Barasat (CT),6104,4999,1,81.89711664482306
19,343,Kalua (CT),15735,12665,1,80.48935494121385
19,343,Kanganbaria (CT),6657,5163,1,77.5574583145561
19,343,Kanyanagar (CT),10823,8663,1,80.04250207890603
19,343,Khodar Bazar (CT),6360,5078,1,79.84276729559748
19,343,Komarhat (CT),5782,4029,1,69.68177101349015
19,343,Kriparampur (CT),3778,2983,1,78.95712016940179
19,343,Krishna Chandrapur (CT),8146,5359,1,65.78688927080776
19,343,Lalpur (CT),4691,2924,1,62.33212534640802
19,343,Magrahat (CT),17392,11255,1,64.71366145354186
19,343,Maheshtala (M),448317,329813,1,73.5669180512896
19,343,Makhal Tala (CT),11192,5660,1,50.57183702644746
19,343,Mallikpur (CT),19120,10698,1,55.95188284518828
19,343,Maricha (CT),4842,3161,1,65.28294093349855
19,343,Masat (CT),5839,4110,1,70.38876519952046
19,343,Mathurapur (CT),7797,5722,1,73.38720020520712
19,343,Matla (CT),31920,22118,1,69.29197994987469
19,343,Mohanpur (CT),4845,3268,1,67.45098039215686
19,343,Nadabhanga (CT),5927,4496,1,75.85625105449637
19,343,Nahazari (CT),17422,10693,1,61.37642061760992
19,343,Nainan (CT),6772,4382,1,64.70761961015948
19,343,Naridana (CT),4277,3228,1,75.47346270750526
19,343,Nimpith (CT),8014,5843,1,72.90990766159221
19,343,Nischintapur (CT),6353,4756,1,74.8622697937982
19,343,Panchghara (CT),6340,3964,1,62.5236593059937
19,343,Patdaha (CT),4993,2716,1,54.39615461646304
19,343,Patharberia (CT),4698,3544,1,75.436355896126
19,343,Petua (CT),9596,6785,1,70.7065443934973
19,343,Poali (CT),8657,5655,1,65.32286011320319
19,343,Pujali (M),37047,25791,1,69.61697303425379
19,343,Purba Bishnupur (M) (CT),13060,8751,1,67.00612557427259
19,343,Purba Ranaghat (CT),5207,3166,1,60.80276550797004
19,343,Radhanagar (CT),6675,4302,1,64.4494382022472
19,343,Rajapur (CT),9754,6792,1,69.63297108878409
19,343,Rajpur Sonarpur (M),424368,350721,1,82.64548693586698
19,343,Ramchandrapur (CT),14448,11955,2,82.74501661129568
19,343,Rameswarpur (CT),7200,4999,1,69.43055555555556
19,343,Ramkrishnapur (CT),5971,4879,1,81.7116060961313
19,343,Raynagar (CT),5593,3512,1,62.79277668514214
19,343,Sahebpur (CT),7109,5144,1,72.35898157265439
19,343,Salipur (P) (CT),5091,4119,1,80.90748379493223
19,343,Samali (CT),7180,4939,1,68.7883008356546
19,343,Sangrampur (CT),5664,3544,1,62.57062146892656
19,343,Shyampur (CT),22024,15230,1,69.15183436251363
19,343,Sirakol (CT),10250,6452,1,62.94634146341463
19,343,Solgohalia (CT),9373,6414,1,68.4305985276859
19,343,Swangrampur (CT),5699,3225,1,56.5888752412704
19,343,Taldi (CT),12459,8399,1,67.4131150172566
19,343,Tulshighata (CT),4366,3311,1,75.83600549702244
19,343,Usthi (CT),6230,4483,1,71.95826645264847
19,343,Uttar Bishnupur (CT),4703,2926,1,62.215607059323844
19,343,Uttar Durgapur (CT),5723,4191,1,73.23082299493274
19,343,Uttar Kalas (CT),6474,4070,1,62.86685202347853
19,343,Uttar Kusum (CT),10716,5849,1,54.5819335572975
19,343,Uttar Raypur (CT),23084,17522,1,75.90538901403569
19,343,Uttarparanij (CT),6810,4303,1,63.18649045521292
19,344,Amlagora (CT),5165,3463,1,67.04743465634076
19,344,Balichak (CT),13784,10944,1,79.39640162507254
19,344,Chandrakona (M),23629,17564,1,74.33238816708283
19,344,Chaulia (CT),6186,4017,1,64.93695441319107
19,344,Deuli (CT),9007,7138,1,79.24947263239702
19,344,Durllabhganj (CT),6796,5613,1,82.5927015891701
19,344,Dwari Geria (CT),7754,5492,1,70.82795976270312
19,344,Garbeta (CT),5109,3886,1,76.06185163437071
19,344,Ghatal (M),54591,44016,1,80.62867505632796
19,344,Jhargram (M),61712,49870,1,80.81086336530983
19,344,Kalaikunda (CT),9344,6973,1,74.62542808219177
19,344,Kharagpur (M),207604,161741,1,77.90842180304811
19,344,Kharagpur Rly. Settlement (CT),82735,61571,1,74.41953224149393
19,344,Kharar (M),12118,9364,1,77.27347747152994
19,344,Kshirpai (M),16384,12004,1,73.2666015625
19,344,Medinipur (M),169264,137133,1,81.01722752623121
19,344,Naba Kola (CT),6169,2853,1,46.24736586156589
19,344,Ramjibanpur (M),19611,14735,1,75.1364030391107
19,344,Shilda (CT),5724,4218,1,73.68972746331237
19,345,Amalhara (CT),14261,10859,1,76.14473038356357
19,345,Amarshi Kasba (CT),6400,4306,1,67.28125
19,345,Anantapur (CT),5532,4328,1,78.23571945047
19,345,Ashadtalya (CT),5274,4148,1,78.64998103905954
19,345,Barda (CT),5155,4103,1,79.59262851600388
19,345,Basantia (CT),5455,3749,1,68.72593950504124
19,345,Benudia (CT),6797,4874,1,71.70810651758129
19,345,Contai (M),92226,78500,1,85.11699520742523
19,345,Dakshin Baguan (CT),5180,4074,1,78.64864864864865
19,345,Egra (M),30148,23447,1,77.77298659944275
19,345,Erashal (CT),5332,4153,1,77.88822205551388
19,345,Garh Kamalpur (CT),6664,5406,1,81.12244897959184
19,345,Goasafat (CT),6597,4819,1,73.04835531302108
19,345,Haldia (M),200827,158380,1,78.86389778266867
19,345,Hincha Gerya (CT),4958,3478,1,70.1492537313433
19,345,Kakdihi (CT),5477,4463,1,81.48621508124886
19,345,Khadalgobra (CT),5344,4074,1,76.23502994011976
19,345,Kharisha (CT),4120,3437,1,83.42233009708738
19,345,Kolaghat (CT),25191,19909,1,79.0321940375531
19,345,Kotbar (CT),6083,4371,1,71.85599210915666
19,345,Mihitikri (CT),6906,5296,1,76.6869388937156
19,345,Nandigram (CT),5803,4512,1,77.75288643804929
19,345,Panskura (M),57932,43326,1,74.78768211006008
19,345,Shantipur (CT),9746,7677,1,78.7707777549764
19,345,Tamluk (M),65306,53318,1,81.64334058126359
20,346,Garhwa (NP),46059,31682,1,68.78568792201307
20,346,Majhion (NP),18349,10823,1,58.98414082511309
20,346,Sinduria (CT),5262,3443,1,65.43139490687952
20,347,Bachra (CT),12969,9718,1,74.93253142108104
20,347,Chatra (Nagar Parishad),49985,33746,1,67.51225367610283
20,348,Bekobar (CT),7184,3565,1,49.624164810690424
20,348,Domchanch (CT),15809,10337,1,65.3868049845025
20,348,Jhumri Tilaiya (Nagar Parishad),87867,60076,1,68.37151604128968
20,348,Karma (CT),5753,3479,1,60.47279680166869
20,348,Kodarma (NP),24633,16645,1,67.57195631875939
20,349,Akdoni Khurd (CT),6321,3703,1,58.58250276854928
20,349,Barki Saraiya (CT),18933,12360,1,65.28283948661068
20,349,Dandidih (CT),7769,4501,1,57.93538421933325
20,349,Dhanwar (CT),8777,6153,1,70.10368007291785
20,349,Giridih (Nagar Parishad),114533,83650,1,73.03571896309361
20,349,Isri (CT),9749,6872,1,70.4892809518925
20,349,Jamtara (CT),6255,3906,1,62.44604316546762
20,349,Mahesh Mundi (CT),7389,4318,1,58.43821897415077
20,349,Paratdih (CT),8854,4112,1,46.44228597244183
20,349,Pertodih (CT),5293,2766,1,52.257698847534485
20,349,Sirsia (CT),7181,4397,1,61.231026319454116
20,349,Telodih (CT),6970,3224,1,46.25538020086083
20,350,Deoghar  (M Corp.),203123,150988,1,74.33328574312115
20,350,Madhupur (Nagar Parishad),55238,37658,1,68.17408305876388
20,351,Godda (NP),48480,35182,1,72.57013201320132
20,351,Mahagma (CT),10969,7268,1,66.25945847388094
20,351,Sarauni (CT),4970,2723,1,54.7887323943662
20,352,Barharwa (CT),12617,8570,1,67.92422921455179
20,352,Berhait Bazar (CT),4732,3282,1,69.35756551141166
20,352,Berhait Santali (CT),9753,4168,1,42.735568543012405
20,352,Borio (CT),6964,3903,1,56.04537622056289
20,352,Patra (CT),9536,3350,1,35.13003355704698
20,352,Rajmahal (NP),22514,11618,1,51.603446744248025
20,352,Sahibganj (Nagar Parishad),88214,60164,1,68.20232616138028
20,352,Tin Pahar (CT),5336,3549,1,66.51049475262369
20,353,Kumarpur (CT),7153,1581,1,22.10261428771145
20,353,Pakaur (NP),45840,30641,1,66.8433682373473
20,353,Raghunandanpur (CT),8335,3312,1,39.73605278944211
20,353,Sagarmpur (CT),6184,1794,1,29.010349288486413
20,354,Alagdiha (CT),4609,3212,1,69.68973747016707
20,354,Aralgoria (CT),4647,3352,1,72.13255863998278
20,354,Baliapur (CT),10097,6483,1,64.20719025453104
20,354,Bardubhi (CT),4185,3268,1,78.0884109916368
20,354,Barora (CT),3890,2386,1,61.33676092544987
20,354,Baua Kalan (CT),9489,5144,1,54.21013805458953
20,354,Bhamal (CT),4818,3378,1,70.1120797011208
20,354,Bhim Kanari (CT),5170,3832,1,74.11992263056094
20,354,Chirkunda (NP),45508,30839,1,67.76610705809968
20,354,Dhanbad (M Corp.),1162472,805982,1,69.33345491332264
20,354,Dumarkunda (CT),11434,6401,1,55.98215847472451
20,354,Dumra (CT),6772,4569,1,67.46898995865328
20,354,Egarkunr (CT),11829,7254,1,61.323865077352266
20,354,Gobindpur (CT),11318,8014,1,70.8075631737056
20,354,Gomoh (CT),31495,23233,1,73.76726464518177
20,354,Gunghasa (CT),6845,4435,1,64.7918188458729
20,354,Hariharpur (CT),6938,4154,1,59.87316229460939
20,354,Harina (CT),4637,3645,1,78.60685788225146
20,354,Jangalpur (CT),7603,4195,1,55.1755885834539
20,354,Jhinghipahari (CT),4550,2992,1,65.75824175824175
20,354,Karmatanr (CT),6392,4190,1,65.55068836045056
20,354,Kharkhari (CT),5656,3664,1,64.78076379066479
20,354,Madhuban   (CT),4316,2911,1,67.44670991658943
20,354,Mahlidih (CT),6381,4352,1,68.20247610092463
20,354,Mahuda (CT),5196,3628,1,69.82294072363356
20,354,Maithon (CT),18830,14611,1,77.59426447158789
20,354,Malkera (CT),8232,5904,1,71.7201166180758
20,354,Marma (CT),4640,2669,1,57.52155172413793
20,354,Matigara (CT),5685,3937,1,69.25241864555849
20,354,Mera (CT),7051,4435,1,62.8988795915473
20,354,Muraidih (CT),6360,4414,1,69.40251572327044
20,354,Nagri Kalan (CT),9410,6324,1,67.20510095642933
20,354,Nandkharki (CT),4427,2579,1,58.25615540998419
20,354,Nirsa (CT),14794,10199,1,68.94011085575234
20,354,Panchet (CT),7296,5013,1,68.70888157894737
20,354,Panchmahali (CT),4832,2996,1,62.003311258278146
20,354,Panrra (CT),9563,5618,1,58.747255045487826
20,354,Phulwartanr (CT),5884,3925,1,66.70632222977567
20,354,Pondarkanali (CT),6611,4386,1,66.34397216759945
20,354,Rajbhita Alias Rajganj (CT),8820,5630,1,63.832199546485256
20,354,Sahnidih (CT),6777,4578,1,67.55201416555998
20,354,Sansikhara (CT),4570,3612,1,79.03719912472647
20,354,Sialgudri (CT),5450,3740,1,68.62385321100918
20,354,Siuliban (CT),24125,16062,1,66.57823834196891
20,354,Suranga (CT),4708,2709,1,57.54035683942226
20,354,Topchanchi (CT),6082,4095,1,67.32982571522525
20,355,Amlabad (CT),4636,3078,1,66.39344262295081
20,355,Bandh Dih (CT),13192,8566,1,64.93329290479079
20,355,Bandhgora (CT),7859,5041,1,64.14302074055223
20,355,Bermo (CT),17401,11152,1,64.08827078903512
20,355,Bhandra (CT),4606,2980,1,64.69821971341729
20,355,Bhojudih (CT),7005,4624,1,66.00999286224125
20,355,Bokaro (CT),39305,28860,1,73.42577280244244
20,355,Bokaro Steel City (CT),414820,303783,1,73.23248637963454
20,355,Bursera (CT),4070,2316,1,56.90417690417691
20,355,Chandrapura (CT),27425,19726,1,71.92707383773929
20,355,Chas (Nagar Parishad),141640,103167,1,72.83747528946624
20,355,Dugda (CT),22740,15794,1,69.4547053649956
20,355,Gumia (CT),48141,32968,1,68.48216696786523
20,355,Hasir (CT),11195,7081,1,63.251451540866455
20,355,Jaridih Bazar (CT),31882,22007,1,69.0264098864563
20,355,Jena (CT),8143,5530,1,67.91108927913545
20,355,Kurpania (CT),7789,5689,1,73.03890101425087
20,355,Lalpania (CT),3659,2088,1,57.064771795572554
20,355,Narra (CT),5390,3240,1,60.1113172541744
20,355,Phusro (Nagar Parishad),89178,60973,1,68.37224427549396
20,355,Saram (CT),15212,9549,1,62.77281093873258
20,355,Sijhua (CT),4376,2770,1,63.299817184643516
20,355,Tanr Balidih (CT),7982,5418,1,67.87772488098221
20,355,Telo (CT),14274,8894,1,62.30909345663444
20,355,Tenu  (CT),4533,3619,1,79.8367527024046
20,355,Tenudam-Cum-Kathhara (CT),22080,13798,1,62.49094202898551
20,355,Termi (CT),5111,3631,1,71.0428487575817
20,356,Lohardaga (Nagar Parishad),57411,42303,1,73.68448555154934
20,357,Bagbera (CT),78356,56047,1,71.52866404614835
20,357,Chakulia (NP),16306,11174,1,68.52692260517601
20,357,Chhota Gobindpur (CT),31843,24847,1,78.02970825613164
20,357,Gadhra (CT),18801,13266,1,70.56007659167065
20,357,Ghatshila (CT),40624,30892,1,76.04371799921229
20,357,Ghorabandha (CT),20718,15668,1,75.62506033400908
20,357,Haludbani (CT),25360,18931,1,74.64905362776025
20,357,Haludpukhur (CT),10485,7082,1,67.54411063423939
20,357,Jadugora (CT),18563,13851,1,74.61617195496417
20,357,Jamshedpur (NAC + OG),677350,521805,1,77.03624418690484
20,357,Jamshedpur (NAC),631364,490297,1,77.65678752668825
20,357,Jugsalai (M),49660,36733,1,73.9689891260572
20,357,Mango (NAC),223805,166870,1,74.56044324300171
20,357,Musabani (CT),31035,21778,1,70.17238601578862
20,357,Purihasa (CT),7897,5025,1,63.63175889578321
20,357,Sarjamda (CT),23788,15733,1,66.1383891037498
20,358,Baratola (CT),14880,11103,1,74.61693548387098
20,358,Bishrampur (NP),42925,25300,1,58.940011648223646
20,358,Chain Pur (CT),8188,5355,1,65.40058622374207
20,358,Hussainabad (NP),29241,17651,1,60.3638726445744
20,358,Medininagar (Daltonganj) (Nagar Parishad),78396,60672,1,77.39170365834993
20,358,Rerma (CT),12497,9327,1,74.63391213891335
20,358,Satgawan Alias Hariharganj (CT),11811,7878,1,66.70053340106679
20,358,Shah Pur (CT),13513,8242,1,60.99311773847407
20,358,Sundna (CT),14552,11221,1,77.10967564595931
20,359,Alaudia (CT),4943,3094,1,62.59356665992313
20,359,Barwadih  (CT),7888,5646,1,71.57707910750507
20,359,Chandwa (CT),12046,7906,1,65.63174497758591
20,359,Latehar (NP),26981,17878,1,66.26144323783403
20,360,Barhi (CT),11867,8140,1,68.59357883205529
20,360,Bishnugarh (CT),4847,3414,1,70.4353208170002
20,360,Charhi (CT),6842,4971,1,72.65419467991815
20,360,Chauparan (CT),5361,3428,1,63.943294161537025
20,360,Cherra (CT),5279,3685,1,69.80488728925933
20,360,Dari (CT),6405,4348,1,67.88446526151444
20,360,Gidi (CT),13356,9496,1,71.09913147648996
20,360,Hazaribag (Nagar Parishad),142489,112533,1,78.97662275684438
20,360,Kadma No-II (CT),7239,5449,1,75.27282773863794
20,360,Konra (CT),8258,5387,1,65.23371276338096
20,360,Marai Kalan (CT),10447,7230,1,69.20647075715517
20,360,Masratu (CT),5996,3806,1,63.47565043362241
20,360,Meru (CT),7780,5914,1,76.01542416452443
20,360,Okani-II (CT),11106,8997,1,81.01026472177202
20,360,Palawa (CT),14848,9503,1,64.00188577586206
20,360,Religara Alias Pachhiari (CT),8239,5547,1,67.32613181211312
20,360,Urimari (CT),4948,3392,1,68.55295068714632
20,361,Ara  (CT),13547,9069,1,66.94471100612682
20,361,Balkundra (CT),3915,2533,1,64.69987228607918
20,361,Barkakana (CT),18475,13442,1,72.75778078484439
20,361,Barughutu (CT),24202,18166,1,75.05991240393357
20,361,Bongabar (CT),5236,3066,1,58.55614973262032
20,361,Chitar Pur (CT),22837,15652,1,68.53789902351447
20,361,Hesla (CT),4451,3389,1,76.14019321500787
20,361,Jai Nagar (CT),5347,3354,1,62.72676267065644
20,361,Kedla (CT),16054,10741,1,66.9054441260745
20,361,Kuju (CT),21356,14365,1,67.26446900168571
20,361,Lapanga (CT),8017,5668,1,70.6997630036173
20,361,Mandu (CT),10223,6383,1,62.43764061430108
20,361,Marar (CT),5298,3781,1,71.36655341638354
20,361,Orla (CT),5809,3800,1,65.41573420554312
20,361,Patratu (CT),32899,24382,1,74.11167512690355
20,361,Ramgarh Cantonment (CB),88781,64795,1,72.98295806535182
20,361,Sanri Alias Tilaiya (CT),6186,3910,1,63.207242159715484
20,361,Saunda (CT),81915,57831,1,70.59879143014099
20,361,Seota (CT),6554,4815,1,73.46658529142508
20,361,Sewai (CT),7874,6651,1,84.46786893573787
20,361,Sirka (CT),19871,12682,1,63.82164964017916
20,361,Taping (CT),5080,3432,1,67.55905511811024
20,361,Topa  (CT),5028,3384,1,67.30310262529832
20,362,Basukinath (NP),17123,9866,1,57.618407989254216
20,362,Dudhani (CT),7117,5245,1,73.69678235211465
20,362,Dumka (Nagar Parishad),47584,37956,1,79.76630800268998
20,362,Purana Dumka (CT),10034,7192,1,71.67630057803468
20,362,Rasikpur (CT),8320,5490,1,65.98557692307693
20,363,Jamtara (NP),29415,21580,1,73.36392996770356
20,363,Karma Tanr (CT),5868,3574,1,60.906612133606
20,363,Mihijam (NP),40463,29374,1,72.59471616044287
20,364,Ara (CT),6346,4790,1,75.48061771194453
20,364,Arsande (CT),9582,7556,1,78.85618868712169
20,364,Bargarwa (CT),8615,6816,1,79.11781775972142
20,364,Bishrampur (CT),4487,2905,1,64.74258970358814
20,364,Bundu (NP),21054,13764,1,65.37475064120832
20,364,Churi (CT),24876,17354,1,69.76201961730182
20,364,Irba (CT),5210,3428,1,65.79654510556622
20,364,Kanke (CT),17560,13837,1,78.7984054669704
20,364,Khelari (CT),20010,13045,1,65.19240379810095
20,364,Muri (CT),12744,9588,1,75.23540489642184
20,364,Ranchi (M Corp.),1073427,827033,1,77.04604039212727
20,364,Ratu (CT),22379,15980,1,71.40622905402387
20,364,Ray (CT),6977,4605,1,66.00257990540346
20,364,Tati (CT),12878,9894,1,76.82870010871254
20,364,Tundiul (CT),11190,7366,1,65.82663092046471
20,365,Khunti (NP),36390,26287,1,72.23687826325914
20,365,Torpa (CT),8592,6555,1,76.29189944134079
20,366,Ghagra (CT),8580,6050,1,70.51282051282051
20,366,Gumla (NP),51264,40101,1,78.2244850187266
20,366,Toto (CT),5237,3564,1,68.05422952071797
20,367,Simdega (NP),42944,32067,1,74.6716654247392
20,368,Barajamda (CT),8629,4880,1,56.55348244292502
20,368,Chaibasa (Nagar Parishad),69565,53481,1,76.87917774743046
20,368,Chakardharpur (Nagar Parishad),56531,42940,1,75.95832375156994
20,368,Danguwapasi (CT),4606,3142,1,68.21537125488494
20,368,Gua (CT),12554,8497,1,67.6836068185439
20,368,Jagannathpur (CT),7310,5221,1,71.42270861833106
20,368,Jhinkpani (CT),13068,7490,1,57.315580042852766
20,368,Kiriburu (CT),9372,6533,1,69.70763977806232
20,368,Manohar Pur (CT),12453,8232,1,66.10455311973018
20,368,Meghahatuburu Forest Village (CT),5992,4735,1,79.02202937249666
20,368,Noamundi (CT),17954,12006,1,66.8708922802718
20,369,Adityapur (Nagar Parishad),174355,123158,1,70.63634538728456
20,369,Chandil (CT),4839,3262,1,67.4106220293449
20,369,Chota Gamahria (CT),7505,5782,1,77.04197201865422
20,369,Kandra (CT),8157,5307,1,65.06068407502758
20,369,Kopali (CT),43256,25815,1,59.67958202330313
20,369,Seraikela (NP),14252,10539,1,73.94751613808587
20,369,Sini (CT),6382,4782,1,74.92948918834222
21,370,Barapali (NAC),20850,15606,1,74.84892086330936
21,370,Bardol (CT)  ,5441,3775,1,69.38062856092631
21,370,Bargarh (M),80625,63321,1,78.53767441860465
21,370,Bhatli (CT) ,4865,3383,1,69.53751284686537
21,370,Bijepur (CT) ,6922,5307,1,76.66859289222768
21,370,Khaliapali (CT),6865,4965,1,72.32337946103424
21,370,Padmapur (NAC),17625,13093,1,74.28652482269503
21,370,Sohela (CT) ,6917,5161,1,74.61327164955905
21,371,Bandhbahal (CT)  ,9735,7861,1,80.74987159732923
21,371,Belpahar (M),38993,28473,1,73.0207986048778
21,371,Brajarajnagar (M),80403,58609,1,72.89404624205564
21,371,Bundia (CT)  ,4304,3242,1,75.32527881040892
21,371,Jharsuguda (M),97730,72732,1,74.42136498516321
21,372,Burla (NAC),46698,35867,1,76.8062872071609
21,372,Hirakud (NAC),30207,22423,1,74.23113847783627
21,372,Kochinda (NAC),15576,11442,1,73.45916795069337
21,372,Redhakhol (NAC),15379,11189,1,72.75505559529229
21,372,Rengali (CT)   ,10867,7557,1,69.54081163154504
21,372,Sambalpur (M + OG),189366,144316,1,76.21009051255241
21,372,Sambalpur (M),184000,140473,1,76.34402173913043
21,373,Debagarh (M),22390,16519,1,73.77847253238052
21,374,Banaigarh (CT)  ,7080,5531,1,78.12146892655367
21,374,Biramitrapur (M),33442,22863,1,68.36612642784522
21,374,Hatibandha (CT),8938,6529,1,73.04766166927725
21,374,Jalda (CT),15789,10599,1,67.12901387041612
21,374,Koida (CT)  ,6763,4181,1,61.8216767706639
21,374,Kuanrmunda (CT) ,9043,6273,1,69.36857237642376
21,374,Lathikata (CT),7405,5771,1,77.93382849426064
21,374,O.C.L. (ITS),2397,2084,1,86.94201084689195
21,374,Panposh (CT),9923,6948,1,70.01914743525144
21,374,Rajagangapur (M),51362,37934,1,73.85615824928936
21,374,Raurkela  (ITS + OG),216410,166178,1,76.78850330391387
21,374,Raurkela  (ITS),210317,161148,1,76.62148090739217
21,374,Raurkela (M + OG),320040,246402,1,76.9910011248594
21,374,Raurkela (M),272721,211189,1,77.43774773486457
21,374,Sundargarh (M),45036,35751,1,79.38316013855582
21,374,Tensa (CT),4469,3131,1,70.06041620049228
21,375,Anandpur (M),39585,29769,1,75.20272830617658
21,375,Balagoda (Bolani) (CT),11708,7124,1,60.847283908438676
21,375,Barbil (M),66540,40607,1,61.02645025548542
21,375,Champua (CT),10394,7764,1,74.69694054262074
21,375,Daitari (CT),4065,2910,1,71.58671586715867
21,375,Jajanga (CT)  ,7482,3633,1,48.55653568564555
21,375,Jhumpura (CT),6064,4375,1,72.14709762532982
21,375,Joda (M ),46631,28409,1,60.922991143230895
21,375,Kendujhar (M),60590,47238,1,77.96336029047698
21,376,Baripada (M + OG),116849,92161,1,78.87187738020864
21,376,Baripada (M),109743,87895,1,80.09166871691133
21,376,Jashipur (CT)  ,5101,3353,1,65.73220937071163
21,376,Karanjia (NAC),22865,17066,1,74.6380931554778
21,376,Rairangpur (NAC + OG),34929,26017,1,74.48538463740732
21,376,Rairangpur (NAC),25516,19739,1,77.3593039661389
21,376,Udala (NAC),13152,10372,1,78.86253041362531
21,377,Baleshwar (M + OG),144373,113418,1,78.5590103412688
21,377,Baleshwar (M),118162,93642,1,79.24882788036763
21,377,Jaleshwar (NAC),25747,18521,1,71.93459432166854
21,377,Nilagiri (NAC),17264,11752,1,68.07228915662651
21,377,Remuna (NAC),33378,22935,1,68.71292468092756
21,377,Soro (NAC),32531,24265,1,74.59039070425133
21,378,Basudebpur (NAC),33690,24016,1,71.28524784802612
21,378,Bhadrak (M + OG),121338,85339,1,70.3316355964331
21,378,Bhadrak (M),107463,74983,1,69.77564370992808
21,378,Dhamanagar (NAC),22920,14554,1,63.49912739965096
21,378,Erei (CT)  ,7890,5518,1,69.93662864385298
21,379,Kendrapara (M),47006,37524,1,79.82810705016381
21,379,Pattamundai (NAC),36528,28256,1,77.35435830048182
21,380,Jagatsinghapur (M),33631,27486,1,81.72816746454164
21,380,Krushnanandapur (CT)  ,8974,7055,1,78.61600178292846
21,380,Paradip (M),68585,52575,1,76.65670336079317
21,380,Paradipgarh (CT)  ,4790,3709,1,77.4321503131524
21,381,Athagad (NAC),17304,14024,1,81.04484512251503
21,381,Badamba (Nizigarh) (CT)  ,6284,5108,1,81.28580521960535
21,381,Banki (NAC),17521,14487,1,82.68363677872269
21,381,Belagachhia (CT),5516,4390,1,79.5866569978245
21,381,Charibatia (CT),4016,3638,1,90.58764940239044
21,381,Choudwar (M + OG),52999,42284,1,79.78263740825298
21,381,Choudwar (M),42784,34779,1,81.2897344801795
21,381,Cuttack (M Corp.),610189,502514,1,82.353828076219
21,381,Dadhapatna (CT),5005,3996,1,79.84015984015984
21,381,Kanheipur (CT)  ,4611,3341,1,72.4571676425938
21,381,Nuapatna (CT),8057,6094,1,75.6360928385255
21,381,Ramgarh (CT)  ,4545,3615,1,79.53795379537954
21,382,Anjira (CT)  ,6561,4314,1,65.75217192501142
21,382,Brahmabarada (CT)  ,10721,8033,1,74.92771196716724
21,382,Byasanagar (M + OG),56946,43119,1,75.71910230744916
21,382,Byasanagar (M),48911,37400,1,76.46541677741203
21,382,Jajapur (M),37458,29975,1,80.02295904746649
21,382,Kabatabandha (CT)  ,4080,3167,1,77.62254901960785
21,382,Kalarangiata (CT)  ,5505,3610,1,65.57674841053588
21,382,Kaliapani (CT)  ,5028,3175,1,63.14638027048528
21,382,Sayadpur (CT)  ,8798,6579,1,74.77835871789043
21,383,Bhuban (NAC),22200,16654,1,75.01801801801801
21,383,Dhenkanal (M),67414,55149,1,81.80644969887561
21,383,Indipur (CT)  ,4656,3601,1,77.34106529209622
21,383,Kamakshyanagar (NAC),16810,13540,1,80.54729327781082
21,383,Saranga (CT)  ,6426,5443,1,84.70276999688764
21,384,Anugul (M),43795,35863,1,81.88834341819843
21,384,Athmallik (NAC),12298,8537,1,69.41779151081477
21,384,Budhapanka (CT)  ,6129,4339,1,70.79458312938489
21,384,Danara (CT)  ,4144,3020,1,72.87644787644788
21,384,Dera Colliery Township (CT),15787,12880,1,81.58611515804142
21,384,F.C.I. Township (CT),1359,1272,1,93.59823399558499
21,384,Ghantapada (CT),15169,11328,1,74.67862087151427
21,384,Gotamara (CT)  ,7420,5466,1,73.66576819407008
21,384,Jorada (Bada) (CT)  ,4428,3407,1,76.94218608852755
21,384,Kandasar (Part) (CT),6668,5267,1,78.98920215956808
21,384,Kulad (Part) (CT) ,4256,3302,1,77.58458646616542
21,384,Nalco (CT),19644,15581,1,79.3168397475056
21,384,Nuahata (CT)  ,5920,4309,1,72.78716216216216
21,384,Palalahada (CT)  ,5749,4458,1,77.54392068185771
21,384,Rengali Damproject Township (CT),6345,5024,1,79.18045705279748
21,384,T.T.P.S. Township (CT),3613,3265,1,90.36811513977304
21,384,Talcher (M),40841,30748,1,75.28708895472687
21,384,Tipo (CT)  ,2981,2321,1,77.85977859778598
21,385,Chandapur (CT),5565,4168,1,74.89667565139263
21,385,Itamati (CT)  ,10317,7948,1,77.03789861393815
21,385,Kantilo (CT),9181,7065,1,76.95240169916131
21,385,Khandapada (NAC),9038,7159,1,79.21000221287896
21,385,Kunjabangarh (CT),6906,5390,1,78.04807413843035
21,385,Nayagarh (NAC),17030,14482,1,85.0381679389313
21,385,Odagaon (CT)  ,5401,4283,1,79.30012960562858
21,385,Rajasunakhala (CT)  ,6299,4971,1,78.91728845848547
21,385,Ranapurgada (CT)  ,10001,7551,1,75.50244975502449
21,386,Balipatapur (CT)  ,6898,4124,1,59.78544505653812
21,386,Balugaon (NAC),17645,12823,1,72.6721450835931
21,386,Banapur (NAC),17278,13264,1,76.7681444611645
21,386,Bhakarsahi (CT)  ,7110,5510,1,77.49648382559775
21,386,Bhapur (CT)  ,6438,5013,1,77.86579683131407
21,386,Bhubaneswar (M Corp. + OG),885363,732886,1,82.77802438096012
21,386,Bhubaneswar (M Corp.),843402,699610,1,82.9509534006322
21,386,Dungamal (CT),6271,5397,1,86.0628288949131
21,386,Jatani (M + OG),63697,51437,1,80.75262571235695
21,386,Jatani (M),55925,45267,1,80.94233348234242
21,386,Kaipadar (CT)  ,4512,3389,1,75.11081560283688
21,386,Khordha (M),46205,38582,1,83.5017855210475
21,386,Majhihara (CT)  ,5598,4331,1,77.36691675598428
21,386,Pratapsasan (CT),12830,9980,1,77.78643803585346
21,386,Tangi (CT)   ,4471,3520,1,78.72959069559383
21,387,Birapratappur (CT)  ,4708,3566,1,75.74341546304163
21,387,Godiputamatiapara (CT)  ,5967,4794,1,80.34188034188034
21,387,Konark (NAC),16779,11418,1,68.04934739853388
21,387,Nimapada (NAC),19289,16043,1,83.17175592306496
21,387,Pipili (NAC),17623,13615,1,77.25699370141292
21,387,Puri (M),200564,160301,1,79.9251111864542
21,388,Agastinuagan (CT) ,6411,2040,1,31.82030884417408
21,388,Arjyapalli (CT) ,8001,2783,1,34.78315210598675
21,388,Asika (NAC),21428,16347,1,76.2880343475826
21,388,Badagada (CT) ,6982,4350,1,62.30306502434833
21,388,Badakodanda (CT) ,5137,3285,1,63.94782947245474
21,388,Bellaguntha (NAC),11297,8156,1,72.19615827210764
21,388,Bhabinipur (CT) ,10411,8041,1,77.23561617519931
21,388,Bhanjanagar (NAC),20482,16531,1,80.70989161214726
21,388,Borigam (CT) ,4855,3011,1,62.01853759011329
21,388,Brahmapur (M Corp.),356598,289590,1,81.20909259165782
21,388,Buguda (NAC),15176,11309,1,74.51897733263047
21,388,Chhatrapur (NAC),22027,17963,1,81.54991601216689
21,388,Chikiti (NAC),11645,7857,1,67.47101760412194
21,388,Digapahandi (NAC),13190,9196,1,69.71948445792266
21,388,Ganjam (NAC),11747,8931,1,76.02792202264408
21,388,Golabandha (CT) ,6232,4559,1,73.15468549422336
21,388,Gopalpur (NAC),7221,3970,1,54.97853482897106
21,388,Hinjilicut (NAC),24671,17927,1,72.66426168375826
21,388,Kabisurjyanagar (NAC),17430,12479,1,71.59495123350545
21,388,Khalikote (NAC),13022,9554,1,73.36814621409921
21,388,Kodala (NAC),13965,8792,1,62.95739348370928
21,388,Kukudakhandi (CT) ,7361,4776,1,64.88248879228365
21,388,Kullada (CT) ,5645,3903,1,69.140832595217
21,388,Lalsingi (CT) ,7078,5528,1,78.10115851935575
21,388,Lochapada (CT) ,16377,13222,1,80.73517738291507
21,388,Makundapur (CT),4983,3793,1,76.11880393337347
21,388,Mundamarai (CT) ,4253,2833,1,66.61180343287091
21,388,Palurgada (CT) ,5019,3210,1,63.9569635385535
21,388,Pathar (CT) ,6072,3893,1,64.11396574440053
21,388,Patrapur (CT) ,6059,3968,1,65.48935467898993
21,388,Pitala (CT) ,4458,2981,1,66.86855091969494
21,388,Polasara (NAC),23119,16140,1,69.81270816211774
21,388,Purusottampur (NAC),15366,10733,1,69.84901731094625
21,388,Rambha (NAC),12111,8061,1,66.55932623235076
21,388,Sheragada (CT) ,6653,4681,1,70.35923643469111
21,388,Surada (NAC),14867,10220,1,68.74285329925338
21,388,Surala (CT) ,8258,4446,1,53.838701864858315
21,388,Suvani (CT) ,7993,3747,1,46.878518703865886
21,388,Venkatraipur (CT) ,4401,2094,1,47.58009543285617
21,389,Kashinagar (NAC),9684,4893,1,50.526641883519204
21,389,Mohana (CT) ,5197,4084,1,78.58379834519916
21,389,Paralakhemundi (M + OG),46272,34010,1,73.50017289073307
21,389,Paralakhemundi (M),44469,32484,1,73.04864062605411
21,389,R. Udayagiri (CT) ,4851,3122,1,64.35786435786436
21,389,Rayagada (CT) ,4662,3268,1,70.0986700986701
21,390,Baliguda (CT) ,16611,12395,1,74.61922822226235
21,390,Daringbadi (CT) ,6995,4965,1,70.97927090779127
21,390,G. Udayagiri (NAC),11302,8745,1,77.37568571934172
21,390,Phulabani (M),37371,29788,1,79.7088651628268
21,391,Baudhgarh (NAC),20424,15896,1,77.83000391696045
21,392,Binika (NAC),15765,10536,1,66.83158896289248
21,392,Sonapur (M),20770,16522,1,79.5474241694752
21,392,Subalaya (CT) ,5072,3695,1,72.85094637223975
21,392,Tarbha (NAC),8334,6170,1,74.0340772738181
21,393,Badmal (CT) ,5431,4523,1,83.28116368992819
21,393,Balangir (M),98238,75910,1,77.27152425741566
21,393,Bangomunda (CT) ,5759,3471,1,60.270880361173816
21,393,Kantabanji (NAC),21819,15092,1,69.16907282643567
21,393,Loisinga (CT) ,6220,4501,1,72.36334405144694
21,393,Patnagarh (NAC),21024,14959,1,71.15201674277016
21,393,Titlagarh (NAC + OG),34067,24492,1,71.89362139313705
21,393,Titlagarh (NAC),31258,22702,1,72.62780728133598
21,393,Tushura (CT) ,4823,3655,1,75.78270785817955
21,394,Khariar (NAC),15087,10564,1,70.0205474912176
21,394,Khariar Road (NAC),18967,12955,1,68.30284177782464
21,395,Bhawanipatna (M),69045,52390,1,75.87805054674487
21,395,Junagarh (NAC),19656,12738,1,64.8046398046398
21,395,Kesinga (NAC),19239,13042,1,67.7893861427309
21,395,Madanpur Rampur (CT) ,7892,5748,1,72.83324885960467
21,395,Mukhiguda (CT),6155,4356,1,70.77173030056865
21,396,Bishamakatak (CT),8399,6451,1,76.80676270984641
21,396,Chandili (CT),18552,12675,1,68.32147477360931
21,396,Gudari (NAC),6931,4949,1,71.40383783003895
21,396,Gunupur (NAC + OG),28870,19679,1,68.16418427433322
21,396,Gunupur (NAC),24162,16394,1,67.85034351460972
21,396,Kalyanasingpur (CT) ,4660,2652,1,56.90987124463519
21,396,Rayagada (M),71208,49926,1,70.1129086619481
21,396,Tikarpada (CT) ,8346,5645,1,67.63719146896717
21,397,Khatiguda (CT),6361,4905,1,77.1105172142745
21,397,Nabarangapur (M + OG),36945,26852,1,72.68101231560428
21,397,Nabarangapur (M),29960,22726,1,75.85447263017356
21,397,Papadahandi (CT) ,9390,5021,1,53.47177848775293
21,397,Raighar (CT) ,5936,4031,1,67.9076819407008
21,397,Umarkote (NAC),28993,19035,1,65.65377849825819
21,398,Boriguma (CT) ,9785,6198,1,63.341849770056214
21,398,Damanjodi (CT),8862,7362,1,83.07379823967501
21,398,Jeypur (M),84830,62155,1,73.27006955086644
21,398,Koraput (NAC),47468,34497,1,72.67422263419567
21,398,Kotpad (NAC),16326,10911,1,66.83204704152885
21,398,Kurumuli (CT) ,8504,5053,1,59.41909689557855
21,398,Sunabeda (NAC).,50394,37489,1,74.39179267373099
21,399,Balimela (NAC),11796,7248,1,61.444557477110884
21,399,Chitrakonda (CT) ,6725,4071,1,60.53531598513011
21,399,Malkangiri (NAC),31007,20506,1,66.1334537362531
22,400,Baikunthpur (M),28431,20895,1,73.4937216418698
22,400,Chirmiri (M.Corp) (Part),85317,61633,2,72.23999906232052
22,400,Jhagrakhand (NP),7680,5407,1,70.40364583333333
22,400,Katkona (CT),4552,3166,1,69.5518453427065
22,400,Khongapani (NP),17400,11701,1,67.24712643678161
22,400,Manendragarh (M),33071,25245,1,76.33576245048532
22,400,Nai-Ledri (NP),5334,3975,1,74.52193475815523
22,400,Shivpur Charcha (M),23514,16645,1,70.7876158884069
22,401,Ambikapur (M Corp. + OG),121071,93489,1,77.21832643655375
22,401,Ambikapur (M Corp.),112449,87446,1,77.76503125861501
22,401,Balrampur (NP),4456,3084,1,69.21005385996409
22,401,Bhatgaon (NP),11204,7718,1,68.88611210282042
22,401,Bishrampur (NP),11367,8974,1,78.9478314418932
22,401,Govindpur (CT),4392,3387,1,77.11748633879782
22,401,Jarhi (NP),7228,5312,1,73.49197565024903
22,401,Kusmi (NP),7448,4855,1,65.18528464017186
22,401,Lakhanpur (NP),6270,4207,1,67.09728867623605
22,401,Pratappur (NP),5635,3923,1,69.61845607808341
22,401,Premnagar (NP),4954,2990,1,60.355268469923296
22,401,Rajpur (NP),4838,3405,1,70.38032244729226
22,401,Ramanujganj (NP),11893,8394,1,70.57933238039182
22,401,Shivnandanpur Alias Omkarbahara (CT),6567,4581,1,69.75788031064413
22,401,Sitapur (NP),9361,6720,1,71.78720222198484
22,401,Surajpur (M),20189,14013,1,69.40908415473773
22,401,Wadrafnagar (NP),6048,4491,1,74.25595238095238
22,402,Bagicha (NP),10427,6965,1,66.79773664524792
22,402,JashpurNagar (M + OG),28301,21990,1,77.7004346136179
22,402,JashpurNagar (M),25422,20037,1,78.8175595940524
22,402,Kotba (NP),6805,4033,1,59.26524614254225
22,402,Kunkuri (CT),13846,10458,1,75.53083923154702
22,402,Pathalgaon (NP),16613,12151,1,73.14151568049118
22,403,Baramkela (NP),5600,3972,1,70.92857142857143
22,403,Dharamjaigarh (NP),14354,10018,1,69.7923923644977
22,403,Gharghoda (NP),9455,6662,1,70.46007403490216
22,403,Kharsia  (M),18939,14246,1,75.22044458524736
22,403,Kirodimalnagar (NP),13102,9009,1,68.76049458098001
22,403,Lailunga (NP),8208,5627,1,68.55506822612085
22,403,Pusaur (NP),4744,3594,1,75.75885328836425
22,403,Raigarh (M Corp. + OG),150019,113848,1,75.88905405315327
22,403,Raigarh (M Corp.),137126,104544,1,76.23937108936308
22,403,Sarangarh (NP),14954,11360,1,75.96629664303866
22,403,Sariya (NP),6927,5152,1,74.3756315865454
22,404,Chhurikala (NP),8239,5857,1,71.0887243597524
22,404,Dipka (M),27158,21430,1,78.90860888136092
22,404,Durena (CT),5892,4154,1,70.50237610319077
22,404,Katghora (NP),22690,16161,1,71.22520934332304
22,404,Korba (M Corp. + OG) (Part),224680,163932,1,72.96243546377069
22,404,Korba (M Corp.) (Part),363390,264297,2,72.73095021877322
22,404,Pali (NP),5514,4210,1,76.35110627493653
22,404,Rajgamar (CT),11544,8261,1,71.56098406098405
22,405,Adbhar (NP),7272,4701,1,64.64521452145215
22,405,Akaltara (M),22712,16189,1,71.27949982388165
22,405,Baloda (NP),13630,9649,1,70.79236977256052
22,405,Champa (M),45256,33347,1,73.68525720346474
22,405,Chandrapur (NP),7688,5199,1,67.62486992715921
22,405,Dabhra (NP),7854,5318,1,67.71072065189713
22,405,Jaijepur (NP),7946,5238,1,65.91995972816511
22,405,Kharod (NP),10193,6989,1,68.56666339644855
22,405,Naila-Janjgir (M),40561,30369,1,74.87241438820543
22,405,Nawagarh (NP),8118,5130,1,63.19290465631929
22,405,Naya Baradwar (NP),8793,6139,1,69.8168998066644
22,405,Rahaud (NP),6160,3966,1,64.38311688311688
22,405,Sakti (M),21955,16201,1,73.79184695969028
22,405,Saragaon (NP),7216,4949,1,68.58370288248337
22,405,Shivrinarayan (NP),9707,6850,1,70.56763160605747
22,406,Bilaspur (M Corp. + OG) (Part),365579,283309,2,77.49597214282002
22,406,Bilaspur (M Corp.) (Part),331030,258636,2,78.1306830196659
22,406,Bilha (NP),11048,7423,1,67.18863142650252
22,406,Bodri (NP),17481,11667,1,66.74103312167496
22,406,Deori (CT),17265,12421,1,71.94323776426296
22,406,Gaurella (NP),18165,13904,1,76.54280209193503
22,406,Koni (CT),7065,5132,1,72.63977353149328
22,406,Kota (NP),18405,13031,1,70.80141265960337
22,406,Lingiyadih (CT),22209,16526,1,74.41127470845153
22,406,Lormi (NP),15156,10355,1,68.32277645816838
22,406,Malhar (NP),8505,4544,1,53.42739564961787
22,406,Mehmand (CT),8231,5131,1,62.337504555947035
22,406,Mungeli (M + OG),36450,25351,1,69.55006858710563
22,406,Mungeli (M),31250,22414,1,71.7248
22,406,Pathariya (NP),6349,3771,1,59.39518034336116
22,406,Pendra (NP),14120,10551,1,74.72379603399433
22,406,Ratanpur (NP),24636,16131,1,65.47735021919144
22,406,Sakari (NP),12861,8979,1,69.81572195008164
22,406,Sargaon (NP),7484,4642,1,62.025654730090864
22,406,Sirgitti (NP),18428,13002,1,70.55567614499675
22,406,Takhatpur (NP),19968,14292,1,71.57451923076923
22,406,Tifra (NP),30465,20911,1,68.63942228787133
22,407,Bodla (NP),5689,3311,1,58.20003515556337
22,407,Kawardha (M + OG),46657,32559,1,69.78374091776153
22,407,Kawardha (M),44205,30889,1,69.8767107793236
22,407,Pandariya (NP),16165,9830,1,60.81039282400248
22,407,Pandatarai (NP),7008,4067,1,58.03367579908676
22,407,Pipariya (NP),4859,2900,1,59.683062358509986
22,407,Sahaspur-Lohara (NP),7017,4199,1,59.84038763004133
22,408,Ambagarh Chowki (NP),9889,7613,1,76.98452826372737
22,408,Chhuikhadan (NP),7093,5208,1,73.42450303115749
22,408,Chhuriya (NP),4509,3271,1,72.54380128631625
22,408,Dongargaon (NP),14693,11152,1,75.9000884775063
22,408,Dongargarh (M),37372,29170,1,78.05308787327411
22,408,Gandai (NP),13278,7943,1,59.82075613797259
22,408,Khairagarh (M),22564,15906,1,70.492820421911
22,408,Rajnandgaon (M Corp.),163114,125190,1,76.7500030653408
22,409,Ahiwara (NP),20384,14337,1,70.33457613814757
22,409,Arjunda (NP),4851,3557,1,73.3250876108019
22,409,Balod (M),23648,18592,1,78.61975642760487
22,409,Bemetara (M),28536,20012,1,70.12895991028876
22,409,Berla (NP),5165,3557,1,68.8673765730881
22,409,Bhilai Charoda (M) (Part),98008,73531,3,75.02550812178598
22,409,Bhilai Nagar (M Corp. + OG) (Part),627734,483553,2,77.03151334801046
22,409,Bhilai Nagar (M Corp.) (Part),625700,482080,2,77.04650791113953
22,409,Chikhalakasa (NP),6160,4851,1,78.75
22,409,Dalli-Rajhara (M),44363,32765,1,73.85659220521606
22,409,Daundi Lohara (NP),6045,4609,1,76.24483043837883
22,409,Devkar  (NP),6358,4176,1,65.68103177099717
22,409,Dhamdha (NP),9961,6830,1,68.56741291035037
22,409,Doundi (NP),8042,5979,1,74.34717731907486
22,409,Durg (M Corp.),268806,208659,1,77.62438338429945
22,409,Gunderdehi (NP),8614,6056,1,70.30415602507546
22,409,Gurur (NP),3775,2905,1,76.95364238410596
22,409,Jamul (M) (Part),25878,19299,2,74.57686065383724
22,409,Kumhari (M) (Part),35044,24050,2,68.62801050108435
22,409,Maro (NP),6596,3812,1,57.79260157671315
22,409,Nawagarh (NP),10541,6517,1,61.82525377098948
22,409,Parpondi (NP),3741,2441,1,65.2499331729484
22,409,Patan (NP),10133,7364,1,72.6734432053686
22,409,Saja (NP),5257,3774,1,71.78999429332319
22,409,Than-Khamharia (NP),8373,5447,1,65.05434133524423
22,409,Utai (NP),8752,6552,1,74.86288848263254
22,410,Abhanpur (NP),14432,10164,1,70.42682926829268
22,410,Arang  (NP),19091,13349,1,69.92300036666492
22,410,Baloda Bazar (M),26632,19438,1,72.98738359867828
22,410,Bhatapara (M),57537,40119,1,69.727305907503
22,410,Bhatgaon (NP),10371,6849,1,66.03991900491756
22,410,Bilaigarh (NP),5544,3866,1,69.73304473304474
22,410,Birgaon (M),96294,64119,1,66.58670322138451
22,410,Chhura (NP),6095,4489,1,73.65053322395406
22,410,Fingeshwar (NP),9752,6471,1,66.35561936013126
22,410,Gariyaband (NP),10517,7974,1,75.82010078919843
22,410,Gobra Nawapara (M),29315,20702,1,70.61913696060037
22,410,Hirmi (CT),5139,3482,1,67.75637283518195
22,410,Kasdol (NP),14071,9596,1,68.19700092388601
22,410,Kharora (NP),9236,6391,1,69.1966219142486
22,410,Koora (NP),8857,5424,1,61.23969741447443
22,410,Lawan (NP),8984,5415,1,60.27382012466608
22,410,Mana-Camp (NP),11953,9534,1,79.76240274408099
22,410,Mandir Hasaud (CT),12807,8616,1,67.2757085968611
22,410,Palari (NP),8567,5532,1,64.57336290416715
22,410,Raipur (M Corp. + OG),1027264,770112,1,74.96729175752289
22,410,Raipur (M Corp.),1010433,757910,1,75.00843697701876
22,410,Rajim (NP),14090,10046,1,71.29879347054649
22,410,Rawan (CT),5100,3563,1,69.86274509803921
22,410,Siltara (CT),10721,7108,1,66.29978546777353
22,410,Simga (NP),16027,10679,1,66.6313096649404
22,410,Tilda Newra (M + OG),36682,25587,1,69.75355760318412
22,410,Tilda Newra (M),32331,22542,1,69.72255729794934
22,410,Tundra (NP),8211,5410,1,65.8872244549994
22,411,Bagbahara (NP),19529,12844,1,65.76885657227713
22,411,Basna  (NP),10345,7575,1,73.22377960367326
22,411,Mahasamund (M + OG),54413,39986,1,73.48611545035195
22,411,Mahasamund (M),53783,39469,1,73.38564230333004
22,411,Pithora (NP),8428,6172,1,73.23208353108686
22,411,Saraipali (NP),20043,14918,1,74.42997555256198
22,411,Tumgaon (NP),7394,4401,1,59.521233432512844
22,412,Aamadi (NP),6600,4616,1,69.93939393939394
22,412,Bhakhara (NP),7547,5387,1,71.3793560355108
22,412,Dhamtari (M + OG),101677,76800,1,75.53330645081975
22,412,Dhamtari (M),89860,67918,1,75.58201647006454
22,412,Kurud (NP),13783,9987,1,72.458826090111
22,412,Magarlod (NP),6280,4444,1,70.76433121019107
22,412,Nagari (NP),13308,9774,1,73.44454463480614
22,413,Antagarh (NP),6777,4968,1,73.30677290836654
22,413,Bhanupratappur (NP),8125,6530,1,80.36923076923077
22,413,Charama (NP),9707,7009,1,72.20562480684043
22,413,Kanker (M + OG),37442,29517,1,78.83392981144169
22,413,Kanker (M),27541,21712,1,78.83519116952907
22,413,Narharpur (NP),4509,3347,1,74.22931913949878
22,413,Pakhanjur (NP),10201,7812,1,76.58072737966866
22,414,Bastar (NP),10048,5564,1,55.37420382165605
22,414,Farasgaon (NP),6306,4617,1,73.21598477640342
22,414,Jagdalpur (M Corp.),125463,94485,1,75.30905525931948
22,414,Keskal (NP),11115,8301,1,74.68286099865047
22,414,Kondagaon (M),30921,21668,1,70.07535331975033
22,414,Visrampuree (NP),9641,5171,1,53.635514988071776
22,415,Narayanpur (NP),22106,16154,1,73.07518320817877
22,416,Bade Bacheli (M),21435,14587,1,68.05225099136926
22,416,Barsur (NP),6636,4052,1,61.06088004822182
22,416,Dantewada (NP),13633,9935,1,72.87464241179491
22,416,Dornapal (NP),7238,4630,1,63.96794694667035
22,416,Geedam (NP),7440,5141,1,69.0994623655914
22,416,Kirandul (M),18887,13919,1,73.69619314872664
22,416,Konta (NP),7038,4704,1,66.83716965046888
22,416,Sukma (NP),13926,8888,1,63.82306477093207
22,417,Bhairamgarh (NP),9026,4357,1,48.271659649900286
22,417,Bhopalpattanam (NP),4445,3348,1,75.32058492688414
22,417,Bijapur (NP),16129,11168,1,69.24173848347696
23,418,Badoda (NP),18437,10885,1,59.03888919021533
23,418,Sheopur (M + OG),71951,45095,1,62.67459799029895
23,418,Sheopur (M),68820,43175,1,62.73612321999419
23,418,Vijaypur (NP),16964,10992,1,64.79603867012497
23,419,Ambah (M),47177,32163,1,68.17517010407614
23,419,Bamor (NP),32838,20325,1,61.89475607527864
23,419,Jaura Khurd (CT),32087,19856,1,61.88175896780628
23,419,Jhundpura (NP),9803,5709,1,58.23727430378456
23,419,Joura (NP),42153,26066,1,61.8366427063317
23,419,Kailaras (NP),25920,17598,1,67.89351851851852
23,419,Morena (M),200482,137411,1,68.54031783402002
23,419,Porsa (M),39669,27529,1,69.39675817388893
23,419,Sabalgarh (M),40333,27342,1,67.79064289787519
23,420,Akoda (NP),12534,8254,1,65.85288016594862
23,420,Alampur (NP),10686,7130,1,66.72281489799738
23,420,Bhind (M),197585,142923,1,72.3349444542855
23,420,Daboh (NP),18097,12099,1,66.85638503619384
23,420,Gohad (M),58939,36187,1,61.39737694904902
23,420,Gormi (NP),20841,13202,1,63.34628856580778
23,420,Lahar (NP),35674,24558,1,68.84005157818018
23,420,Malanpur (CT),7492,4501,1,60.077415910304325
23,420,Mau (NP),20147,11815,1,58.64396684369881
23,420,Mehgaon (NP),21335,14149,1,66.31825638621983
23,420,Mihona (NP),16935,11609,1,68.55033953351048
23,420,Phuphkalan (NP),12657,8455,1,66.80097969503042
23,421,Antari (NP),9949,6286,1,63.1822293697859
23,421,Bhitarwar (NP),19096,11872,1,62.17008797653959
23,421,Bilaua (NP),12893,7860,1,60.96331342589002
23,421,Buzurg (CT),13868,8266,1,59.60484568791462
23,421,Dabra (CT),20629,12503,1,60.60885161665617
23,421,Dabra (M),61277,45128,1,73.64590303050083
23,421,Gwalior (M Corp.),1054420,788711,1,74.8004590201248
23,421,Morar Cantt (CB),48464,35019,1,72.25775833608452
23,421,Pichhore (NP),12425,7576,1,60.9738430583501
23,421,Ramgarh (CT),8423,4893,1,58.09094146978511
23,421,Tekanpur (CT),12348,9735,1,78.83867832847424
23,422,Badoni (NP),10309,6555,1,63.58521680085363
23,422,Bhander (NP),25204,17990,1,71.37755911760037
23,422,Datia (M),100284,70819,1,70.61844362011887
23,422,Indergarh (NP),23045,15717,1,68.2013451941853
23,422,Seondha (NP),23140,14797,1,63.94554883318928
23,423,Badarwas (NP),13571,8648,1,63.7241176037138
23,423,Karera (NP),28705,20278,1,70.64274516634732
23,423,Khaniyadhana (NP),15877,9656,1,60.81753479876551
23,423,Kolaras (NP),19781,11894,1,60.12840604620595
23,423,Narwar (NP),19385,12400,1,63.96698478204797
23,423,Pichhore (NP),18127,12428,1,68.56071054228498
23,423,Shivpuri (M),179977,121902,1,67.7319879762414
23,424,Badagaon (NP),9282,5013,1,54.00775694893342
23,424,Baldeogarh (NP),9079,5563,1,61.27326798105518
23,424,Jatara (NP),17499,10945,1,62.54643122464141
23,424,Jeron Khalsa (NP),9426,4992,1,52.95989815404201
23,424,Kari (NP),10409,5156,1,49.53405706600058
23,424,Khargapur (NP),14813,8813,1,59.49503814217242
23,424,Lidhora Khas (NP),12974,7594,1,58.53244951441344
23,424,Niwari (NP),23724,16053,1,67.6656550328781
23,424,Orchha (NP),11511,7004,1,60.846147163582664
23,424,Palera (NP),17493,10234,1,58.50340136054422
23,424,Prithvipur (NP),26883,15741,1,58.553732842316705
23,424,Tarichar Kalan (NP),7674,4555,1,59.35626791764399
23,424,Tikamgarh (M),79106,59284,1,74.94248223902106
23,425,Amanganj (CT),5377,3418,1,63.56704482053189
23,425,Bada Malhera (NP),18335,11882,1,64.8050177256613
23,425,Barigarh (NP),8918,5447,1,61.07871720116618
23,425,Bijawar (NP),20513,13059,1,63.662067956905375
23,425,Buxwaha (NP),10216,6870,1,67.24745497259201
23,425,Chandla (NP),12838,8376,1,65.24380744664278
23,425,Chhatarpur (M + OG),142128,103366,1,72.72740065293257
23,425,Chhatarpur (M),133464,97305,1,72.90730084517173
23,425,Garhi - Malhera (NP),13625,8759,1,64.28623853211009
23,425,Ghuwara (NP),13301,7697,1,57.867829486504775
23,425,Harpalpur (NP),18529,13409,1,72.36763991580766
23,425,Khajuraho (NP),24481,14739,1,60.20587394305789
23,425,Laundi (NP),22002,14680,1,66.72120716298518
23,425,Maharajpur (NP),23328,14139,1,60.60956790123457
23,425,Nowgong (M),40580,30989,1,76.36520453425332
23,425,Rajnagar (NP),14253,9028,1,63.341051006805586
23,425,Satai (NP),10592,5617,1,53.03058912386707
23,426,Ajaigarh (NP),16656,11035,1,66.25240153698367
23,426,Amanganj (NP),13886,9243,1,66.5634451966009
23,426,Devendranagar (NP),12785,8838,1,69.12788423934299
23,426,Kakarhati (NP),8452,4957,1,58.64884051112163
23,426,Panna (M + OG),59091,43361,1,73.38004095378314
23,426,Panna (M),50820,37944,1,74.66351829988194
23,426,Pawai (NP),14465,9659,1,66.7749740753543
23,427,Bamora (CT),8493,6192,1,72.90709996467679
23,427,Banda (NP),30923,21781,1,70.43624486628076
23,427,Bhainsa (CT),5144,3480,1,67.65163297045102
23,427,Bina Rly Colony (CT),5035,4077,1,80.97318768619662
23,427,Bina- Etawa (M),64529,50173,1,77.75263834864946
23,427,Deori (M),25632,19046,1,74.30555555555556
23,427,Dhana (CT),9677,7356,1,76.01529399607317
23,427,Gamiria Sagar (CT),7984,6181,1,77.41733466933867
23,427,Garhakota (M + OG),32726,23911,1,73.06423027562184
23,427,Garhakota (M),30796,22660,1,73.5809845434472
23,427,Kapuria (CT),1902,1354,1,71.1882229232387
23,427,Karrapur (CT),10647,7543,1,70.84624776932469
23,427,Khurai (M),51108,36841,1,72.08460514987868
23,427,Makronia Buzurg (CT),23861,18454,1,77.33959180252295
23,427,Rahatgarh (NP),31537,18100,1,57.392903573580234
23,427,Rajakhedi (CT),24232,19044,1,78.59029382634533
23,427,Rehli (M),30329,21788,1,71.83883411915988
23,427,Sagar (M Corp. + OG),274556,216422,1,78.82617753755153
23,427,Sagar (M Corp.),273296,215363,1,78.80210467771208
23,427,Sagar Cantt (CB),40513,31233,1,77.09377236936292
23,427,Shahgarh (NP),16300,11711,1,71.84662576687117
23,427,Shahpur (NP),13668,9050,1,66.21305238513315
23,428,Bansatar Kheda (CT),5458,3719,1,68.13851227555881
23,428,Damoh (M + OG),139561,105359,1,75.4931535314307
23,428,Damoh (M),125101,94744,1,75.73400692240669
23,428,Hatta (M),32465,23918,1,73.67318650854767
23,428,Hindoria (NP),16001,10806,1,67.53327917005187
23,428,Hirdepur (CT),8100,6040,1,74.5679012345679
23,428,Jabera (CT),6806,4765,1,70.01175433441081
23,428,Narsinghgarh (CT),6735,4602,1,68.32962138084633
23,428,Patharia (NP),21026,14862,1,70.68391515266812
23,428,Tendukheda (NP),14399,9504,1,66.00458365164248
23,429,Amarpatan (NP),19409,13649,1,70.32304600958318
23,429,Birsinghpur (NP),14339,9337,1,65.1161168840226
23,429,Chitrakoot (NP),23316,13757,1,59.00240178418253
23,429,Jaitwara (NP),9685,6592,1,68.06401652039236
23,429,Kotar (NP),7520,4827,1,64.18882978723404
23,429,Kothi (NP),8793,6224,1,70.78357784601388
23,429,Madhawgdha (CT),5249,3623,1,69.02267098494951
23,429,Maihar (M),40192,28658,1,71.30274681528662
23,429,Majhgawan (CT),8290,5096,1,61.47165259348613
23,429,Nagod (NP),22568,16929,1,75.01329315845446
23,429,Rampur Baghelan (NP),13638,9023,1,66.16072737938114
23,429,Satna (M Corp. + OG),282977,211970,1,74.90714793075055
23,429,Satna (M Corp.),280222,209825,1,74.87813233793207
23,429,Unchahara (NP),18442,12852,1,69.6887539312439
23,430,Baikunthpur (NP),10282,7061,1,68.6734098424431
23,430,Chakghat (NP),10678,7304,1,68.40232253230943
23,430,Govindgarh (NP),10547,6929,1,65.69640656110742
23,430,Gurh (NP),14608,9841,1,67.3671960569551
23,430,Hanumana (NP),16771,10321,1,61.540754874485714
23,430,Mangawan (NP),13700,8944,1,65.28467153284672
23,430,Mauganj (NP),26420,15976,1,60.46934140802422
23,430,Naigarhi (NP),10404,6150,1,59.1118800461361
23,430,Nowbasata (CT),4358,3116,1,71.50068838916934
23,430,Rewa (M Corp.),235654,181504,1,77.02139577516189
23,430,Semaria (NP),13446,9133,1,67.92354603599583
23,430,Sirmour (NP),11878,8092,1,68.12594712914633
23,430,Teonthar (NP),17039,10469,1,61.441399143142206
23,431,Chandia (NP),15891,9129,1,57.44761185576741
23,431,Goraiya (CT),4408,3490,1,79.17422867513612
23,431,Mahura (CT),4664,3430,1,73.54202401372213
23,431,Maliya Guda (CT),8260,6569,1,79.5278450363196
23,431,Nowrozabad (Khodargama) (NP),21883,14655,1,66.9697939039437
23,431,Pali (NP),22324,15169,1,67.94929224153378
23,431,Umaria (M),33114,24588,1,74.25258198949085
23,432,Diken (NP),7951,5263,1,66.19293170670356
23,432,Jawad (NP),17129,12576,1,73.4193473057388
23,432,Jiran (NP),11518,7984,1,69.31758985935058
23,432,Khor (CT),5683,4025,1,70.82526834418441
23,432,Kukdeshwar (NP),11956,8583,1,71.78822348611575
23,432,Manasa (NP),26551,18965,1,71.42857142857143
23,432,Neemuch (M + OG),128561,95827,1,74.53815698384425
23,432,Neemuch (M),128095,95463,1,74.52515710995745
23,432,Rampura (NP),18364,12625,1,68.748638640819
23,432,Ratangarh (NP),7994,5525,1,69.11433575181385
23,432,Singoli (NP),9523,6815,1,71.56358290454689
23,433,Bhanpura (NP),21013,14980,1,71.28920192261933
23,433,Gandhi Sagar Hydel Col (CT),7178,5119,1,71.31512956255224
23,433,Garoth (NP),15122,10369,1,68.56897235815367
23,433,Malhargarh (NP),8332,6142,1,73.71579452712434
23,433,Mandsaur (M),141667,107478,1,75.86664501965878
23,433,Nagri (NP),7034,4637,1,65.92266135911288
23,433,Narayangarh (NP),10191,7317,1,71.79864586399765
23,433,Piplya Mandi (NP),15070,11156,1,74.0278699402787
23,433,Shamgarh (NP),24637,18091,1,73.43020659982953
23,433,Sitamau (NP),14056,10358,1,73.69095048377918
23,433,Suwasara (NP),13304,9210,1,69.2273000601323
23,434,Alot (NP),24115,15720,1,65.18764254613312
23,434,Badawada (NP),8700,5616,1,64.55172413793103
23,434,Dhamnod (NP),8341,4594,1,55.07732885745115
23,434,Jaora (M + OG),74907,51114,1,68.23661340061676
23,434,Jaora (M),72847,49855,1,68.43795900997982
23,434,Namli (NP),9774,6770,1,69.26539799467977
23,434,Piploda (NP),8294,5127,1,61.81577043646009
23,434,Ratlam (M Corp.),264914,204101,1,77.04424832209699
23,434,Ratlam Rly.Col. (Ratlam Kasba) (CT),9084,7089,1,78.03830911492734
23,434,Sailana (NP),11989,9124,1,76.10309450329468
23,434,Tal (NP),14913,9521,1,63.84362636625763
23,435,Badnagar (M + OG),36438,26787,1,73.51391404577639
23,435,Badnagar (M),32418,24142,1,74.47097291628107
23,435,Gogapur (CT),7608,5158,1,67.79705573080967
23,435,Khacharod (M),34191,23764,1,69.50367055657921
23,435,Mahidpur (M + OG),34362,23450,1,68.24399045457191
23,435,Mahidpur (M),31650,21492,1,67.90521327014218
23,435,Makdon (NP),11678,7085,1,60.66963521150882
23,435,Nagda (M),100039,71472,1,71.4441367866532
23,435,Tarana (NP),24908,17335,1,69.59611369841015
23,435,Ujjain (M Corp.),515215,385193,1,74.7635453160331
23,435,Unhel (NP),14774,9363,1,63.37484770542846
23,436,Agar (M),37917,26213,1,69.13257905425007
23,436,Akodia (NP),11652,7869,1,67.53347064881565
23,436,Badagaon (NP),7217,4031,1,55.8542330608286
23,436,Badod (NP),13834,9340,1,67.51481856296083
23,436,Kanad (NP),10458,6854,1,65.53834385159686
23,436,Maksi (NP),20088,13103,1,65.22799681401833
23,436,Nalkheda (NP),16690,11111,1,66.57279808268424
23,436,Pankhedi (CT),11723,8506,1,72.5582188859507
23,436,Polaykalan (NP),12268,8409,1,68.54417998043691
23,436,Shajapur (M),69263,51875,1,74.89568745217504
23,436,Shujalpur (M),51225,36022,1,70.32113225963886
23,436,Soyatkalan (NP),14781,9484,1,64.16345308165889
23,436,Susner (NP),16432,11421,1,69.50462512171373
23,437,Bagli (NP),10310,7201,1,69.84481086323957
23,437,Bhaurasa (NP),12166,8022,1,65.93785960874568
23,437,Dewas (M Corp.),289550,215088,1,74.28354342945951
23,437,Hatpiplya (NP),17419,11735,1,67.36896492335956
23,437,Kannod (NP),17744,11996,1,67.60595130748422
23,437,Kantaphod (NP),10405,6359,1,61.11484863046612
23,437,Karnawad (NP),11266,5932,1,52.65400319545536
23,437,Khategaon (NP),25413,18113,1,71.27454452445599
23,437,Loharda (NP),9202,5284,1,57.42229950010868
23,437,Pipalrawan (NP),9652,5979,1,61.945710733526724
23,437,Satwas (NP),14108,8025,1,56.882619790189956
23,437,Sonkatch (NP),16545,12009,1,72.58386219401632
23,437,Tonk Khurd (NP),7979,5332,1,66.82541671888707
23,438,Badnawar (NP),20917,14605,1,69.82358846870966
23,438,Bagh (CT),9274,6030,1,65.02048738408453
23,438,Dahi (NP),8509,5357,1,62.956869197320486
23,438,Dehrisaray (CT),8606,6603,1,76.72554032070649
23,438,Dhamnod (NP),32093,21720,1,67.67830991181879
23,438,Dhar (M),93917,68928,1,73.39246355824824
23,438,Dharampuri (NP),16363,10818,1,66.1125710444295
23,438,Kukshi (NP),28331,19101,1,67.42084642264658
23,438,Manawar (M),30393,19279,1,63.43236929556147
23,438,Mandav (NP),10657,4542,1,42.61987426104908
23,438,Pithampur (M),126200,85183,1,67.49841521394612
23,438,Rajgarh (NP),20668,13443,1,65.04257789820012
23,438,Sardarpur (NP),7293,5256,1,72.06910736322502
23,439,Ahirkhedi (CT),9357,4950,1,52.90157101635139
23,439,Bangarda Bada (CT),15761,10807,1,68.5679842649578
23,439,Bangarda Chhota (CT),64213,48281,1,75.18882469281921
23,439,Bank (CT),18534,12566,1,67.79971943455271
23,439,Betma (NP),15999,11336,1,70.85442840177511
23,439,Bhicholi Hapsi (CT),8774,6013,1,68.53202644175974
23,439,Depalpur (NP),17474,11501,1,65.81778642554653
23,439,Gujarkheda (CT),5409,4297,1,79.44167128859308
23,439,Hatod (NP),10425,6443,1,61.80335731414868
23,439,Hukmakhedi (CT),10165,6573,1,64.66305951795376
23,439,Indore (M Corp. + OG) (Part),1994397,1503842,2,75.40334246391265
23,439,Indore (M Corp.) (Part),1964086,1486321,1,75.67494498713397
23,439,Lasudiya Mori (CT),10225,5676,1,55.51100244498778
23,439,Limbodi (CT),9488,6341,1,66.83178752107925
23,439,Manglaya Sadak (CT),10393,6813,1,65.55373809294719
23,439,Manpur (NP),7621,5637,1,73.96667104054586
23,439,Mhow Cantt (CB),81702,62102,1,76.01037918288414
23,439,Mhowgaon (NP),30012,22737,1,75.75969612155137
23,439,Palda (CT),18697,11718,1,62.67315612130289
23,439,Piplya Kumar (CT),10684,7895,1,73.89554473979783
23,439,Rau (NP),36055,25917,1,71.88184717792262
23,439,Runji-Gautampura (NP),14584,9730,1,66.71695008228195
23,439,Santer (CT),6540,5106,1,78.07339449541284
23,439,Sawer (NP),16150,11334,1,70.17956656346749
23,439,Sinhasa (CT),5050,2378,1,47.089108910891085
23,440,Barwaha (M),26459,20595,1,77.83740882119505
23,440,Barwaha Kasba (CT),13514,9268,1,68.58073109368063
23,440,Bhikangaon (NP),16217,11518,1,71.02423382869829
23,440,Gogaon (CT),11054,7187,1,65.01718834810927
23,440,Jaitpur (CT),11835,9300,1,78.58048162230672
23,440,Kasrawad (NP),22750,14609,1,64.21538461538462
23,440,Khargone (M + OG),116150,81658,1,70.30391734825656
23,440,Khargone (M),106454,75915,1,71.31249178048733
23,440,Maheshwar (NP),24411,17240,1,70.62389906189833
23,440,Mandleshwar (NP),12343,8861,1,71.78967836020416
23,440,Sanawad (M),38740,28844,1,74.45534331440372
23,440,Sangvi (CT),5383,4365,1,81.0886122979751
23,441,Anjad (NP),26289,15504,1,58.975236791053284
23,441,Barwani (M),55504,39856,1,71.8074373018161
23,441,Khetia (NP),15744,11041,1,70.12830284552845
23,441,Palsud (NP),10113,5443,1,53.821813507366755
23,441,Pansemal (NP),12166,7857,1,64.58162091073484
23,441,Pipri (CT),6821,4619,1,67.71734349802082
23,441,Rajpur (NP),20947,13897,1,66.34362915930683
23,441,Sendhwa (M),56485,38557,1,68.26060015933434
23,442,Biaora (M + OG),49093,33910,1,69.0729839284623
23,442,Biaora (M),47663,32912,1,69.05146549734596
23,442,Boda (NP),9886,6166,1,62.371029739024884
23,442,Chhapiheda (NP),8501,5066,1,59.59298906011058
23,442,Jirapur (NP),21724,14479,1,66.64978825262384
23,442,Khilchipur (NP),18928,12747,1,67.34467455621301
23,442,Khujner (NP),10785,7003,1,64.93277700509967
23,442,Machalpur (NP),9476,5548,1,58.547910510764034
23,442,Narsinghgarh (M),32329,22973,1,71.06003897429552
23,442,Pachore (NP),27396,17758,1,64.81968170535845
23,442,Rajgarh (NP),29726,21653,1,72.84195653636547
23,442,Sarangpur (M),37435,23810,1,63.60357953786563
23,442,Suthaliya (NP),10596,6282,1,59.28652321630804
23,442,Talen (NP),10582,6537,1,61.774711774711776
23,443,Basoda (M + OG),78289,56596,1,72.2911264673198
23,443,Basoda (M),71353,51460,1,72.12030328087116
23,443,Kurwai (NP),15487,10417,1,67.26286562923742
23,443,Lateri (NP),18844,11495,1,61.00084907662917
23,443,Shamshabad (NP),11329,7382,1,65.16020831494394
23,443,Sironj (M),52460,32656,1,62.24933282500953
23,443,Swroop Nagar (CT),7258,4449,1,61.29787820336181
23,443,Vidisha (M),155951,115730,1,74.20920673801386
23,444,Berasia (M),30951,20162,1,65.14167555167846
23,444,Bhopal (M Corp.),1798218,1320675,1,73.44354244034928
23,444,Kolar (M),87882,65043,1,74.01174301904827
23,445,Ashta (M + OG),53184,36290,1,68.2348074608905
23,445,Ashta (M),51824,35343,1,68.19813213954924
23,445,Budni (NP),16808,12216,1,72.67967634459781
23,445,Ichhawar (NP),15221,10148,1,66.67104658038237
23,445,Jawar (NP),8206,5220,1,63.61199122593224
23,445,Kothri (NP),10526,6513,1,61.875356260687816
23,445,Nasrullaganj (NP),23788,17073,1,71.77148141920297
23,445,Rehti (NP),11611,8126,1,69.98535871156662
23,445,Sehore (M + OG),109118,80930,1,74.16741509191884
23,445,Sehore (M),108909,80817,1,74.20598848580006
23,446,Badi (NP),19603,12645,1,64.50543284191195
23,446,Baraily (NP + OG),34663,24244,1,69.94201309753916
23,446,Baraily (NP),31579,22149,1,70.13838310269482
23,446,Begamganj (M),34031,24653,1,72.44277276600747
23,446,Gairatganj (NP),18184,12328,1,67.79586449626045
23,446,Mandideep (M),59654,42427,1,71.12180239380427
23,446,Obedullaganj (NP),22845,15989,1,69.98905668636462
23,446,Raisen (M),44162,31206,1,70.66256057243784
23,446,Sanchi (NP),8401,6015,1,71.59861921199857
23,446,Satlapur (CT),14755,10240,1,69.40020332090818
23,446,Silwani (NP),18623,13114,1,70.41829995167265
23,446,Sultanpur (NP),10268,6521,1,63.50798597584729
23,446,Udaipura (NP),18236,12889,1,70.67887694669884
23,447,Amla (M),30215,24107,1,79.78487506205528
23,447,Athner (NP),11915,8944,1,75.0650440621066
23,447,Betul (M),103330,82268,1,79.6167618310268
23,447,Betul-Bazar (NP),10630,7947,1,74.76011288805267
23,447,Bhainsdehi (NP),11961,8804,1,73.60588579550205
23,447,Chicholi (NP),9282,7377,1,79.47640594699418
23,447,Dhodaramohar Alias Bhoura (CT),5956,4334,1,72.76695768972465
23,447,Ghoda Dongri Ryt (CT),9745,6411,1,65.7875833760903
23,447,Multai (M),29976,23461,1,78.26594609020549
23,447,Sarni (M),86141,66018,1,76.63946320567442
23,448,Harda (M + OG),74268,56990,1,76.73560618301288
23,448,Harda (M),68162,52771,1,77.41997007130072
23,448,Khirkiya (NP),22737,16817,1,73.96314377446453
23,448,Timarni (NP),22359,17514,1,78.33087347376895
23,449,Babai (NP),16741,11850,1,70.78430201302193
23,449,Bhilakhedi (CT),9540,7898,1,82.78825995807128
23,449,Hatwas (CT),12295,8154,1,66.31964213094754
23,449,Hoshangabad (M),117988,91108,1,77.21802217174628
23,449,Itarsi (M + OG),99330,78780,1,79.31138628813046
23,449,Itarsi (M),99329,78779,1,79.31117800440958
23,449,Meharagaon (CT),5625,4356,1,77.44
23,449,Ordnance Factory Itarsi (CT),7878,6630,1,84.15841584158416
23,449,Pachmarhi Cantt (CB),12062,9299,1,77.09335101973139
23,449,Pipariya (M),48826,37188,1,76.164338672019
23,449,Ranipur (Tavanagar) (CT),4561,3260,1,71.47555360666522
23,449,Seoni-Malwa (M),30100,23348,1,77.56810631229236
23,449,Sohagpur (NP),25040,18562,1,74.129392971246
23,450,Barhi (NP),13946,9266,1,66.44199053492041
23,450,Kymore (NP),19343,14284,1,73.84583570283823
23,450,Murwara (Katni) (M Corp.),221883,168418,1,75.90396740624563
23,450,Vijayraghavgarh (NP),8371,5853,1,69.919961772787
23,451,Amkhera (CT),8957,6887,1,76.88958356592609
23,451,Barela (NP),12620,9489,1,75.19017432646594
23,451,Bargi (CT),6916,4842,1,70.01156737998843
23,451,Bhedaghat (NP),6657,4420,1,66.39627459816734
23,451,Bilpura (CT),14349,10811,1,75.3432294933445
23,451,GCF Jabalpur (CT),9285,7678,1,82.69251480883145
23,451,Harduli (CT),7682,5537,1,72.07758396250976
23,451,Jabalpur (M Corp. + OG) (Part),1081677,844121,2,78.03817590648595
23,451,Jabalpur (M Corp.) (Part),1055525,825006,1,78.16072570521779
23,451,Jabalpur Cantt (CB),72261,60662,1,83.94846459362589
23,451,Karmeta (CT),14452,11339,1,78.45972875726544
23,451,Katangi (NP),19040,12679,1,66.59138655462185
23,451,Kundam (CT),4856,3713,1,76.46210873146623
23,451,Madai (CT),6743,4981,1,73.8691976864897
23,451,Maharajpur (CT),10728,8132,1,75.80164056674124
23,451,Majholi (NP),13210,9222,1,69.8107494322483
23,451,Manegaon (CT),12599,10174,1,80.75244066989443
23,451,Ordnance Factory Khamaria (CT),9839,8033,1,81.64447606464071
23,451,Panagar (M),27932,20620,1,73.82213948159817
23,451,Patan (NP),14624,10471,1,71.60147702407002
23,451,Pipariya (CT),5084,3635,1,71.49881982690795
23,451,Shahpura (NP),13601,10364,1,76.20027939122124
23,451,Sihora (M),44048,32171,1,73.03623320014529
23,451,Suhagi (CT),14787,11881,1,80.34760262392642
23,451,Vehicle Factory Area Jabalpur (CT),8087,6782,1,83.86298998392482
23,452,Barman Kalan (CT),8143,5886,1,72.28294240451922
23,452,Chichli (CT),9977,7062,1,70.78280044101433
23,452,Gadarwara (M + OG),47604,35936,1,75.48945466767498
23,452,Gadarwara (M),45344,34210,1,75.4454834156669
23,452,Gotegaon (NP + OG),28074,21798,1,77.64479589655909
23,452,Gotegaon (NP),27068,21069,1,77.83729865523867
23,452,Kareli (M),29929,22877,1,76.43756891309432
23,452,Narsimhapur (M + OG),59966,48310,1,80.56231864723344
23,452,Narsimhapur (M),58665,47172,1,80.4091025313219
23,452,Rosera (CT),6770,5360,1,79.1728212703102
23,452,Tendukheda (NP),13077,9469,1,72.40957406132905
23,453,Dindori (NP),21323,15817,1,74.1781175256765
23,453,Shahpura (NP),10995,8055,1,73.2605729877217
23,454,Bamhani (NP),10266,7755,1,75.5406195207481
23,454,Bichhiya (NP),10427,7778,1,74.5948019564592
23,454,Deodara (CT),10008,7887,1,78.80695443645084
23,454,Khairi (CT),6438,4787,1,74.35538987263125
23,454,Mandla (M + OG),55133,44656,1,80.99686213338654
23,454,Mandla (M),49463,39962,1,80.79170288902816
23,454,Nainpur (M + OG),24914,19159,1,76.90053785020471
23,454,Nainpur (M),22607,17526,1,77.52466050338391
23,454,Niwas (NP),8248,5675,1,68.80455868089234
23,454,Pindrai (CT),4755,3540,1,74.44794952681389
23,455,Amarwara (M),14141,10718,1,75.79379110388233
23,455,Ambada (CT),6282,4423,1,70.4075135307227
23,455,Badkuhi (NP),9895,7553,1,76.33148054573017
23,455,Borgaon (CT),7497,5874,1,78.35134053621448
23,455,Chandameta- Butaria (NP),16497,12205,1,73.98314845123356
23,455,Chaurai Khas (M),12956,9821,1,75.80271688792837
23,455,Chhindwara (M + OG),175052,138805,1,79.29358133583165
23,455,Chhindwara (M),138291,111158,1,80.37977887208856
23,455,Damua (M),24663,18363,1,74.45566232818392
23,455,Dighawani (CT),5953,3918,1,65.81555518226104
23,455,Dongar Parasia (M + OG),42786,31467,1,73.54508484083578
23,455,Dongar Parasia (M),39374,29219,1,74.20886879666784
23,455,Harrai (NP),11000,7586,1,68.96363636363635
23,455,Iklehra (CT),7975,5625,1,70.53291536050156
23,455,Jamai (M),22583,17389,1,77.0003985298676
23,455,Lodhikheda (NP),9950,7679,1,77.17587939698493
23,455,Lonia Karbal (CT),14989,11729,1,78.25071719260791
23,455,Mohgaon (NP),9909,7352,1,74.19517610253305
23,455,Neuton Chikhli Kalan (NP),9840,7198,1,73.15040650406503
23,455,Pal Chaurai (CT),7061,5128,1,72.62427418212718
23,455,Panara (CT),4078,3026,1,74.20304070622853
23,455,Pandhurna (M),45479,35242,1,77.49070999802107
23,455,Piplanarayanwar (NP),8595,6487,1,75.47411285631182
23,455,Sausar (M),27459,21489,1,78.25849448268328
23,455,Sethiya (CT),3113,2223,1,71.41021522646965
23,455,Sirgora (CT),7430,5060,1,68.10228802153432
23,456,Barghat (NP),12100,9321,1,77.03305785123968
23,456,Dungariya Chhapara (CT),15371,11754,1,76.4686747771778
23,456,Ghansaur (CT),7120,5535,1,77.73876404494382
23,456,Keolari (CT),9654,7102,1,73.56536150818313
23,456,Lakhnadon (NP),17302,13256,1,76.61542018263785
23,456,Seoni (M),102343,82858,1,80.96108185220288
23,457,Baihar (NP),16650,12113,1,72.75075075075075
23,457,Balaghat (M),84261,69438,1,82.408231566205
23,457,Bharveli (CT),10357,7816,1,75.46586849473785
23,457,Garra (CT),5533,3793,1,68.552322429062
23,457,Hirapur (CT),6315,4752,1,75.24940617577197
23,457,Katangi (NP),16146,12468,1,77.22036417688591
23,457,Kirnapur (CT),6137,4796,1,78.14893270327522
23,457,Kosmi (CT),8970,6524,1,72.73132664437011
23,457,Lanji (NP),13558,9823,1,72.45168903968137
23,457,Malajkhand (M),34176,23059,1,67.47132490636703
23,457,Tirodi (CT),8451,6008,1,71.09217844042125
23,457,Ukwa (CT),6768,5156,1,76.18203309692672
23,457,Waraseoni (M + OG),27494,21659,1,78.77718775005455
23,457,Waraseoni (M),25103,19841,1,79.03836194877107
23,458,Aron (NP),28010,16606,1,59.28596929667975
23,458,Chachaura-Binaganj (NP),21860,14934,1,68.31655992680695
23,458,Guna (M),180935,125295,1,69.24862519689391
23,458,Kumbhraj (NP),19707,12574,1,63.8047394326889
23,458,Raghogarh -Vijaypur (M),62163,37401,1,60.1660151537088
23,459,Ashoknagar (M),81828,53890,1,65.85765263723908
23,459,Chanderi (M),33081,22692,1,68.59526616486805
23,459,Isagarh (NP),12583,8352,1,66.37526821902567
23,459,Mungaoli (NP + OG),26192,17861,1,68.19257788637752
23,459,Mungaoli (NP),20689,14508,1,70.124220600319
23,460,Amlai (CT) (Part),20677,14613,1,70.67272815205301
23,460,Beohari (NP),24545,16861,1,68.69423507842738
23,460,Burhar (NP),19289,14220,1,73.72077349784851
23,460,Dhanpuri (Nargada Hari Dafai) (M),45156,32137,1,71.16883692089645
23,460,Jaisinghnagar (NP),8233,5249,1,63.755617636341555
23,460,Khand(Bansagar) (NP),10653,7013,1,65.83122125222943
23,460,Sabo (CT),4366,2971,1,68.04855703160788
23,460,Shahdol (M),86681,68429,1,78.94348242406065
23,461,Amarkantak (NP),8416,6011,1,71.42347908745246
23,461,Amlai (CT) (Part),9677,6629,1,68.50263511418828
23,461,Anuppur (M),19899,14834,1,74.5464596210865
23,461,Badra (CT),4785,3075,1,64.26332288401254
23,461,Bangawan (CT),20873,14220,1,68.12628754850765
23,461,Bijuri (M),32682,22780,1,69.70197662321767
23,461,Deohra (CT),9686,7269,1,75.04645880652488
23,461,Deori (CT),5127,3615,1,70.50906963136337
23,461,Dola (CT),9273,5963,1,64.30497142240914
23,461,Dumar Kachhar (CT),9480,6531,1,68.89240506329114
23,461,Jaithari (NP),8396,5825,1,69.37827536922345
23,461,Kelhauri (Chachai) (CT),8796,6315,1,71.79399727148704
23,461,Kotma (M),29704,21791,1,73.36049016967412
23,461,Pasan (M),28447,20844,1,73.27310436952929
23,462,Churhat (NP),14962,9403,1,62.84587621975671
23,462,Majhauli (NP),11892,7093,1,59.645139589640095
23,462,Rampur Naikin (NP),11936,7253,1,60.76575067024129
23,462,Sidhi (M),54331,39281,1,72.29942390163995
23,463,Naudhia (CT),6529,4842,1,74.16143360392097
23,463,Singrauli (M Corp.),220257,143148,1,64.99135101268064
23,464,Jhabua (M),35753,26634,1,74.49444801834811
23,464,Meghnagar (CT),12929,8220,1,63.578002939129085
23,464,Petlawad (NP),15174,11063,1,72.9076051140108
23,464,Ranapur (NP),12371,8084,1,65.34637458572467
23,464,Thandla (NP),15756,11849,1,75.2030972328002
23,465,Alirajpur (M),28498,20260,1,71.09270826022879
23,465,Bhavra (NP),10968,6228,1,56.78336980306346
23,465,Jobat (NP),11976,9051,1,75.57615230460922
23,465,Nanpur (CT),5632,3403,1,60.42258522727273
23,466,Chhanera (NP),22052,14936,1,67.73081806638854
23,466,Khandwa (M Corp.),200738,151545,1,75.49392740786499
23,466,Mundi (NP),12889,8577,1,66.54511599037939
23,466,Omkareshwar (NP),10063,5980,1,59.425618602802345
23,466,Pandhana (NP),13694,9588,1,70.01606543011538
23,467,Burhanpur (M Corp.),210886,147056,1,69.73246208852176
23,467,Nepanagar (M),29682,20472,1,68.971093592076
23,467,Shahpur (NP),19719,11967,1,60.6876616461281
24,468,Anjar (M),87183,60737,1,69.66610463048988
24,468,Antarjal (CT),11256,6933,1,61.59381663113006
24,468,Bhachau (M),39532,23954,1,60.593949205706764
24,468,Bhuj (M + OG),148834,113712,1,76.40189741591303
24,468,Bhuj (M),143286,109706,1,76.5643538098628
24,468,Galpadar (CT),13155,9239,1,70.2318510072216
24,468,Gandhidham (M),247992,176060,1,70.9942256201813
24,468,Kandla (CT),15782,6877,1,43.57495881383855
24,468,Madhapar (CT),32293,24352,1,75.40953147740996
24,468,Mandvi (M),51376,36328,1,70.71005917159763
24,468,Mankuva (CT),11975,8277,1,69.11899791231733
24,468,Mirjhapar (CT),7109,4892,1,68.8141792094528
24,468,Mundra (CT),20338,14479,1,71.19185760645098
24,468,Rapar (M),28407,16158,1,56.88034639349456
24,468,Sukhpar (CT),13303,9399,1,70.65323611215516
24,469,Ambaji (CT),17753,11951,1,67.31819974088886
24,469,Bhabhar (M),21894,13503,1,61.674431351055084
24,469,Bhagal (Jagana) (CT),6250,4770,1,76.32
24,469,Chhapi (CT),8379,5869,1,70.04415801408283
24,469,Deesa (M),111160,77143,1,69.3981648074847
24,469,Deodar (CT),14912,9624,1,64.53862660944206
24,469,Dhanera (M),29578,19009,1,64.26736087632699
24,469,Kanodar (CT),12389,9674,1,78.08539833723465
24,469,Nava Bhildi (CT),4994,3695,1,73.98878654385263
24,469,Palanpur (M + OG),141592,106581,1,75.27332052658342
24,469,Palanpur (M),122344,91078,1,74.4441901523573
24,469,Thara (M),18060,11360,1,62.901439645625686
24,469,Tharad (M),27954,16180,1,57.88080417829291
24,470,Chanasma (M),15932,12142,1,76.21139844338438
24,470,Harij (M),20253,12908,1,63.73376783686368
24,470,Kakoshi (CT),9734,6965,1,71.5533182658722
24,470,Patan (M + OG),133737,103561,1,77.43631156673172
24,470,Patan (M),125497,96835,1,77.16120704080576
24,470,Radhanpur (M),39558,25722,1,65.0235097831033
24,470,Sidhpur (M + OG),61867,45998,1,74.34981492556614
24,470,Sidhpur (M),56402,42395,1,75.165774263324
24,471,Ambaliyasan (CT),7072,5078,1,71.80429864253394
24,471,Baliyasan (CT),3915,2471,1,63.11621966794381
24,471,Bechar Alias Becharaji (CT),12574,9201,1,73.17480515349133
24,471,Kadi (M + OG),81404,64899,1,79.7245835585475
24,471,Kadi (M),73228,58017,1,79.22789097066696
24,471,Kheralu (M),21843,15991,1,73.20880831387629
24,471,Mahesana (M + OG),190753,153407,1,80.42180201621993
24,471,Mahesana (M),184991,148851,1,80.46391446070349
24,471,Unjha (M),57108,46709,1,81.790642291798
24,471,Vadnagar (M),27790,19636,1,70.65851025548758
24,471,Vijapur (M + OG),35118,26771,1,76.23156216185431
24,471,Vijapur (M),25558,18894,1,73.9259722983019
24,471,Visnagar (M + OG),76753,62673,1,81.65544017823407
24,471,Visnagar (M),63073,51156,1,81.1060200085615
24,472,Bayad (M),17886,13197,1,73.7839651123784
24,472,Bhiloda (CT),16074,11743,1,73.05586661689685
24,472,Himatnagar (M),81137,62511,1,77.04376548307185
24,472,Idar (M + OG),42306,31054,1,73.40329976835437
24,472,Idar (M),31176,22439,1,71.97523736207339
24,472,Khedbrahma (M),25001,17850,1,71.39714411423543
24,472,Malpur (CT),6378,4747,1,74.4277202884917
24,472,Meghraj (CT),11363,8622,1,75.87784915955294
24,472,Modasa (M),67648,51680,1,76.39545884578997
24,472,Parabada (CT),6255,4736,1,75.7154276578737
24,472,Prantij (M),23596,17622,1,74.68214951686727
24,472,Sathamba (CT),7213,4951,1,68.63995563565784
24,472,Savgadh (CT),13841,10249,1,74.0481179105556
24,472,Talod (M),18298,13492,1,73.73483440813203
24,472,Vadali (M),20646,13892,1,67.28664148018987
24,472,Vijaynagar (CT),6078,4399,1,72.3757815070747
24,473,Adalaj (CT),11957,8732,1,73.028351593209
24,473,Arsodiya (CT),5859,4563,1,77.88018433179722
24,473,Bhat (CT),6823,5052,1,74.04367580243296
24,473,Chhatral (CT),10215,7557,1,73.97944199706315
24,473,Chhatral INA (INA),2660,1901,1,71.46616541353383
24,473,Chiloda (Naroda) (CT),9735,7189,1,73.84694401643554
24,473,Dehgam (M),42632,30437,1,71.3947269656596
24,473,Gandhinagar (NA + OG),292797,234258,1,80.00696728450086
24,473,Gandhinagar (NA),206167,169359,1,82.14651229343202
24,473,Kalol (M + OG),134426,104721,1,77.90234032106883
24,473,Kalol (M),113153,87948,1,77.72485042376252
24,473,Kalol INA (INA),535,396,1,74.01869158878505
24,473,Mansa (M),30347,23097,1,76.10966487626453
24,473,Palaj (CT),2634,1855,1,70.42520880789674
24,473,Pethapur (M),23497,17055,1,72.58373409371409
24,473,Saij (CT),13882,9735,1,70.12678288431063
24,473,Vavol (CT),12628,9973,1,78.97529299968325
24,474,Ahmadabad (M Corp. + OG) (Part),55987,41511,1,74.14399771375498
24,474,Ahmadabad (M Corp.),5577940,4376393,1,78.45894720990186
24,474,Ahmadabad Cantonment (CB),7588,6018,1,79.30943595150237
24,474,Bareja (M),19690,13957,1,70.88369730827831
24,474,Barwala (M),17951,11854,1,66.03531836666481
24,474,Bavla (M + OG),42458,31718,1,74.70441377361156
24,474,Bavla (M),36206,27281,1,75.34938960393305
24,474,Bopal (CT),37635,31830,1,84.57552809884416
24,474,Dhandhuka (M),32475,23383,1,72.0030792917629
24,474,Dholka (M + OG),80945,58450,1,72.20952498610167
24,474,Dholka (M),79531,57931,1,72.84077906728193
24,474,Nandej (CT),9176,6856,1,74.71665213600699
24,474,Ranpur (CT),16944,12001,1,70.82743153918791
24,474,Sanand (M + OG),95890,68409,1,71.34112003337158
24,474,Sanand (M),41530,31374,1,75.54538887551168
24,474,Singarva (CT),12547,8674,1,69.13206344146012
24,474,Viramgam (M),55821,41628,1,74.574085021766
24,475,Chotila (M),21364,14260,1,66.74780003744617
24,475,Dhrangadhra (M),75133,54425,1,72.4382095750203
24,475,Halvad (M),32024,22482,1,70.20359730202348
24,475,Kharaghoda (CT),11944,6296,1,52.71265907568654
24,475,Limbdi (M),42769,32474,1,75.92882695410226
24,475,Patdi (M),17725,12808,1,72.25952045133992
24,475,Surendranagar Dudhrej (M),177851,134424,1,75.58236951155742
24,475,Thangadh (M),42351,28638,1,67.62059927746688
24,475,Wadhwan (M),75755,57116,1,75.39568345323741
24,476,Anandpar (CT),13483,8780,1,65.1190387895869
24,476,Bhayavadar (M),19404,13809,1,71.16573902288188
24,476,Chandrapur (CT),8906,6505,1,73.04064675499663
24,476,Dhoraji (M),84545,62132,1,73.489857472352
24,476,Ghanteshvar (CT),5874,4022,1,68.47122914538645
24,476,Gondal (M),112197,84394,1,75.21948002174746
24,476,Jasdan (M),48483,35660,1,73.55155415300209
24,476,Jetalsar (CT),9815,7375,1,75.14009169638308
24,476,Jetpur Navagadh (M),118302,86918,1,73.47128535443188
24,476,Kotharia (CT),53794,37748,1,70.17139457932112
24,476,Lodhika (INA),671,409,1,60.95380029806259
24,476,Mahendranagar (CT),12565,7953,1,63.29486669319538
24,476,Maliya (M),15964,9143,1,57.27261338010524
24,476,Morvi (M + OG),210451,153692,1,73.0298264204019
24,476,Morvi (M),194947,143560,1,73.64052793836274
24,476,Paddhari (CT),10547,6821,1,64.67241869725989
24,476,Rajkot (M Corp. + OG),1323363,1034835,1,78.19736534873651
24,476,Rajkot (M Corp.),1286678,1008485,1,78.37897282770048
24,476,Ravapara (CT),12206,9931,1,81.36162543011633
24,476,Saktasanala (CT),5786,4335,1,74.92222606291047
24,476,Shapur (CT),9249,6329,1,68.42901935344362
24,476,Trajpar (CT),16637,11020,1,66.23790346817336
24,476,Upleta (M),58775,43710,1,74.36835389196087
24,476,Veraval (CT),19152,14058,1,73.40225563909775
24,476,Wankaner (M),43881,31542,1,71.88076844192247
24,477,Bhanvad (M),22142,15825,1,71.47050853581429
24,477,Dhrol (M),25883,18292,1,70.6718695668972
24,477,Digvijaygram (CT),6161,4392,1,71.28712871287128
24,477,Dwarka (M),38873,25982,1,66.83816530753994
24,477,GSFC (Motikhavdi Sikka) (INA),467,432,1,92.50535331905782
24,477,Jamjodhpur (M),25892,19594,1,75.67588444307121
24,477,Jamnagar (M Corp. + OG),600943,441320,1,73.43791341275295
24,477,Jamnagar (M Corp.),479920,353058,1,73.56601100183364
24,477,Kalavad (M),28314,20067,1,70.87306632761178
24,477,Khambhalia (M),41734,30333,1,72.68174629798246
24,477,Mithapur (CT),10508,8360,1,79.55843167110773
24,477,Okha (M),62052,36231,1,58.38812608779733
24,477,Raval (M),19777,10375,1,52.45992819942358
24,477,Reliance Complex (INA),12796,10806,1,84.44826508283839
24,477,Salaya (M),33246,13194,1,39.685977260422305
24,477,Shaktinagar (CT),13463,9264,1,68.81081482581891
24,477,Sikka (M),28814,16332,1,56.68078017630318
24,478,Amardad (CT),5872,3876,1,66.00817438692098
24,478,Chhaya (M),47699,35782,1,75.01624772007798
24,478,Khapat (CT),16744,11432,1,68.27520305781175
24,478,Kutiyana (M),16581,11486,1,69.27205838007357
24,478,Porbandar (M + OG),152760,117963,1,77.2211311861744
24,478,Porbandar (M),151770,117452,1,77.38815312644132
24,478,Ranavav (M),46018,29946,1,65.07453605111043
24,479,Bantwa (M),15291,11330,1,74.09587338957557
24,479,Bhalpara (CT),14676,10403,1,70.88443717634233
24,479,Chorvad (M),22720,12888,1,56.725352112676056
24,479,Dungarpur (CT),5039,2723,1,54.038499702321886
24,479,Junagadh (M Corp.),319462,255759,1,80.05928717656559
24,479,Keshod (M),76193,58085,1,76.23403724751617
24,479,Kodinar (M),41492,29286,1,70.58228092162344
24,479,Manavadar (M),30850,22377,1,72.53484602917342
24,479,Mangrol (M + OG),69779,46551,1,66.71204803737514
24,479,Mangrol (M),63794,42984,1,67.37937737091264
24,479,Sutrapada (M),26132,17527,1,67.07102403183836
24,479,Talala (M),21060,16125,1,76.56695156695157
24,479,Una (M),58528,42096,1,71.92454893384364
24,479,Vanthali (M),14554,10454,1,71.82905043287069
24,479,Veraval (M + OG),171121,114661,1,67.00580291139019
24,479,Veraval (M),154636,104893,1,67.83219948782948
24,479,Visavadar (M),19515,14393,1,73.75352293107865
24,480,Amreli (M + OG),117967,93477,1,79.23995693710954
24,480,Amreli (M),105573,84243,1,79.79597056065472
24,480,Babra (M),25270,16963,1,67.12702809655718
24,480,Bagasara (M),34521,25994,1,75.29909330552418
24,480,Chalala (M),16721,12003,1,71.78398421147061
24,480,Damnagar (M),16614,11703,1,70.44059227157818
24,480,Jafrabad (M),27167,15964,1,58.762469172157395
24,480,Lathi (M),21173,14889,1,70.32069144665375
24,480,Lilia (CT),10359,7503,1,72.42977121343759
24,480,Rajula (M),38489,26439,1,68.69235365948713
24,480,Savarkundla (M),78354,55481,1,70.80812721750006
24,481,Alang (CT),8309,5079,1,61.12648934889878
24,481,Alang-Sosiya (INA),18480,13599,1,73.58766233766234
24,481,Bhavnagar (M Corp. + OG),605882,457252,1,75.46882066144893
24,481,Bhavnagar (M Corp.),593368,446905,1,75.31666689137265
24,481,Botad (M),130327,92752,1,71.16867571569973
24,481,Dhasa Vishi (CT),14448,10349,1,71.62929125138427
24,481,Dhola (CT),7560,5395,1,71.36243386243386
24,481,Gadhada (M),29872,20205,1,67.63859132297803
24,481,Gariadhar (M),33949,23292,1,68.60879554626057
24,481,Ghogha (CT),12208,8561,1,70.12614678899082
24,481,Katpar (CT),8677,4500,1,51.86124236487265
24,481,Mahuva (M + OG),98519,68109,1,69.13285762137252
24,481,Mahuva (M),82772,57980,1,70.04784226550042
24,481,Malanka (CT),4765,3033,1,63.65162644281217
24,481,Nari (CT),9467,6634,1,70.07499735924792
24,481,Palitana (M),64497,43544,1,67.51321766903887
24,481,Sidsar (CT),11795,7498,1,63.56930902924967
24,481,Sihor (M),54547,38707,1,70.96082277668799
24,481,Songadh (CT),6027,4258,1,70.64874730379957
24,481,Talaja (M),27822,19442,1,69.87995111782043
24,481,Umrala (CT),8044,5584,1,69.418199900547
24,481,Vallabhipur (M),15852,10941,1,69.01968205904618
24,481,Vartej (CT),11354,8585,1,75.61211907697728
24,482,Anand (M + OG),209410,167586,1,80.02769686261401
24,482,Anand (M),198282,158375,1,79.87361434724282
24,482,Anklav (M),21003,14907,1,70.97557491786888
24,482,Boriavi (M),19865,15011,1,75.56506418323686
24,482,Borsad (M),63377,49079,1,77.43976521450999
24,482,Gamdi (CT),14582,11357,1,77.88369222328899
24,482,Hadgood (CT),14262,10970,1,76.91768335436825
24,482,Karamsad (M),35285,28722,1,81.40002834065467
24,482,Khambhat (M + OG),99164,78055,1,78.71304102295188
24,482,Khambhat (M),83715,66236,1,79.12082661410739
24,482,Ode (M),23250,16704,1,71.84516129032258
24,482,Petlad (M),55330,43825,1,79.20657870956082
24,482,Sojitra (M),16713,12965,1,77.57434332555496
24,482,Umreth (M),33762,25333,1,75.03406196315385
24,482,Vallabh Vidyanagar (M),23783,19690,1,82.79022831434217
24,482,Vasna Borsad (INA),166,116,1,69.87951807228916
24,482,Vithal Udyognagar (INA),5035,3823,1,75.92850049652434
24,483,Balasinor (M),39330,30314,1,77.07602339181287
24,483,Chaklasi (M),39581,29428,1,74.34880371895606
24,483,Dakor (M + OG),25658,20055,1,78.16275625535896
24,483,Dakor (M),24396,19219,1,78.77930808329235
24,483,Kanjari (M),17881,13448,1,75.20832168223254
24,483,Kapadvanj (M),49308,38367,1,77.81090289608177
24,483,Kathlal (M),22071,16555,1,75.00792895654932
24,483,Kheda (M),25575,19751,1,77.227761485826
24,483,Mahudha (M),17722,12758,1,71.9896174246699
24,483,Mehmedabad (M),35368,27001,1,76.34302194073739
24,483,Nadiad (M + OG),225071,175930,1,78.16644525505285
24,483,Nadiad (M),218095,170170,1,78.02563103234829
24,483,Thasra (M),15806,12034,1,76.13564469188915
24,483,Virpur (CT),10238,7361,1,71.89880836100801
24,484,Godhra (M),143644,109819,1,76.45220127537523
24,484,Halol (M + OG),64265,48267,1,75.10620088695246
24,484,Halol (M),59605,45116,1,75.69163660766715
24,484,Jafrabad (CT),9685,7042,1,72.7103768714507
24,484,Kalol (INA),448,342,1,76.33928571428571
24,484,Kalol (M + OG),32084,24620,1,76.73606782196734
24,484,Kalol (M),28777,21964,1,76.32484275636793
24,484,Lunawada (M),36954,28737,1,77.76424744276669
24,484,Santrampur (M),19465,14409,1,74.02517338813254
24,484,Shehera (M),19175,12719,1,66.33116036505868
24,484,Vavdi Bujarg (CT),9107,7016,1,77.03963983748766
24,485,Devgadbaria (M),21030,14088,1,66.99001426533525
24,485,Dohad (M + OG),118846,84551,1,71.14332834087811
24,485,Dohad (M),94578,73098,1,77.28858719786842
24,485,Freelandgunj (CT),11657,9415,1,80.76692116324955
24,485,Jhalod (M),28720,18691,1,65.08008356545962
24,485,Limkheda (CT),3924,2726,1,69.46992864424058
24,485,Sanjeli (CT),7448,5148,1,69.11922663802363
24,486,Alikherva (CT),8951,6771,1,75.64517930957435
24,486,Bajwa (CT),9611,6842,1,71.18926230361045
24,486,Bodeli (CT),12184,9434,1,77.42941562705187
24,486,Chhota Udaipur (M),25787,18541,1,71.90057005467871
24,486,Dabhoi (M),51240,37884,1,73.9344262295082
24,486,GSFC Complex (INA),2242,1935,1,86.30686886708297
24,486,Jarod (CT),7200,5785,1,80.34722222222223
24,486,Jawaharnagar (Gujarat Refinery) (CT),3417,2926,1,85.63067017851917
24,486,Jetpur (CT),7864,5730,1,72.86368260427264
24,486,Karachiya (CT),7103,5021,1,70.68844150359003
24,486,Karjan (M),30405,23177,1,76.22759414569971
24,486,Kavant (CT),9553,6943,1,72.67873966293311
24,486,Nandesari (CT),8290,6320,1,76.23642943305187
24,486,Nandesari (INA),3679,2853,1,77.54824680619734
24,486,Nasvadi (CT),8076,6104,1,75.58197127290738
24,486,Padra (M + OG),46660,36614,1,78.46978139734247
24,486,Padra (M),43366,34150,1,78.74832818336947
24,486,Petro-Chemical Complex (INA),1951,1783,1,91.38903126601743
24,486,Por-Ramangamdi (INA),311,246,1,79.09967845659163
24,486,Ranoli (CT),11726,9183,1,78.31315026436978
24,486,Savli (M),18467,13287,1,71.94996480207938
24,486,Tarsali (CT),4929,3480,1,70.60255629945222
24,486,Undera (CT),16902,13382,1,79.1740622411549
24,486,Vadodara (M Corp. + OG),1752371,1427285,1,81.4487913803641
24,486,Vadodara (M Corp.),1670806,1364157,1,81.646642398938
24,486,Vaghodia (CT),16604,12767,1,76.89111057576487
24,486,Vaghodia (INA),248,179,1,72.17741935483872
24,487,Dediapada (CT),9026,6738,1,74.65100819853757
24,487,Kevadiya (CT),6788,5517,1,81.27578078962875
24,487,Rajpipla (M),34845,28325,1,81.28856363897259
24,487,Sagbara (CT),4496,3448,1,76.69039145907473
24,487,Selamba (CT),6717,4631,1,68.94446925710884
24,488,Amod (M),15237,11228,1,73.68904640021002
24,488,Andada (CT),16730,13253,1,79.21697549312611
24,488,Anklesvar (INA),24789,20969,1,84.58993908588486
24,488,Anklesvar (M + OG),89457,70872,1,79.22465542104028
24,488,Anklesvar (M),73928,59616,1,80.64062330916568
24,488,Bhadkodara (CT),13233,10552,1,79.7400438298194
24,488,Bharuch (INA),3332,2982,1,89.49579831932773
24,488,Bharuch (M),169007,132572,1,78.44172134881987
24,488,Bholav (CT),24605,21150,1,85.95813858971754
24,488,Gadkhol (CT),25332,19492,1,76.94615506079268
24,488,Jambusar (M),43344,31452,1,72.56367663344408
24,488,Jhadeshwar (CT),28148,23029,1,81.8139832314907
24,488,Kharach (CT),5436,4054,1,74.57689477557027
24,488,Maktampur (CT),10704,8542,1,79.80194319880418
24,488,Nandelav (CT),13583,11545,1,84.99595082087905
24,488,Palej (CT),12334,9353,1,75.83103616020756
24,488,Panoli (INA),836,410,1,49.04306220095694
24,488,Sanjali (CT),5344,4321,1,80.85703592814372
24,488,Sarangpore (CT),16671,11430,1,68.56217383480295
24,488,Sherpura (CT),5748,4688,1,81.55880306193458
24,488,Valia (Naldhari) (INA),5,5,1,100.0
24,488,Valia - Jhagadia (GNFC Scooter Project Area) (INA),1084,919,1,84.77859778597787
24,489,Ahwa (CT),15004,12006,1,80.01866169021594
24,489,Saputara (NA),2968,2349,1,79.14420485175202
24,489,Waghai (CT),6715,5016,1,74.69843633655994
24,490,Antaliya (CT),6936,5887,1,84.8760092272203
24,490,Bansda (CT),14072,10720,1,76.17964752700398
24,490,Bilimora (M),53187,43218,1,81.25669806531671
24,490,Bilimora (Talodh) (CT),7204,5907,1,81.99611327040533
24,490,Chhapra (CT),10147,8477,1,83.54193357642653
24,490,Chikhli (CT),7025,5943,1,84.59786476868328
24,490,Devsar (CT),10346,9050,1,87.47341967910303
24,490,Gandevi (M),16827,13397,1,79.61609318357402
24,490,Kabilpor (CT),15699,12742,1,81.1644053761386
24,490,Kaliawadi (CT),4591,3698,1,80.54890002178175
24,490,Mahuvar (CT),10749,8694,1,80.88194250627966
24,490,Navsari (M + OG),171109,135638,1,79.2699390447025
24,490,Navsari (M),160941,127767,1,79.38747739854978
24,490,Vijalpor (M),81245,62455,1,76.87242291833344
24,491,Atul (CT),3486,2903,1,83.27596098680436
24,491,Balitha (CT),12380,9117,1,73.64297253634895
24,491,Bhagdawada (CT),12291,10550,1,85.8351639410951
24,491,Bhilad (CT),9022,6394,1,70.87120372422966
24,491,Chanod (CT),18776,14665,1,78.1050276949297
24,491,Chhiri (CT),18829,13988,1,74.28965956768813
24,491,Daheli (CT),10475,6901,1,65.88066825775655
24,491,Dehari (CT),7892,6122,1,77.57222503801317
24,491,Dharampur (M),24178,18281,1,75.61005873107783
24,491,Karvad (CT),5746,4431,1,77.11451444483119
24,491,Lavachha (CT),8549,6578,1,76.94467189144929
24,491,Nanakwada (CT),10172,8848,1,86.98387731026347
24,491,Orvad (CT),5420,4252,1,78.45018450184502
24,491,Pardi (M),28495,22463,1,78.83137392525005
24,491,Pardi Parnera (CT),5454,4386,1,80.41804180418042
24,491,Pardi Sondhpur (CT),7833,6056,1,77.31392825226605
24,491,Parnera (CT),12296,9654,1,78.51333767078725
24,491,Salvav (CT),5486,4229,1,77.08713087860008
24,491,Sanjan (CT),15544,11079,1,71.27509006690684
24,491,Sarigam (CT),19903,13853,1,69.60257247651109
24,491,Sarigam (INA),925,704,1,76.10810810810811
24,491,Solsumba (CT),18796,14186,1,75.47350500106405
24,491,Umbergaon (INA),6976,5804,1,83.19954128440367
24,491,Umbergaon (M),27859,20845,1,74.82321691374422
24,491,Valsad (INA),1162,988,1,85.02581755593803
24,491,Valsad (M + OG),139764,116754,1,83.53653301279299
24,491,Valsad (M),114636,95246,1,83.0855926585017
24,491,Vapi (INA),34162,28695,1,83.99683859258825
24,491,Vapi (M),163630,126726,1,77.44667848194096
24,492,Amboli (CT),6137,4201,1,68.45364184454945
24,492,Baben (CT),15610,10211,1,65.41319666880206
24,492,Bardoli (M),60821,47125,1,77.4814619950346
24,492,Bharthana Kosad (CT),5679,3135,1,55.203380876914956
24,492,Chalthan (CT),21795,16752,1,76.86166551961459
24,492,Hajira (INA),5562,4417,1,79.4138798993168
24,492,Ichchhapor (CT),12097,9574,1,79.14358931966603
24,492,Kadodara (CT),27336,19800,1,72.43195785776997
24,492,Kansad (M),28327,21941,1,77.45613725420976
24,492,Kim (CT),18638,14575,1,78.20045069213435
24,492,Kosamba (CT),16151,11727,1,72.60850721317566
24,492,Limla (CT),3683,3425,1,92.99484116209612
24,492,Magdalla (INA),18,15,1,83.33333333333334
24,492,Mandvi (M),18214,14003,1,76.880421653673
24,492,Mora (CT),13924,12481,1,89.63659867854065
24,492,Pardi Kanade (CT),9167,6472,1,70.60106905203448
24,492,Sachin (CT),28102,20323,1,72.31869617820796
24,492,Sachin (INA),2680,1824,1,68.05970149253731
24,492,Sayan (CT),15324,11484,1,74.9412685982772
24,492,Surat (M Corp. + OG) (Part),33813,25148,1,74.3737615709934
24,492,Surat (M Corp.),4467797,3443411,1,77.07178728129321
24,492,Tarsadi (M),29305,22639,1,77.25302849343116
24,492,Vareli (CT),9033,6283,1,69.55607217978523
24,493,Bhurivel (CT),5730,4695,1,81.93717277486911
24,493,Songadh (M),26515,18586,1,70.09617197812558
24,493,Ukai (CT),7453,5542,1,74.35931839527707
24,493,Vyara (M),39789,30837,1,77.5013194601523
25,494,Diu (M CI),23991,19862,1,82.78937935058981
25,495,Bhimpore (CT),10936,8546,1,78.14557425018288
25,495,Dadhel (CT),52578,40991,1,77.96226558636693
25,495,Daman (M CI),44282,35835,1,80.92452915405808
25,495,Dunetha (CT),12470,9588,1,76.88853247794707
25,495,Kachigam (CT),18434,14329,1,77.73136595421504
25,495,Kadaiya (CT),12717,10341,1,81.31634819532908
25,495,Marwad (CT),7443,5825,1,78.26145371489991
26,496,Dadra (CT),13039,10318,1,79.13183526344045
26,496,Masat (CT),12139,9211,1,75.87939698492463
26,496,Naroli (CT),16260,12485,1,76.78351783517834
26,496,Rakholi (CT),8339,6234,1,74.75716512771315
26,496,Samarvarni (CT),12553,9359,1,74.55588305584322
26,496,Silvassa (M CI),98265,76481,1,77.83137434488373
27,497,Akkalkuwa (CT),17840,15722,1,88.12780269058295
27,497,Khandbara (CT),6511,4567,1,70.14283520196591
27,497,Khapar (CT),7235,5343,1,73.84934346924672
27,497,Makranifali (CT),4812,3315,1,68.89027431421447
27,497,Nandurbar (M Cl),111037,86231,1,77.65969901924585
27,497,Nawapur (M Cl),34207,26035,1,76.11015289268278
27,497,Shahade (M Cl),61376,46277,1,75.39917883211679
27,497,Talode (M Cl),26363,18554,1,70.37894018131472
27,497,Vadfalya (CT),6093,4205,1,69.01362218939767
27,498,Awadhan (CT),4732,3346,1,70.71005917159763
27,498,Dhule (M Corp.) ,375559,290569,1,77.36973418291134
27,498,Dondaicha-Warwade(M Cl) ,46767,33837,1,72.35229969850535
27,498,Mahindale (CT),7977,6175,1,77.4100539049768
27,498,Nijampur (CT),7696,5561,1,72.258316008316
27,498,Sakri (CT),21764,15507,1,71.250689211542
27,498,Shirpur-Warwade (M Cl) ,76905,57600,1,74.89760093622002
27,498,Walwadi (CT),29636,23881,1,80.58105007423404
27,499,Amalner (M Cl) ,95994,73114,1,76.16517699022856
27,499,Bhadgaon (M Cl),37214,26132,1,70.22088461331757
27,499,Bhusawal (M Cl) ,187421,148137,1,79.03970206113509
27,499,Chalisgaon(M Cl),97551,74252,1,76.1160828694734
27,499,Chopda (M Cl) ,72783,53364,1,73.31931907176126
27,499,Dharangaon (M Cl) ,35375,24893,1,70.36890459363958
27,499,Erandol (M Cl),31071,20819,1,67.00460236233144
27,499,Faizpur (M Cl),26602,19929,1,74.91541989324111
27,499,Jalgaon (M Corp.),460228,355368,1,77.21564094318468
27,499,Jamner (M Cl) ,46762,33778,1,72.23386510414439
27,499,Kandari (CT),16353,12968,1,79.30043417110011
27,499,Nimbhore Budruk (CT),7501,5920,1,78.92281029196107
27,499,Pachora (M Cl) ,59609,42995,1,72.128369877032
27,499,Pachora (Rural) (CT),211,81,1,38.388625592417064
27,499,Parola (M Cl),37666,28173,1,74.79689906016036
27,499,Raver (M Cl) ,27039,18747,1,69.3331853988683
27,499,Savda (M Cl) ,20584,14949,1,72.62436844150797
27,499,Takali Pr. Chalisgaon (CT),10630,8417,1,79.18156161806209
27,499,Varangaon (CT),35411,26987,1,76.21078196040779
27,499,Yawal (M Cl) ,36706,25297,1,68.91788808369203
27,500,Buldana (M Cl),67431,53971,1,80.03885453278166
27,500,Chikhli (M Cl),57889,45627,1,78.81808288275838
27,500,Deulgaon Raja (M Cl),30827,23538,1,76.35514321860707
27,500,Jalgaon (Jamod) (M Cl),28276,21408,1,75.71085019097468
27,500,Khamgaon (M Cl),94191,76870,1,81.61076960643798
27,500,Lonar (M Cl),23416,17378,1,74.21421250427058
27,500,Malkapur (M Cl),67740,51668,1,76.27398878063183
27,500,Mehkar (M Cl),45248,33980,1,75.09724186704385
27,500,Nandura (M Cl + OG),44419,35039,1,78.88291046624192
27,500,Nandura (M Cl),42167,33136,1,78.58277800175493
27,500,Shegaon (M Cl),59672,47020,1,78.79742592840864
27,500,Sindkhed Raja (M Cl),16434,11721,1,71.32165023731288
27,500,Sundarkhed (CT),13317,10896,1,81.82022978148231
27,501,Akola (M Corp.),425817,347893,1,81.70012000460292
27,501,Akot (M Cl),92637,72182,1,77.91918995649687
27,501,Balapur (M Cl),44594,34309,1,76.93635915145536
27,501,Khadki Bk (CT),12133,10208,1,84.13417951042611
27,501,Malkapur (CT),15420,12796,1,82.98313878080415
27,501,Murtijapur (M Cl),40295,33088,1,82.11440625387765
27,501,Patur (M Cl),21095,16777,1,79.5306944773643
27,501,Shivani (CT),13699,10399,1,75.91065041243887
27,501,Shivar (CT),6047,4995,1,82.60294360840086
27,501,Telhara (M Cl),20986,16805,1,80.07719432002287
27,501,Umari Pr. Akola (CT),6756,5430,1,80.37300177619893
27,501,Umri Pragane Balapur (CT),20262,17044,1,84.118053499161
27,502,Karanja (M Cl),67907,52791,1,77.74014460953951
27,502,Mangrulpir (M Cl),30983,24336,1,78.54629958364264
27,502,Risod (M Cl),34136,24929,1,73.02847433794236
27,502,Washim (M Cl),78387,61105,1,77.95297689667929
27,503,Achalpur (M Cl),112311,91547,1,81.51205135739153
27,503,Amravati (M Corp.),647057,535594,1,82.77385145358137
27,503,Anjangaon (M Cl),56380,44333,1,78.63249379212488
27,503,Chandur Railway (M Cl),19776,16187,1,81.85173948220064
27,503,Chandurbazar (M Cl),18759,15304,1,81.5821738898662
27,503,Chikhaldara (M Cl) ,5158,4277,1,82.9197363319116
27,503,Daryapur Banosa (M Cl) ,36463,29339,1,80.46238652881003
27,503,Dattapur Dhamangaon (M Cl),21059,17635,1,83.74091837219241
27,503,Dharni (CT),15761,11747,1,74.5320728380179
27,503,Morshi (M Cl),37333,30375,1,81.3623335922642
27,503,Shendurjana (M Cl),21748,17420,1,80.09931947765313
27,503,Warud (M Cl),45482,37422,1,82.27870366298755
27,504,Arvi (M Cl),42822,35039,1,81.82476297230396
27,504,Borgaon (Meghe) (CT),19759,16187,1,81.92216205273546
27,504,Deoli (M Cl),19288,15217,1,78.89361260887598
27,504,Hinganghat (M Cl),101805,85588,1,84.07052698786896
27,504,Masala (CT),8883,7522,1,84.6785995722166
27,504,Nalwadi (CT),12119,10396,1,85.78265533459857
27,504,Pipri (CT),23661,20137,1,85.10629305608384
27,504,Pulgaon (M Cl),33925,28051,1,82.68533529845247
27,504,Sawangi (Meghe) (CT),14394,12133,1,84.29206613866889
27,504,Sindi (M Cl),12858,10208,1,79.39026287136414
27,504,Sindi Turf Hindnagar (CT),20956,18077,1,86.26169116243558
27,504,Wardha (M Cl),106444,90371,1,84.9000413362895
27,504,Warud (CT),6386,5450,1,85.34293767616661
27,505,Bamhni (CT),10341,8276,1,80.030944782903
27,505,Bhokara (CT),8602,7010,1,81.49267612183213
27,505,Bori (CT),12072,9504,1,78.72763419483101
27,505,Borkhedi (CT),13294,10253,1,77.12501880547616
27,505,Chandkapur (CT),12077,9652,1,79.92051006044547
27,505,Chicholi (CT),18469,15038,1,81.42292490118577
27,505,Davlameti (CT),14545,11901,1,81.82193193537299
27,505,Digdoh (CT),38157,30881,1,80.93141494352281
27,505,Hudkeshwar bk. (CT),24499,20903,1,85.32184987142332
27,505,Isasani (CT),4366,3253,1,74.50755840586349
27,505,Kalameshwar (M Cl) ,19578,16154,1,82.51098171416896
27,505,Kamptee (CB),12457,10579,1,84.92413903829173
27,505,Kamptee (M Cl),86793,68947,1,79.43843397509016
27,505,Kandri (CT),15723,11785,2,74.95388920689436
27,505,Kanhan (Pipri) (CT),22945,17144,1,74.71780344301591
27,505,Katol (M Cl),43267,35231,1,81.42695356738392
27,505,Khapa (M Cl),14659,11133,1,75.94651749778293
27,505,Koradi (CT),6321,5097,1,80.6359753203607
27,505,Mahadula (CT),21481,16718,1,77.82691681020437
27,505,Mohpa (M Cl),6987,5625,1,80.50665521683126
27,505,Mouda (CT),14606,11643,1,79.71381623990142
27,505,Mowad (M Cl),8777,6928,1,78.93357639284494
27,505,Nagalwadi (CT),2562,2078,1,81.10850897736144
27,505,Nagpur (M Corp.),2405665,1984123,1,82.47711131849198
27,505,Narkhed (M Cl),21127,16792,1,79.48123254603115
27,505,Narsala (CT),17330,14105,1,81.39065204847086
27,505,Nildoh (CT),20888,16417,1,78.59536576024512
27,505,Ramtek (M Cl),22310,18010,1,80.72613177947109
27,505,Savner (M Cl),32498,26102,1,80.31878884854453
27,505,Sillewada (CT),7290,5473,1,75.07544581618656
27,505,Sonegaon (Nipani) (CT),9387,7596,1,80.92042186001918
27,505,Takalghat (CT),11363,8913,1,78.43879257238406
27,505,Tekadi (CT),13741,10239,1,74.51422749435994
27,505,Umred (M Cl),53971,42679,1,79.07765281354801
27,505,Waddhamana (CT),6148,4674,1,76.02472348731295
27,505,Wadi (CT),54048,44188,1,81.75695677915927
27,505,Waghoda (CT),7628,6219,1,81.52857891976927
27,505,Walani (CT),9393,7269,1,77.38741616097093
27,505,Wanadongri (CT),37667,29296,1,77.77630286457642
27,505,Yerkheda (CT),15727,13001,1,82.66675144655687
27,506,Bela (CT),5914,4489,1,75.90463307406155
27,506,Bhandara (M Cl),91845,76378,1,83.15967118514888
27,506,Chikhala (CT),4352,3120,1,71.69117647058823
27,506,Ganeshpur (CT),9192,7633,1,83.03959965187119
27,506,Murmadi (CT),7576,6427,1,84.8336853220697
27,506,Pauni (M Cl),22821,17675,1,77.45059375136935
27,506,Sakoli (CT),14636,12088,1,82.59087182290243
27,506,Sawari Jawharnagar (CT),8770,7186,1,81.93842645381984
27,506,Shahapur (CT),4459,3606,1,80.87015025790537
27,506,Thana (CT),6339,5206,1,82.1265183782931
27,506,Tumsar (M Cl),44869,37183,1,82.87013305400166
27,506,Warthi (CT),13058,10541,1,80.72446010108746
27,507,Amgaon bk. (CT),10972,8593,1,78.3175355450237
27,507,Amgaon kh. (CT),5197,4214,1,81.0852414854724
27,507,Deori (CT),14579,11751,1,80.60223609301049
27,507,Fulchur (CT),5480,4291,1,78.3029197080292
27,507,Gondiya (M Cl),132813,111673,1,84.08288345267407
27,507,Katangi Kala (CT),6440,4997,1,77.59316770186335
27,507,Khamari (CT),6794,5036,1,74.12422725934648
27,507,Kudwa (CT),11549,9329,1,80.77755649839813
27,507,Risama (CT),6925,5658,1,81.70397111913358
27,507,Tirora (M Cl),25181,20280,1,80.53691275167785
27,508,Aheri (CT),14609,11409,1,78.09569443493737
27,508,Ashti (CT),5634,4386,1,77.84877529286474
27,508,Desaiganj (M Cl),28781,22729,1,78.9722386296515
27,508,Gadchiroli (M Cl),54152,44235,1,81.68673363864677
27,508,Kurkheda (CT),7430,6155,1,82.83983849259758
27,508,Sironcha Ry. (CT),7427,5680,1,76.47771644001615
27,509,Awalpur (CT),4882,3911,1,80.11061040557149
27,509,Ballarpur (M Cl),89452,70118,1,78.38617359030542
27,509,Bhadravati (M Cl),60565,48519,1,80.11062494840255
27,509,Brahmapuri (M Cl),36025,29367,1,81.51839000693963
27,509,Chandrapur (M Cl),320379,258463,1,80.67413906654306
27,509,Chandur (CT),26755,20224,1,75.58960941880022
27,509,Dhopatala (CT),4945,4240,1,85.74317492416583
27,509,Durgapur (CT),17693,14149,1,79.96947945515176
27,509,Ghugus (CT),32654,25285,1,77.4330862987689
27,509,Gondpipri (CT),8474,6393,1,75.44253009204625
27,509,Kondumal (CT),10497,9321,1,88.79679908545299
27,509,Mul (M Cl),25449,18763,1,73.72784785256789
27,509,Nakoda (CT),5634,4324,1,76.7483138090167
27,509,Nanda (CT),9378,7027,1,74.93068884623587
27,509,Nandgaon Pode (CT),3836,2974,1,77.52867570385818
27,509,Padoli (CT),5275,3761,1,71.29857819905213
27,509,Rajura (M Cl),29668,23528,1,79.30430093029527
27,509,Sasti (CT),4320,3104,1,71.85185185185186
27,509,Shivaji Nagar (CT),13877,10270,1,74.00735029184983
27,509,Tadali (CT),4942,4044,1,81.82921893970052
27,509,Urjanagar (CT),4748,3684,1,77.59056444818872
27,509,Visapur (CT),9398,6939,1,73.83485848052777
27,509,Warora (M Cl),46532,37813,1,81.26235708759563
27,510,Darwha (M Cl),25791,20693,1,80.23341475708581
27,510,Deogiri (CT),8303,7009,1,84.41527158858244
27,510,Digras (M Cl),44767,34421,1,76.88922643911809
27,510,Ghatanji (M Cl),21293,17202,1,80.78711313577232
27,510,Lohara (CT),22664,18529,1,81.75520649488175
27,510,Ner (M Cl),29302,23540,1,80.3358132550679
27,510,Pandharkaoda (M Cl),31094,25094,1,80.70367273428958
27,510,Pimpalgaon (CT),8317,6916,1,83.15498376818564
27,510,Pusad (M Cl),73046,58794,1,80.4890069271418
27,510,Rajur (CT),10692,7906,1,73.94313505424617
27,510,Shrirampur (CT),9949,8287,1,83.29480349783897
27,510,Umarkhed (M Cl),47458,36145,1,76.1620801550845
27,510,Umarsara (CT),21752,18807,1,86.46101507907319
27,510,Wadgaon Road (CT),40884,35366,1,86.50327756579591
27,510,Waghapur (CT),12684,10796,1,85.11510564490698
27,510,Wani (M Cl),58840,48042,1,81.6485384092454
27,510,Yavatmal (M Cl),116551,96726,1,82.99027893368567
27,510,Yavatmal (R) (CT),14766,12266,1,83.06921305702289
27,511,Balirampur (CT),11939,7833,1,65.6085099254544
27,511,Bhokar (M Cl),32899,23070,1,70.12371196692908
27,511,Biloli (M Cl),14923,9875,1,66.17302151042016
27,511,Deglur (M Cl),54493,38013,1,69.75758354284036
27,511,Dhanegaon (CT),9809,6631,1,67.60118258741971
27,511,Dharmabad (M Cl),33741,22290,1,66.06206099404287
27,511,Gokunda (CT),11600,8640,1,74.48275862068967
27,511,Hadgaon (M Cl),27433,18937,1,69.03000036452448
27,511,Kandhar (M Cl),24843,17092,1,68.80006440446
27,511,Kinwat (M Cl),28454,20356,1,71.54002952133268
27,511,Kundalwadi (M Cl),14760,8547,1,57.90650406504065
27,511,Loha (M Cl),24125,16410,1,68.02072538860104
27,511,Mudkhed (M Cl),23517,15859,1,67.43632266020325
27,511,Mukhed (M Cl),27650,19504,1,70.53887884267631
27,511,Nanded Waghala (M Corp.),550439,411866,1,74.82500331553543
27,511,Peth Umri (M Cl),13501,8983,1,66.53581216206207
27,511,Wajegaon (CT),9772,6202,1,63.467048710601716
27,512,Basmath (M Cl),68846,49727,1,72.22932341748249
27,512,Hingoli (M Cl),85103,64573,1,75.87629108257053
27,512,Kalamnuri (M Cl),24784,18291,1,73.80164622336991
27,513,Gangakhed (M Cl),49891,33236,1,66.6172255517027
27,513,Jintur (M Cl),44291,29523,1,66.65688288817141
27,513,Manwath (M Cl),32488,21881,1,67.35102191578429
27,513,Parbhani (M Cl),307170,217189,1,70.70644919751278
27,513,Pathri (M Cl),36853,24469,1,66.39622283124848
27,513,Purna (M Cl),36433,26216,1,71.9567425136552
27,513,Sailu (M Cl),46915,31644,1,67.44964297133113
27,513,Sonpeth (M Cl),15765,10208,1,64.75103076435141
27,514,Ambad (M Cl),31553,20754,1,65.7750451621082
27,514,Bhokardan (M Cl),24416,16924,1,69.31520314547838
27,514,Jalna (M Cl),285577,201829,1,70.67410890933094
27,514,Partur (M Cl),35883,24502,1,68.28303096173676
27,515,Anantpur (CT),6166,4296,1,69.67239701589361
27,515,Aurangabad (CB),18051,14163,1,78.46102708991192
27,515,Aurangabad (M Corp.),1175116,889224,1,75.67116778258487
27,515,Chitegaon (CT),11507,7354,1,63.90892500217259
27,515,Gangapur (M Cl),27745,19496,1,70.26851684988287
27,515,Harsul (CT),4979,3642,1,73.1472183169311
27,515,Kannad (M Cl),40759,29735,1,72.95321278735985
27,515,Khuldabad (M Cl),15749,10904,1,69.23614197726839
27,515,Paithan (M Cl),41536,29428,1,70.84938366718028
27,515,Pandharpur (CT),10346,6843,1,66.1415039628842
27,515,Ranjangaon (s) (CT),42877,30228,1,70.49933530797398
27,515,Satara (CT),39973,30454,1,76.18642583744027
27,515,Sillod (M Cl),58230,40811,1,70.08586639189421
27,515,Vaijapur (M Cl),41296,30032,1,72.7237504843084
27,515,Wadgaon Kolhati (CT),65620,50121,1,76.3806766229808
27,515,Waluj Bk. (CT),20220,13776,1,68.13056379821958
27,516,Bhagur (M Cl),12353,10146,1,82.1338946005019
27,516,Chandvad (CT),25341,19611,1,77.38842192494376
27,516,Deolali (CB),54027,43172,1,79.90819405112258
27,516,Dyane (CT),49192,32565,1,66.19978858350952
27,516,Eklahare (CT),9376,7456,1,79.5221843003413
27,516,Ghoti Bk. (CT),24838,18610,1,74.92551735244383
27,516,Igatpuri (M Cl),30989,24699,1,79.70247507179967
27,516,Lasalgaon (CT),17360,13877,1,79.93663594470047
27,516,Maldhe (CT),11881,7711,1,64.90194428078443
27,516,Malegaon (M Corp. + OG),481228,352622,1,73.27545363112704
27,516,Malegaon (M Corp.),471312,345816,1,73.37305224564619
27,516,Manmad (M Cl),80058,63257,1,79.01396487546529
27,516,Nandgaon (M Cl),23604,18482,1,78.30028808676495
27,516,Nashik (M Corp.),1486053,1178446,1,79.30040180262749
27,516,Ozar (CT),51297,40450,1,78.85451390919546
27,516,Pimpalgaon Najik (CT),5741,4327,1,75.37014457411601
27,516,Samangaon (CT),5156,3763,1,72.98293250581847
27,516,Sangameshwar (CT),10815,8879,1,82.09893666204346
27,516,Sansari (CT),5780,4605,1,79.67128027681662
27,516,Satana (M Cl),37701,30008,1,79.59470571072386
27,516,Sinnar (M Cl),65299,49583,1,75.93225011102773
27,516,Soyagaon (CT),34341,28172,1,82.036050202382
27,516,Surgana (CT),6263,4687,1,74.83634041194316
27,516,Trimbak (M Cl),12056,9604,1,79.6615792966158
27,516,Vilholi (CT),6798,4401,1,64.7396293027361
27,516,Yevla (M Cl),49826,39801,1,79.87998233853811
27,517,Ambarnath(M Cl),253475,196261,1,77.42814873261663
27,517,Asangaon (CT),13104,10015,1,76.42704517704517
27,517,Badlapur (M Cl),174226,143480,1,82.35280612537738
27,517,Bhiwandi Nizampur (M Corp.),709665,491071,1,69.19757913945313
27,517,Boisar (CT),36151,27658,1,76.50687394539571
27,517,Borivali Tarf Rahur (CT),5780,4213,1,72.88927335640139
27,517,Chandrapada (CT),7750,5603,1,72.29677419354839
27,517,Chinchani (CT),13646,11166,1,81.82617616884068
27,517,Dahanu (M Cl),50287,38137,1,75.83868594268897
27,517,Dandi (CT),8942,5957,1,66.61820621784835
27,517,Gotheghar (CT),4232,3126,1,73.86578449905483
27,517,Jawhar (M Cl),12040,9421,1,78.24750830564784
27,517,Kalher (CT),15573,12310,1,79.04706864444873
27,517,Kalyan-Dombivli (M Corp.),1247327,1029041,1,82.49969735281927
27,517,Kambe (CT),12078,7789,2,64.48915383341613
27,517,Karivali (CT),12907,8931,1,69.19501045944061
27,517,Kasara Bk. (CT),15611,10855,1,69.53430273525079
27,517,Katai (CT),12898,8986,1,69.66971623507521
27,517,Katkar (CT),11398,8100,1,71.06509914020003
27,517,Khaira (CT),31699,24303,1,76.66803369191457
27,517,Kharbav (CT),5250,3887,1,74.03809523809524
27,517,Khardi (CT),5579,3866,1,69.29557268327657
27,517,Khoni (CT),26016,17729,1,68.14652521525215
27,517,Kon (CT),24295,18867,1,77.65795431158674
27,517,Kudus (CT),7204,5114,1,70.988339811216
27,517,Mahapoli (CT),5666,3857,1,68.07271443699258
27,517,Manor (CT),10421,7759,1,74.4554265425583
27,517,Mharal Bk (CT),29462,21316,1,72.35082479125653
27,517,Mira-Bhayandar (M Corp.),809378,656293,1,81.0860932716234
27,517,Murbad (CT),18725,14755,1,78.79839786381842
27,517,Navi Mumbai (M Corp.),1120547,888117,1,79.25745194088243
27,517,Padagha (CT),6633,5150,1,77.64209256746571
27,517,Palghar (M Cl),68930,53435,1,77.52067314667053
27,517,Pasthal (CT),18194,15216,1,83.6319665823898
27,517,Purne (CT),6588,4658,1,70.70431086824529
27,517,Rahanal (CT),10928,7912,1,72.40117130307468
27,517,Salwad (CT),10397,8024,1,77.17610849283447
27,517,Saravali (CT),8710,7039,1,80.81515499425947
27,517,Shahapur (CT),11623,9387,1,80.76228168287017
27,517,Shelar (CT),14899,10474,1,70.30002013557957
27,517,Shirgaon (CT),5971,4699,1,78.69703567241669
27,517,Tarapur (CT),6962,5747,1,82.54811835679402
27,517,Thane (M Corp.),1841488,1458796,1,79.21832778709391
27,517,Ulhasnagar (M Corp.),506098,397938,1,78.62864504503081
27,517,Umbar Pada Nandade (CT),7605,5552,1,73.00460223537146
27,517,Vada (CT),16750,12949,1,77.30746268656716
27,517,Vangani (CT),12628,9207,1,72.90940766550523
27,517,Vasai-Virar City (M Corp),1222390,952411,1,77.91384091820123
27,517,Vashind (CT),20561,16409,1,79.8064296483634
27,517,Vikramgad (CT),5991,4290,1,71.60741111667501
27,518,Greater Mumbai (M Corp.) (Part),9356962,7575485,1,80.96094651234023
27,519,Greater Mumbai (M Corp.) (Part),3085411,2509022,1,81.31889074097421
27,520,Alibag (M Cl),20743,17431,1,84.03316781564865
27,520,Ambepur (CT),5035,4117,1,81.76762661370407
27,520,Ambivali T. Tungartan (CT),6497,5262,1,80.99122672002463
27,520,Bhuwaneshwar (CT),8871,7414,1,83.57569608837785
27,520,Birwadi (CT),8829,6967,1,78.91040887982784
27,520,Borli Panchtan (CT),6952,5461,1,78.55293440736479
27,520,Chanje (CT),16714,12033,1,71.99353835108292
27,520,Chendhare (CT),11039,9671,1,87.60757314974182
27,520,Dadar (CT),5389,3418,1,63.42549638151791
27,520,Dhatau (CT),5066,3789,1,74.79273588630083
27,520,Goregaon (CT),7155,5862,1,81.9287211740042
27,520,Jasai (CT),8234,5587,1,67.852805440855
27,520,Kalundre (CT),6626,5074,1,76.57712043465136
27,520,Karjat (M Cl),29663,23531,1,79.32778208542629
27,520,Kegaon (CT),7485,6254,1,83.55377421509687
27,520,Kharghar (CT),80612,66574,1,82.58571924775467
27,520,Khopoli (M Cl),71141,55081,1,77.42511350697909
27,520,Kurul (CT),4869,3856,1,79.19490655165332
27,520,Mahad (M Cl),27536,23316,1,84.67460778617082
27,520,Matheran (M Cl),4393,3525,1,80.2412929660824
27,520,Mhasla (CT),9679,7513,1,77.62165512966216
27,520,Mohpada Alias Wasambe (CT),9694,7667,1,79.09015886115122
27,520,Murud Janjira (M Cl),12216,10229,1,83.73444662737394
27,520,Nadgaon Tarf Birwadi (CT),4871,3857,1,79.18291931841512
27,520,Nagothane (CT),12549,9604,1,76.53199458124153
27,520,Navghar (CT),6603,5292,1,80.14538845979101
27,520,Navi Mumbai Panvel Raigarh (CT),195373,150137,1,76.84634007769753
27,520,Neral (CT),18429,14036,1,76.16256986271637
27,520,Owle (CT),4275,3044,1,71.2046783625731
27,520,Pali (CT),9176,7458,1,81.2772449869224
27,520,Palidevad (CT),9194,7517,1,81.75984337611486
27,520,Panvel (M Cl),180020,151693,1,84.26452616375958
27,520,Pen (M Cl),37852,31022,1,81.95603931100074
27,520,Poladpur (CT),5944,4838,1,81.39300134589502
27,520,Rees (CT),8632,7299,1,84.55746061167748
27,520,Roha Ashtami (M Cl),20849,17567,1,84.25823780517051
27,520,Shrivardhan (M Cl),15123,11862,1,78.43681809164849
27,520,Talode Panchnad (CT),14318,10331,1,72.15393211342366
27,520,Uran (M Cl),30439,24911,1,81.83908801208976
27,520,Utekhol (CT),11380,9094,1,79.91212653778558
27,520,Vadghar (CT),7341,4968,1,67.6747037188394
27,520,Zotirpada (CT),3389,2941,1,86.7807612865152
27,521,Alandi (M Cl),28645,22852,1,79.77657531855472
27,521,Baramati (M Cl),54415,44014,1,80.88578516953045
27,521,Bhor (M Cl),18453,15134,1,82.01376469950685
27,521,Chakan (CT),41113,30665,1,74.58711356505242
27,521,Daund (CT),6863,5335,1,77.73568410316189
27,521,Daund (M Cl),49450,38244,1,77.33872598584429
27,521,Dehu (CT),6133,4851,1,79.09669003750204
27,521,Dehu Road (CB),48961,39351,1,80.3721329221217
27,521,Hinjavadi (CT),11459,8171,1,71.30639671873637
27,521,Indapur (M Cl),25515,19840,1,77.75818146188517
27,521,Jalochi (CT),19346,15331,1,79.2463558358317
27,521,Jejuri (M Cl),14515,11487,1,79.13882190837064
27,521,Junnar (M Cl),25315,20468,1,80.85324906182106
27,521,Khadkale (CT),13435,10070,1,74.95347971715668
27,521,Kharabwadi (CT),9200,6779,1,73.68478260869566
27,521,Kirkee (CB),78684,65166,1,82.81988714351075
27,521,Koregaon Bhima (CT),13116,9980,1,76.09027142421469
27,521,Kusgaon Bk. (CT),15612,12264,1,78.55495772482706
27,521,Lonavala (M Cl),57698,46196,1,80.06516690353219
27,521,Manchar (CT),18876,14876,1,78.80906971816063
27,521,Medankarwadi (CT),12576,9457,1,75.19879134860051
27,521,Nanekarwadi (CT),12654,9542,1,75.40698593330171
27,521,Pimpri Chinchwad (M Corp.),1727692,1343658,1,77.77184822294714
27,521,Pirangut (CT),14174,10423,1,73.5360519260618
27,521,Pune (CB),71781,61244,1,85.3206280213427
27,521,Pune (M Corp.),3124458,2496324,1,79.8962252012989
27,521,Rajgurunagar (Khed) (CT),25146,20186,1,80.27519287361807
27,521,Sanaswadi (CT),13543,10108,1,74.6363434984863
27,521,Sasvad (M Cl),31821,24840,1,78.0616573960592
27,521,Shirur (M Cl),37111,27585,1,74.33106087143973
27,521,Shivatkar (Nira) (CT),11228,8561,1,76.24688279301746
27,521,Talegaon Dabhade (M Cl),56435,45934,1,81.39275272437317
27,521,Wadagaon (CT),14595,11134,1,76.28639945186708
27,521,Wagholi (CT),33479,24319,1,72.63956510051077
27,521,Yewalewadi (CT),7685,5112,1,66.5191932335719
27,522,Ahmadnagar (CB),28986,23787,1,82.06375491616642
27,522,Ahmadnagar (M Corp.),350859,280512,1,79.95006541089155
27,522,Burhanagar (CT),6885,5159,1,74.93100944081337
27,522,Darewadi (CT),10860,8701,1,80.11970534069982
27,522,Deolali Pravara (M Cl),30997,21689,1,69.97128754395587
27,522,Ghulewadi (CT),21860,17143,1,78.42177493138152
27,522,Jamkhed (CT),34017,24648,1,72.45788870270748
27,522,Karjat (CT),11659,8933,1,76.61892100523201
27,522,Kopargaon (M Cl),65273,48862,1,74.85790449343527
27,522,Nagapur (CT),11790,9473,1,80.34775233248516
27,522,Nagardeole (CT),18802,14987,1,79.70960536113179
27,522,Pathardi (M Cl),27211,20564,1,75.57237881739003
27,522,Rahta Pimplas (M Cl),22335,16510,1,73.91985672710992
27,522,Rahuri (M Cl),38813,28454,1,73.31048875376807
27,522,Rajur (CT),10046,7969,1,79.32510451921164
27,522,Sangamner (M Cl),65804,53280,1,80.96772232691022
27,522,Shirdi (NP),36004,25921,1,71.99477835796023
27,522,Shrigonda (M Cl),31134,22513,1,72.31001477484422
27,522,Shrirampur (M Cl),89282,67638,1,75.75771152079926
27,523,Ambejogai (M Cl),73975,56073,1,75.79993240959783
27,523,Ashti (CT),11972,8944,1,74.7076511861009
27,523,Bid (M Cl),146709,113249,1,77.19294658132766
27,523,Bid (Rural) (CT),56531,42019,1,74.32912915037767
27,523,Dharur (M Cl),20417,14535,1,71.19067443796835
27,523,Georai (M Cl),33562,23913,1,71.25022346701627
27,523,Kaij (NP),30704,22672,1,73.84054194893174
27,523,Manjlegaon (M Cl),49453,35030,1,70.83493417992842
27,523,Parli (M Cl),90975,66483,1,73.07831821929102
27,524,Ahmadpur (M Cl),43936,31618,1,71.96376547705754
27,524,Arvi (CT),14015,9878,1,70.48162682839815
27,524,Ausa (M Cl),36118,24853,1,68.81056536906806
27,524,Latur (M Cl),382940,282237,1,73.70266882540346
27,524,Nideban (CT),8249,6316,1,76.56685658867741
27,524,Nilanga (M Cl),36172,25174,1,69.59526705739246
27,524,Udgir (M Cl),103550,75751,1,73.15403186866249
27,525,Bhum (M Cl) ,18561,13778,1,74.23091428263562
27,525,Kalamb (M Cl),25713,18968,1,73.768132851087
27,525,Murum (M Cl),18371,12998,1,70.75281693974198
27,525,Naldurg (M Cl),18341,13241,1,72.19344637696963
27,525,Osmanabad (M Cl),111825,86999,1,77.79923988374694
27,525,Paranda (M Cl),18758,13584,1,72.41710203646444
27,525,Tuljapur (M Cl),34011,26012,1,76.48113845520567
27,525,Umarga (M Cl),35477,26208,1,73.8732136313668
27,526,Akkalkot (M Cl),40103,26471,1,66.00753060868264
27,526,Akluj (CT),39972,29022,1,72.60582407685379
27,526,Barshi (M Cl),118722,90322,1,76.07857010495105
27,526,Dudhani (M Cl),11214,6824,1,60.852505796326014
27,526,Karmala (M Cl),23199,17793,1,76.69727143411353
27,526,Kurduvadi (M Cl),22463,17565,1,78.19525441837689
27,526,Maindargi (M Cl),12363,7380,1,59.69424896869692
27,526,Mangalvedhe (M Cl),21824,15797,1,72.38361436950147
27,526,Natepute (CT),17930,13274,1,74.03234802007808
27,526,Pandharpur (M Cl),98923,76058,1,76.88606289740505
27,526,Sangole (M Cl),34321,24982,1,72.78925439235454
27,526,Sangramnagar (CT),6499,5073,1,78.05816279427604
27,526,Solapur (M Corp.) ,951558,697327,1,73.28265854524895
27,527,Godoli (CT),22517,18981,1,84.29630945507839
27,527,Hajarmachi (CT),9317,7407,1,79.49983900397125
27,527,Karad (M Cl),53879,43131,1,80.05159709719928
27,527,Karad (Rural) (CT),20476,15092,1,73.7058019144364
27,527,Karanje Tarf Satara (CT),29140,23643,1,81.13589567604667
27,527,Khed (CT),14266,10766,1,75.46614327772326
27,527,Kodoli (CT),26106,21156,1,81.03884164559871
27,527,Kolki (CT),8054,6591,1,81.83511298733549
27,527,Koregaon (CT),24690,19483,1,78.91049007695423
27,527,Lonand (CT),18723,14862,1,79.37830475885275
27,527,Mahabaleshwar (M Cl),13393,10789,1,80.55700739192116
27,527,Malkapur (NP),31671,24762,1,78.1850904613053
27,527,Medha (CT),4678,3544,1,75.75887131252672
27,527,Mhaswad (M Cl),24120,15646,1,64.86733001658375
27,527,Panchgani (M Cl),14894,12559,1,84.3225459916745
27,527,Patan (CT),13779,10849,1,78.73575731185137
27,527,Phaltan (M Cl),52118,41339,1,79.31808588203691
27,527,Rahimatpur (M Cl),17633,13544,1,76.81052571882266
27,527,Saidapur (CT),13913,11205,1,80.53618917559118
27,527,Satara (M Cl),120195,100208,1,83.37118848537793
27,527,Songirwadi (Rural) (CT),791,667,1,84.3236409608091
27,527,Wai (M Cl),36025,28720,1,79.72241498959056
27,528,Chiplun (M Cl),55139,46561,1,84.44295326357025
27,528,Dabhol (CT),7038,5669,1,80.5484512645638
27,528,Dapoli Camp (NP) ,15713,12988,1,82.65767199134476
27,528,Devrukh (CT),12689,10597,1,83.5132792182205
27,528,Gimhavane (CT),5025,4262,1,84.81592039800995
27,528,Jalgaon (CT),6480,5633,1,86.92901234567901
27,528,Karle (CT),4382,3619,1,82.58785942492013
27,528,Khed (M Cl),16892,14281,1,84.54297892493487
27,528,Kherdi (CT),12397,10260,1,82.76195853835605
27,528,Kuwarbav (CT),6497,5386,1,82.89979990764968
27,528,Lanja (CT),14377,11872,1,82.5763372052584
27,528,Mouje Anjanvel (CT),1621,1293,1,79.76557680444171
27,528,Nachane (CT),11688,9806,1,83.89801505817933
27,528,Rajapur (M Cl),9753,8221,1,84.2920127140367
27,528,Ratnagiri (M Cl),76229,63075,1,82.7441000144302
27,528,Zadgaon (CT),7803,6512,1,83.4550813789568
27,529,Banda (CT),6611,5483,1,82.93752836182121
27,529,Kalmath (CT),8011,6496,1,81.08850330795157
27,529,Kankavli (NP),16398,13749,1,83.84559092572265
27,529,Kudal (CT),16015,12957,1,80.90540118638776
27,529,Majgaon (CT),5080,4190,1,82.48031496062993
27,529,Malwan (M Cl),18648,16074,1,86.1969111969112
27,529,Sawantwadi (M Cl),23851,20398,1,85.52261959666262
27,529,Vengurla (M Cl),12392,10447,1,84.30438992898644
27,530,Ajra (CT),17257,13299,1,77.06437967201715
27,530,Gadhinglaj (M Cl),27185,21897,1,80.54809637667832
27,530,Gandhinagar (CT),12601,10437,1,82.82675978096977
27,530,Gokul Shirgaon (CT),8623,6384,1,74.03455873825816
27,530,Hupari (CT),28953,21978,1,75.90923220391669
27,530,Ichalkaranji (M Cl),287353,218070,1,75.88923727958296
27,530,Jaysingpur (M Cl),48510,37085,1,76.44815501958358
27,530,Kabnur (CT),38146,29137,1,76.38284485922509
27,530,Kagal (M Cl),34106,25830,1,75.73447487245646
27,530,Kalambe T. Thane (CT),10138,7692,1,75.87295324521602
27,530,Kolhapur (M Corp.),549236,450265,1,81.98024164475744
27,530,Korochi (CT),20420,15385,1,75.34280117531831
27,530,Kurundvad (M Cl),22372,17471,1,78.09315215447882
27,530,Malkapur (M Cl),5339,4338,1,81.25117063120435
27,530,Morewadi (CT),7222,5957,1,82.48407643312102
27,530,Murgud (M Cl),11194,8570,1,76.55887082365554
27,530,Pachgaon (CT),22353,18198,1,81.41189102133943
27,530,Panhala (M Cl),3121,2618,1,83.88337071451458
27,530,Tamgaon (CT),5223,3737,1,71.54891824621865
27,530,Uchgaon (CT),31238,23654,1,75.72187720084513
27,530,Ujalaiwadi (CT),9075,7275,1,80.16528925619835
27,530,Vadgaon Kasba (M Cl),25651,19306,1,75.26412225644225
27,530,Wadi Ratnagiri (CT),4693,3393,1,72.29916897506925
27,531,Ashta (M Cl),37105,27893,1,75.17315725643444
27,531,Budhgaon (CT),14666,11575,1,78.92404200190917
27,531,Madhavnagar (CT),11168,8588,1,76.89828080229226
27,531,Sangli Miraj Kupwad (M Corp.),502793,385728,1,76.71705851115668
27,531,Tasgaon (M Cl),37945,29905,1,78.81143760706286
27,531,Uran Islampur (M Cl),67391,53185,1,78.92003383241085
27,531,Vita (M Cl),48289,37499,1,77.6553666466483
28,532,Adilabad (M),117167,82027,1,70.00862017462255
28,532,Asifabad (CT),23059,15924,1,69.05763476299927
28,532,Bellampalle (M) (Part),55841,39680,2,71.0588993750112
28,532,Bhainsa (M),49764,30092,1,60.469415641829436
28,532,Chennur (CT),23579,15301,1,64.89248907926545
28,532,Dasnapur (CT),22216,15914,1,71.63305725603169
28,532,Devapur (CT),9683,6079,1,62.780130124961275
28,532,Ichoda (CT),12358,7721,1,62.477747208286125
28,532,Jainoor (CT),6342,3848,1,60.674865972879225
28,532,Kagaznagar (M),57583,41871,1,72.71416911241165
28,532,Kasipet (CT),5133,2935,1,57.17903759984414
28,532,Kyathampalle (CT),32385,21554,1,66.55550409140034
28,532,Luxettipet (CT),11322,8277,1,73.10545839957605
28,532,Mancherial (M + OG),89935,62114,1,69.06543614832935
28,532,Mancherial (M),86911,60442,1,69.54470665393333
28,532,Mandamarri (M),52352,35537,1,67.88088325183375
28,532,Naspur (CT),31244,21632,1,69.23569325310459
28,532,Nirmal (M),88433,59680,1,67.48611943505253
28,532,Singapur (CT),20061,13383,1,66.71152983400629
28,532,Teegalpahad (CT),12656,7920,1,62.579013906447535
28,532,Thallapalle (CT),9656,6050,1,62.65534382767191
28,532,Thimmapur (CT),13485,9128,1,67.69002595476455
28,532,Utnur (CT),16005,10973,1,68.55982505467043
28,533,Armur (M + OG),64023,42274,1,66.02939568592538
28,533,Armur (M),43903,28900,1,65.8269366558094
28,533,Banswada (CT),28384,18493,1,65.15290304396844
28,533,Bodhan (M),77573,51479,1,66.36200739948178
28,533,Ghanpur (CT),5182,3393,1,65.47664994210729
28,533,Kamareddy (M),80315,56834,1,70.76386727261408
28,533,Nizamabad (M Corp.),311152,215306,1,69.196405615262
28,533,Soanpet (CT),6820,4547,1,66.67155425219941
28,533,Yellareddy (CT),14923,9890,1,66.2735374924613
28,534,Dharmaram (P.B) (CT),11537,7529,1,65.25959954927623
28,534,Jagtial (M + OG),103930,72154,1,69.42557490618685
28,534,Jagtial (M),96460,67931,1,70.42400995231183
28,534,Jallaram (CT),9329,6330,1,67.85293171829778
28,534,Karimnagar (M Corp. + OG) (Part),289821,220154,2,75.96205934007543
28,534,Karimnagar (M Corp.),261185,201583,1,77.18015965694815
28,534,Koratla (M),66504,44216,1,66.48622639239746
28,534,Metpalle (M),50902,33883,1,66.56516443361754
28,534,Palakurthy (CT),7380,4547,1,61.612466124661246
28,534,Peddapalle (CT),41171,28320,1,68.7862816059848
28,534,Ramagundam (M + OG) (Part),242979,166101,2,68.3602286617362
28,534,Ramagundam (M),229644,158341,1,68.95063663757817
28,534,Ratnapur (CT),3154,1875,1,59.44831959416614
28,534,Rekurthi (CT),7626,4534,1,59.454497770784165
28,534,Sircilla (M + OG),83186,56465,1,67.87800831870747
28,534,Sircilla (M),75550,52185,1,69.07346128391794
28,534,Vemulawada (R) (CT),33706,22440,1,66.57568385450662
28,535,Allipur (CT),11276,8043,1,71.32848527846754
28,535,Ameenapur (CT),36452,25484,1,69.9111159881488
28,535,Annaram (CT),6840,3990,1,58.333333333333336
28,535,Bhanur (CT),9203,6728,1,73.10659567532326
28,535,Bollaram (CT),34667,21736,1,62.69939712118153
28,535,Bonthapalle (CT),6608,3998,1,60.50242130750605
28,535,Chegunta (CT),5747,3819,1,66.4520619453628
28,535,Chitkul (CT),5596,3407,1,60.88277340957827
28,535,Eddumailaram (CT),11759,9684,1,82.35394166170593
28,535,GHMC (M Corp. + OG) (Part),138082,98667,2,71.45536710070827
28,535,GHMC (M Corp.) (Part),116442,83403,2,71.62621734425723
28,535,Gajwel (CT),24961,16936,1,67.84984575938464
28,535,Isnapur (CT),8276,5369,1,64.87433542774286
28,535,Jogipet (CT),18494,12142,1,65.65372553260516
28,535,Medak (M + OG),46880,32107,1,68.48762798634812
28,535,Medak (M),44255,30984,1,70.0124279742402
28,535,Muthangi (CT),8777,5760,1,65.62606813261934
28,535,Narayankhed (CT),15610,10198,1,65.32991672005124
28,535,Narsapur (CT),6647,3868,1,58.19166541296825
28,535,Pothreddipalle (CT),11514,8409,1,73.03282959874934
28,535,"Ramachandrapuram 
(BHEL) Township (CT)",15381,12341,1,80.2353553084975
28,535,Sadasivpet (M + OG),47920,32146,1,67.08263772954925
28,535,Sadasivpet (M),42950,29215,1,68.0209545983702
28,535,Sangareddy (M + OG),72344,52725,1,72.88095764679863
28,535,Sangareddy (M),71376,51942,1,72.77236045729657
28,535,Shankarampet (A) (CT),6227,3634,1,58.358760237674645
28,535,Siddipet (CT),40707,28351,1,69.64649814528214
28,535,Siddipet (M + OG),66737,48047,1,71.99454575422929
28,535,Siddipet (M),65158,47151,1,72.3640995733448
28,535,Zahirabad (M + OG),71166,45059,1,63.31534721636737
28,535,Zahirabad (M),50532,33661,1,66.61323517770917
28,536,GHMC (M Corp. + OG) (Part),3718651,2720358,15,73.15443153982453
28,536,GHMC (M Corp.) (Part),3718651,2720358,15,73.15443153982453
28,536,Osmania University (CT),6762,5642,1,83.4368530020704
28,536,Secunderabad (CB),217910,166155,1,76.24936900555275
28,537,Bachpalle (CT),27563,20530,1,74.4839095889417
28,537,Badangpet (CT),15913,11223,1,70.52724187771004
28,537,Bandlaguda  (Jagir) (CT),12734,8951,1,70.29213130202608
28,537,Boduppal (CT),43692,32038,1,73.32692483749885
28,537,Dundigal (CT),13465,9156,1,67.99851466765688
28,537,GHMC (M Corp. + OG) (Part),3136529,2290268,12,73.01918777094043
28,537,GHMC (M Corp.) (Part),2896697,2135740,10,73.73018303260575
28,537,Ghatkesar (CT),19763,14288,1,72.29671608561453
28,537,Ibrahimpatnam (Bagath) (CT),12349,8040,1,65.10648635517046
28,537,Jawaharnagar (CT),44562,28906,1,64.86692697814281
28,537,Jillalguda (CT),27461,19375,1,70.55460471213722
28,537,Kismatpur (CT),7288,5063,1,69.47036223929747
28,537,Kompalle (CT),15575,11193,1,71.86516853932584
28,537,Kothapet (CT),12740,8166,1,64.09733124018838
28,537,Medchal (CT),35611,25007,1,70.22268400213417
28,537,Medipalle (CT),10787,7962,1,73.81106887920646
28,537,Meerpet (CT),32013,23820,1,74.40727204573142
28,537,Nagaram (CT),30502,22907,1,75.09999344305291
28,537,Narsingi (CT),9449,6387,1,67.59445443962323
28,537,Navandgi (CT),6711,3819,1,56.90657130084935
28,537,Omerkhan Daira (CT),5349,4063,1,75.95812301364742
28,537,Peerzadguda (CT),32586,24993,1,76.6985822132204
28,537,Shamshabad (CT),32583,22025,1,67.59659945370285
28,537,Tandur (M),65115,43480,1,66.77416877831529
28,537,Turkayamjal (CT),15689,10092,1,64.32532347504622
28,537,Vicarabad (M),53143,37089,1,69.79094142220048
28,538,Achampet (CT),20721,14914,1,71.97529076782008
28,538,Atmakur (CT),12297,7820,1,63.59274619825974
28,538,Badepalle (CT),32598,23122,1,70.9307319467452
28,538,Boyapalle (CT),9247,4229,1,45.73375148696875
28,538,Chinnachintakunta (CT),5637,3190,1,56.590384956537164
28,538,Farooqnagar (CT),45675,32238,1,70.58128078817734
28,538,Gadwal (M + OG),63177,39872,1,63.111575415103594
28,538,Gadwal (M),57569,36242,1,62.954020392919794
28,538,Jadcherla (CT),17958,11820,1,65.82024724356833
28,538,Kalwakurthy (CT),28060,18791,1,66.9672131147541
28,538,Kothakota (CT),19042,11991,1,62.971326541329695
28,538,Kothur (CT),10519,6922,1,65.80473429033178
28,538,Mahbubnagar (M + OG),190400,140639,1,73.86502100840336
28,538,Mahbubnagar (M),157733,117306,1,74.36997964915395
28,538,Nagarkurnool (CT),26801,18970,1,70.78094100966382
28,538,Narayanpet (NP),41752,26531,1,63.544261352749565
28,538,Tangapur (CT),7704,4597,1,59.67030114226376
28,538,Vatwarlapalle (CT),4544,2900,1,63.820422535211264
28,538,Wanaparthy (M),60949,42713,1,70.0799028696123
28,538,Yenugonda (CT),10611,7609,1,71.70860427857883
28,539,Bhongir (M),53339,38689,1,72.53416824462401
28,539,Bibinagar (CT),8320,5769,1,69.3389423076923
28,539,Chandur (CT),10880,7259,1,66.71875
28,539,Chityala (CT),13752,9597,1,69.78621291448516
28,539,Choutuppal (CT),19092,13748,1,72.00921852084643
28,539,Devarakonda (CT),29731,21631,1,72.75570952877469
28,539,Kodad (CT),64234,47612,1,74.12273873649468
28,539,Kondamallapalle (CT),9683,6144,1,63.45140968708045
28,539,Miryalaguda (M + OG),104918,76501,1,72.9150384109495
28,539,Miryalaguda (M),103817,75647,1,72.86571563424103
28,539,Nakrekal (CT),29126,21070,1,72.34086383300145
28,539,Nalgonda (M + OG),154326,117411,1,76.07985692624703
28,539,Nalgonda (M),135744,105458,1,77.68888495992456
28,539,Pochampalle (CT),12972,8558,1,65.97286463151403
28,539,Raghunathpur (CT),4008,2633,1,65.6936127744511
28,539,Ramannapeta (CT),10202,7173,1,70.30974318761028
28,539,Suryapet (M + OG),106805,80017,1,74.91877721080473
28,539,Suryapet (M),105531,79126,1,74.97891614786177
28,539,Vijayapuri North (CT),15887,11393,1,71.71272109271732
28,539,Yadagirigutta (CT),15232,10267,1,67.40414915966386
28,540,Bhimaram (CT),13841,9774,1,70.61628495050935
28,540,Bhupalpalle (CT),42387,29721,1,70.11819661688725
28,540,Dornakal (CT),14425,10222,1,70.8630849220104
28,540,Enumamula (CT),13183,8229,1,62.42130015929607
28,540,Ghanpur (Station) (CT),12721,8522,1,66.99158871157927
28,540,Gorrekunta (CT),13159,8971,1,68.17387339463485
28,540,Jangaon (M),52394,38948,1,74.33675611711264
28,540,Kadipikonda (CT),8685,5965,1,68.68163500287852
28,540,Kamalapuram (CT),11493,7588,1,66.02279648481685
28,540,Mahabubabad (CT),42851,30623,1,71.46390982707521
28,540,Mamnoor (CT),6319,4644,1,73.49264124070264
28,540,Narsampet (CT),30963,22893,1,73.93663404708846
28,540,Shivunipalle (CT),6242,4324,1,69.27266901634091
28,540,Thorrur (CT),19100,13423,1,70.27748691099477
28,540,Warangal (M.Corp. + OG) (Part),704570,523768,5,74.338674652625
28,540,Warangal (M.Corp.) (Part),615998,463801,2,75.292614586411
28,541,Ballepalle (CT),12530,8254,1,65.87390263367917
28,541,Bhadrachalam (CT),50087,37125,1,74.12102940882865
28,541,Chunchupalle (CT),19944,14633,1,73.37043722422784
28,541,Garimellapadu (CT),6296,4466,1,70.93392630241424
28,541,Khammam (M + OG) (Part),196283,146832,2,74.80627461369554
28,541,Khammam (M),184210,138791,1,75.34390098257424
28,541,Khanapuram Haveli (CT),53442,42691,1,79.88286366528199
28,541,Kothagudem (M),79819,59064,1,73.99741916085144
28,541,Laxmidevipalle (CT),13442,9656,1,71.83454843029311
28,541,Madhira (CT),22716,16630,1,73.20831132241592
28,541,Manugur (M),32091,21275,1,66.29584618740458
28,541,Palwancha (M),80199,55941,1,69.75274005910298
28,541,Sarapaka (CT),22149,15291,1,69.03697683868346
28,541,Sathupalle (NP),31857,23651,1,74.24114009479862
28,541,Yellandu (M + OG),35056,25192,1,71.86216339570973
28,541,Yellandu (M),33732,24106,1,71.46329894462232
28,542,Amadalavalasa (M),39799,27350,1,68.72031960602025
28,542,Balaga (CT),9071,7497,1,82.64799911806857
28,542,Hiramandalam (CT),6603,4244,1,64.27381493260638
28,542,Ichchapuram (M),36493,23105,1,63.313512180418165
28,542,Narasannapeta (CT),26280,18670,1,71.04261796042618
28,542,Palakonda (CT),20760,13601,1,65.51541425818883
28,542,Palasa Kasibugga (M),57507,39276,1,68.29777244509364
28,542,Ponduru (CT),12640,8301,1,65.67246835443038
28,542,Rajam (NP),42197,27741,1,65.74164040097638
28,542,Sompeta (CT),18778,12926,1,68.83587176483118
28,542,Srikakulam (M + OG) (Part),137944,106200,2,76.98776315026387
28,542,Srikakulam (M),125939,96744,1,76.81814211642144
28,542,Tekkali (CT),28631,19808,1,69.18375187733575
28,543,Bobbili (M),56819,39193,1,68.97868670691142
28,543,Cheepurupalle (CT),14847,10007,1,67.40082171482454
28,543,Chintalavalasa (CT),5921,3652,1,61.6787704779598
28,543,Gajapathinagaram (CT),5687,3795,1,66.7311411992263
28,543,Jarjapupeta (CT),5761,3494,1,60.649192848463805
28,543,Kanapaka (CT),5960,3903,1,65.48657718120805
28,543,Kothavalasa (CT),14321,10403,1,72.6415753089868
28,543,Malicherla (CT),5229,3198,1,61.15892139988526
28,543,Nellimarla (CT),20498,13589,1,66.29427261196214
28,543,Parvathipuram (M),53844,38618,1,71.72201173761236
28,543,Salur (M),49500,32656,1,65.97171717171717
28,543,Sriramnagar (CT),18893,12623,1,66.81310538294608
28,543,Tummikapalle (CT),4911,3346,1,68.13276318468743
28,543,Vizianagaram (M + OG),228720,168073,1,73.48417278768801
28,543,Vizianagaram (M),228025,167507,1,73.45992763951321
28,544,Anakapalle (M),86519,63839,1,73.78610478623192
28,544,Bheemunipatnam (M + OG),55082,38269,1,69.47641697832323
28,544,Bheemunipatnam (M),52110,36154,1,69.38015735943198
28,544,Bowluvada (CT),5001,2790,1,55.788842231553694
28,544,Chintapalle (CT),7888,5790,1,73.40263691683569
28,544,Chodavaram (CT),20251,14115,1,69.70026171547084
28,544,GVMC (Part),1728128,1279137,7,74.01864908154951
28,544,Gudivada (CT),8787,6446,1,73.3583703197906
28,544,Kantabamsuguda (CT),6714,4968,1,73.9946380697051
28,544,Mulakuddu (CT),4513,2702,1,59.87148238422335
28,544,Nakkapalle (CT),7603,4899,1,64.43509141128501
28,544,Narsipatnam (CT),33757,24040,1,71.21485914032645
28,544,Payakaraopeta (CT),27001,18539,1,68.66041998444501
28,544,Peda Boddepalle (CT),12781,8534,1,66.77098818558798
28,544,"Upper Sileru Project 
Site Camp (CT)",4632,2978,1,64.29188255613127
28,544,Yelamanchili (CT),27265,19036,1,69.81844856042545
28,545,Amalapuram (M),53231,43629,1,81.96163889462908
28,545,Arempudi (CT),5073,2974,1,58.624088310664305
28,545,Bandarulanka (CT),11470,8742,1,76.21621621621621
28,545,Chidiga (CT),6365,5018,1,78.83739198743126
28,545,Dowleswaram (CT),44637,31661,1,70.92994600891636
28,545,Hukumpeta (CT),16985,12106,1,71.27465410656461
28,545,Kakinada (M Corp. + OG) (Part),384182,277343,2,72.19052428276181
28,545,Kakinada (M Corp.),312538,228034,1,72.9620078198491
28,545,Katheru (CT),23572,17243,1,73.15034787035466
28,545,Mandapeta (M + OG),56063,38884,1,69.35768688796531
28,545,Mandapeta (M),53633,37304,1,69.55419238155613
28,545,Morampudi (CT),15346,8815,1,57.44167861331944
28,545,Peddapuram (M),49477,33930,1,68.5773187541686
28,545,Pithapuram (M + OG),54859,36976,1,67.40188483202391
28,545,Pithapuram (M),52360,35434,1,67.67379679144385
28,545,Rajahmundry (M Corp. + OG) (Part),376333,284408,2,75.57349475065965
28,545,Rajahmundry (M Corp.),341831,260616,1,76.24118350880991
28,545,Ramachandrapuram (M),43657,32623,1,74.7257026364615
28,545,Ramanayyapeta (CT),28369,22345,1,78.76555394973387
28,545,Rampachodavaram (CT),9952,7613,1,76.49718649517685
28,545,Samalkot (M),56864,38087,1,66.97910804727069
28,545,Suryaraopeta (CT),24112,19372,1,80.34173855341739
28,545,Tuni (M),53425,37047,1,69.34394010294805
28,546,Bhimavaram (M + OG),146961,111356,1,75.77248385626119
28,546,Bhimavaram (M),142184,107495,1,75.60274011140494
28,546,Dwarakatirumala (CT),5543,4058,1,73.209453364604
28,546,Eluru (M Corp. + OG),218020,165535,1,75.92652050270617
28,546,Eluru (M Corp.),203780,155894,1,76.50112866817156
28,546,Gavaravaram (CT),10029,8729,1,87.03759098614019
28,546,Kovvur (M),39667,29489,1,74.3413920891421
28,546,Narasapur (M),58770,46266,1,78.72383869321082
28,546,Nidadavole (M),43809,32097,1,73.26576730808738
28,546,Palacole (M + OG),81199,63097,1,77.70662200273402
28,546,Palacole (M),61284,48289,1,78.79544416160826
28,546,Sanivarapupeta (CT),8142,6240,1,76.63964627855565
28,546,Satrampadu (CT),6393,5183,1,81.07304864695762
28,546,Tadepalligudem (M + OG),104032,77987,1,74.96443402030144
28,546,Tadepalligudem (M),103906,77890,1,74.96198487094105
28,546,Tangellamudi (CT),8250,5943,1,72.03636363636363
28,546,Tanuku (M + OG),77962,60779,1,77.95977527513404
28,546,Tanuku (M),72348,56147,1,77.60684469508486
28,547,Gudivada (M),118167,87887,1,74.37524858886152
28,547,Guntupalle (CT),11187,8683,1,77.61687673192098
28,547,Ibrahimpatnam (CT),29432,20673,1,70.23987496602338
28,547,Jaggaiahpet (M),53530,37990,1,70.9695497851672
28,547,Kankipadu (CT),14616,10448,1,71.48330596606459
28,547,Kanuru (CT),49006,37947,1,77.4333755050402
28,547,Kondapalle (CT),33373,23372,1,70.03266113325142
28,547,Machilipatnam (M),169892,127917,1,75.29312739858263
28,547,Nadim Tiruvuru (CT),18567,13960,1,75.18716001508052
28,547,Nuzvid (M),58590,43966,1,75.04010923365763
28,547,Pedana (M),30721,19538,1,63.59819016308062
28,547,Poranki (CT),25545,20515,1,80.3092581718536
28,547,Prasadampadu (CT),13941,10036,1,71.98909690839969
28,547,Ramavarappadu (CT),22222,16127,1,72.57222572225722
28,547,Tadigadapa (CT),17462,12368,1,70.82808383919368
28,547,Vijayawada (M Corp. + OG) (Part),121426,88994,2,73.2907285095449
28,547,Vijayawada (M Corp.) (Part),1034358,757667,2,73.24997728059337
28,547,Yenamalakuduru (CT),34177,22070,1,64.5755917722445
28,548,Bapatla (M),70777,52106,1,73.61996128685873
28,548,Chilakaluripet (M),101398,65211,1,64.3119193672459
28,548,Guntur (M Corp. + OG),670073,483261,1,72.12064954116939
28,548,Guntur (M Corp.),647508,469263,1,72.47215478418799
28,548,Macherla (M),57290,36176,1,63.14540059347181
28,548,Mangalagiri (M + OG),107197,70967,1,66.2024123809435
28,548,Mangalagiri (M),73613,50197,1,68.19040115197043
28,548,Narasaraopet (M + OG),117489,84505,1,71.92588242303535
28,548,Narasaraopet (M),116250,83745,1,72.03870967741935
28,548,Piduguralla (NP),63103,39127,1,62.004975991632726
28,548,Ponnur (M),59913,42617,1,71.13147397059069
28,548,Repalle (M),50866,37862,1,74.43478944678174
28,548,Sattenapalle (M),56721,37449,1,66.02316602316603
28,548,Tadepalle (M + OG),64149,44110,1,68.76178896007733
28,548,Tadepalle (M),54406,36694,1,67.44476712127339
28,548,Tenali (M),164937,124618,1,75.55490884398284
28,548,Vaddeswaram (CT),6275,3992,1,63.61752988047809
28,548,Vinukonda (M + OG),62550,40506,1,64.75779376498801
28,548,Vinukonda (M),59725,38563,1,64.56760150690666
28,549,Chirala (CT),30858,20552,1,66.60185365221336
28,549,Chirala (M + OG) (Part),92942,66724,2,71.79100944675174
28,549,Chirala (M),87200,62099,1,71.21444954128441
28,549,Cumbum (CT),15169,10663,1,70.29467993934999
28,549,Giddaluru (CT),35150,25271,1,71.89473684210526
28,549,Kandukur (M),57246,38536,1,67.31649372881948
28,549,Kanigiri (U) (CT),37420,25868,1,69.12880812399787
28,549,Markapur (M),71092,47355,1,66.61087042142576
28,549,Mulaguntapadu (CT),7145,5252,1,73.50594821553534
28,549,Ongole (M + OG) (Part),208344,155886,2,74.82144914180394
28,549,Ongole (M),204746,153628,1,75.0334560870542
28,549,Pamur (CT),20000,13294,1,66.47
28,549,Podili (CT),31145,20007,1,64.2382404880398
28,549,Singarayakonda (RS) (CT),19400,13200,1,68.04123711340206
28,549,Vetapalem (CT),38671,25914,1,67.01145561273304
28,550,Buja Buja Nellore (CT),10927,7497,1,68.60986547085201
28,550,Gudur (M + OG) (Part),74037,52595,2,71.0388049218634
28,550,Gudur (M),60625,44901,1,74.06350515463917
28,550,Kavali (M + OG),90099,64671,1,71.77771118436387
28,550,Kavali (M),82336,60497,1,73.47575787019044
28,550,L.A.Sagaram (CT),19904,14463,1,72.66378617363344
28,550,Nellore (M Corp. + OG),547621,412731,1,75.36800086190996
28,550,Nellore (M Corp.),499575,382386,1,76.54226092178351
28,550,Sulluru (Sullurpeta) (CT),27504,20819,1,75.69444444444444
28,550,Tada Khandrika (CT),6123,4209,1,68.74081332680059
28,550,Venkatagiri (M + OG),52688,36580,1,69.42757364105678
28,550,Venkatagiri (M),51708,35912,1,69.45153554575695
28,550,Vinnamala (CT),20924,15224,1,72.75855476964252
28,550,Yerrabalem (CT),7803,5781,1,74.08688965782392
28,551,Badvel (M) (Part),70626,43946,2,62.22354373743381
28,551,Chennamukkapalle (CT),7065,4062,1,57.49469214437367
28,551,Dommara Nandyala (CT),8337,5004,1,60.021590500179926
28,551,Gopavaram (CT),22936,13810,1,60.21102197418905
28,551,Jammalamadugu (NP),46069,30913,1,67.10152163059759
28,551,Kadapa (M Corp. + OG) (Part),344893,240283,3,69.66885381843065
28,551,Kadapa (M Corp.) (Part),343054,239090,3,69.69456703609345
28,551,Mangampeta (CT),5175,3105,1,60.0
28,551,Modameedipalle (CT),11397,6501,1,57.04132666491182
28,551,Moragudi (CT),6812,4095,1,60.1145038167939
28,551,Muddanur (CT),9775,6734,1,68.89002557544757
28,551,Nagireddipalle (CT),12318,8597,1,69.79217405422958
28,551,Proddatur (M + OG),163970,114319,1,69.71946087698969
28,551,Proddatur (M),162717,113450,1,69.72227855724971
28,551,Pulivendla (M),65706,42549,1,64.75664322892887
28,551,Rajampet (NP + OG),54050,37260,1,68.93617021276596
28,551,Rajampet (NP),47220,32656,1,69.15713680643795
28,551,Rameswaram (CT),19483,10383,1,53.29261407380793
28,551,Rayachoti (M),91234,58710,1,64.35100949207532
28,551,Veparala (CT),6712,3805,1,56.68951132300357
28,551,Yerraguntla (CT),32574,20334,1,62.42401915638239
28,552,Adoni (M + OG),184625,107130,1,58.0257278266757
28,552,Adoni (M),166344,96692,1,58.12773529553215
28,552,Banaganapalle (CT),20749,13559,1,65.34772760133019
28,552,Banumukkala (CT),14307,8255,1,57.69902844761305
28,552,Bethamcherla (CT),38994,22379,1,57.390880648304865
28,552,Dhone (NP),59272,37722,1,63.64219192873533
28,552,Kurnool (M Corp. + OG) (Part),457633,309940,2,67.7267592153538
28,552,Kurnool (M Corp.) (Part),430214,294262,2,68.3989828318
28,552,Mamidalapadu (CT),26694,17757,1,66.52056641942009
28,552,Nandyal (M + OG),211424,143611,1,67.92559028303315
28,552,Nandyal (M),200516,135955,1,67.80256937102276
28,552,Ramapuram (CT),6614,2890,1,43.695192016933774
28,552,"Srisailam Project(RFC)
Township (CT)",21452,14608,1,68.09621480514637
28,552,Thummalamenta (CT),12373,6597,1,53.31770791238988
28,552,Yemmiganur (M),95149,52254,1,54.918075859967
28,553,Anantapur (CT),15247,9882,1,64.81275004919
28,553,Anantapur (M Corp. + OG) (Part),267161,196098,2,73.4006834829934
28,553,Anantapur (M Corp.),261004,191779,1,73.47741797060581
28,553,Dharmavaram (M),121874,77564,1,63.64277860741422
28,553,Gooty (CT),48658,33411,1,68.66496773398002
28,553,Guntakal (M),126270,84746,1,67.11491248911064
28,553,Hindupur (M),151677,101176,1,66.7049058196035
28,553,Kadiri (M),89429,55983,1,62.600498719654695
28,553,Kakkalapalle (CT),30128,17579,1,58.34771640998406
28,553,Kalyandurg (CT),32328,21443,1,66.32949764909675
28,553,Narayanapuram (CT),14227,9104,1,63.991003022422156
28,553,Papampeta (CT),13850,9577,1,69.14801444043322
28,553,Rayadurg (M),61749,37781,1,61.18479651492332
28,553,Somandepalle (CT),18895,11242,1,59.497221487165916
28,553,Tadpatri (M),108171,68750,1,63.55677584565179
28,553,Uravakonda (CT),35565,23257,1,65.39294249964853
28,553,Yenumalapalle (CT),10482,6973,1,66.52356420530433
28,554,Akkarampalle (CT),44219,29687,1,67.13629887604876
28,554,Avilala (CT),24839,16692,1,67.20077297797819
28,554,Cherlopalle (CT),6143,4258,1,69.3146671007651
28,554,Chittoor (M + OG),160722,124251,1,77.30802254825102
28,554,Chittoor (M),153756,119485,1,77.71078852207394
28,554,Kuppam (CT),21963,16232,1,73.90611482948596
28,554,Madanapalle (M + OG),180180,126929,1,70.44566544566545
28,554,Madanapalle (M),136414,98521,1,72.22205931942469
28,554,Mangalam (CT),19318,12610,1,65.27590847913862
28,554,Mangasamudram (CT),8113,5620,1,69.27153950449895
28,554,Murakambattu (CT),6812,5107,1,74.97064004697592
28,554,Nagari (M),62253,43136,1,69.29143976997094
28,554,Narayanavanam (CT),11253,7876,1,69.99022482893452
28,554,Palamaner (M + OG) (Part),54035,39319,2,72.76579994448042
28,554,Palamaner (M),51163,37176,1,72.66188456501769
28,554,Perur (CT),11127,7887,1,70.88163925586412
28,554,Pileru (CT),41489,30949,1,74.59567596230326
28,554,Punganur (M),54746,38150,1,69.68545647170569
28,554,Puttur (M),54092,38197,1,70.61487835539452
28,554,Renigunta (CT),26031,19715,1,75.73662172025661
28,554,Srikalahasti (M),80056,56501,1,70.57684620765464
28,554,Tiruchanur (CT),22963,17359,1,75.59552323302704
28,554,Tirumala (CT),7741,5998,1,77.48352925978556
28,554,Tirupati (M Corp. + OG) (Part),295323,232607,2,78.76359105115415
28,554,Tirupati (M Corp.),287482,227140,1,79.01016411462282
28,554,Tirupati (NMA) (CT),37968,31582,1,83.18057311420142
29,555,Athni (TMC + OG),47842,35112,1,73.39158061953933
29,555,Athni (TMC),45858,33754,1,73.60547777923155
29,555,Bail Hongal (TMC),49182,37271,1,75.78179008580375
29,555,Belgaum (M Corp. + OG),490045,392877,1,80.17161689232621
29,555,Belgaum (M Corp.),488157,391341,1,80.16703642475679
29,555,Belgaum Cantonment (CB),19411,16045,1,82.6593168821802
29,555,Benakanahalli (CT),10999,8122,1,73.8430766433312
29,555,Chikodi (TMC),38307,28867,1,75.35698436317122
29,555,Gokak (CMC),79121,56710,1,71.67502938537177
29,555,Gokak Falls (NAC),8080,6080,1,75.24752475247524
29,555,Hindalgi (CT),13741,11417,1,83.08711156393275
29,555,Hukeri (TP),22988,16277,1,70.80650774317036
29,555,Kakati (CT),13946,10497,1,75.26889430661122
29,555,Kangrali (BK) (CT),10496,7839,1,74.68559451219512
29,555,Kangrali (KH) (CT),8204,6366,1,77.59629449049244
29,555,Khanapur (TP),19309,15301,1,79.24284012636595
29,555,Konnur (TP),19386,12783,1,65.93933766635716
29,555,Kudchi (TP),23154,14507,1,62.65440096743543
29,555,Londa (CT),5956,4319,1,72.51511081262592
29,555,Machche (CT),18073,13532,1,74.87412161788302
29,555,Mouje Nandgad (CT),8837,6320,1,71.51748330881522
29,555,Mudalgi (TMC),29128,16615,1,57.04133479813238
29,555,Mutga (CT),7561,5830,1,77.1062028832165
29,555,Nipani  (CMC),62865,48229,1,76.71836474986081
29,555,Peeranwadi (CT),17874,12682,1,70.9522211032785
29,555,Ramdurg (TMC + OG),34800,24808,1,71.28735632183908
29,555,Ramdurg (TMC),33338,23868,1,71.59397684324195
29,555,Raybag (TP),18736,13859,1,73.96989752348419
29,555,Sadalgi (TP),23790,16648,1,69.97898276586801
29,555,Sambra (CT),13159,10549,1,80.16566608404894
29,555,Sankeshwar (TMC),34637,25481,1,73.56583999769033
29,555,Saundatti-Yellamma (TMC),41215,27950,1,67.81511585587772
29,555,Sulebhavi (CT),8503,5589,1,65.72974244384335
29,555,Yellur (CT),11850,8758,1,73.90717299578058
29,556,Aminagad (CT),15073,9850,1,65.3486366350428
29,556,Badami (TMC),30943,22093,1,71.39902401189283
29,556,Bagalkot (CMC),111933,84223,1,75.24411924990842
29,556,Bilgi (TP),17792,11733,1,65.94536870503596
29,556,Gudur (CT),11969,7368,1,61.5590274876765
29,556,Guledgudda (TMC),33382,23705,1,71.01132346773711
29,556,Hungund (TP),20877,14568,1,69.78014082483115
29,556,Ilkal (CMC),60242,41139,1,68.28956541947478
29,556,Jamkhandi (CMC),68938,47271,1,68.57030955351185
29,556,Kamatgi (CT),15620,9961,1,63.770806658130596
29,556,Kerur (TP),19731,12501,1,63.35715371750038
29,556,Mahalingpur (TMC),36055,23812,1,66.04354458466231
29,556,Mudhol (TMC),52199,35376,1,67.77141324546447
29,556,Rabkavi Banhatti (CMC),77004,49105,1,63.76941457586619
29,556,Terdal (TMC),26088,15795,1,60.545078196872126
29,557,Basavana Bagevadi (TMC),33198,20801,1,62.65738899933731
29,557,Bijapur (CMC),327427,237343,1,72.48730251323195
29,557,Indi (TMC),38217,25053,1,65.55459612214459
29,557,Muddebihal (TMC),34217,24877,1,72.70362685214951
29,557,Sindgi (TMC),37226,24710,1,66.37833772094773
29,557,Talikota (TMC),31693,21352,1,67.3713438298678
29,558,Aurad (TP),19849,12226,1,61.59504257141418
29,558,Basavakalyan (CMC),69717,46295,1,66.40417688655565
29,558,Bhalki (TMC),40333,28315,1,70.2030595294176
29,558,Bidar (CMC + OG),216020,162132,1,75.05416165169892
29,558,Bidar (CMC),214373,161094,1,75.14659028888899
29,558,Chitgoppa (TMC),25298,15761,1,62.30136769705115
29,558,Homnabad (TMC),44483,31301,1,70.3662073151541
29,558,Kamalnagar (CT),10252,6932,1,67.61607491221226
29,559,Devadurga (TMC),28929,16926,1,58.508762833143216
29,559,Hatti (CT),16278,10066,1,61.83806364418233
29,559,Hatti Gold Mines(NAC),13536,10305,1,76.13031914893617
29,559,Lingsugur (TMC),35411,23214,1,65.5559007088193
29,559,Manvi (TMC),46465,27247,1,58.63983643602712
29,559,Mudgal (TP),22731,13642,1,60.0149575469623
29,559,Raichur (CMC),234073,159008,1,67.93094461984082
29,559,Shaktinagar (CT),17088,11397,1,66.69592696629213
29,559,Sindhnur (CMC),75837,48524,1,63.98459854688344
29,560,Gangawati (CMC + OG),114642,74922,1,65.35301198513633
29,560,Gangawati (CMC),105529,69193,1,65.56775862559107
29,560,Koppal (CMC),70698,48806,1,69.03448470960988
29,560,Kushtagi (TMC),24878,17413,1,69.99356861484041
29,560,Munirabad Project Area (CT),8672,6669,1,76.90267527675276
29,560,Yelbarga (TP),14814,10274,1,69.35331443229377
29,561,Gadag-Betigeri (CMC),172612,130696,1,75.71663615507612
29,561,Gajendragarh (TMC),32359,22209,1,68.63314688340184
29,561,Lakshmeshwar (TMC),36754,25459,1,69.26865103118028
29,561,Mulgund (TP),18763,11952,1,63.69983478121836
29,561,Mundargi (TMC),24919,17178,1,68.93535053573578
29,561,Naregal (TP),16690,11710,1,70.1617735170761
29,561,Nargund (TMC),36291,23648,1,65.16216141743132
29,561,Ron (TMC),23311,15964,1,68.4826905752649
29,561,Shirhatti (TP),17610,11688,1,66.37137989778536
29,562,Alnavar (TP),17228,12721,1,73.83909914093336
29,562,Annigeri (TMC),28267,18917,1,66.92255987547317
29,562,Hubli-Dharwad (M Corp.),943788,727103,1,77.04092444489652
29,562,Kalghatgi (TP),16917,11694,1,69.12573151267955
29,562,Kundgol (TP),18726,12731,1,67.98568834775179
29,562,Navalgund (TMC),24613,16544,1,67.21651159956122
29,563,Ambikanagara (CT),3556,2608,1,73.3408323959505
29,563,Ankola (TP + OG),22249,18328,1,82.37673603308014
29,563,Ankola (TP),15309,12594,1,82.26533411718597
29,563,Aversa (CT),4286,3332,1,77.74148390107327
29,563,Bhatkal (TMC),32000,26162,1,81.75625
29,563,Bobruwada (CT),5409,4520,1,83.5644296542799
29,563,Dandeli (CMC),52069,40587,1,77.94849142484011
29,563,Haliyal (TP),24238,17813,1,73.49203729680667
29,563,Honavar (TP),19109,16190,1,84.72447537809408
29,563,Jali (CT),10802,8429,1,78.03184595445288
29,563,Kadwad (CT),4403,3450,1,78.35566659096071
29,563,Karwar (CMC + OG),77139,65234,1,84.56682093363928
29,563,Karwar (CMC),63755,54064,1,84.79962355893656
29,563,Kumta (TMC + OG),36719,30468,1,82.97611590729595
29,563,Kumta (TMC),29266,24393,1,83.3492790268571
29,563,Mundgod (TP),18866,14208,1,75.31008162832609
29,563,Siddapur (TP),14204,11783,1,82.95550549141088
29,563,Sirsi (CMC),62882,52387,1,83.3100092236252
29,563,Tattilli (Mundgod) (CT),3670,3320,1,90.46321525885558
29,563,Venkatapura (CT),6928,5586,1,80.62933025404158
29,563,Yellapur (TP),20452,16372,1,80.05085077254058
29,564,Bankapura (TMC),22529,15460,1,68.62266412179856
29,564,Byadgi (TMC),30014,21432,1,71.40667688412074
29,564,Hangal (TMC),28159,20504,1,72.81508576298874
29,564,Haveri (CMC),67102,52831,1,78.73237757443891
29,564,Hirekerur (TP),19191,15119,1,78.78172059819707
29,564,Kawalettu (CT),6265,4683,1,74.74860335195531
29,564,Kodiyal (CT),7061,5256,1,74.43704857668885
29,564,Ranibennur (CMC),106406,81001,1,76.1244666654136
29,564,Savanur (TMC),40567,24323,1,59.95760100574359
29,564,Shiggaon (TMC),28207,19733,1,69.95781189066544
29,565,Bellary (M Corp.),410445,280610,1,68.36725992520313
29,565,Donimalai Township (CT),6672,5333,1,79.9310551558753
29,565,Hoovina Hadagalli (TMC),27967,18949,1,67.75485393499481
29,565,Hospet (CMC),206167,141475,1,68.62155437097111
29,565,Kamalapuram (TP),25552,14927,1,58.41812773951158
29,565,Kampli (TMC),39307,24750,1,62.965883939247455
29,565,Kotturu (TP),26289,19673,1,74.83358058503556
29,565,Kudligi (TP),26680,18022,1,67.5487256371814
29,565,Kurekuppa (CT),22560,14088,1,62.4468085106383
29,565,Sandur (TMC),37431,25021,1,66.84566268600892
29,565,Siruguppa (TMC),52492,30754,1,58.58797531052351
29,565,Tekkalakote (TP),26224,10448,1,39.84136668700427
29,565,Vaddu (CT),12453,8259,1,66.32136834497712
29,566,Challakere (TMC),55194,40658,1,73.66380403667065
29,566,Chikkajajur (CT),6236,4788,1,76.77998717126363
29,566,Chitradurga (CMC + OG),145853,114752,1,78.67647562957224
29,566,Chitradurga (CMC),140206,110215,1,78.6093319829394
29,566,Hiriyur (TMC),56416,42258,1,74.9042824730573
29,566,Holalkere (TP),15783,12613,1,79.91509852372806
29,566,Hosdurga (TMC),28370,22332,1,78.7169545294325
29,566,Matadakurubarahatti (CT),5884,4287,1,72.8585995921142
29,566,Molakalmuru (TP),15797,11285,1,71.43761473697538
29,567,Amaravathi (CT),2628,2007,1,76.36986301369863
29,567,Channagiri (TP),21313,16215,1,76.0803265612537
29,567,Davanagere (M Corp.),434971,329003,1,75.63791609095779
29,567,Haralapura (CT),4655,3763,1,80.83780880773362
29,567,Harapanahalli (TMC),47039,29478,1,62.66714853632093
29,567,Harihar (CMC + OG),83219,62471,1,75.06819356156646
29,567,Harihar (CMC),77447,58800,1,75.92288920164758
29,567,Honnali (TP),17928,13245,1,73.87884872824631
29,567,Jagalur (TP),17257,13535,1,78.43194066176045
29,568,Bhadravati (CMC),151102,117705,1,77.89771147966275
29,568,Hosanagara (TP),5839,4774,1,81.76057544100017
29,568,Jog Kargal (TP),10847,8425,1,77.67124550566977
29,568,Sagar (CMC),54550,44695,1,81.93400549954171
29,568,Shikarpur (TMC),36015,28205,1,78.31459114257949
29,568,Shimoga (CMC),322650,254531,1,78.88764915543159
29,568,Siralkoppa (TP),16864,12817,1,76.00213472485768
29,568,Sorab (TP),11332,8966,1,79.1210730674197
29,568,Tirthahalli (TP),14528,12081,1,83.15666299559471
29,569,52 Heroor (CT),4778,4046,1,84.67978233570531
29,569,Alevoor (CT),6302,4989,1,79.1653443351317
29,569,Bada (CT),8117,6734,1,82.96168535173094
29,569,Badagabettu (No.80) (CT),9309,7857,1,84.40219142765066
29,569,Karkal (TMC),25800,22034,1,85.40310077519379
29,569,Korangrapady (CT),4944,4090,1,82.72653721682848
29,569,Koteshwar (CT),10229,8009,1,78.29699872910354
29,569,Kundapura (TMC),30444,25191,1,82.7453685455262
29,569,Mallar (CT),7765,6357,1,81.86735350933677
29,569,Manipura (CT),5001,4080,1,81.58368326334733
29,569,Moodabettu (CT),5018,4254,1,84.77481068154643
29,569,Nadsal (CT),11611,9892,1,85.19507363706829
29,569,Saligram (TP),15123,12012,1,79.42868478476493
29,569,Sanoor (CT),6881,5724,1,83.18558349077169
29,569,Tenkanidyoor (CT),6188,5356,1,86.5546218487395
29,569,Tonse East (CT),7911,6696,1,84.64163822525597
29,569,Udupi (CMC + OG),144960,123936,1,85.49668874172185
29,569,Udupi (CMC),125306,107302,1,85.63197293026671
29,569,Udyavara (CT),11854,9991,1,84.28378606377595
29,569,Varamballi (CT),6809,5673,1,83.31619914818621
29,569,Yenagudde (CT),5017,4262,1,84.95116603547937
29,570,Birur (TMC),22723,17016,1,74.884478281917
29,570,Chikmagalur (CMC),118401,96359,1,81.3836031790272
29,570,Kadur (TMC),34151,25922,1,75.90407308717168
29,570,Koppa (TP),4993,4313,1,86.38093330662929
29,570,Kudremukh (NAC),2241,1864,1,83.17715305667113
29,570,Mudigere (TP),9677,8036,1,83.04226516482382
29,570,Narasimharajapura (TP),7458,6182,1,82.89085545722715
29,570,Sringeri (TP),3922,3306,1,84.2937276899541
29,570,Tarikere (TMC),35942,27264,1,75.8555450447944
29,571,Adityapatna (CT),2623,2226,1,84.86465878764773
29,571,Chiknayakanhalli (TMC),23206,18073,1,77.88072050331812
29,571,Gubbi (TP),18446,15012,1,81.38349777729589
29,571,Huliyar (CT),14304,10801,1,75.51034675615213
29,571,Koratagere (TP),15265,11539,1,75.59122174909925
29,571,Kunigal (TMC),34155,25666,1,75.14565949348558
29,571,Madhugiri (TMC),29159,22171,1,76.03484344456257
29,571,Pavagada (TMC),28486,20829,1,73.12012918626694
29,571,Sira (CMC),57554,42578,1,73.97921951558536
29,571,Tiptur (CMC),59543,47358,1,79.5357976588348
29,571,Tumkur (CMC),302143,241270,1,79.85291732722585
29,571,Turuvekere (TP),14194,11430,1,80.5269832323517
29,572,Anekal (TMC),44260,32268,1,72.90555806597379
29,572,Attibele (CT),20532,15785,1,76.87999220728618
29,572,BBMP (M Corp. + OG) (Part),8495492,6715203,4,79.04430961738296
29,572,BBMP (M Corp.) (Part),8443675,6677194,1,79.07923978599366
29,572,Bommasandra (CT),15254,12104,1,79.3496787727809
29,572,Chikkabanavara (CT),14409,11144,1,77.34055104448608
29,572,Chikkabidarakallu (CT),11554,9383,1,81.20997057296174
29,572,Dommasandra (CT),12610,9481,1,75.18636003172085
29,572,Hebbagodi (CT),34827,28258,1,81.13819737559939
29,572,Hunasamaranahalli (CT),13389,10927,1,81.61177085667339
29,572,Jigani (CT),17036,12859,1,75.48133364639587
29,572,Kadigenahalli (CT),6587,4241,1,64.38439350235312
29,572,Konappana Agrahara (CT),20622,16102,1,78.08166036271943
29,572,Kumbalagodu (CT),10178,7629,1,74.9557869915504
29,572,Madanaiyakanahalli (CT),12563,9686,1,77.09941892859986
29,572,Maragondahalli (CT),8824,5906,1,66.93109700815957
29,572,Sarjapura (CT),11807,8441,1,71.4914881002795
29,573,Hongalli (CT),9074,6511,1,71.75446330174124
29,573,Krishnarajpet (TMC),25946,19402,1,74.77838587836276
29,573,Maddur (TMC),28754,21293,1,74.05230576615426
29,573,Malavalli (TMC),37601,26780,1,71.22151006622164
29,573,Mandya (CMC),137358,105316,1,76.67263646820717
29,573,Mellahalli (CT),6393,4678,1,73.17378382605976
29,573,Nagamangala (TP),17776,13758,1,77.39648964896489
29,573,Pandavapura (TP),20399,14489,1,71.02799156821413
29,573,Shrirangapattana (TMC),25061,18133,1,72.35545269542317
29,574,Alur (TP),6541,5008,1,76.56321663354227
29,574,Arkalgud (TP),16810,12123,1,72.11778703152886
29,574,Arsikere (TMC + OG),53216,42925,1,80.66183102826217
29,574,Arsikere (TMC),51336,41383,1,80.6120461274739
29,574,Belur (TMC),22484,18229,1,81.07543141789716
29,574,Channarayapatna (TMC + OG),40417,31913,1,78.95934878887597
29,574,Channarayapatna (TMC),38792,30828,1,79.46999381315734
29,574,Haralahalli (CT),4476,3549,1,79.28954423592494
29,574,Hassan (CMC + OG),155006,124734,1,80.47043340257797
29,574,Hassan (CMC),133436,107795,1,80.78404628436104
29,574,Hole Narsipur (TMC),29974,22667,1,75.62220591179022
29,574,Sakleshpur (TMC),23352,18376,1,78.69133264816718
29,574,Satyamangala (CT),18002,15190,1,84.37951338740139
29,574,Shravanabelgola (CT),6485,4971,1,76.65381649961449
29,575,Addur (CT),5426,4130,1,76.11500184297826
29,575,Adyar (CT),7034,5587,1,79.42849019050327
29,575,Arkula (CT),5077,4123,1,81.20937561552097
29,575,Badagaulipady (CT),7062,5522,1,78.19314641744548
29,575,Bajpe (CT),9701,7940,1,81.84723224409855
29,575,Bantval (TMC),40155,32448,1,80.80687336570789
29,575,Belma (CT),6452,5023,1,77.85182889026659
29,575,Beltangadi (TP),7746,6393,1,82.53292021688613
29,575,Bondathila (CT),5858,4699,1,80.2150904745647
29,575,Harekala (CT),6814,5108,1,74.9633108306428
29,575,Kairangala (CT),5788,4669,1,80.66689702833449
29,575,Kariyangala (CT),4698,3766,1,80.16177096636868
29,575,Kenjar (CT),5338,4150,1,77.74447358561258
29,575,Kolambe (CT),5592,4480,1,80.11444921316166
29,575,Konaje (CT),11368,9440,1,83.04011259676284
29,575,Kotekara (CT),16505,13678,1,82.87185701302636
29,575,Kuvettu (CT),7041,5489,1,77.95767646641102
29,575,Mangalore (M Corp. + OG),499487,426286,1,85.3447637275845
29,575,Mangalore (M Corp.),488968,417649,1,85.4143829453052
29,575,Manjanady (CT),10401,8078,1,77.66560907605037
29,575,Mudbidri (TMC),29431,24377,1,82.82763072950291
29,575,Muduperar (CT),5686,4553,1,80.07386563489271
29,575,Mudushedde (CT),8155,6468,1,79.31330472103004
29,575,Mulki (TP),17274,13646,1,78.9973370383235
29,575,Mulur (CT),5445,4446,1,81.65289256198346
29,575,Munnur (CT),8919,7342,1,82.31864558807041
29,575,Munnuru (CT),8864,6728,1,75.90252707581227
29,575,Narikombu (CT),7800,6045,1,77.5
29,575,Navoor (CT),5365,4075,1,75.95526561043803
29,575,Neermarga (CT),5503,4627,1,84.08141013992368
29,575,Pudu (CT),13533,10321,1,76.26542525677974
29,575,Puttur (TMC),53061,44340,1,83.56419969469103
29,575,Sajipanadu (CT),5847,4243,1,72.56712844193603
29,575,Someshwar (CT),24066,20333,1,84.48848998587218
29,575,Sulya (TP),19958,16401,1,82.1775729030965
29,575,Talapady (CT),9532,7590,1,79.62652119177507
29,575,Talipady (CT),7237,6116,1,84.5101561420478
29,575,Thokur-62 (CT),7433,6017,1,80.94981837750572
29,575,Thumbe (CT),6230,4879,1,78.31460674157303
29,575,Ullal (TMC),53773,44109,1,82.02815539397095
29,575,Uppinangady (CT),7813,6034,1,77.23025726353512
29,575,Vittal (CT),17618,14308,1,81.21239641275967
29,576,Gonikoppal (CT),8306,6395,1,76.9925355164941
29,576,Kushalnagar (TP),15326,12205,1,79.6359128278742
29,576,Madikeri (CMC),33381,28213,1,84.51813906114256
29,576,Somvarpet (TP),6729,5472,1,81.31966116807845
29,576,Virajpet (TP),17246,14531,1,84.2572190652905
29,577,Bannur (TMC),21896,13818,1,63.107416879795394
29,577,Belvata (CT),8605,6475,1,75.24694944799535
29,577,Bhogadi (CT),9041,6889,1,76.19732330494415
29,577,Byrapura (CT),14276,10733,1,75.18212384421406
29,577,Elwala (CT),9826,6589,1,67.05678811316915
29,577,Gargeswari (CT),5343,3982,1,74.52741905296651
29,577,Heggadadevankote (TP),14313,10061,1,70.29274086494794
29,577,Hinkal (CT),23162,17293,1,74.66108280804767
29,577,Hunsur (TMC),50865,36630,1,72.01415511648482
29,577,Hutagalli (CT),18308,14924,1,81.51627703736072
29,577,Kadakola (CT),6436,3879,1,60.27035425730267
29,577,Koorgalli (CT),7065,4956,1,70.14861995753715
29,577,Krishnarajanagara (TMC),35805,27985,1,78.15947493366848
29,577,Mysore (M Corp. + OG),920550,730906,1,79.39883765140405
29,577,Mysore (M Corp.),893062,708130,1,79.29236715927898
29,577,Nanjangud (TMC),50598,37445,1,74.00490137950116
29,577,Piriyapatna (TP),16685,11994,1,71.88492658076116
29,577,Saragur (TP),11425,7663,1,67.0722100656455
29,577,Srirampura (CT),11234,8309,1,73.96296955670286
29,577,Tirumakudal  Narsipur (TP),9980,6979,1,69.92985971943888
29,578,Chamarajanagar (CMC),69875,46886,1,67.09982110912344
29,578,Gundlupet (TMC),28105,20191,1,71.84130937555595
29,578,Hanur (TP),11066,7297,1,65.94071932044099
29,578,Kollegal (CMC),57149,42547,1,74.4492467059791
29,578,Yelandur (TP),8779,6098,1,69.46121426130539
29,579,Afzalpur (TP),27088,16035,1,59.195953927938575
29,579,Aland (TMC),42371,26684,1,62.97703618040641
29,579,Chincholi (TP),20897,13841,1,66.23438771115471
29,579,Chitapur (TMC),31299,17469,1,55.813284769481456
29,579,Gulbarga (M Corp. + OG),543147,389182,1,71.65316203532377
29,579,Gulbarga (M Corp.),533587,382775,1,71.73619297321711
29,579,Jevargi (TP),25686,15950,1,62.09608346959433
29,579,Kurgunta (CT),6472,3417,1,52.796662546353524
29,579,Sedam (TMC),39341,26002,1,66.09389695228896
29,579,Shahabad (CMC),47582,29444,1,61.880543062502625
29,579,Shahabad ACC (NAC + OG),13680,9582,1,70.04385964912281
29,579,Shahabad ACC (NAC),5027,4040,1,80.36602347324447
29,579,Wadi (TMC),37988,22434,1,59.05549120774981
29,580,Bhimarayanagudi (NAC),8029,5029,1,62.63544650641425
29,580,Gogipeth (CT),7544,4575,1,60.644220572640506
29,580,Gurmatkal (TP),20614,12356,1,59.939846706122054
29,580,Saidapur (CT),5432,3104,1,57.14285714285714
29,580,Shahpur (TMC),53366,32818,1,61.49608364876513
29,580,Shorapur (TMC),51398,30516,1,59.37195999844352
29,580,Yadgir (CMC),74294,47361,1,63.74808194470617
29,581,Bangarapet (TMC),44849,34424,1,76.75533456710295
29,581,Bethamangala (CT),10413,7558,1,72.58234898684337
29,581,Kolar (CMC),138462,102954,1,74.35541881527061
29,581,Malur (TMC),40050,29244,1,73.0187265917603
29,581,Mulbagal (TMC),57276,39671,1,69.26286751868147
29,581,Robertson Pet (CMC + OG),162230,133173,1,82.08900943105468
29,581,Robertson Pet (CMC),143233,117896,1,82.31064070430698
29,581,Srinivaspur (TMC),26793,19774,1,73.80285895569739
29,582,Allipura (CT),9930,6814,1,68.62034239677745
29,582,Bagepalli (TMC),27011,19715,1,72.98878234793233
29,582,Chelur (CT),5911,3849,1,65.11588563694806
29,582,Chikkaballapura (CMC),63652,47766,1,75.04241814868347
29,582,Chintamani (CMC),76068,56743,1,74.59509912183836
29,582,Gauribidanur (TMC),37947,29054,1,76.564682320078
29,582,Gudibanda (TP),9441,6162,1,65.26850969176994
29,582,Sidlaghatta (TMC),51159,32888,1,64.28585390644852
29,583,Arasinakunte (CT),10567,8355,1,79.06690640673796
29,583,Basettihalli (CT),7943,6483,1,81.6190356288556
29,583,Devanahalli (TMC),28051,20006,1,71.32009554026595
29,583,Dod Ballapur (CMC + OG),93105,71186,1,76.45776274099136
29,583,Dod Ballapur (CMC),84642,64650,1,76.38052030906643
29,583,Hosakote (TMC),56980,43246,1,75.8968058968059
29,583,Nelamangala (TMC),37232,29790,1,80.0118177911474
29,583,Vijayapura (TMC),34866,25051,1,71.84936614466815
29,584,Bidadi (CT),9917,7715,1,77.7957043460724
29,584,Channapatna (CMC),71942,54127,1,75.23699646937811
29,584,Kanakapura (TMC),54014,39141,1,72.46454622875551
29,584,Kudur (CT),9114,6563,1,72.01009436032477
29,584,Magadi (TMC),27605,19158,1,69.40047092917949
29,584,Ramanagara (CMC),95167,66743,1,70.13250391417193
30,585,Aldona (CT),6270,5261,1,83.90749601275917
30,585,Anjuna (CT),9636,7656,1,79.45205479452055
30,585,Arambol (CT),5322,4280,1,80.42089440060127
30,585,Bambolim (CT),6885,5971,1,86.72476397966594
30,585,Bandora (CT),12722,10409,1,81.81889639993712
30,585,Bicholim (M Cl),16986,13971,1,82.25008830801836
30,585,Borim (CT),8257,6764,1,81.91837229017803
30,585,Calangute (CT),13810,11054,1,80.04344677769733
30,585,Calapor (CT),14077,11628,1,82.60282730695461
30,585,Candola (CT),5354,4353,1,81.30369816959283
30,585,Candolim (CT),8500,6701,1,78.83529411764705
30,585,Carapur (CT),5500,4510,1,82.0
30,585,Chimbel (CT),15289,10774,1,70.46896461508274
30,585,Colvale (CT),4818,3946,1,81.90120381901204
30,585,Corlim (CT),6568,5245,1,79.85688185140073
30,585,Cumbarjua (CT),4917,4076,1,82.89607484238357
30,585,Curti (CT),16385,12817,1,78.22398535245651
30,585,Goa Velha (CT),4322,3473,1,80.35631652012957
30,585,Guirim (CT),5036,4123,1,81.87053216838761
30,585,Jua (CT),4134,3484,1,84.27672955974843
30,585,Mandrem (CT),8336,6811,1,81.70585412667947
30,585,Mapusa (M Cl),39989,33320,1,83.32291380129536
30,585,Marcaim (CT),6215,4967,1,79.9195494770716
30,585,Mercurim (CT),4970,3982,1,80.12072434607646
30,585,Moira (CT),4299,3562,1,82.856478250756
30,585,Morjim (CT),6760,5530,1,81.80473372781066
30,585,Murda (CT),7517,6117,1,81.37554875615271
30,585,Nerul (CT),5042,4134,1,81.99127330424434
30,585,Onda (CT),5863,4578,1,78.08289271703906
30,585,Orgao (CT),4602,3893,1,84.59365493263799
30,585,Pale (CT),6043,4822,1,79.79480390534502
30,585,Panaji (M Corp. + OG),70991,60071,1,84.61776844952176
30,585,Panaji (M Corp.),40017,34653,1,86.59569682884774
30,585,Parcem (CT),4627,3754,1,81.13248325048627
30,585,Penha-de-Franca (CT),15342,12873,1,83.90692217442314
30,585,Pernem (M Cl),5021,4212,1,83.88767177853018
30,585,Pilerne (CT),5827,4891,1,83.93684571820835
30,585,Ponda (M Cl),22664,19302,1,85.16590187080833
30,585,Priol (CT),8164,6705,1,82.12885840274376
30,585,Quela (CT),6852,5669,1,82.73496789258611
30,585,Reis Magos (CT),8053,6555,1,81.39823668198187
30,585,Saligao (CT),6280,5260,1,83.7579617834395
30,585,Salvador do Mundo (CT),6373,5341,1,83.80668445002354
30,585,Sanquelim (M Cl),13651,11204,1,82.07457329133396
30,585,Siolim (CT),10936,8848,1,80.90709583028529
30,585,Socorro (CT),12908,10725,1,83.08800743724822
30,585,Usgao (CT),12436,9743,1,78.34512705049855
30,585,Valpoi (M Cl),8532,7068,1,82.84106891701828
30,586,Aquem (CT),6511,5194,1,79.77269236676395
30,586,Benaulim (CT),11919,9536,1,80.00671197248091
30,586,Canacona (M Cl),12434,9980,1,80.26379282612193
30,586,Chicalim (CT),6933,5886,1,84.8983124188663
30,586,Chinchinim (CT),6908,5526,1,79.994209612044
30,586,Cortalim (CT),9080,7111,1,78.31497797356828
30,586,Cuncolim (M Cl),16623,13663,1,82.19334656800818
30,586,Curchorem-Cacora (M Cl),22730,18066,1,79.4808622965244
30,586,Curtorim (CT),12886,10051,1,77.99937917119354
30,586,Davorlim (CT),15350,11921,1,77.6612377850163
30,586,Margao (M Cl),87650,71928,1,82.062749572162
30,586,Mormugao (M Cl),94393,76068,1,80.58648416725816
30,586,Navelim (CT),12323,10066,1,81.68465471070357
30,586,Nuvem (CT),9288,7224,1,77.77777777777779
30,586,Quepem (M Cl),14795,11098,1,75.0118283203785
30,586,Raia (CT),10706,8387,1,78.33924901924154
30,586,Sancoale (CT),21923,16656,1,75.97500342106464
30,586,Sanguem (M Cl),6444,5109,1,79.2830540037244
30,586,Sanvordem (CT),5103,3844,1,75.32823829120126
30,586,Sao Jose de Areal (CT),10229,7672,1,75.00244403167466
30,586,Varca (CT),5439,4371,1,80.36403750689465
30,586,Verna (CT),6632,5005,1,75.46743063932449
30,586,Xeldem (CT),7434,5421,1,72.92171105730428
31,587,Amini (CT),7661,6062,1,79.1280511682548
31,587,Andrott (CT),11191,8887,1,79.41202752211599
31,587,Kadmat (CT),5404,4563,1,84.43745373797186
31,587,Kalpeni (CT),4419,3778,1,85.49445575922154
31,587,Kavaratti (CT),11210,9207,1,82.13202497769848
31,587,Minicoy (CT),10447,8768,1,83.92840049775056
32,588,Ajanur (CT),33079,25791,1,77.9678950391487
32,588,Bangra Manjeshwar (CT),5791,4687,1,80.93593507166293
32,588,Bare (CT),12804,9909,1,77.38987816307404
32,588,Chemnad (CT),14323,11610,1,81.05843747818194
32,588,Chengala (CT),15588,12229,1,78.45137285091096
32,588,Hosabettu (CT),5179,4035,1,77.91079358949604
32,588,Kanhangad (M + OG),125564,102859,1,81.91758784364946
32,588,Kanhangad (M),73342,60314,1,82.23664476016471
32,588,Kasaragod (M),54172,44478,1,82.10514657018386
32,588,Keekan (CT),9735,7271,1,74.68926553672316
32,588,Koipady (CT),18121,14504,1,80.03973290657248
32,588,Kudlu (CT),26235,21705,1,82.7329902801601
32,588,Kunjathur (CT),13633,10786,1,79.11684882270961
32,588,Madhur (CT),12685,9862,1,77.74536854552622
32,588,Mangalpady (CT),12790,10070,1,78.73338545738858
32,588,Maniyat (CT),4683,3892,1,83.10911808669657
32,588,Manjeshwar (CT),8742,7055,1,80.70235644017387
32,588,Mogral (CT),8912,6804,1,76.34649910233394
32,588,North Thrikkaripur (CT),18210,14970,1,82.20757825370676
32,588,Pallikkara (CT),14334,10842,1,75.63834240267894
32,588,Perole (CT),14965,12498,1,83.51486802539259
32,588,Pilicode (CT),9676,8240,1,85.15915667631253
32,588,Puthur (CT),14271,10969,1,76.86216803307406
32,588,Shiribagilu (CT),7630,5955,1,78.04718217562254
32,588,Shiriya (CT),5277,3866,1,73.26132272124313
32,588,South Thrikkaripur (CT),22991,19144,1,83.26736549084424
32,588,Udma (CT),8115,6359,1,78.36105976586568
32,588,Uppala (CT),11542,9070,1,78.58256801247617
32,589,Ancharakandy (CT),23030,20116,1,87.34693877551021
32,589,Azhikode North (CT),22128,19094,1,86.28886478669558
32,589,Azhikode South (CT),25195,22047,1,87.50545743203017
32,589,Chala (CT),17088,14686,1,85.94335205992509
32,589,Cheleri (CT),10848,8892,1,81.96902654867256
32,589,Chelora (CT),20952,18079,1,86.2877052310042
32,589,Cherukunnu (CT),16111,13546,1,84.07920054621066
32,589,Cheruthazham (CT),29348,25012,1,85.22556903366498
32,589,Chirakkal (CT),45601,39093,1,85.72838314949234
32,589,Chockli (CT),33732,29190,1,86.53504091070793
32,589,Dharmadom (CT),30804,27192,1,88.27425009738995
32,589,Elayavoor (CT),33853,29697,1,87.72339231382743
32,589,Eranholi (CT),25818,23191,1,89.8249283445658
32,589,Eruvatti (CT),16905,14862,1,87.9148181011535
32,589,Ezhome (CT),19261,16307,1,84.66330927781527
32,589,Irikkur (CT),13820,10861,1,78.58900144717799
32,589,Iriveri (CT),17231,14671,1,85.1430561197841
32,589,Kadachira (CT),18979,16652,1,87.73908003582908
32,589,Kadannappalli (CT),10430,8705,1,83.46116970278044
32,589,Kadirur (CT),31087,27403,1,88.14938720365426
32,589,Kalliasseri (CT),31122,26785,1,86.06452027504659
32,589,Kandamkunnu (CT),16025,13533,1,84.44929797191888
32,589,Kanhirode (CT),15353,13010,1,84.73913893050218
32,589,Kannadiparamba (CT),13677,11120,1,81.30437961541274
32,589,Kannapuram (CT),18459,15998,1,86.66775014897881
32,589,Kannur (M),56823,48536,1,85.41611671330271
32,589,Kannur Cantonment (CB),4798,4474,1,93.24718632763651
32,589,Karivellur (CT),13498,11756,1,87.09438435323752
32,589,Keezhallur (CT),20440,17397,1,85.11252446183953
32,589,Kolacherry (CT),17095,13808,1,80.77215560105294
32,589,Kolavelloor (CT),19817,16473,1,83.12559923298178
32,589,Koodali (CT),15236,13113,1,86.0658965607771
32,589,Koothuparamba (M),29619,25651,1,86.60319389581012
32,589,Kottayam-Malabar (CT),19176,16234,1,84.65790571547768
32,589,Kunhimangalam (CT),18965,16045,1,84.60321645135777
32,589,Kurumathur (CT),18641,15181,1,81.43876401480608
32,589,Kuttiattoor (CT),13244,11196,1,84.53639383871942
32,589,Madayi (CT),35888,29191,1,81.33916629514044
32,589,Manantheri (CT),14667,12222,1,83.32992431990182
32,589,Mangattidam (CT),18627,16059,1,86.21356095989692
32,589,Maniyoor (CT),12681,10409,1,82.08343190600111
32,589,Mattannur (M),47078,39499,1,83.9011852670037
32,589,Mavilayi (CT),12286,10621,1,86.44798958163764
32,589,Mayyil (CT),12490,10131,1,81.1128903122498
32,589,Mokeri (CT),19684,16805,1,85.3739077423288
32,589,Munderi (CT),21676,18033,1,83.19339361505813
32,589,Muzhappilangad (CT),23709,20306,1,85.64680079294783
32,589,Narath (CT),13092,10647,1,81.32447296058662
32,589,New Mahe (CT),10986,9439,1,85.91844165301292
32,589,Paduvilayi (CT),20598,17444,1,84.68783377026897
32,589,Pallikkunnu (CT),27820,24655,1,88.62329259525521
32,589,Panniyannur (CT),22308,19368,1,86.82087143625606
32,589,Panoor (CT),17438,14493,1,83.11159536644111
32,589,Pappinisseri (CT),35134,29766,1,84.72135253600501
32,589,Pariyaram (CT),20405,16668,1,81.68586130850282
32,589,Pathiriyad (CT),18008,15565,1,86.43380719680142
32,589,Pattiom (CT),20161,17623,1,87.41133872327762
32,589,Payyannur (M),72111,61019,1,84.61815811734687
32,589,Peralassery (CT),16821,14766,1,87.78312823256643
32,589,Peringathur (CT),40292,33829,1,83.95959495681525
32,589,Pinarayi (CT),16801,14887,1,88.60782096303792
32,589,Puzhathi (CT),35212,30109,1,85.5077814381461
32,589,Taliparamba (M),72465,60914,1,84.05989098185331
32,589,Thalassery (M),92558,81320,1,87.85842390717173
32,589,Thottada (CT),40818,35281,1,86.43490616884708
32,589,Valapattanam (CT),7955,6564,1,82.51414204902578
32,589,Varam (CT),17008,14228,1,83.65475070555033
32,590,Kalpetta (M),31580,25515,1,80.79480683977201
32,591,Atholi (CT),28213,24083,1,85.36135823910963
32,591,Ayancheri (CT),26293,21823,1,82.99927737420606
32,591,Azhiyur (CT),30023,25466,1,84.82163674516204
32,591,Balusseri (CT),27363,23725,1,86.70467419508094
32,591,Beypore (CT),69752,59205,1,84.87928661543755
32,591,Chekkiad (CT),24246,18892,1,77.91800709395365
32,591,Chelannur (CT),40697,35736,1,87.80991227854634
32,591,Chemancheri (CT),34819,29594,1,84.99382521037364
32,591,Cheruvannur (CT),61614,51793,1,84.06044080890706
32,591,Chorode (CT),38245,32467,1,84.89214276375996
32,591,Edacheri (CT),26819,22133,1,82.52731272605243
32,591,Eramala (CT),34658,29263,1,84.43360840210052
32,591,Eravattur (CT),17016,14549,1,85.50188058298073
32,591,Feroke (CT),32122,27014,1,84.0981258950252
32,591,Iringal (CT),25894,21931,1,84.69529620761567
32,591,Kakkodi (CT),42866,37853,1,88.30541688051136
32,591,Karuvanthuruthy (CT),21952,18365,1,83.65980320699708
32,591,Keezhariyur (CT),15116,12794,1,84.63879333156919
32,591,Koothali (CT),11389,9573,1,84.05478970936869
32,591,Kottappally (CT),21169,17636,1,83.31050120459163
32,591,Kozhikode (M Corp. + OG),550440,475480,1,86.3818036479907
32,591,Kozhikode (M Corp.),431560,375027,1,86.90031513578646
32,591,Kozhukkallur (CT),14007,11832,1,84.472049689441
32,591,Kunnamangalam (CT),47396,41128,1,86.77525529580555
32,591,Kunnummal (CT),18031,15274,1,84.70966668515335
32,591,Kuruvattur (CT),34241,29907,1,87.34265938494788
32,591,Kuttikkattoor (CT),25929,22077,1,85.14404720583131
32,591,Maniyur (CT),21820,18529,1,84.91750687442713
32,591,Mavoor (CT),29781,24474,1,82.17991336758335
32,591,Menhaniam (CT),15768,13349,1,84.6588026382547
32,591,Meppayyur (CT),13922,11705,1,84.07556385576785
32,591,Nadapuram (CT),40230,32357,1,80.43002734277903
32,591,Naduvannur (CT),25979,21777,1,83.82539743639093
32,591,Nanmanda (CT),27316,23914,1,87.54576072631424
32,591,Olavanna (CT),43895,37564,1,85.57694498234423
32,591,Palayad (CT),18141,15255,1,84.09128493467836
32,591,Panangad (CT),14347,12672,1,88.32508538370391
32,591,Pantheeramkavu (CT),24537,21307,1,86.83620654521744
32,591,Perumanna (CT),35460,30099,1,84.88155668358715
32,591,Peruvayal (CT),27598,23595,1,85.49532574824262
32,591,Poolacode (CT),29872,25541,1,85.5014729512587
32,591,Quilandy (M),71873,61610,1,85.72064613971867
32,591,Ramanattukara (CT),35937,30529,1,84.95144280268248
32,591,Thalakkulathur (CT),29388,25361,1,86.29712807948823
32,591,Thazhecode (CT),25116,21606,1,86.0248447204969
32,591,Thikkody (CT),27051,22410,1,82.84351779971165
32,591,Thuneri (CT),23421,18729,1,79.96669655437428
32,591,Thurayur (CT),14176,11638,1,82.09650112866818
32,591,Ulliyeri (CT),32509,27724,1,85.28099910793934
32,591,Vadakara (M),75295,64016,1,85.02025366890231
32,591,Valayam (CT),14328,11523,1,80.42294807370183
32,591,Villiappally (CT),34502,29188,1,84.5979943191699
32,592,Abdu Rahiman Nagar (CT),41993,33129,1,78.89172004857953
32,592,Alamcode (CT),33918,27714,1,81.70882717141342
32,592,Ariyallur (CT),22558,18841,1,83.52247539675504
32,592,Chelambra (CT),34149,28315,1,82.91604439368649
32,592,Cheriyamundam (CT),31212,24783,1,79.40215301806998
32,592,Cherukavu (CT),30126,24644,1,81.80309367323906
32,592,Edappal (CT),32550,27095,1,83.24116743471582
32,592,Irimbiliyam (CT),30635,25047,1,81.75942549371634
32,592,Kalady (CT),25872,20774,1,80.29529993815709
32,592,Kannamangalam (CT),41260,32293,1,78.2670867668444
32,592,Kattipparuthi (CT),40318,33024,1,81.9088248425021
32,592,Kizhuparamba (CT),22062,18338,1,83.12029734384915
32,592,Kodur (CT),45459,37055,1,81.51301172485097
32,592,Kondotty (CT),28794,23469,1,81.5065638674724
32,592,Koottilangadi (CT),36602,30259,1,82.67034588273864
32,592,Kottakkal (CT),44382,36023,1,81.16578793204452
32,592,Kuttippuram (CT),25750,21112,1,81.98834951456311
32,592,Malappuram (M + OG),101386,83524,1,82.38218294439075
32,592,Malappuram (M),68127,56346,1,82.70729666651988
32,592,Manjeri (M),97102,79893,1,82.27739902370703
32,592,Marancheri (CT),35011,28632,1,81.78001199622975
32,592,Moonniyur (CT),55535,43974,1,79.1824975240839
32,592,Naduvattom (CT),21273,16978,1,79.81008790485592
32,592,Nannambra (CT),40543,31901,1,78.68435981550452
32,592,Neduva (CT),35996,29045,1,80.68952105789532
32,592,Nilambur (CT),46366,38742,1,83.55691670620713
32,592,Othukkungal (CT),39139,31558,1,80.63057308566903
32,592,Pallikal (CT),46962,37608,1,80.08176823814999
32,592,Parappur (CT),36270,29141,1,80.34463744141163
32,592,Perinthalmanna (M),49723,41252,1,82.9636184461919
32,592,Perumanna (CT),27278,21867,1,80.16350172300022
32,592,Peruvallur (CT),34941,27459,1,78.58676053919464
32,592,Ponmundam (CT),25855,20497,1,79.27673564107522
32,592,Ponnani (M),90491,70714,1,78.14478787945762
32,592,Talakkad (CT),35820,29058,1,81.12227805695143
32,592,Tanalur (CT),47976,38970,1,81.2281140570285
32,592,Thenhippalam (CT),32045,26708,1,83.34529567795288
32,592,Thennala (CT),56546,45256,1,80.03395465638596
32,592,Thirunavaya (CT),24790,19953,1,80.48810004033885
32,592,Tirur (M),56058,46711,1,83.3261978664954
32,592,Tirurangadi (CT),56632,45302,1,79.99364316993926
32,592,Triprangode (CT),41167,33049,1,80.28032161682901
32,592,Urakam (CT),29157,23280,1,79.84360530918819
32,592,Vazhayur (CT),36909,31229,1,84.610799533989
32,592,Vengara (CT),48600,38591,1,79.40534979423867
32,593,Alathur (CT),26720,21391,1,80.05613772455091
32,593,Chittur-Thathamangalam (M),32298,26406,1,81.7573843581646
32,593,Hemambikanagar (CT),28592,24136,1,84.41522104085058
32,593,Koduvayur (CT),20703,16789,1,81.09452736318407
32,593,Mannarkad-I (CT),34839,28303,1,81.23941559746261
32,593,Marutharode (CT),24963,20333,1,81.45254977366503
32,593,Muthuthala (CT),24861,20494,1,82.43433490205543
32,593,Ongallur -I (CT),16998,14000,1,82.36263089775268
32,593,Ongallur -II (CT),26273,20926,1,79.64830814905035
32,593,Ottappalam (M),53792,45486,1,84.55904223676383
32,593,Palakkad (M),130955,111537,1,85.17200565079608
32,593,Pattambi (CT),28632,23888,1,83.43112601285276
32,593,Pirayiri (CT),41359,33305,1,80.52660847699413
32,593,Pudussery Central (CT),16629,12911,1,77.64146972157076
32,593,Pudussery West (CT),20140,16166,1,80.26812313803376
32,593,Puthunagaram (CT),17892,13987,1,78.17460317460318
32,593,Puthuppariyaram (CT),30895,25911,1,83.86793979608352
32,593,Shoranur (M),43533,37700,1,86.60096937955115
32,593,Thirumittacode -II (CT),12855,10274,1,79.92220925709842
32,593,Thrithala (CT),27796,22740,1,81.81033242193121
32,593,Vaniyamkulam- II (CT),16085,13914,1,86.50295306185888
32,594,Adat (CT),5721,5057,1,88.39363747596573
32,594,Akathiyoor (CT),5847,5086,1,86.98477851889858
32,594,Ala (CT),10493,8914,1,84.95187267702278
32,594,Alur (CT),9807,8493,1,86.60140715815234
32,594,Amballur (CT),29341,25825,1,88.0167683446372
32,594,Anjur (CT),10860,9463,1,87.13627992633516
32,594,Anthicad (CT),9826,8694,1,88.47954406676165
32,594,Avanur (CT),7879,6807,1,86.3942124635106
32,594,Avinissery (CT),13983,12322,1,88.12129013802475
32,594,Brahmakulam (CT),14390,12483,1,86.74774148714384
32,594,Chalakudy (M),49525,43615,1,88.06663301362948
32,594,Chavakkad (M),39098,32454,1,83.00680341705457
32,594,Chelakkara (CT),7528,6293,1,83.59458023379383
32,594,Chendrappini (CT),16404,13996,1,85.32065349914654
32,594,Cherpu (CT),7864,6583,1,83.71057985757884
32,594,Cheruthuruthi (CT),13828,11330,1,81.93520393404687
32,594,Chevvoor (CT),16086,14306,1,88.93447718512992
32,594,Chiramanangad (CT),11060,9348,1,84.52079566003616
32,594,Chiranellur (CT),9789,8082,1,82.56205945448973
32,594,Chittanda (CT),5936,4837,1,81.48584905660378
32,594,Chittilappilly (CT),6988,6083,1,87.04922724670864
32,594,Choolissery (CT),5441,4760,1,87.48391839735343
32,594,Choondal (CT),12502,10738,1,85.8902575587906
32,594,Desamangalam (CT),8355,6391,1,76.49311789347696
32,594,Edakkalathur (CT),8039,6887,1,85.66985943525313
32,594,Edakkazhiyur (CT),17335,13979,1,80.64032304586097
32,594,Edathirinji (CT),9849,8632,1,87.6434155751853
32,594,Edathiruthy (CT),12921,11118,1,86.04597167401904
32,594,Edavilangu (CT),20363,17214,1,84.53567745420617
32,594,Elavally (CT),12819,11103,1,86.61362040720805
32,594,Enkakkad (CT),9584,8064,1,84.14023372287144
32,594,Eranellur (CT),10145,8652,1,85.28339083292262
32,594,Eravu (CT),4447,3935,1,88.4866201933888
32,594,Eyyal (CT),6727,5609,1,83.38040731381003
32,594,Guruvayoor (M),20510,17953,1,87.5329107752316
32,594,Iringaprom (CT),12343,10689,1,86.5996921331929
32,594,Irinjalakuda (M),28741,25861,1,89.97947183466128
32,594,Kadavallur (CT),12912,11066,1,85.70322180916976
32,594,Kadikkad (CT),19147,15499,1,80.9474069044759
32,594,Kainoor (CT),7344,6332,1,86.22004357298475
32,594,Kaipamangalam (CT),35626,29969,1,84.12114747656206
32,594,Kaiparamba (CT),7179,6212,1,86.5301574035381
32,594,Kallettumkara (CT),7097,6113,1,86.13498661406229
32,594,Kallur Thekkummuri (CT),17480,15142,1,86.62471395881008
32,594,Kallur Vadakkummuri (CT),25259,21910,1,86.74135951542024
32,594,Kandanassery (CT),14645,12650,1,86.37760327756914
32,594,Kaniyarkode (CT),13236,10489,1,79.24599576911454
32,594,Karamuck (CT),15129,13349,1,88.23451649150638
32,594,Karikkad (CT),13656,11434,1,83.72876391329818
32,594,Kariyannur (CT),6363,5310,1,83.45120226308345
32,594,Kattakampal (CT),11836,10221,1,86.355187563366
32,594,Kattur (CT),18017,15569,1,86.41283232502637
32,594,Killannur (CT),20339,17656,1,86.8085943261714
32,594,Kizhakkummuri (CT),4635,4085,1,88.13376483279396
32,594,Kizhuppillikkara (CT),5275,4501,1,85.32701421800948
32,594,Kodannur (CT),7655,6731,1,87.92945787067276
32,594,Kodungallur (M + OG),60190,51760,1,85.99435122113309
32,594,Kodungallur (M),33935,29449,1,86.78060998968617
32,594,Kolazhy (CT),11540,10265,1,88.95147313691508
32,594,Koratty (CT),17618,15527,1,88.131456464979
32,594,Kottappuram (CT),6727,5752,1,85.50616916902037
32,594,Kozhukkully (CT),9918,8505,1,85.75317604355716
32,594,Kumaranellur (CT),7553,6198,1,82.06010856613266
32,594,Kunnamkulam (M),54071,47473,1,87.79752547576335
32,594,Kurichikkara (CT),4081,3579,1,87.69909335947071
32,594,Kurumpilavu (CT),14329,12375,1,86.36331914299672
32,594,Kuttoor (CT),12179,10780,1,88.51301420477871
32,594,Madathumpady (CT),4294,3726,1,86.77224033535165
32,594,Madayikonam (CT),14155,12467,1,88.07488519957613
32,594,Manakkody (CT),7150,6272,1,87.72027972027972
32,594,Manalur (CT),17757,15600,1,87.85267781719885
32,594,Manavalassery (CT),7364,6389,1,86.75991309071158
32,594,Marathakkara (CT),15817,13774,1,87.08351773408359
32,594,Methala (CT),37505,32950,1,87.85495267297694
32,594,Minalur (CT),6120,5283,1,86.32352941176471
32,594,Mullassery (CT),12165,10508,1,86.37895602137279
32,594,Mundathikode (CT),7672,6193,1,80.7221063607925
32,594,Muringur Vadakkummuri (CT),4981,4451,1,89.35956635213812
32,594,Nadathara (CT),11969,10338,1,86.37313058735066
32,594,Nedumpura (CT),12399,9701,1,78.24018065973061
32,594,Nelluwaya (CT),5994,5090,1,84.91825158491825
32,594,Nenmenikkara (CT),18067,15763,1,87.24746775889743
32,594,Oorakam (CT),13149,11358,1,86.3791923340178
32,594,Orumanayur (CT),14064,11662,1,82.92093287827076
32,594,Padiyam (CT),11623,10233,1,88.04095328228513
32,594,Padiyur (CT),8823,7737,1,87.69126147568855
32,594,Palissery (CT),7724,6834,1,88.4774728120145
32,594,Pallippuram (CT),7718,6613,1,85.68281938325991
32,594,Paluvai (CT),9127,7732,1,84.7156787553413
32,594,Panangad (CT),15630,13288,1,85.01599488163788
32,594,Pappinivattom (CT),15336,13089,1,85.34820031298904
32,594,Parakkad (CT),9093,7953,1,87.46288353678653
32,594,Paralam (CT),9187,7874,1,85.70806574507456
32,594,Parappukkara (CT),11893,10478,1,88.10224501807787
32,594,Pavaratty (CT),12299,10496,1,85.34027156679404
32,594,Pazhanji (CT),14067,12096,1,85.98848368522073
32,594,Perakam (CT),12072,10517,1,87.11895294897283
32,594,Peramangalam (CT),13260,11772,1,88.77828054298642
32,594,Peringandoor (CT),5577,4572,1,81.97955890263583
32,594,Perinjanam (CT),21012,18290,1,87.04549781077479
32,594,Pookode (CT),9366,7974,1,85.13773222293402
32,594,Poomangalam (CT),11141,9766,1,87.658199443497
32,594,Porathissery (CT),16768,14603,1,87.08850190839695
32,594,Porkulam (CT),6503,5630,1,86.57542672612641
32,594,Pottore (CT),7848,6981,1,88.95259938837921
32,594,Poyya (CT),10478,9240,1,88.1847680855125
32,594,Pullur (CT),12656,11074,1,87.5
32,594,Punnayur (CT),19387,15856,1,81.78676432661062
32,594,Punnayurkulam (CT),14221,11647,1,81.9000070318543
32,594,Puranattukara (CT),10655,9473,1,88.90661661191929
32,594,Puthukkad (CT),12615,11048,1,87.57827982560444
32,594,Puthur (CT),17430,14859,1,85.24956970740104
32,594,Puzhakkal (CT),8609,7622,1,88.53525380415844
32,594,Talikkulam (CT),25507,21337,1,83.65154663425727
32,594,Thaikkad (CT),6594,5668,1,85.9569305429178
32,594,Thangalur (CT),4587,3936,1,85.80771746239371
32,594,Thanniyam (CT),9743,8578,1,88.04269732115365
32,594,Thekkumkara (CT),15258,12674,1,83.06462183772447
32,594,Tholur (CT),7454,6487,1,87.02709954386907
32,594,Thrissur (M Corp.),315957,281061,1,88.9554591289321
32,594,Trikkur (CT),13093,11358,1,86.74864431375543
32,594,Vadakkekad (CT),15811,13366,1,84.5360824742268
32,594,Vadakkumkara (CT),10407,8978,1,86.26885749975978
32,594,Vadakkummuri (CT),9585,8446,1,88.1168492436098
32,594,Vadama (CT),11573,10156,1,87.75598375529249
32,594,Vadanappally (CT),30657,26316,1,85.84010177121048
32,594,Vallachira (CT),12970,11359,1,87.57902852737087
32,594,Vellanikkara (CT),6167,5417,1,87.83849521647478
32,594,Vellookkara (CT),8146,7141,1,87.6626565185367
32,594,Velur (CT),13928,12084,1,86.76048248133257
32,594,Veluthur (CT),11602,10122,1,87.24357869332874
32,594,Venginissery (CT),5533,4843,1,87.52936923911079
32,594,Venkitangu (CT),11335,9753,1,86.04322893692104
32,594,Venmanad (CT),8377,7041,1,84.05156977438224
32,594,Vylathur (CT),10298,8779,1,85.249563021946
32,594,Wadakkanchery (CT),15674,13197,1,84.19675896388924
32,595,Alangad (CT),47329,41015,1,86.65934205244142
32,595,Aluva (M),22428,20208,1,90.10165864098448
32,595,Amballur (CT),11358,10124,1,89.13541116393732
32,595,Angamaly (M),33465,29498,1,88.14582399521889
32,595,Chelamattom (CT),16844,14440,1,85.72785561624318
32,595,Chendamangalam (CT),29326,26183,1,89.2825479097047
32,595,Chengamanad (CT),29576,25132,1,84.97430348931566
32,595,Cheranallur (CT),30594,27110,1,88.61214617245211
32,595,Choornikkara (CT),43207,36870,1,85.33339505172773
32,595,Chowwara (CT),14933,12634,1,84.60456706622915
32,595,Edathala (CT),77811,64450,1,82.82890593874902
32,595,Elamkunnapuzha (CT),26997,23803,1,88.16905582101715
32,595,Eloor (CT),31468,27682,1,87.96873013855345
32,595,Eramalloor (CT),33829,27429,1,81.08132076029442
32,595,Kadamakkudy (CT),16295,14341,1,88.00859159251304
32,595,Kadungalloor (CT),39666,33589,1,84.67957444662936
32,595,Kakkanad (CT),25531,21543,1,84.3797736085543
32,595,Kalady (CT),20380,17524,1,85.98626104023552
32,595,Kalamassery (M),71038,60922,1,85.75973422675189
32,595,Kanayannur (CT),9308,8287,1,89.03094112591319
32,595,Karumalloor (CT),29805,25013,1,83.92216071129005
32,595,Kizhakkumbhagom (CT),10791,9516,1,88.1845982763414
32,595,Kochi (M Corp. + OG) (Part),297505,260265,2,87.48256331826356
32,595,Kochi (M Corp.) (Part),602046,532492,2,88.44706218461712
32,595,Koovappady (CT),29339,25188,1,85.8515968506084
32,595,Kothamangalam (M),38837,33986,1,87.50933388263769
32,595,Kottuvally (CT),42922,37290,1,86.87852383393133
32,595,Kumbalam (CT),29193,25648,1,87.8566779707464
32,595,Kumbalangy (CT),42367,36930,1,87.16689876554867
32,595,Kunnathunad (CT),22881,19233,1,84.05664088108037
32,595,Kureekkad (CT),13348,11818,1,88.53760863050645
32,595,Manakunnam (CT),39538,34889,1,88.24169153725529
32,595,Maradu (CT),44704,39565,1,88.50438439513243
32,595,Marampilly(CT),23272,18821,1,80.87401168786525
32,595,Mattoor (CT),18890,16181,1,85.65907887771309
32,595,Moothakunnam (CT),27458,24552,1,89.41656347876757
32,595,Mulamthuruthy (CT),25852,22822,1,88.27943679405848
32,595,Mulavukad (CT),21833,19466,1,89.15861310859708
32,595,Muvattupuzha (M),30397,26385,1,86.80132907852749
32,595,Nedumbassery (CT),29706,25846,1,87.00599205547701
32,595,Njarackal (CT),23760,21130,1,88.93097643097643
32,595,Paravur (M),31503,28005,1,88.8962955908961
32,595,Perumbavoor (CT),9185,7994,1,87.03320631464344
32,595,Perumbavoor (M),28110,24292,1,86.4176449662042
32,595,Puthencruz (CT),22378,19410,1,86.73697381356689
32,595,Puthenvelikkara (CT),33372,28746,1,86.13807982740022
32,595,Puthuvype (CT),23717,20791,1,87.66285786566598
32,595,Thekkumbhagom (CT),10798,8874,1,82.18188553435822
32,595,Thiruvankulam (CT),23160,20718,1,89.4559585492228
32,595,Thrippunithura (M),69390,62255,1,89.71753855022338
32,595,Vadakkekara (CT),20571,18045,1,87.72057751203151
32,595,Vadakkumbhagom (CT),11727,10198,1,86.96171228788266
32,595,Varappuzha (CT),26750,23486,1,87.79813084112149
32,595,Vazhakkala (CT),51242,44672,1,87.17848639787674
32,595,Vazhakulam (CT),18358,15134,1,82.43817409303846
32,595,Velloorkunnam (CT),11576,9925,1,85.73773324118866
32,595,Vengola (CT),32697,27507,1,84.12698412698413
32,596,Thodupuzha (M),52045,44799,1,86.07743299068115
32,597,Aimanam (CT),34470,30723,1,89.12967798085292
32,597,Athirampuzha (CT),40438,35958,1,88.92131163756862
32,597,Changanassery (M),47685,42222,1,88.54356715948411
32,597,Chengalam South (CT),16111,14241,1,88.39302340016138
32,597,Chethipuzha (CT),25145,22439,1,89.23841718035395
32,597,Erattupetta (CT),34814,28963,1,83.1935428275981
32,597,Ettumanoor (CT),26993,23967,1,88.78968621494462
32,597,Kottayam (M),55374,49592,1,89.5582764474302
32,597,Nattakam (CT),38599,34868,1,90.3339464752973
32,597,Paippad (CT),21338,18930,1,88.71496860061862
32,597,Palai (M),22056,19897,1,90.21128037722161
32,597,Panachikkad (CT),43595,39163,1,89.83369652483083
32,597,Perumbaikad (CT),42839,38040,1,88.79759098018161
32,597,Puthuppally (CT),29635,26802,1,90.44035768516956
32,597,Thrikkodithanam (CT),33819,30006,1,88.72527277565865
32,597,Vaikom (M),23234,20750,1,89.30877162778687
32,597,Vijayapuram (CT),29248,26462,1,90.4745623632385
32,598,Alappuzha (M + OG),240991,209201,1,86.8086360071538
32,598,Alappuzha (M),174176,152107,1,87.32948282197319
32,598,Arookutty (CT),19411,16132,1,83.10751635670496
32,598,Aroor (CT),39214,34104,1,86.96893966440557
32,598,Bharanikkavu (CT),15922,14102,1,88.56927521668132
32,598,Chengannur (M),23466,21299,1,90.76536265234807
32,598,Chennithala (CT),12360,11009,1,89.06957928802589
32,598,Cheppad (CT),20052,17769,1,88.61460203470976
32,598,Cherthala (M),45827,40594,1,88.5809675518799
32,598,Chingoli (CT),14981,12825,1,85.60843735398171
32,598,Ezhupunna (CT),27528,23545,1,85.53109561174077
32,598,Haripad (CT),15588,13829,1,88.71567872722606
32,598,Kandalloor (CT),19925,17433,1,87.4930991217064
32,598,Kanjikkuzhi (CT),23681,21138,1,89.26143321650268
32,598,Kannamangalam (CT),23344,20647,1,88.44671007539411
32,598,Karthikappally (CT),19021,16341,1,85.9103096577467
32,598,Kattanam (CT),19504,16966,1,86.98728465955702
32,598,Kayamkulam (M),68634,58519,1,85.26240638750473
32,598,Keerikkad (CT),10465,9113,1,87.0807453416149
32,598,Kodamthuruth (CT),21295,18385,1,86.33482038037099
32,598,Kokkothamangalam (CT),17047,14949,1,87.69284918167419
32,598,Komalapuram (CT),47126,41357,1,87.7583499554386
32,598,Krishnapuram (CT),26705,22649,1,84.81183299007677
32,598,Kumarapuram (CT),26943,23386,1,86.79805515347215
32,598,Kurattissery (CT),11849,10373,1,87.5432525951557
32,598,Kuthiathode (CT),23669,20083,1,84.84938104693903
32,598,Mannanchery (CT),32139,27336,1,85.05553999813311
32,598,Mannar (CT),17067,15120,1,88.59201968711548
32,598,Mavelikkara (M),26421,23621,1,89.40236932742894
32,598,Muhamma (CT),25861,22792,1,88.13270948532539
32,598,Muthukulam (CT),20740,18208,1,87.7917068466731
32,598,Pallippuram (CT),28276,24467,1,86.52921205262413
32,598,Pathirappally (CT),27445,23977,1,87.36381854618328
32,598,Pathiyoor (CT),23460,20318,1,86.60699062233589
32,598,Puthuppally (CT),20390,17818,1,87.38597351642963
32,598,Thaikattussery (CT),20874,17985,1,86.1598160390917
32,598,Thanneermukkam (CT),31525,27808,1,88.20935765265662
32,598,Thazhakara (CT),14596,13118,1,89.87393806522334
32,598,Vayalar (CT),24804,22011,1,88.73971940009676
32,599,Adoor (M),29171,25772,1,88.34801686606562
32,599,Kozhenchery (CT),12021,10752,1,89.44347392063888
32,599,Pathanamthitta (M),37538,32910,1,87.67115989131014
32,599,Thiruvalla (M),52883,47768,1,90.32770455533915
32,600,Adichanalloor (CT),27240,23095,1,84.7834067547724
32,600,Adinad (CT),22250,18643,1,83.78876404494382
32,600,Ayanivelikulangara (CT),24268,20408,1,84.09428053403659
32,600,Chavara (CT),42655,36704,1,86.04852889461962
32,600,Elampalloor (CT),33959,28870,1,85.01428192820755
32,600,Kallelibhagom (CT),21723,18216,1,83.85582101919624
32,600,Karunagappally (CT),25336,21754,1,85.86201452478687
32,600,Kollam (M Corp. + OG) (Part),367107,312849,2,85.22011293710008
32,600,Kollam (M Corp.),348657,297030,1,85.19261050258564
32,600,Kottamkara (CT),44402,37773,1,85.07049232016576
32,600,Kottarakkara (CT),29788,26252,1,88.129448099906
32,600,Kulasekharapuram (CT),26907,22406,1,83.27201100085479
32,600,Mayyanad (CT),40039,34283,1,85.62401658383077
32,600,Meenad (CT),29716,25421,1,85.54650693229236
32,600,Nedumpana (CT),29454,24452,1,83.01758674543356
32,600,Oachira (CT),28412,24366,1,85.75953822328593
32,600,Panayam (CT),25607,21937,1,85.66798141133283
32,600,Panmana (CT),29008,24415,1,84.16643684500828
32,600,Paravoor (M),37245,30967,1,83.1440461806954
32,600,Perinad (CT),35173,30076,1,85.50877093224916
32,600,Poothakkulam (CT),29447,24406,1,82.88110843209834
32,600,Punalur (M),46702,39976,1,85.59804719283972
32,600,Thazhuthala (CT),37517,31025,1,82.69584455047045
32,600,Thodiyoor (CT),25884,21356,1,82.50656776386958
32,600,Thrikkadavoor (CT),39285,33740,1,85.88519791268932
32,600,Thrikkaruva (CT),25432,21274,1,83.65051903114187
32,600,Thrikkovilvattom (CT),41609,34764,1,83.549232137278
32,600,Vadakkumthala (CT),20993,17483,1,83.28014099938075
32,601,Alamcode (CT),14762,12479,1,84.53461590570383
32,601,Athiyannur (CT),40712,34480,1,84.69247396345058
32,601,Attingal (M),37346,32758,1,87.71488245059712
32,601,Azhoor (CT),27390,21611,1,78.90105878057685
32,601,Edakkode (CT),12994,11034,1,84.91611513006004
32,601,Iroopara (CT),23113,19985,1,86.4664907195085
32,601,Kalliyoor (CT),40816,34919,1,85.55223441787534
32,601,Kanjiramkulam (CT),19902,16711,1,83.96643553411718
32,601,Karakulam (CT),29624,25450,1,85.91007291385363
32,601,Keezhattingal (CT),15185,12352,1,81.34343101745142
32,601,Kizhuvalam-Koonthalloor (CT),30770,25628,1,83.28891777705557
32,601,Kudappanakkunnu (CT),41583,37318,1,89.74340475675156
32,601,Kulathummal (CT),40448,33811,1,83.59127768987342
32,601,Malayinkeezhu (CT),37350,32302,1,86.48460508701473
32,601,Nedumangad (M),60161,50824,1,84.47997872375792
32,601,Neyyattinkara (M),70850,60559,1,85.47494707127736
32,601,Pallichal (CT),53861,45652,1,84.75891647017323
32,601,Pallippuram (CT),22512,18929,1,84.08404406538736
32,601,Parassala (CT),34096,28452,1,83.44673862036602
32,601,Parasuvaikkal (CT),17698,15040,1,84.981353825291
32,601,Sreekaryam (CT),23528,20825,1,88.51156069364163
32,601,Thiruvananthapuram (M Corp. + OG) (Part),788271,681214,2,86.41875700108211
32,601,Thiruvananthapuram (M Corp.),743691,645863,1,86.8456119544273
32,601,Uliyazhathura (CT),28230,24539,1,86.9252568189869
32,601,Vakkom (CT),19267,15902,1,82.53490424041107
32,601,Varkala (M),40048,33282,1,83.10527367159408
32,601,Vattappara (CT),27140,23272,1,85.74797347089167
32,601,Vattiyoorkavu (CT),47187,41235,1,87.38635641172357
32,601,Veiloor (CT),22816,18730,1,82.09151472650773
32,601,Venganoor (CT),35963,30807,1,85.66304257153186
32,601,Vilappil (CT),36212,30691,1,84.75367281564122
32,601,Vilavoorkkal (CT),31761,27195,1,85.62387834136204
33,602,Alamathi (CT),7424,5344,1,71.98275862068965
33,602,Ambattur (M),466205,385138,1,82.61129760513079
33,602,Ammavarikuppam (CT),10750,7710,1,71.72093023255815
33,602,Arani (TP),12833,9240,1,72.0018701784462
33,602,Athipattu (CT),11034,8205,1,74.3610657966286
33,602,Avadi (M),345996,282879,1,81.75788159400686
33,602,Ayappakkam (CT),29511,24234,1,82.11853207278642
33,602,Chinnasekkadu (TP),12396,9509,1,76.71022910616327
33,602,Edayanchavadi (CT),12119,9340,1,77.06906510438155
33,602,Gummidipoondi (TP),18891,14132,1,74.8081096818591
33,602,Kadambathur (CT),11235,8533,1,75.95015576323988
33,602,Kadhirvedu (CT),7580,6164,1,81.31926121372032
33,602,Kakkalur (CT),14528,11757,1,80.92648678414098
33,602,Kannapalayam (CT),4704,3373,1,71.70493197278913
33,602,Karambakkam (CT),21376,17148,1,80.22080838323353
33,602,Kattivakkam (M),36617,27279,1,74.49818390365131
33,602,Kattupakkam (CT),23910,18695,1,78.18904224173986
33,602,Kodivalasa (CT),9024,6158,1,68.24024822695036
33,602,Madaharpakkam (CT),4250,2776,1,65.31764705882352
33,602,Madavaram (M),119105,96012,1,80.61122538936233
33,602,Maduravoyal (M),86195,66408,1,77.04391205986425
33,602,Manali (M),35248,26268,1,74.5233772128915
33,602,Mathur (CT),27674,22254,1,80.4148298041483
33,602,Minjur (TP),28337,22301,1,78.69922715883827
33,602,Nadukuthagai (CT),9251,7371,1,79.67787266241487
33,602,Nallur (CT),19595,14936,1,76.22352640979841
33,602,Naravarikuppam (TP),20946,16370,1,78.15334670104077
33,602,Nazarathpettai (CT),8660,6689,1,77.24018475750577
33,602,Nemilicheri (CT),5743,4767,1,83.00539787567473
33,602,Nerkunram (CT),59790,45381,1,75.90065228299046
33,602,Nolambur (CT),21973,18507,1,84.22609566285897
33,602,Padianallur (CT),23819,19172,1,80.49036483479574
33,602,Pallipattu (TP),8721,6479,1,74.29193899782135
33,602,Peddikuppam (CT),8044,6023,1,74.87568373943311
33,602,Perambakkam (CT),6462,4751,1,73.52212937171154
33,602,Ponneri (TP),31025,24007,1,77.3795326349718
33,602,Poonamallee (M + OG),60607,47600,1,78.53878264886895
33,602,Poonamallee (M),57224,45136,1,78.87599608555851
33,602,Porur (TP),46690,38940,1,83.40115656457485
33,602,Pothatturpettai (TP),22040,14527,1,65.91197822141561
33,602,Puthagaram (CT),10263,8349,1,81.35048231511254
33,602,Puzhal (TP),31665,25161,1,79.45997157745146
33,602,Ramapuram (CT),52295,42301,1,80.88918634668705
33,602,Senneerkuppam (CT),16237,12432,1,76.56586807907864
33,602,Soorapattu (CT),10444,8237,1,78.86824971275374
33,602,Srikalikapuram (CT),5044,3355,1,66.5146708961142
33,602,Theerthagiriyampattu (CT),5412,4074,1,75.27716186252772
33,602,Thirumazhisai (TP),19733,14247,1,72.19885471038361
33,602,Thirunindravur (TP),37095,31121,1,83.8954036932201
33,602,Thiruvallur (M),56074,44731,1,79.77137354210507
33,602,Thozhur (CT),5698,4547,1,79.7999297999298
33,602,Tiruttani (M),44781,33728,1,75.31765704204908
33,602,Tiruverkadu (M + OG) (Part),64698,47974,2,74.15066926334663
33,602,Tiruverkadu (M),62824,46710,1,74.350566662422
33,602,Tiruvottiyur (M),249446,197146,1,79.03353832091916
33,602,Uthukkottai (TP),12740,9048,1,71.0204081632653
33,602,Valasaravakkam (M),47378,40929,1,86.38819705348475
33,602,Vanagaram (CT),19208,15261,1,79.45127030403998
33,602,Vanganur (CT),6584,4653,1,70.67132442284326
33,602,Vengathur (CT),23292,18350,1,78.78241456294006
33,603,Chennai (M Corp.),4646732,3776276,1,81.267350903818
33,604,Acharapakkam (TP),10362,7689,1,74.20382165605095
33,604,Alandur (M),164430,140143,1,85.22958097670741
33,604,Alapakkam (CT),9404,7070,1,75.18077413866439
33,604,Anakaputhur (M),48050,37494,1,78.03121748178981
33,604,Ayyampettai (CT),6610,4780,1,72.31467473524961
33,604,Ayyappanthangal (CT),23808,18213,1,76.49949596774194
33,604,Chengalpattu (M),62579,52094,1,83.24517809488806
33,604,Chitlapakkam (TP),37906,32222,1,85.0050123990925
33,604,Edakalinadu (TP),28172,19979,1,70.91793269913389
33,604,Gerugambakkam (CT),11551,8987,1,77.802787637434
33,604,Injambakkam (CT),21158,16727,1,79.05756687777674
33,604,Jalladiampet (CT),19100,14616,1,76.52356020942408
33,604,Kancheepuram (M),164384,130703,1,79.51077963792098
33,604,Karunguzhi (TP),12485,9133,1,73.15178213856628
33,604,Koilambakkam (CT),27374,20458,1,74.73515014247096
33,604,Konerikuppam (CT),11406,8878,1,77.83622654743118
33,604,Kottivakkam (CT),20217,16014,1,79.21056536578128
33,604,Kovalam (CT),8124,5925,1,72.93205317577548
33,604,Kovur (CT),10961,8506,1,77.60240853936683
33,604,Kundrathur (TP + OG),54986,42055,1,76.48310479031026
33,604,Kundrathur (TP),42126,32279,1,76.6248872430328
33,604,Madambakkam (CT),11673,9041,1,77.45224021245609
33,604,Madambakkam (TP),31681,26419,1,83.39067579937503
33,604,Madippakkam (CT),35752,31123,1,87.05247258894607
33,604,Maduranthakam (M),30796,23221,1,75.40264969476556
33,604,Mamallapuram (TP),15172,11631,1,76.66095438966516
33,604,Manapakkam (CT),13344,10623,1,79.60881294964028
33,604,Mangadu (TP),38188,29421,1,77.04252644809888
33,604,Maraimalainagar (M),81872,64410,1,78.67158491303499
33,604,Medavakkam (CT),29710,23339,1,78.55604173678896
33,604,Meenambakkam (TP + OG) (Part),24334,19490,2,80.09369606312156
33,604,Meenambakkam (TP),4286,3583,1,83.59776014932338
33,604,Mevalurkuppam (CT),3805,2827,1,74.2969776609724
33,604,Molachur (CT),8887,6474,1,72.8479801957916
33,604,Moovarasampettai (CT),9672,7995,1,82.66129032258065
33,604,Mugalivakkam (CT),25117,20736,1,82.55763029024166
33,604,Muthukadu (CT),7610,5691,1,74.7831800262812
33,604,Nandambakkam (TP),11239,9223,1,82.0624610730492
33,604,Nandivaram - Guduvancheri (TP),44098,36090,1,81.84044627874279
33,604,Nattapettai (CT),19883,14284,1,71.84026555348791
33,604,Nedungundram (CT),14390,11072,1,76.94232105628909
33,604,Neelankarai (CT),28458,21976,1,77.22257361726052
33,604,Oggiyamduraipakkam (CT),76600,56397,1,73.62532637075718
33,604,Orikkai (CT),12638,9482,1,75.02769425542016
33,604,Padappai (CT),14063,10767,1,76.56261110716063
33,604,Palavakkam (CT),26766,21235,1,79.33572442651125
33,604,Pallavaram (M + OG) (Part),233984,193933,2,82.88301764223195
33,604,Pallavaram (M),215417,179375,1,83.26872995167513
33,604,Pallikaranai (TP),43493,34625,1,79.61051203641965
33,604,Pammal (M),75870,61557,1,81.13483590351917
33,604,Paraniputhur (CT),15225,11670,1,76.65024630541872
33,604,Peerkankaranai (TP + OG),29250,24082,1,82.33162393162394
33,604,Peerkankaranai (TP),25871,21438,1,82.86498395887287
33,604,Perungalathur (TP),37342,30426,1,81.47929944834235
33,604,Perungudi (TP),43111,32704,1,75.8599893298694
33,604,Polichalur (CT),21906,17634,1,80.49849356340728
33,604,Pudupattinam (CT),21151,16967,1,80.21842938868139
33,604,Puzhithivakkam (Ullagaram) (M),53322,45616,1,85.54817898803496
33,604,Sembakkam (TP),45356,37335,1,82.31545991710027
33,604,Sevilimedu (TP),23454,18474,1,78.76694806855974
33,604,Sholinganallur (TP + OG),35602,27041,1,75.9535981124656
33,604,Sholinganallur (TP),26644,19868,1,74.56838312565681
33,604,Sikkarayapuram (CT),10187,7416,1,72.79866496515166
33,604,Singaperumalkoil (CT),13566,10347,1,76.27156125608138
33,604,Sirukalathur (CT),6117,4661,1,76.19748242602583
33,604,Sirukaveripakkam (CT),8032,5091,1,63.3839641434263
33,604,Sriperumbudur (TP),24864,18860,1,75.85263835263835
33,604,St.Thomas Mount-cum-Pallavaram (CB),43795,35732,1,81.58922251398562
33,604,Tambaram (M),174787,145037,1,82.97928335631369
33,604,Thenambakkam (CT),13994,9705,1,69.35115049306846
33,604,Thiruneermalai (TP),30702,24616,1,80.17718715393134
33,604,Thiruporur (TP),13666,10239,1,74.92316698375531
33,604,Tirukalukundram (TP),29391,22358,1,76.07090605967814
33,604,Tirusulam (CT),14086,9948,1,70.62331392872355
33,604,Urapakkam (CT),29122,23649,1,81.20664789506216
33,604,Uthiramerur (TP),25194,18506,1,73.45399698340876
33,604,Vallam (CT),7745,5913,1,76.34602969657843
33,604,Vandalur (CT),16852,13619,1,80.81533349157371
33,604,Vengavasal (CT),13671,11311,1,82.73718089386291
33,604,Walajabad (TP),14684,11279,1,76.8114955053119
33,605,Alamelumangapuram (CT),7900,5924,1,74.9873417721519
33,605,Alangayam (TP),18327,12640,1,68.96928029682982
33,605,Allapuram (TP),31211,24154,1,77.38938194867194
33,605,Ambur (M),114608,87198,1,76.08369398296803
33,605,Ammanur (CT),7731,6210,1,80.32596041909197
33,605,Ammoor (TP),12513,8982,1,71.78134739870534
33,605,Arakonam (M),78395,64133,1,81.80751323426239
33,605,Arcot (M),55955,44382,1,79.31730855151461
33,605,Ariyur (CT),7251,5423,1,74.7896841814922
33,605,Chettithangal (CT),7780,5714,1,73.44473007712082
33,605,Damalerimuthur (CT),5250,3314,1,63.12380952380953
33,605,Devasthanam (CT),4963,3533,1,71.18678218819262
33,605,Dharapadavedu (M),38833,31835,1,81.97924445703396
33,605,Gandhinagar (TP),9114,8110,1,88.98398068904982
33,605,Gudiyatham (M),91558,70921,1,77.46018916970664
33,605,Jaffrabad (CT),8121,5346,1,65.82933136313261
33,605,Jolarpet (M),29662,22079,1,74.43530442991032
33,605,Kailasagiri (CT),9421,6580,1,69.84396560874642
33,605,Kalavai (TP),9773,7051,1,72.14775401616699
33,605,Kalinjur (TP),19828,15625,1,78.80270324793221
33,605,Kangeyanallur (CT),15177,12313,1,81.12934044936418
33,605,Kaniyambadi (CT),9597,7009,1,73.03323955402729
33,605,Karugampattur (CT),6343,4645,1,73.23033265016554
33,605,Kasinayagampatti  (CT),4779,3288,1,68.80100439422473
33,605,Katpadi (TP),28797,24222,1,84.1129284300448
33,605,Kaveripakkam (TP),14583,10583,1,72.5708016183227
33,605,Kilmanavur (CT),5145,3789,1,73.64431486880466
33,605,Kilvaithinankuppam (CT),5321,4334,1,81.45085510242436
33,605,Konavattam (CT),11472,8321,1,72.53312412831241
33,605,Kondasamudram (CT),21335,15672,1,73.45676119053199
33,605,Melvisharam (M),44786,32797,1,73.23047380877952
33,605,Narasingapuram (CT) ,11454,9053,1,79.03789069320761
33,605,Natrampalli (TP),10390,7321,1,70.46198267564966
33,605,Navlock Garden (CT),20171,15775,1,78.20633582866492
33,605,Nemili (TP),10806,8137,1,75.30075883768276
33,605,Odugathur (TP),8998,6213,1,69.04867748388531
33,605,Pachchal (CT),16789,12308,1,73.30990529513372
33,605,Palavansathu (CT),22176,17378,1,78.36399711399712
33,605,Pallikonda (TP),23067,17482,1,75.78792213985346
33,605,Panapakkam (TP),11536,8243,1,71.45457697642163
33,605,Pennathur (TP),9425,6816,1,72.3183023872679
33,605,Periagaram (CT),4916,3294,1,67.00569568755085
33,605,Pernampattu (M),51271,35344,1,68.93565563378908
33,605,Ranipettai (M),50764,41117,1,80.99637538413049
33,605,Sathkar (CT),8632,5434,1,62.951807228915655
33,605,Sathuvachari (M),56951,46186,1,81.0977858158768
33,605,Sembedu (CT),12548,8099,1,64.54415046222506
33,605,Senur (CT),9078,6037,1,66.50143203348755
33,605,Sevur (CT),11356,7322,1,64.47692849594928
33,605,Shenbakkam (TP),17109,12529,1,73.23046349874335
33,605,Sholingur (TP),30856,23594,1,76.46486906922479
33,605,SuPallipattu (CT),4998,3704,1,74.10964385754302
33,605,Tajpura (CT),8075,5804,1,71.87616099071208
33,605,Thakkolam (TP),13983,10047,1,71.8515340055782
33,605,Thirumalpur (CT),4803,3377,1,70.31022277743078
33,605,Thiruvalam (TP),9153,6941,1,75.8330601988419
33,605,Thorapadi (TP),16700,12874,1,77.08982035928143
33,605,Thuthipattu (CT),9143,6444,1,70.48014874767581
33,605,Timiri (TP),16246,11938,1,73.48270343469162
33,605,Tirupathur (M),64125,48874,1,76.2167641325536
33,605,Tirupattur (CT),19487,14106,1,72.38671935136244
33,605,Uthayendram (TP),13837,10275,1,74.25742574257426
33,605,Valathur (CT),5529,4222,1,76.3610056068005
33,605,Valayambattu (CT),10076,6063,1,60.172687574434306
33,605,Vanapadi (CT),5334,3860,1,72.36595425571804
33,605,Vaniyambadi (M),95061,70696,1,74.3690893215935
33,605,Vellore (M. Corp),185803,143342,1,77.14730117382389
33,605,Vilapakkam (TP),8174,5934,1,72.59603621238072
33,605,Virinchipuram (CT),7699,5773,1,74.98376412521107
33,605,Virudampattu (CT),7662,5765,1,75.24145131819368
33,605,Virupakshipuram (CT),14779,11158,1,75.4990188781379
33,605,Walajapet (M + OG),47498,35991,1,75.77371678807529
33,605,Walajapet (M),32397,25028,1,77.2540667345742
33,606,Arani (M),63671,48961,1,76.89686042311257
33,606,Chengam (TP),26980,19282,1,71.46775389177168
33,606,Chetpet (TP),19827,14802,1,74.65577243153277
33,606,Desur (TP),4597,3485,1,75.81031107243855
33,606,Devikapuram (CT),9800,6804,1,69.42857142857143
33,606,Dusi (CT),5577,3706,1,66.451497220728
33,606,Kalambur (TP),14304,10401,1,72.71392617449665
33,606,Kannamangalam (TP),7399,5553,1,75.05068252466549
33,606,Kilpennathur (TP),13718,9744,1,71.03076250182242
33,606,Kilpudupakkam (CT),6912,5613,1,81.20659722222221
33,606,Mullipattu (CT),4956,3723,1,75.12106537530266
33,606,Paiyur (CT),7555,4811,1,63.67968232958305
33,606,Peranamallur (TP),5801,4021,1,69.31563523530426
33,606,Polur (TP),28123,20787,1,73.91458948191871
33,606,Pudupalayam (TP),11382,7239,1,63.6004217185029
33,606,Sathiyavijayanagaram (CT),5894,4320,1,73.29487614523244
33,606,Sevur (CT),10299,7430,1,72.14292649771824
33,606,Tiruvannamalai (M),145278,113865,1,78.3773179696857
33,606,Tiruvethipuram (M),37802,28954,1,76.59383101423205
33,606,Vandavasi (M),31320,24209,1,77.29565772669221
33,606,Vengikkal (CT),18244,14628,1,80.17978513483885
33,606,Vettavalam (TP),15506,11377,1,73.37159809106153
33,607,Ananthapuram (TP),6892,4669,1,67.74521183981427
33,607,Arakandanallur (TP),5713,4322,1,75.6520217048836
33,607,Chinnasalem (TP),25106,18366,1,73.15382777025413
33,607,Gingee (TP),27045,20673,1,76.43926788685525
33,607,Kallakkurichi (M),52507,40472,1,77.07924657664692
33,607,Kottakuppam (TP),31726,22641,1,71.36418079808358
33,607,Manalurpet (TP),8523,5621,1,65.95095623606711
33,607,Marakkanam (TP),22034,14859,1,67.4366887537442
33,607,Salamedu (CT),20854,17075,1,81.87877625395608
33,607,Sankarapuram (TP),15664,10980,1,70.097037793667
33,607,Thiagadurgam (TP),18605,12737,1,68.46009137328674
33,607,Thiruvennainallur (TP),9623,6977,1,72.50337732515847
33,607,Tindivanam (M),72796,56920,1,78.19110940161548
33,607,Tirukkoyilur (TP),30212,23373,1,77.36329935125116
33,607,Ulundurpettai (TP),23734,17313,1,72.94598466335215
33,607,Vadakkanandal (TP),23034,15516,1,67.36129200312581
33,607,Valavanur (TP),16745,12792,1,76.39295312033443
33,607,Vikravandi (TP),12022,8956,1,74.49675594742972
33,607,Viluppuram (M),96253,77571,1,80.59073483423893
33,608,Arasiramani (TP),14834,8634,1,58.20412565727383
33,608,Attayampatti (TP),13852,9576,1,69.13081143517181
33,608,Attur (M),61793,46126,1,74.64599550110854
33,608,Avadattur (CT),9869,5661,1,57.36143479582532
33,608,Ayothiapattinam (TP),11517,8298,1,72.05001302422505
33,608,Belur (TP),8736,6198,1,70.9478021978022
33,608,Chennagiri (CT),5338,3114,1,58.336455601348824
33,608,Dalavaipatti (CT),7732,4798,1,62.05380237972064
33,608,Dasanaickenpatti (CT),5857,4321,1,73.77497012122247
33,608,Doramangalam (CT),5322,3115,1,58.53062758361518
33,608,Edaganasalai (TP),33245,20216,1,60.809144232215374
33,608,Edappadi (M),54823,35453,1,64.66811374787954
33,608,Eranapuram (CT),8871,6011,1,67.76011723593733
33,608,Erumapalayam (CT),10220,7014,1,68.63013698630137
33,608,Ethapur (TP),10968,8422,1,76.78701677607586
33,608,Gangavalli (TP),12015,8126,1,67.632126508531
33,608,Ilampillai (TP),11797,8959,1,75.94303636517759
33,608,Jalakandapuram (TP),16184,11951,1,73.84453781512606
33,608,Kadayampatti (TP),11390,7086,1,62.212467076382794
33,608,Kalparapatti (CT),5046,2486,1,49.266745937376136
33,608,Kannankurichi (TP),19765,14090,1,71.28762964836832
33,608,Karukkalvadi (CT),12052,6226,1,51.65947560570859
33,608,Karuppur (TP),13967,9288,1,66.49960621464881
33,608,Keeripatti (TP),10208,6977,1,68.34835423197492
33,608,Kolathur (TP),12748,8461,1,66.37119548164418
33,608,Kondalampatti (CT),20318,12678,1,62.39787380647701
33,608,Kondappanaickenpatti (CT),6892,4727,1,68.58676726639582
33,608,Konganapuram (TP),9286,6027,1,64.90415679517554
33,608,Kottagoundampatty (CT),7891,6247,1,79.16613863895577
33,608,Kurukkupatti (CT),5037,3289,1,65.29680365296804
33,608,Majaragollappatti (CT),4727,3155,1,66.74423524434103
33,608,Mallamooppampatti (CT),10199,6412,1,62.86890871654084
33,608,Mallur (TP),10331,7091,1,68.6380795663537
33,608,Maramangalathupatti (CT),12448,9503,1,76.34158097686375
33,608,Masinaickenpatty (CT),9098,6423,1,70.59793361178282
33,608,Mecheri (TP),25676,16694,1,65.01791556317184
33,608,Mettur (M),52813,40572,1,76.82199458466665
33,608,Naduvaneri (CT),8485,5098,1,60.082498526812024
33,608,Nangavalli (TP),10809,7275,1,67.30502359145156
33,608,Narasingapuram (M),23084,17217,1,74.58412753422284
33,608,Neykkarappatti (CT),12090,7703,1,63.71381306865178
33,608,Omalur (TP),16279,12454,1,76.50347072916027
33,608,P.N.Patti (TP),25133,17274,1,68.73035451398559
33,608,Panaimarathupatti (TP),9368,6361,1,67.90136635354398
33,608,Papparapatti (CT),9592,6044,1,63.01084236864053
33,608,Perumagoundampatti (CT),7796,5377,1,68.97126731657261
33,608,Pethanaickenpalayam (TP),17678,11709,1,66.23486819775994
33,608,Poolampatti (TP),9477,5836,1,61.58066898807639
33,608,Puthur Agraharam (CT),11173,5748,1,51.44544884990603
33,608,Rajapalayam (CT),5807,3604,1,62.06302738074737
33,608,Salem (M Corp.),829267,633314,1,76.37033669493661
33,608,Sankari (TP),29467,22034,1,74.77517222655852
33,608,Sanniyasigundu (CT),7823,5048,1,64.52767480506199
33,608,Selathampatti (CT),6659,3688,1,55.383691244931676
33,608,Sentharapatti (TP),14308,9229,1,64.50237629298294
33,608,Thammampatti (TP),21503,15695,1,72.9898153745989
33,608,Thappakuttai (CT),6986,4092,1,58.574291440022904
33,608,Tharamangalam (TP),30222,19044,1,63.013698630136986
33,608,Thedavur (TP),8230,5097,1,61.931956257594166
33,608,Thevur (TP),8548,5146,1,60.20121665886757
33,608,Tirumalaigiri (CT),4107,2314,1,56.34282931580229
33,608,Vanavasi (TP),7130,5097,1,71.4866760168303
33,608,Vazhapadi (TP),17559,13070,1,74.43476279970386
33,608,Veeraganur ((TP),11624,7591,1,65.30454232622162
33,608,Veerakkalpudur (TP),16665,13216,1,79.3039303930393
33,608,Vellakkalpatty (CT),5475,3925,1,71.68949771689498
33,608,Vembadithalam (CT),7331,5363,1,73.15509480289182
33,608,Yercaud (CT),11582,8713,1,75.22880331548956
33,609,Alampalayam (TP),20286,13816,1,68.1060830129153
33,609,Athanur (TP),9827,6516,1,66.3071130558665
33,609,Chinnamudalaipatti (CT),8928,7154,1,80.12992831541219
33,609,Ellandaikuttai (CT),16160,10180,1,62.995049504950494
33,609,Erumaipatti (TP),12085,9304,1,76.98800165494416
33,609,Kalappanaickenpatti (TP),10831,7314,1,67.52839073031114
33,609,Kondichettipatti (CT),10300,8315,1,80.72815533980582
33,609,Kosavampatti (CT),10356,7714,1,74.48821938972576
33,609,Kumarapalayam (M),71594,51648,1,72.14012347403414
33,609,Mallasamudram (TP),18007,12499,1,69.41189537402121
33,609,Mohanur (TP),14315,10520,1,73.4893468389801
33,609,Nallipalayam (CT),5078,3992,1,78.61362741236707
33,609,Namagiripettai (TP),21250,14140,1,66.54117647058824
33,609,Namakkal (M),55145,45508,1,82.52425423882491
33,609,Padaiveedu (TP),10451,6660,1,63.72595923835039
33,609,Pallipalayam (M),40140,26681,1,66.46985550572995
33,609,Pallipalayam Agraharam (CT) ,16479,10751,1,65.24060926027065
33,609,Pandamangalam (TP),7259,5357,1,73.79804380768701
33,609,Paramathi (TP),11986,9036,1,75.38795261137994
33,609,Pattinam (TP),8912,5844,1,65.57450628366249
33,609,Periyamanali (CT),6878,4752,1,69.0898517010759
33,609,Periyapatti (CT),15690,12501,1,79.67495219885278
33,609,Pillanallur (TP),11181,7596,1,67.93667829353367
33,609,Pothanur (TP),18455,13851,1,75.05283121105391
33,609,Pudupalayam Agraharam (CT),5704,3649,1,63.972650771388494
33,609,R.Pudupatti (TP),7478,4739,1,63.37255950788981
33,609,Rasipuram (M),50244,39047,1,77.71475201019027
33,609,Seerapalli (TP),12403,8338,1,67.22567120857858
33,609,Senthamangalam (TP),19750,13616,1,68.94177215189873
33,609,Thathankuttai (CT),24708,16334,1,66.10814311154282
33,609,Tiruchengode (M),95335,72327,1,75.86615618608066
33,609,Velur (TP),25012,18565,1,74.22437230129539
33,609,Venkarai (TP),9330,6350,1,68.06002143622723
33,609,Vennanthur (TP),14568,9724,1,66.74903898956617
33,610,Ammapettai (TP),9677,6166,1,63.71809445075953
33,610,Anthiyur (TP),21086,15549,1,73.74087071990894
33,610,Appakudal (TP),10610,6954,1,65.54194156456174
33,610,Arachalur (TP),12034,8004,1,66.51155060661459
33,610,Ariyappampalayam (TP),15706,9712,1,61.83624092703426
33,610,Athani (TP),8430,5141,1,60.98457888493476
33,610,Avalpoondurai (TP),11789,8029,1,68.10586139621681
33,610,Bhavani (M),39225,30250,1,77.11918419375398
33,610,Bhavanisagar (TP),7710,5590,1,72.50324254215305
33,610,Brahmana Periya Agraharam (TP),24798,17295,1,69.74352770384709
33,610,Chennasamudram (TP),8111,5557,1,68.51189742325238
33,610,Chennimalai (TP),15500,11716,1,75.58709677419355
33,610,Chithode (TP),8550,6219,1,72.73684210526315
33,610,Elathur (TP),7827,4361,1,55.717388526894084
33,610,Erode (M.Corp),157101,125814,1,80.08478622032959
33,610,Gobichettipalayam (M),59523,46738,1,78.52090788434722
33,610,Jambai (TP),16522,9964,1,60.307468829439536
33,610,Kanjikoil (TP),11294,7317,1,64.78661236054542
33,610,Karumandi Chellipalayam (TP),23868,17890,1,74.95391318920731
33,610,Kasipalayam  (E) (M),73425,57806,1,78.72795369424583
33,610,Kasipalayam (G) (TP),9093,5611,1,61.70680743429011
33,610,Kembainaickenpalayam (TP),11103,5901,1,53.147797892461504
33,610,Kilampadi (TP),6422,4087,1,63.640610401744
33,610,Kodumudi (TP),13225,9761,1,73.80718336483932
33,610,Kolappalur (TP),9607,6184,1,64.36973040491308
33,610,Kollankoil (TP),9196,6098,1,66.31143975641584
33,610,Kuhalur (TP),11753,6865,1,58.410618565472646
33,610,Kuruppanaickenpalayam (CT),7484,5328,1,71.1918760021379
33,610,Lakkampatti (TP),11716,8197,1,69.96415158757256
33,610,Mettunasuvanpalayam (CT),17240,13296,1,77.12296983758701
33,610,Modakurichi (TP),9907,6578,1,66.39749671949127
33,610,Mukasipidariyur (CT),14143,9791,1,69.22859365056918
33,610,Nallampatti (TP),3874,2272,1,58.64739287558079
33,610,Nambiyur (TP),16379,10808,1,65.98693448928506
33,610,Nasiyanur (TP),10970,7220,1,65.8158614402917
33,610,Nerunjipettai (TP),6791,4106,1,60.46237667501104
33,610,Olagadam (TP),9958,6016,1,60.413737698333
33,610,Ottapparai (CT),9493,6447,1,67.91319919941009
33,610,P.Mettupalayam (TP),9109,5878,1,64.52958612361401
33,610,Pallapalayam (TP),7263,4434,1,61.0491532424618
33,610,Pasur (TP),3670,2386,1,65.01362397820164
33,610,Periyakodiveri (TP),12330,7685,1,62.32765612327656
33,610,Periyasemur (M),55282,40977,1,74.12358453022684
33,610,Perundurai (TP),24930,19498,1,78.21099077416767
33,610,Pethampalayam (TP),7152,4228,1,59.11633109619687
33,610,Punjaipuliampatti (M),18967,14112,1,74.4029103179206
33,610,Salangapalayam (TP),15609,9396,1,60.19604074572362
33,610,Sathyamangalam (M),37816,27234,1,72.01713560397715
33,610,Sivagiri (TP),17979,12795,1,71.16636075421326
33,610,Surampatti (M),41782,31830,1,76.18113063041501
33,610,Suriyampalayam (TP),28585,19620,1,68.63739723631275
33,610,Thindal (CT),15440,12080,1,78.23834196891191
33,610,Unjalur (TP),2482,1865,1,75.14101531023368
33,610,Vadugapatti (TP),9657,6111,1,63.280521901211564
33,610,Vaniputhur (TP),12044,7569,1,62.844569910328794
33,610,Veerappanchatiram (M),84453,63621,1,75.33302546978793
33,610,Vellottamparappu (TP),7621,5290,1,69.41346280015746
33,610,Vengampudur (TP),7443,5283,1,70.97944377267231
33,610,Vijayapuri (CT),7222,5086,1,70.42370534477985
33,611,Adikaratti (TP),14178,10630,1,74.97531386655382
33,611,Aravankad (TS) (CT),4438,3897,1,87.80982424515548
33,611,Bikketti (TP),5864,4620,1,78.78581173260572
33,611,Coonoor (M),45494,38574,1,84.78920297182046
33,611,Devarshola (TP),24954,18467,1,74.00416766851006
33,611,Gudalur (M),49535,39370,1,79.47915615221561
33,611,Hubbathala (CT),10852,8678,1,79.96682639144858
33,611,Huligal (TP),12960,9865,1,76.11882716049382
33,611,Jagathala (TP),14383,11577,1,80.49085726204547
33,611,Kethi (TP),23229,18987,1,81.73834431099057
33,611,Kilkunda (TP),8886,7072,1,79.58586540625703
33,611,Kotagiri (TP),28207,22451,1,79.59371787145035
33,611,Naduvattam (TP),8505,5957,1,70.04115226337449
33,611,Nelliyalam (M),44590,34774,1,77.98609553711594
33,611,O' Valley (TP),21943,17122,1,78.02943991250056
33,611,Sholur (TP),9745,6482,1,66.51616213442792
33,611,Udhagamandalam (M),88430,72643,1,82.14746126880019
33,611,Wellington (CB),19462,16526,1,84.91419175829822
33,612,Adiyanuthu (CT),17851,12643,1,70.82516385636659
33,612,Agaram (TP),15610,11055,1,70.81998718770019
33,612,Ammainaickanur (TP),19257,13803,1,71.67783143791868
33,612,Ayakudi (TP),27156,18681,1,68.79142730888202
33,612,Ayyalur (TP),17100,9218,1,53.906432748538016
33,612,Ayyampalayam (TP),12175,8394,1,68.94455852156057
33,612,Balakrishnapuram (CT),25627,20572,1,80.27471026651578
33,612,Balasamudram (TP),14179,8534,1,60.18760138232597
33,612,Batlagundu (TP),22928,18406,1,80.27739009071877
33,612,Chettinaickenpatti (CT),17701,13206,1,74.6059544658494
33,612,Chinnakalayamputhur (CT),5162,3941,1,76.3463773731112
33,612,Chinnalapatti (TP),26285,20936,1,79.64999048887198
33,612,Dindigul (M),207327,169370,1,81.69220603201705
33,612,Eriodu (TP),8890,6307,1,70.94488188976378
33,612,Kannivadi (TP),10369,7188,1,69.32201755231941
33,612,Keeranur (TP),7200,4738,1,65.80555555555556
33,612,Kodaikanal (M),36501,29119,1,79.77589655077944
33,612,Kurumbapatti (CT),6182,4072,1,65.8686509220317
33,612,Natham (TP),23660,17123,1,72.37109044801352
33,612,Neikkarapatti (TP),11753,8461,1,71.99013017952863
33,612,Nilakkottai (TP),22197,17033,1,76.73559490021175
33,612,Oddanchatram (TP),30064,23183,1,77.11216072378924
33,612,Palani (M),70467,55636,1,78.95326890601274
33,612,Palayam (TP),15336,9802,1,63.91497130933751
33,612,Pannaikadu (TP),8731,6645,1,76.10812049020731
33,612,Pattiveeranpatti (TP),8602,6992,1,81.28342245989305
33,612,Sevugampatti (TP),11730,8077,1,68.85763000852515
33,612,Silapadi  (CT),17824,13892,1,77.93985637342908
33,612,Sithayankottai (TP),13634,9492,1,69.62006747836291
33,612,Sivagiripatti (CT),17306,13508,1,78.05385415462845
33,612,Sriramapuram (TP),10653,6794,1,63.77546231108609
33,612,Thadikombu (TP),18838,12835,1,68.13355982588385
33,612,Vadamadurai (TP),18015,12747,1,70.75770191507077
33,612,Vedasandur (TP),11730,9160,1,78.09036658141517
33,613,Andankoil  East (CT),19779,15249,1,77.09692097679357
33,613,Aravakurichi (TP),12412,9169,1,73.87205929745407
33,613,Inam Karur (M),67131,52622,1,78.3870343060583
33,613,Kadaparai (CT),9574,6678,1,69.7514100689367
33,613,Karur (M),70980,57998,1,81.71034094111018
33,613,Krishnarayapuram (TP),10792,7429,1,68.83802816901408
33,613,Kulithalai (M),27910,22668,1,81.21820136151918
33,613,Marudur (TP),10925,7299,1,66.81006864988558
33,613,Minampalli-Pachamadevi (CT),9031,6029,1,66.75894142398406
33,613,Nangavaram (TP),17629,11471,1,65.06892052867434
33,613,P.J. Cholapuram (TP),7484,4708,1,62.907536076964185
33,613,Pallapatti (TP),30624,25126,1,82.04676071055381
33,613,Puliyur (TP),12720,9390,1,73.82075471698113
33,613,Punjai Thottakurichi (TP),10969,7744,1,70.59896070744827
33,613,Punjaipugalur (TP),23408,17828,1,76.16199589883801
33,613,Senapiratti (CT),22447,18062,1,80.46509555842651
33,613,TNPL Pugalur (TP),5556,4383,1,78.88768898488121
33,613,Thanthoni (M),53854,41597,1,77.24031641103724
33,613,Uppidamangalam (TP),11292,7460,1,66.06447042153737
33,614,Balakrishnampatti (TP),8635,6081,1,70.42269832078749
33,614,Ellakkudy (CT),16244,14366,1,88.43880817532627
33,614,Kallakudi (TP),11604,9277,1,79.94657014822475
33,614,Kattuputhur (TP),10933,7977,1,72.9625903228757
33,614,Koothappar (TP),15943,13535,1,84.89619268644546
33,614,Krishnasamudram (CT),13146,11317,1,86.08702266849232
33,614,Kulathur (CT),11083,7649,1,69.01560949201479
33,614,Lalgudi (TP),23740,19618,1,82.636899747262
33,614,Manachanallur (TP),25931,20302,1,78.29239134626509
33,614,Manapparai (M),40510,31995,1,78.98049864231054
33,614,Mettupalayam (TP),7681,5702,1,74.23512563468299
33,614,Musiri (TP),28727,22464,1,78.19821074250704
33,614,Nagamangalam (CT),5785,3873,1,66.94900605012964
33,614,Navalpattu (CT),16788,13967,1,83.19633071241363
33,614,Palaganangudy (CT),13469,10631,1,78.92939342193185
33,614,Pappankurichi (CT),24023,19365,1,80.61024851184283
33,614,Pichandarkovil (CT),17257,14644,1,84.85831836356262
33,614,Ponnampatti (TP),12167,8761,1,72.00624640420811
33,614,Pullampadi (TP),10241,7838,1,76.53549458060736
33,614,Puvalur (TP),7905,6280,1,79.44339025932953
33,614,S. Kannanur (TP),13073,9823,1,75.13960070374054
33,614,Sirugamani (TP),10743,8111,1,75.50032579353999
33,614,Thalakudi (CT),5740,4674,1,81.42857142857143
33,614,Thathaiyangarpet (TP),12980,9475,1,72.99691833590138
33,614,Thiruverumbur (TP),23156,18563,1,80.16496804283987
33,614,Thottiyam (TP),14909,11474,1,76.96022536722785
33,614,Thuraiyur (M),32439,25615,1,78.96359320570919
33,614,Thuvakudi  (M),38887,31716,1,81.55939002751562
33,614,Tiruchirappalli (M Corp.),847387,701459,1,82.77906080692765
33,614,Uppiliapuram (TP),7705,5333,1,69.21479558728099
33,614,Valavandankottai (CT),9202,6854,1,74.48380786785481
33,615,Arumbavur (TP),12467,8546,1,68.5489692788963
33,615,Kurumbalur (TP),12420,8825,1,71.05475040257649
33,615,Labbaikudikadu (TP),11891,9696,1,81.54066100412076
33,615,Perambalur (M),49648,40099,1,80.76659684176603
33,615,Poolambadi (TP),10737,6941,1,64.64561795659868
33,616,Ariyalur (M),28902,21977,1,76.039720434572
33,616,Jayankondam (M),33945,24442,1,72.00471350714392
33,616,Udayarpalayam (TP),12688,8922,1,70.31841109709961
33,616,Varadarajanpettai (TP),8259,5850,1,70.83181983290955
33,617,Annamalai Nagar (TP),16289,14570,1,89.44686598317884
33,617,Bhuvanagiri (TP),21956,16452,1,74.931681544908
33,617,Chidambaram  (Nm) (CT),6039,5072,1,83.98741513495612
33,617,Chidambaram (M),62153,51736,1,83.23974707576465
33,617,Cuddalore (M),173636,137031,1,78.91854223778479
33,617,Gangaikondan (TP),6434,5058,1,78.6136151694125
33,617,Gunduuppalavadi (CT),7281,5473,1,75.16824612003845
33,617,Kattumannarkoil (TP),27294,21184,1,77.61412764710192
33,617,Killai (TP),13608,9166,1,67.35743680188125
33,617,Kondur (CT),12506,10495,1,83.91971853510314
33,617,Kurinjipadi (TP),27471,19497,1,70.97302610025118
33,617,Lakshminarayanapuram (CT),12648,8972,1,70.93611638203669
33,617,Lalpet (TP),16561,12156,1,73.401364651893
33,617,Mangalampet (TP),9278,6977,1,75.19939642164259
33,617,Melpattampakkam (TP),6887,5193,1,75.40293306229128
33,617,Nellikuppam (M),46678,34461,1,73.8270705685762
33,617,Neyveli (TS) (CT),105731,89232,1,84.39530506663135
33,617,Padirikuppam (CT),18745,15686,1,83.68098159509204
33,617,Pallippadai (CT),6369,4935,1,77.48469147432878
33,617,Panruti (M),60323,45959,1,76.18818692704275
33,617,Parangipettai (TP),25541,19850,1,77.71817861477625
33,617,Pennadam (TP),19494,13622,1,69.87791115214938
33,617,Periyakurichi (CT),7599,5682,1,74.7729964469009
33,617,Sethiathoppu (TP),8824,6500,1,73.66273798730735
33,617,Srimushnam (TP),13971,9507,1,68.04809963495812
33,617,Thorapadi (TP),7659,5380,1,70.24415720067894
33,617,Tittakudi (TP),22894,16136,1,70.48134882501965
33,617,Usuppur (CT),8221,6677,1,81.21882982605523
33,617,Vadalur (TP),39514,29494,1,74.641899073746
33,617,Virudhachalam (M),73585,57083,1,77.57423387918733
33,618,Kilvelur (TP),8272,6667,1,80.59719535783366
33,618,Kuthalam (TP),16125,13221,1,81.9906976744186
33,618,Manalmedu (TP),9017,6708,1,74.39281357435954
33,618,Manjakollai (CT),5040,4063,1,80.61507936507937
33,618,Mayiladuthurai (M),85632,71549,1,83.5540452167414
33,618,Nagapattinam (M),102905,81031,1,78.74350128759535
33,618,Poravacheri (CT),4422,3520,1,79.60199004975125
33,618,Sirkali (M),34927,28465,1,81.49855412717955
33,618,Thalainayar (TP),12798,9719,1,75.94155336771371
33,618,Tharangambadi (TP),23191,18036,1,77.77154930792118
33,618,Tittacheri (TP),9245,7250,1,78.42076798269335
33,618,Vaitheeswarankoil (TP),7676,5912,1,77.01928087545596
33,618,Vedaranyam (M),34266,26680,1,77.8614369929376
33,618,Velankanni (TP),11108,8401,1,75.63017644940582
33,619,Kodavasal (TP),14639,11527,1,78.74171733041875
33,619,Koradacheri (TP),6450,5223,1,80.97674418604652
33,619,Kuthanallur (M),25423,19996,1,78.65318805805767
33,619,Mannargudi (M),66999,55556,1,82.92064060657621
33,619,Muthupet (TP),21722,16777,1,77.23506122824786
33,619,Nannilam (TP),12618,10171,1,80.60706926612775
33,619,Needamangalam (TP),9336,7726,1,82.75492716366753
33,619,Peralam (TP),6149,4965,1,80.74483655879004
33,619,Thiruthuraipoondi (M),24404,19569,1,80.1876741517784
33,619,Thiruvarur (M),58301,47804,1,81.99516303322413
33,619,Valangaiman (TP),11754,9270,1,78.86676875957122
33,620,Adiramapattinam (TP),31066,23056,1,74.2161848966716
33,620,Aduthurai alias Maruthuvakudi (TP),11705,9277,1,79.25672789406237
33,620,Ammapettai (TP),14572,11139,1,76.44111995608014
33,620,Annalagraharam (CT),11129,8450,1,75.92775631233714
33,620,Ayyampettai (TP),16263,12904,1,79.34575416589806
33,620,Chakkarapalli (CT),6227,4740,1,76.12012204914083
33,620,Cholapuram (TP),6803,5420,1,79.6707334999265
33,620,Dharasuram (TP),15326,11715,1,76.4387315672713
33,620,Kumbakonam (M),140156,116626,1,83.2115642569708
33,620,Madukkur (TP),16266,12497,1,76.82896840034428
33,620,Melathiruppanthuruthi (TP),9074,7005,1,77.1985893762398
33,620,Melattur (TP),8131,5805,1,71.39343254212274
33,620,Nanjikottai (CT),32689,27842,1,85.17238214689957
33,620,Natchiarkoil (CT),7505,5916,1,78.82744836775483
33,620,Neelagiri (CT),16197,13670,1,84.39834537259986
33,620,Orathanadu (Mukthambalpuram) (TP),10247,7773,1,75.85634819947302
33,620,Papanasam (TP),17548,14061,1,80.12878960565305
33,620,Pattukkottai (M),73135,59005,1,80.67956518766664
33,620,Peravurani (TP),22084,16906,1,76.55316065930086
33,620,Perumagalur (TP),5604,3771,1,67.29122055674517
33,620,Perumandi (CT),8620,7229,1,83.8631090487239
33,620,Pudupattinam (CT),10210,8071,1,79.04995102840353
33,620,Swamimalai (TP),7289,5854,1,80.31280010975442
33,620,Thanjavur (M),222943,185364,1,83.14412204016273
33,620,Thirukkattupalli (TP),12972,10004,1,77.11995066296639
33,620,Thirunageswaram (TP),15082,11715,1,77.67537461875082
33,620,Thiruppanandal (TP),11169,8437,1,75.53943952010029
33,620,Thirupuvanam (TP),14989,10794,1,72.01280939355527
33,620,Thiruvaiyaru (TP),16164,13196,1,81.63820836426628
33,620,Thiruvidaimarudur (TP),14786,11685,1,79.02745840660084
33,620,Ullur (CT),11673,9558,1,81.88126445643793
33,620,Vallam (TP),16758,13476,1,80.41532402434657
33,620,Veppathur (TP),7949,6033,1,75.89633916215877
33,620,Vilar (CT),9028,7018,1,77.73593265396545
33,621,Alangudi (TP),12367,9587,1,77.52082154119834
33,621,Ammapattinam (CT),6652,5275,1,79.29945880938064
33,621,Annavasal (TP),8906,6157,1,69.13316865034808
33,621,Aranthangi (M),40814,33043,1,80.95996471798892
33,621,Arimalam (TP),8948,6364,1,71.12203844434511
33,621,Iluppur (TP),14127,10122,1,71.65003185389679
33,621,Kallangudy (CT),6396,4833,1,75.56285178236398
33,621,Karambakkudi (TP),14626,11000,1,75.20853274989744
33,621,Keelamanjakudi (CT),6274,4455,1,71.00733184571246
33,621,Keeramangalam (TP),9357,7130,1,76.19963663567383
33,621,Keeranur (TP),11667,9179,1,78.67489500299992
33,621,Nathampannai (CT),8915,6811,1,76.39932697700505
33,621,Ponnamaravathi (TP),12676,10174,1,80.26191227516567
33,621,Pudukkottai (CT),26116,21839,1,83.62306631949762
33,621,Pudukkottai (M),117630,96714,1,82.21882172915073
33,621,Viralimalai (CT),10883,8179,1,75.15390976752734
33,622,Devakottai (M),51865,41984,1,80.94861660079052
33,622,Ilayangudi (TP),24767,19665,1,79.40000807526144
33,622,Kanadukathan (TP),5275,4178,1,79.20379146919431
33,622,Kandanur (TP),7696,5631,1,73.16787941787942
33,622,Karaikkudi (M),106714,86955,1,81.48415390670391
33,622,Kottaiyur (TP),14766,12017,1,81.38290667750238
33,622,Manamadurai (TP),32257,25100,1,77.81256781473789
33,622,Nattarasankottai (TP),5860,4342,1,74.09556313993174
33,622,Nerkuppai (TP),7165,4561,1,63.65666434054431
33,622,Pallathur (TP),9580,7401,1,77.25469728601253
33,622,Puduvayal (TP),11284,8658,1,76.72811059907833
33,622,Sankarapuram (CT),26536,21772,1,82.04703044920109
33,622,Singampuneri (TP),18143,13815,1,76.14506972386043
33,622,Sivaganga (M),40403,33881,1,83.85763433408411
33,622,Thirupuvanam (TP),24554,19704,1,80.24761749613097
33,622,Tirupathur (TP),25980,21035,1,80.96612779060816
33,623,A.Vellalapatti (TP),8325,5270,1,63.3033033033033
33,623,Alanganallur (TP),12331,8707,1,70.61065607006731
33,623,Anaiyur (M),63917,52942,1,82.82929424096875
33,623,Arumbanur (CT),6148,4233,1,68.85165907612232
33,623,Avaniapuram (M),89635,70586,1,78.7482568193228
33,623,Chinna Anuppanadi (CT),26158,19094,1,72.99487728419604
33,623,Elumalai (TP),15746,9134,1,58.008383081417506
33,623,Harveypatti (TP),9016,7529,1,83.50709849157055
33,623,Iravadanallur (CT),7423,5810,1,78.27024114239526
33,623,Kannanendal (CT),31095,26783,1,86.13281878115453
33,623,Karadipatti (CT),7289,5644,1,77.43174646727947
33,623,Madurai (M Corp.),1017865,834104,1,81.94642708021202
33,623,Melamadai (CT),43797,35612,1,81.311505354248
33,623,Melur (M),40017,31802,1,79.47122472948996
33,623,Nagamalaipudukottai (CT),15769,12414,1,78.72407888895935
33,623,Nagavakulam (CT),23284,20016,1,85.96461089159938
33,623,Narasingam (CT),5971,4506,1,75.464746273656
33,623,Nilaiyur  (I Bit) (CT),14684,10930,1,74.43475892127486
33,623,Othakadai (CT),15152,12300,1,81.17740232312566
33,623,Palamedu (TP),10493,7564,1,72.08615267321072
33,623,Paravai (TP),20042,15356,1,76.61909989023052
33,623,Peraiyur (TP),10394,7451,1,71.68558783913797
33,623,Sakkimangalam (CT),10854,6759,1,62.27197346600332
33,623,Samanatham (CT),4477,3122,1,69.73419700692428
33,623,Samayanallur (CT),9227,7086,1,76.7963585130595
33,623,Sholavandan (TP),22578,16783,1,74.33342191513863
33,623,Silaiman (CT),6436,5143,1,79.90988191423244
33,623,T.Kallupatti (TP),10762,8429,1,78.32187325775878
33,623,Thanakkankulam (CT),14328,11069,1,77.25432719151311
33,623,Thirumangalam (M),51194,41934,1,81.91194280579755
33,623,Thirunagar (TP),16598,14511,1,87.42619592722015
33,623,Thiruparankundram (M + OG),50004,39857,1,79.70762339012879
33,623,Thiruparankundram (M),48810,38827,1,79.54722392952263
33,623,Thiruppalai (CT),19305,16600,1,85.98808598808598
33,623,Usilampatti (M),35219,27608,1,78.38950566455605
33,623,Vadipatti (TP),26830,19355,1,72.1393961982855
33,623,Vandiyur (CT),28646,21935,1,76.5726453955177
33,623,Vilacheri (CT),7787,5856,1,75.20226017721843
33,623,Vilangudi (TP),30884,25997,1,84.1762725035617
33,623,Viraganur (CT),7121,5509,1,77.36272995365819
33,624,Andipatti Jakkampatti (TP),27287,20926,1,76.68853300106278
33,624,B. Meenakshipuram (TP),7846,4730,1,60.285495794035185
33,624,Bodinayakanur (M),75675,57649,1,76.17971589032045
33,624,Boothipuram (TP),11022,7266,1,65.92270005443658
33,624,Chinnamanur (M),42305,31987,1,75.61044793759602
33,624,Devadanapatti (TP),19285,12563,1,65.14389421830438
33,624,Ganguvarpatti (TP),11942,7628,1,63.8753977558198
33,624,Gudalur (M),41915,28010,1,66.82571871644996
33,624,Hanumanthampatti (TP),10619,7536,1,70.96713438176853
33,624,Highways (TP),4882,3802,1,77.87791888570258
33,624,Kamayagoundanpatti (TP),16134,11232,1,69.61695797694311
33,624,Kambam (M),68090,52124,1,76.5516228521075
33,624,Kombai (TP),15960,10897,1,68.27694235588973
33,624,Kuchanur (TP),7024,4783,1,68.09510250569475
33,624,Markayankottai (TP),6135,4089,1,66.65036674816626
33,624,Melachokkanathapuram (TP),15625,10635,1,68.06400000000001
33,624,Odaipatti (TP),13892,9699,1,69.81716095594587
33,624,Palani Chettipatti (TP),14879,11688,1,78.55366624101082
33,624,Pannaipuram (TP),9323,6403,1,68.67960956773571
33,624,Periyakulam (M),42976,34313,1,79.84223752792256
33,624,Pudupatti (TP),11511,8407,1,73.03448874989141
33,624,Thamaraikulam (TP),12372,9154,1,73.9896540575493
33,624,Theni Allinagaram (M),94453,73248,1,77.54968079362222
33,624,Thenkarai (TP),14838,9679,1,65.23116322954576
33,624,Thevaram (TP),16079,11185,1,69.56278375520866
33,624,Uthamapalayam (TP),29050,22308,1,76.79173838209982
33,624,Vadugapatti (TP),13204,10041,1,76.04513783701908
33,624,Veerapandi (TP),16158,11448,1,70.85035276643148
33,625,Alangulam (CT),4930,3809,1,77.26166328600405
33,625,Amathur (CT),4708,3561,1,75.63721325403569
33,625,Anaiyur (CT),24436,17469,1,71.48878703552136
33,625,Anuppankulam (CT),13526,9377,1,69.32574301345556
33,625,Aruppukkottai (M),87722,72035,1,82.11737078497983
33,625,Athipatti (CT),8384,6422,1,76.59828244274809
33,625,Chathirareddipatti (CT),5360,4284,1,79.92537313432835
33,625,Chatrapatti (CT),6948,4635,1,66.70984455958549
33,625,Chettiarpatti (TP),17520,13186,1,75.26255707762557
33,625,Dhalavoipuram (CT),5474,4322,1,78.95506028498356
33,625,Elayirampannai (CT),6814,5099,1,74.83122982095686
33,625,Kariapatti (TP),18191,13820,1,75.97163432466604
33,625,Kooraikundu (CT),22361,17291,1,77.32659541165422
33,625,Kullursandai (CT),5383,3530,1,65.57681590191343
33,625,Mallankinaru (TP),12986,9406,1,72.43184968427538
33,625,Mamsapuram (TP),18635,13110,1,70.35148913335122
33,625,Mettamalai (CT),5175,3375,1,65.21739130434783
33,625,Naranapuram (CT),11665,7979,1,68.40120017145307
33,625,Padandal (CT),8429,5841,1,69.29647645034999
33,625,Padikkasu vaithanpatti (CT),9538,6951,1,72.87691339903543
33,625,Palayampatti (CT),18576,14536,1,78.25150732127476
33,625,Pallapatti (CT),27925,20483,1,73.35004476275738
33,625,Pavali (CT),7622,5241,1,68.76147992652847
33,625,Rajapalayam (M),130442,101581,1,77.8744576133454
33,625,Ramalingapuram (CT),4505,3233,1,71.76470588235294
33,625,Rosalpatti (CT),22524,17116,1,75.99005505238856
33,625,S.Kodikulam (TP),12713,7486,1,58.88460630850311
33,625,Samusigapuram (CT) ,14601,10952,1,75.00856105746182
33,625,Sattur (M),29398,23180,1,78.84890128580176
33,625,Seithur (TP),20228,13261,1,65.55764287126755
33,625,Sengamalanachiarpatti (CT),13811,10509,1,76.0915212511766
33,625,Sithurajapuram (CT),16860,12567,1,74.53736654804271
33,625,Sivagnanapuram (CT),10107,7797,1,77.14455327990501
33,625,Sivakasi (M),71040,56565,1,79.6241554054054
33,625,Soolakkarai (CT),4990,3728,1,74.70941883767534
33,625,Srivilliputhur (M),75396,58687,1,77.83834686190248
33,625,Sundarapandiam (TP),8513,5643,1,66.28685539762715
33,625,Thiruthangal (M),55362,39800,1,71.89046638488495
33,625,V.Pudupatti (TP),8316,5418,1,65.15151515151516
33,625,Vadi (CT),4937,3339,1,67.63216528256027
33,625,Vathirairuppu (TP),16784,12189,1,72.6227359389895
33,625,Venkatachalapuram (CT),9540,7787,1,81.62473794549267
33,625,Virudhunagar (M),72296,60929,1,84.2771384308952
33,625,Viswanatham (CT),25555,18040,1,70.59283897476033
33,626,Abiramam (TP),8144,6781,1,83.26375245579568
33,626,Devipattinam  (CT),11599,8959,1,77.23941719113718
33,626,Kamuthi (TP),14754,11726,1,79.476752067236
33,626,Keelakarai (M),38355,31692,1,82.62807978099335
33,626,Mandapam (TP),18427,14181,1,76.95772507733217
33,626,Melaparthibanur (CT),8232,6199,1,75.30369290573373
33,626,Mudukulathur (TP),14789,11382,1,76.9626073432957
33,626,Paramakudi (M),95579,77837,1,81.43734502348843
33,626,Pattinamkattan (CT) ,17601,14822,1,84.21112436793365
33,626,Periapattinam  (CT),9730,7344,1,75.47790339157245
33,626,R.S.Mangalam (TP),14565,11566,1,79.40954342602127
33,626,Ramanathapuram (M),61440,51254,1,83.42122395833333
33,626,Rameswaram (M),44856,32908,1,73.36365257713572
33,626,Sakkarakottai (CT)     ,15355,12291,1,80.04558775643112
33,626,Sayalgudi (TP),14801,10338,1,69.84663198432538
33,626,Sundarapandianpattinam (CT),4007,3213,1,80.18467681557276
33,626,Thondi (TP),18465,14534,1,78.71107500676956
33,627,Alwarthirunagiri (TP),9289,7660,1,82.4631284314781
33,627,Arumuganeri (TP),27266,22230,1,81.5301107606543
33,627,Athimarapatti (CT),22218,16943,1,76.2579890179134
33,627,Athur (TP),10138,7928,1,78.20082856579207
33,627,Eral (TP),9478,7904,1,83.39312091158472
33,627,Ettayapuram (TP),12772,9644,1,75.50892577513311
33,627,Iluppaiyurani (CT) ,18032,13384,1,74.22360248447205
33,627,Inam Maniyachi (CT),18258,14542,1,79.64727790557563
33,627,Kadambur (TP),4155,2903,1,69.8676293622142
33,627,Kalugumalai (TP),14738,10643,1,72.21468313203962
33,627,Kanam (TP),3134,2418,1,77.15379706445438
33,627,Kayalpattinam (M),40588,32998,1,81.29989159357446
33,627,Kayatharu (TP),10400,7491,1,72.02884615384615
33,627,Kovilpatti (M),95057,77249,1,81.2659772557518
33,627,Kumaragiri (CT),13344,10815,1,81.04766187050359
33,627,Manthithoppu (CT),6143,4349,1,70.79602799934885
33,627,Mappilaiurani (CT),40035,30441,1,76.0359685275384
33,627,Milavittan (CT),45863,36165,1,78.85441423369602
33,627,Muttayyapuram (CT),32494,25210,1,77.58355388687143
33,627,Nazerath (TP),16584,14267,1,86.02870236372408
33,627,Pandavarmangalam (CT),14954,12443,1,83.20850608532834
33,627,Perungulam (TP),7203,5888,1,81.74371789532138
33,627,Pudiyamputhur (CT) ,8012,6067,1,75.7239141288068
33,627,Sankaraperi (CT),19844,16194,1,81.60653094134247
33,627,Sathankulam (TP),14193,11875,1,83.66800535475234
33,627,Sayapuram (TP),12792,10667,1,83.3880550343965
33,627,Srivaikuntam (TP),15847,12476,1,78.72783492143624
33,627,Thenthiruperai (TP),4934,4009,1,81.25253344142683
33,627,Thoothukkudi (M Corp.),237830,199432,1,83.85485430769877
33,627,Tiruchendur (TP),32171,26122,1,81.19735165210903
33,627,Tittangulam (CT),9115,6713,1,73.64783324190894
33,627,Udangudi (TP),19738,16535,1,83.77241868477049
33,627,V. Pudur (TP),8891,6413,1,72.12911933415815
33,627,Veerapandianpattinam (Town) (CT),6015,4880,1,81.13050706566915
33,627,Vilathikulam (TP),15277,12113,1,79.28912744648818
33,628,Achampudur (TP),13566,9000,1,66.34232640424591
33,628,Alangulam (TP),20948,15598,1,74.4605690280695
33,628,Alwarkurichi (TP),10045,7866,1,78.30761572921851
33,628,Ambasamudram (M),35645,28127,1,78.90868284471875
33,628,Aygudi (TP),15129,10521,1,69.54193932183225
33,628,Cheranmadevi (TP),18327,14921,1,81.41539804659791
33,628,Courtalam (TP),2089,1473,1,70.51220679751077
33,628,Eruvadi (TP),18067,14806,1,81.95051751812697
33,628,Gopalasamudram (TP),10694,8269,1,77.32373293435572
33,628,Ilanji (TP),10282,7478,1,72.72904104259872
33,628,Kadayam (CT) ,5430,4312,1,79.41068139963167
33,628,Kadayanallur (M),90364,64880,1,71.79850382895843
33,628,Kalakad (TP),30921,24409,1,78.93987904660264
33,628,Kalladaikurichi (TP),26398,20701,1,78.41881960754603
33,628,Kila Ambur (CT),6233,4417,1,70.86475212578213
33,628,Kilapavoor (TP),22231,16121,1,72.51585623678648
33,628,Kuthankuzhi (CT),5118,3972,1,77.60844079718639
33,628,Manimutharu (TP),11323,8952,1,79.06031970325886
33,628,Melacheval (TP),8435,6424,1,76.15886188500296
33,628,Melagaram (TP),14535,11766,1,80.94943240454077
33,628,Moolakaraipatti (TP),11112,8262,1,74.35205183585313
33,628,Mukkudal (TP),14983,11741,1,78.36214376293132
33,628,Nallur (CT),7828,5729,1,73.18599897802758
33,628,Nanguneri (TP),6640,4912,1,73.97590361445782
33,628,Naranammalpuram (TP),17094,13114,1,76.71697671697672
33,628,Overi (CT),5694,4804,1,84.36951176677205
33,628,Panagudi (TP),29895,22899,1,76.59809332664325
33,628,Panpoli (TP),9313,6189,1,66.45549232255986
33,628,Pathamadai (TP),16625,12645,1,76.06015037593986
33,628,Pudur (S) (TP),12457,8876,1,71.25311070081078
33,628,Puliankudi (M),66034,45946,1,69.57930762940303
33,628,Rayagiri (TP),11223,7802,1,69.51795420119397
33,628,Sambavar Vadagarai (TP),16709,11065,1,66.22179663654319
33,628,Sankarankoil (M),57277,42900,1,74.89917418859228
33,628,Sankarnagar (TP),7095,5931,1,83.59408033826638
33,628,Shenkottai (M),26823,20945,1,78.08597099504156
33,628,Sivagiri (TP),23040,14535,1,63.0859375
33,628,Sivanthipuram (CT),14281,11757,1,82.32616763531966
33,628,Sumaitheerthapuram (CT),6879,5064,1,73.61535106846927
33,628,Sundarapandiapuram (TP),8987,5830,1,64.87148102815178
33,628,Surandai (TP),35272,25792,1,73.12315717849852
33,628,Tenkasi (M),70545,55374,1,78.4945779289815
33,628,Terkukallikulam (CT),5980,5144,1,86.0200668896321
33,628,Thirukarungudi (TP),9342,7151,1,76.5467779918647
33,628,Thiruvenkadam (TP),8337,5866,1,70.36104114189756
33,628,Thisayanvilai (TP),23702,19146,1,80.77799341827694
33,628,Tirunelveli (M Corp.),473637,385976,1,81.49194425266607
33,628,Vadakarai Keezhpadugai (TP),20821,14024,1,67.35507420392872
33,628,Vadakkuvalliyur (TP),29417,24071,1,81.82683482340144
33,628,Vaddakkankulam (CT),9220,7809,1,84.69631236442517
33,628,Vasudevanallur (TP),21361,14169,1,66.33116427133561
33,628,Veeravanallur (TP),19585,15466,1,78.96859841715599
33,628,Vikramasingapuram (M),47241,38398,1,81.28109057809954
33,629,Adaikkakuzhi (CT),8888,7429,1,83.58460846084608
33,629,Agastheeswaram (TP),9717,8089,1,83.24585777503344
33,629,Alagappapuram (TP),9626,8272,1,85.93392894244754
33,629,Alur (TP),15063,12622,1,83.7947288056828
33,629,Anjugrammam (TP),10982,9204,1,83.809870697505
33,629,Aralvaimozhi (TP),22846,18344,1,80.29414339490502
33,629,Arumanai (TP),16283,13348,1,81.97506601977523
33,629,Asaripallam (TP),16822,14447,1,85.88158364047082
33,629,Athivilai (CT),7401,6287,1,84.94798000270234
33,629,Athur (TP),11910,9887,1,83.01427371956339
33,629,Ayacode (CT),8874,7318,1,82.46562993013298
33,629,Azhagiapandipuram (TP),11392,9533,1,83.6815308988764
33,629,Boothapandi (TP),15931,13116,1,82.33004833343796
33,629,Chenbagaramanputhur  (CT),5028,4037,1,80.2903739061257
33,629,Choozhal (CT),6807,5723,1,84.07521668870281
33,629,Colachel (M),23227,18702,1,80.51836225082877
33,629,Dharamapuram  (CT),17476,14494,1,82.93659876401924
33,629,Edaicode (TP),25378,20985,1,82.68973126329891
33,629,Eraniel (TP),10375,8801,1,84.8289156626506
33,629,Ezhudesam (TP),24657,19774,1,80.19629314190696
33,629,Ganapathipuram (TP),14598,11852,1,81.18920400054802
33,629,Gandipuram (CT),6106,5239,1,85.80085162135605
33,629,Kadayal (TP),21665,17178,1,79.28917609046849
33,629,Kaliyakkavilai (TP),15625,12733,1,81.49119999999999
33,629,Kallukuttam (TP),19093,16229,1,84.99973812391977
33,629,Kannanoor (CT),7747,6574,1,84.85865496321156
33,629,Kanniyakumari (TP),22453,18432,1,82.09147998040352
33,629,Kappiyarai (TP),15998,13489,1,84.31678959869984
33,629,Karungal (TP),16691,13808,1,82.72721826133844
33,629,Kattathurai (CT),17271,14401,1,83.3825487811939
33,629,Kattimancode (CT),8541,7108,1,83.22210513991337
33,629,Keezhkulam (TP),17327,14156,1,81.69908235701506
33,629,Killiyoor (TP),20938,16947,1,80.93896265163816
33,629,Kollancode (TP),38385,29351,1,76.4647648821154
33,629,Kothanallur (TP),17662,14663,1,83.0200430302344
33,629,Kottaram (TP),11055,9214,1,83.34690185436455
33,629,Kulappuram  (CT),7677,6512,1,84.82480135469585
33,629,Kulasekaram (TP),17267,14191,1,82.18567209127237
33,629,Kumarapuram (TP),14728,11794,1,80.07876154263987
33,629,Kuzhithurai (M),21307,18322,1,85.99051954756652
33,629,Malayadi (CT),7812,6307,1,80.73476702508961
33,629,Manakudi (CT),4083,3108,1,76.12049963262308
33,629,Manavalakurichi (TP),10969,9383,1,85.54107028899625
33,629,Mancad (CT),4889,4063,1,83.10492943342197
33,629,Mandaikadu (TP),13317,10745,1,80.68634076744011
33,629,Manjalumoodu (CT),6840,5229,1,76.44736842105263
33,629,Marungur (TP),11236,9244,1,82.27127091491634
33,629,Maruthancode (CT),8277,6720,1,81.18883653497645
33,629,Mathicode (CT),6532,5338,1,81.72075933864053
33,629,Methukummal (CT),19417,15955,1,82.1702631714477
33,629,Midalam (CT)  ,8625,6838,1,79.28115942028985
33,629,Mulagumudu (TP),19538,16555,1,84.73231651141366
33,629,Muzhucode (CT),8000,6464,1,80.80000000000001
33,629,Mylaudy (TP),10070,8261,1,82.03574975173782
33,629,Nadaikavu (CT),8727,7309,1,83.7515755700699
33,629,Nagercoil (M),224849,194361,1,86.4406779661017
33,629,Nalloor (TP),17989,15024,1,83.5177052643282
33,629,Nattalam  (CT),7674,6498,1,84.67552775605942
33,629,Neyyoor (TP),12917,10957,1,84.82619803359913
33,629,Nullivilai (CT),16138,13537,1,83.88276118478126
33,629,Pacode (TP),24050,19733,1,82.04989604989605
33,629,Padmanabhapuram (M),21342,17911,1,83.9237184893637
33,629,Painkulam  (CT),23630,19011,1,80.45281421921287
33,629,Palappallam (TP),18589,15237,1,81.96783043735543
33,629,Pallanthurai (CT),5386,4448,1,82.58447827701448
33,629,Paloor (CT),6818,5653,1,82.91287767673805
33,629,Palugal (TP),18276,15185,1,83.08710877653753
33,629,Peruvilai (CT),6090,5130,1,84.23645320197043
33,629,Ponmanai (TP),15554,13051,1,83.90767648193392
33,629,Puliyoorsalai (CT),6361,5128,1,80.61625530576954
33,629,Puthalam (TP),13073,10951,1,83.76807159794998
33,629,Putheri (CT),5576,4850,1,86.97991391678622
33,629,Puthukkadai (TP),9909,8134,1,82.08699162377636
33,629,Reethapuram (TP),21177,17415,1,82.23544411389715
33,629,Suchindrum (TP),13193,11439,1,86.70507087091639
33,629,Thadikarankonam (CT),6241,4938,1,79.12193558724563
33,629,Thazhakudy (TP),8992,7475,1,83.12944839857651
33,629,Thengampudur (TP),14538,12335,1,84.84660888705461
33,629,Thenthamaraikulam (TP),11872,10131,1,85.33524258760107
33,629,Therur (TP),7615,6608,1,86.77609980302036
33,629,Thikkanamcode (CT),14086,11818,1,83.89890671588812
33,629,Thingalnagar (TP),13567,11564,1,85.23623498194148
33,629,Thirparappu (TP),22401,17919,1,79.99196464443553
33,629,Thiruvattar (TP),18985,15579,1,82.05952067421649
33,629,Thiruvithancode (TP),18723,15639,1,83.5282807242429
33,629,Unnamalaikadai (TP),23656,19658,1,83.09942509299965
33,629,Valvaithankoshtam (TP),16965,14319,1,84.40318302387267
33,629,Vanniyoor (CT),4319,3619,1,83.79254457050244
33,629,Vavarai (CT),8362,6576,1,78.64147333173882
33,629,Vellamcode (CT),12715,10257,1,80.6685017695635
33,629,Vellimalai (TP),13182,10680,1,81.01957214383249
33,629,Verkilambi (TP),19730,16304,1,82.63558033451596
33,629,Vilathurai (CT),19758,16336,1,82.680433242231
33,629,Vilavancode (CT)  ,6731,5522,1,82.03833011439608
33,629,Vilavur (TP),14320,11831,1,82.61871508379889
33,629,Villukuri (TP),15304,12473,1,81.50156821745949
33,630,B.Mallapuram (TP),12705,8802,1,69.27981109799292
33,630,Dharmapuri (M),68619,52892,1,77.08069193663563
33,630,Hale-Dharmapuri (CT),4902,3076,1,62.749898000815996
33,630,Harur (TP),25469,18913,1,74.25890298009344
33,630,Kadathur (TP),11382,7997,1,70.26005974345458
33,630,Kambainallur (TP),12194,7663,1,62.84238149909792
33,630,Kariamangalam (TP),13511,9072,1,67.14528902375841
33,630,Lakkiampatti (CT),39697,31459,1,79.24780210091443
33,630,Marandahalli (TP),12451,8455,1,67.90619227371295
33,630,Palakkodu (TP),20959,14409,1,68.7485089937497
33,630,Papparapatti (TP),12174,8936,1,73.40233284047972
33,630,Pappireddipatti (TP),9369,6834,1,72.94268331732309
33,630,Pennagaram (TP),17480,11416,1,65.30892448512586
33,631,Avalapalli (CT),17859,13760,1,77.04798700935103
33,631,Bargur (TP),16366,11598,1,70.86643040449712
33,631,Denkanikottai (TP),24252,16338,1,67.36763978228599
33,631,Hosur (M),116821,89593,1,76.69254671677182
33,631,Kattiganapalli (CT),22714,17961,1,79.0745795544598
33,631,Kaveripattinam (TP),15006,12027,1,80.14794082367052
33,631,Kelamangalam (TP),13321,8861,1,66.51903010284514
33,631,Krishnagiri (M),71323,54766,1,76.78588954474714
33,631,Mathigiri (TP),23129,17357,1,75.0443166587401
33,631,Mookondapalli (CT),39245,30143,1,76.80723659064849
33,631,Nagojanahalli (TP),9953,6621,1,66.52265648548178
33,631,Uthangarai (TP),18470,14311,1,77.48240389821332
33,631,Venkatapuram (CT),7430,4938,1,66.46029609690444
33,631,Zuzuvadi (CT),32474,24425,1,75.21401736774035
33,632,Achipatti (CT),9849,8230,1,83.56178292212407
33,632,Alanthurai (TP),7221,4527,1,62.69214790195263
33,632,Anaimalai (TP),17208,12350,1,71.76894467689446
33,632,Annur (TP),20079,14764,1,73.52955824493252
33,632,Arasur (CT),11510,8477,1,73.64900086880974
33,632,Ashokapuram (CT),12993,10556,1,81.24374663280229
33,632,Chettipalayam (TP),10366,7304,1,70.46112290179433
33,632,Chinnampalayam (CT),8695,7408,1,85.19838987924095
33,632,Chinnathadagam (CT),8407,5720,1,68.0385393124777
33,632,Chinnavedampatti (TP),20122,15423,1,76.64745055163502
33,632,Chinniam palayam (CT),8232,6380,1,77.50242954324587
33,632,Coimbatore (M Corp.),1050721,866098,1,82.42892261599415
33,632,Dhaliyur (TP),11500,8279,1,71.99130434782609
33,632,Ettimadai (TP),9352,6125,1,65.4940119760479
33,632,Goundampalayam (M),83908,67608,1,80.57396195833532
33,632,Gudalur (TP),38859,30152,1,77.59335031781569
33,632,Idikarai (TP),8686,6308,1,72.62261109831914
33,632,Irugur (TP),25691,20108,1,78.26865439258884
33,632,K.Madapur (CT),5626,3790,1,67.36580163526484
33,632,Kalapatti (TP),39586,31958,1,80.73056130955388
33,632,Kaniyur (CT),12011,8648,1,72.00066605611522
33,632,Kannampalayam (TP),15868,12578,1,79.26644819763044
33,632,Karamadai (TP),35166,27171,1,77.26497184780754
33,632,Karumathampatti (TP),35062,26180,1,74.66773144715077
33,632,Kinathukadavu (TP),8653,6565,1,75.86964058707963
33,632,Koil palayam (CT),5025,3729,1,74.20895522388061
33,632,Kottur (TP),26627,18162,1,68.20896082923349
33,632,Kuniyamuthur (M),95924,76688,1,79.94662441099204
33,632,Kurichi (M),123667,99529,1,80.48145422788618
33,632,Kurudampalayam (CT),18749,15425,1,82.27105445623766
33,632,Madukkarai (TP),30357,23046,1,75.91659254867082
33,632,Makkinampatti (CT),8134,6298,1,77.42807966560117
33,632,Malumichampatti (CT),12936,10023,1,77.48144712430427
33,632,Mettupalayam (M),69213,53367,1,77.10545706731395
33,632,Mopperipalayam (TP),10923,7438,1,68.09484573835027
33,632,Muthugoundam Pudur (CT),10259,7421,1,72.33648503752802
33,632,Narasimhanaicken-palayam (TP),17858,14424,1,80.77052301489529
33,632,Neelambur (CT),8382,5875,1,70.09067048437127
33,632,Odaiyakulam (TP),13370,9044,1,67.64397905759162
33,632,Othakalmandapam (TP),12207,9133,1,74.81772753338248
33,632,Pallapalayam (TP),11910,9648,1,81.00755667506297
33,632,Pattanam (CT),9196,7239,1,78.71900826446281
33,632,Periya Negamam (TP),7098,5216,1,73.48548887010425
33,632,Periyanaicken-palayam (TP),25930,21043,1,81.15310451214809
33,632,Perur (TP),8004,6144,1,76.7616191904048
33,632,Perur Chettipalayam (CT),17809,13228,1,74.2770509293054
33,632,Pollachi (M),90180,74079,1,82.14570858283433
33,632,Pooluvapatti (TP),12853,8120,1,63.17591223838792
33,632,Samathur (TP),5762,4211,1,73.0822631030892
33,632,Saravanampatti (TP),32920,26959,1,81.89246658566222
33,632,Sarcarsamakulam (TP),10289,8047,1,78.20973855573914
33,632,Sirumugai (TP),18223,13284,1,72.89688854744006
33,632,Somayampalayam (CT),14787,11213,1,75.83012105227564
33,632,Suleeswaranpatti (TP),20104,15276,1,75.98487863111818
33,632,Sulur (TP),27909,21951,1,78.65204772653983
33,632,Thenkarai (TP),7349,4393,1,59.77684038644714
33,632,Thirumalayampalayam (TP),12164,8124,1,66.78724103913186
33,632,Thondamuthur (TP),11492,8167,1,71.0668290985033
33,632,Thudiyalur (TP),33924,27978,1,82.47258577997879
33,632,Vadavalli (TP),39873,32687,1,81.97777944975296
33,632,Valparai (M),70859,55602,1,78.46850788184987
33,632,Vedapatti (TP),11658,8562,1,73.44312918167782
33,632,Veerakeralam (TP),23841,19554,1,82.01837171259595
33,632,Veerapandi (TP),16953,13172,1,77.6971627440571
33,632,Vellakinar (TP),15998,12590,1,78.6973371671459
33,632,Vellalur (TP),24872,19571,1,78.68687680926342
33,632,Vettaikaranpudur (TP),17392,10651,1,61.24080036798528
33,632,Vilankurichi (CT),24235,19831,1,81.82793480503405
33,632,Zamin Uthukuli (TP),16354,12093,1,73.9452121805063
33,633,Andipalayam (CT),25539,18682,1,73.15086730099064
33,633,Avanashi (TP),28868,22801,1,78.98364971594846
33,633,Chengappalli (CT),6587,4292,1,65.15864581751936
33,633,Chettipalayam (CT),37620,27931,1,74.24508240297713
33,633,Chinnakkampalayam (TP),11546,6797,1,58.86887233674
33,633,Dhali (TP),5874,3998,1,68.06264896152537
33,633,Dharapuram (M),56007,45028,1,80.3970932204903
33,633,Iduvai (CT),8006,5212,1,65.10117411941044
33,633,Kanakkampalayam (CT),28619,22826,2,79.75820259268318
33,633,Kangeyam (TP),32147,24977,1,77.69620804429651
33,633,Kaniyur (TP),6180,4585,1,74.19093851132686
33,633,Kannivadi (TP),4385,2803,1,63.9224629418472
33,633,Karaipudur (CT),28602,20710,1,72.40752394937418
33,633,Kolathupalayam (TP),17819,11637,1,65.30669510073517
33,633,Komaralingam (TP),13642,8638,1,63.31916141328251
33,633,Kunnathur (TP),8774,6642,1,75.70093457943925
33,633,Madathukulam (TP),20620,15374,1,74.55868089233753
33,633,Mangalam (CT),17699,12970,1,73.28097632634612
33,633,Manickapuram (CT),6215,4325,1,69.58970233306516
33,633,Mannarai (CT),17261,12393,1,71.79769422397312
33,633,Morattupalayam (CT),5798,3676,1,63.40117281821318
33,633,Mulanur (TP),15223,10464,1,68.73809367404586
33,633,Muruganpalayam (CT),26349,18366,1,69.70283502220198
33,633,Muthanampalayam (CT),26014,19394,1,74.55216421926654
33,633,Muthur (TP),13212,8621,1,65.25128670905238
33,633,Neripperichal (CT),53579,38859,1,72.52654958099255
33,633,Palangarai (CT),17248,12265,1,71.10969387755102
33,633,Palladam (M),42225,31281,1,74.0817051509769
33,633,Periakottai (CT),17356,14069,1,81.0613044480295
33,633,Perumanallur (CT),7356,5465,1,74.29309407286569
33,633,Poolankinar (CT),4849,3939,1,81.23324396782841
33,633,Rudravathi (TP),6807,4387,1,64.44836198031439
33,633,S.Nallur (M),70115,53886,1,76.85374028381943
33,633,Samalapuram (TP),20691,14332,1,69.26683098931903
33,633,Sankaramanallur (TP),10283,6599,1,64.17387921812701
33,633,Sembianallur (CT),7586,5168,1,68.12549433166359
33,633,Semmipalayam (CT),8429,6413,1,76.08257207260648
33,633,Sircar Periapalayam (CT),5986,4091,1,68.34279986635482
33,633,Thirumuruganpoondi (TP),31528,23348,1,74.0548084242578
33,633,Thottipalayam (CT),40503,30066,1,74.23153840456263
33,633,Tiruppur (M.Corp),444352,347351,1,78.17023440875703
33,633,Udumalaipettai  (M),61133,51263,1,83.85487379974809
33,633,Uthukuli (TP),10130,7636,1,75.38005923000988
33,633,Veerapandi (CT),50301,37904,1,75.35436671239141
33,633,Velampalayam (M),87427,68208,1,78.01708854244113
33,633,Velayudampalayam (CT),9192,6377,1,69.37554395126196
33,633,Vellakoil (M),40359,30013,1,74.36507346564582
33,633,Vellaravalli (CT),5070,3187,1,62.85996055226825
34,634,Yanam (M),55626,39274,1,70.60367454068242
34,635,Ariankuppam (CT),29808,22326,1,74.89935587761674
34,635,Kurumbapet (GP + OG),32871,24652,1,74.99619725593989
34,635,Kurumbapet (GP),19506,14925,1,76.5149184866195
34,635,Manavely (CT),15666,11606,1,74.0840035746202
34,635,Ozhukarai (M),300104,240929,1,80.28183563031483
34,635,Puducherry (M),244377,196951,1,80.59310000531966
34,635,Villianur (CT),34383,26404,1,76.79376436029433
34,636,Mahe (M),41816,36470,1,87.21541993495313
34,637,Karaikal (M),86838,68706,1,79.11974020590064
34,637,Thirumalairayanpattinam (CT),11264,9109,1,80.8682528409091
35,639,Bakultala (CT),2741,2062,1,75.2280189711784
35,640,Bambooflat (CT),7962,6262,1,78.64858075860337
35,640,Garacharma (CT),14419,11746,1,81.46195991400236
35,640,Port Blair (M Cl),108058,87894,1,81.33965092820522
35,640,Prothrapur (CT),10308,8292,1,80.44237485448195
